user_id,age,digital_literacy,region,region_code,prior_completions,device_age,distance_km,online_filing,enrolled,support_calls,completed
U000000,27,0.62,Qassim,3,6,0.4,18.9,1,1,1,1
U000001,51,0.327,Riyadh,0,4,0.9,21.9,0,1,0,0
U000002,40,0.463,Al Jawf,12,4,2.5,7.9,0,1,0,0
U000003,54,0.082,Riyadh,0,0,2.1,26.0,1,0,1,1
U000004,29,0.521,Eastern,4,1,2.4,27.7,1,0,1,1
U000005,39,0.349,Al Jawf,12,1,2.9,29.4,1,1,3,1
U000006,23,0.029,Riyadh,0,2,2.5,12.3,1,0,0,1
U000007,38,0.812,Riyadh,0,3,0.0,10.0,1,0,0,1
U000008,55,0.225,Eastern,4,2,1.6,35.3,1,1,1,0
U000009,38,0.392,Makkah,1,1,3.2,49.0,1,0,2,0
U000010,36,0.465,Hail,7,4,2.8,34.3,1,1,2,1
U000011,61,0.757,Makkah,1,4,0.0,12.6,1,0,1,1
U000012,43,0.575,Jazan,9,6,4.6,23.8,1,1,1,0
U000013,62,0.732,Eastern,4,3,4.5,19.5,1,1,1,0
U000014,59,0.496,Northern Borders,8,1,0.6,19.0,1,1,2,1
U000015,22,0.304,Qassim,3,4,2.5,35.8,1,0,1,1
U000016,55,0.061,Makkah,1,1,2.3,37.1,1,0,0,0
U000017,31,0.045,Riyadh,0,3,3.0,6.9,1,0,1,0
U000018,40,0.689,Riyadh,0,5,1.7,4.8,1,1,2,1
U000019,20,0.653,Riyadh,0,9,2.3,2.9,0,1,0,1
U000020,57,0.733,Makkah,1,2,0.3,18.3,1,0,1,1
U000021,69,0.935,Riyadh,0,4,2.5,15.2,1,1,1,1
U000022,18,0.668,Qassim,3,5,0.4,25.8,1,0,0,1
U000023,59,0.329,Makkah,1,1,2.8,14.8,1,0,1,1
U000024,32,0.03,Eastern,4,1,2.7,4.4,0,0,0,0
U000025,34,0.173,Riyadh,0,1,2.9,34.5,1,0,1,0
U000026,68,0.198,Riyadh,0,2,1.6,22.8,1,0,0,1
U000027,37,0.25,Makkah,1,3,4.2,15.4,1,1,1,1
U000028,68,0.369,Madinah,2,7,1.3,7.0,1,0,0,1
U000029,33,0.521,Qassim,3,6,4.4,16.2,0,1,1,1
U000030,24,0.903,Riyadh,0,5,1.5,19.4,1,1,1,1
U000031,69,0.337,Tabuk,6,4,3.3,47.8,1,1,2,1
U000032,49,0.334,Makkah,1,0,2.2,56.8,1,0,1,0
U000033,36,0.535,Riyadh,0,4,2.5,22.0,1,1,3,1
U000034,36,0.545,Makkah,1,6,1.8,30.9,1,0,0,1
U000035,33,0.795,Riyadh,0,2,0.6,22.8,1,1,1,1
U000036,41,0.085,Eastern,4,1,5.1,15.1,0,0,0,0
U000037,63,0.671,Riyadh,0,5,2.3,2.6,1,1,0,0
U000038,61,0.318,Eastern,4,3,3.9,19.9,1,1,1,1
U000039,65,0.586,Jazan,9,1,0.7,20.4,1,0,1,1
U000040,24,0.188,Madinah,2,3,3.4,13.4,1,0,1,1
U000041,39,0.949,Tabuk,6,4,1.2,32.0,1,1,2,1
U000042,25,0.239,Riyadh,0,2,1.9,6.1,1,0,1,0
U000043,65,0.635,Najran,10,2,2.7,22.0,1,0,1,1
U000044,64,0.626,Najran,10,4,2.1,18.4,1,1,1,1
U000045,30,0.599,Riyadh,0,3,1.5,27.7,1,1,1,0
U000046,24,0.453,Al Jawf,12,3,2.3,30.8,1,0,1,0
U000047,65,0.919,Eastern,4,5,0.8,43.4,1,0,1,0
U000048,66,0.09,Riyadh,0,2,4.3,24.3,1,0,1,0
U000049,67,0.609,Hail,7,3,3.1,35.5,1,1,1,0
U000050,59,0.619,Madinah,2,3,0.0,48.6,1,0,1,1
U000051,29,0.326,Makkah,1,0,0.7,26.0,1,0,0,0
U000052,69,0.365,Riyadh,0,5,3.8,12.0,1,0,1,1
U000053,58,0.57,Tabuk,6,2,0.6,24.9,1,0,0,1
U000054,28,0.531,Riyadh,0,4,2.1,41.6,1,1,1,1
U000055,50,0.322,Riyadh,0,6,1.6,2.6,1,1,3,1
U000056,20,0.176,Eastern,4,2,0.6,11.5,1,1,3,1
U000057,38,0.639,Madinah,2,1,1.1,85.3,1,0,0,1
U000058,52,0.207,Makkah,1,3,2.8,15.8,1,0,2,0
U000059,30,0.185,Qassim,3,1,1.7,18.3,1,0,0,0
U000060,33,0.322,Madinah,2,4,1.6,29.5,1,0,0,1
U000061,33,0.48,Asir,5,2,1.5,17.2,1,1,2,1
U000062,40,0.333,Eastern,4,2,3.5,54.5,1,1,0,1
U000063,68,0.593,Makkah,1,3,3.0,29.8,1,0,2,1
U000064,60,0.664,Eastern,4,5,1.6,8.5,1,1,1,1
U000065,44,0.621,Makkah,1,3,2.3,17.1,0,1,3,0
U000066,61,0.965,Makkah,1,3,0.0,43.9,1,1,0,0
U000067,49,0.623,Asir,5,2,0.7,74.1,1,1,1,1
U000068,43,0.547,Tabuk,6,2,2.6,4.4,1,0,1,1
U000069,47,0.529,Riyadh,0,2,1.7,18.3,1,0,0,0
U000070,61,0.818,Qassim,3,1,1.4,20.6,1,0,0,0
U000071,58,0.54,Riyadh,0,6,1.7,11.9,0,1,0,1
U000072,22,0.449,Eastern,4,2,0.4,56.6,1,0,0,1
U000073,35,0.486,Asir,5,7,0.4,37.3,1,1,1,1
U000074,24,0.764,Al Jawf,12,3,2.3,20.7,1,0,0,1
U000075,53,0.075,Eastern,4,0,3.2,4.0,1,0,0,1
U000076,67,0.67,Makkah,1,3,1.1,13.2,1,0,2,0
U000077,61,0.334,Riyadh,0,0,1.6,6.6,1,0,0,1
U000078,67,0.309,Hail,7,7,3.0,16.2,1,0,2,0
U000079,27,0.699,Makkah,1,2,0.7,1.7,1,0,0,1
U000080,68,0.528,Asir,5,4,0.9,21.1,1,0,0,1
U000081,22,0.771,Najran,10,3,1.0,28.6,0,0,0,0
U000082,62,0.82,Najran,10,1,0.4,13.7,1,0,1,1
U000083,38,0.941,Riyadh,0,4,1.1,59.8,1,1,1,1
U000084,22,0.372,Eastern,4,2,2.7,47.5,1,0,2,0
U000085,59,0.455,Qassim,3,3,1.8,7.3,1,1,0,0
U000086,27,0.615,Tabuk,6,2,0.4,33.0,1,1,0,0
U000087,56,0.162,Riyadh,0,1,3.2,11.8,1,0,3,0
U000088,25,0.482,Najran,10,6,3.4,35.6,1,0,0,1
U000089,19,0.363,Asir,5,2,2.1,30.4,1,0,2,0
U000090,40,0.463,Asir,5,2,2.3,4.3,1,0,1,1
U000091,41,0.282,Riyadh,0,1,2.2,4.8,1,0,4,1
U000092,44,0.842,Makkah,1,5,1.5,36.6,1,1,2,1
U000093,19,0.786,Eastern,4,4,4.0,3.3,1,1,1,1
U000094,33,0.647,Makkah,1,6,3.7,2.4,1,1,0,1
U000095,57,0.575,Najran,10,4,2.0,11.1,1,1,3,1
U000096,53,0.801,Riyadh,0,7,2.6,8.5,1,1,0,1
U000097,53,0.234,Eastern,4,2,2.2,6.2,0,1,1,1
U000098,41,0.454,Riyadh,0,4,1.4,29.9,1,0,0,0
U000099,28,0.528,Makkah,1,3,0.0,25.6,0,1,0,1
U000100,28,0.779,Makkah,1,3,0.7,30.5,1,0,1,1
U000101,56,0.147,Makkah,1,3,5.1,36.9,1,0,1,1
U000102,20,0.423,Riyadh,0,4,3.8,3.8,1,0,2,1
U000103,52,0.686,Makkah,1,3,0.8,21.1,1,1,1,0
U000104,21,0.089,Qassim,3,4,2.8,8.9,1,0,1,1
U000105,31,0.165,Eastern,4,2,2.1,52.3,0,0,0,0
U000106,58,0.807,Hail,7,5,1.2,13.6,1,0,1,0
U000107,61,0.257,Jazan,9,2,3.4,32.8,1,0,0,0
U000108,23,0.626,Riyadh,0,3,0.0,12.7,0,1,2,1
U000109,62,0.194,Jazan,9,3,2.0,24.9,1,0,2,0
U000110,50,0.847,Riyadh,0,6,1.4,37.1,1,1,1,0
U000111,44,0.363,Eastern,4,7,3.1,59.2,1,0,0,0
U000112,48,0.543,Riyadh,0,7,1.7,16.6,0,1,0,1
U000113,57,0.591,Makkah,1,3,2.1,15.5,1,1,1,1
U000114,31,0.333,Riyadh,0,3,2.3,17.9,1,0,1,1
U000115,53,0.593,Najran,10,1,2.0,14.2,1,0,1,0
U000116,64,0.315,Hail,7,4,0.0,66.1,1,1,0,0
U000117,52,0.29,Tabuk,6,1,0.3,17.0,1,0,2,0
U000118,29,0.608,Makkah,1,4,2.0,28.8,1,1,1,1
U000119,45,0.602,Asir,5,4,0.5,39.3,1,1,1,1
U000120,25,0.547,Jazan,9,2,1.7,13.9,1,1,1,0
U000121,39,0.465,Eastern,4,1,3.2,43.1,1,1,0,1
U000122,52,0.09,Riyadh,0,1,4.3,69.0,1,0,0,0
U000123,45,0.724,Eastern,4,7,1.6,91.6,1,1,1,1
U000124,36,0.853,Riyadh,0,3,0.0,4.9,1,0,0,1
U000125,42,0.143,Eastern,4,1,5.3,6.3,1,0,0,0
U000126,37,0.438,Qassim,3,3,1.2,18.7,0,1,0,1
U000127,64,0.923,Riyadh,0,6,1.4,12.8,1,1,0,1
U000128,49,0.311,Madinah,2,5,2.2,17.0,1,0,0,1
U000129,39,0.125,Qassim,3,0,2.8,23.6,1,0,1,0
U000130,30,0.421,Al Jawf,12,1,1.2,41.3,1,0,1,1
U000131,25,0.665,Eastern,4,5,0.1,48.8,1,1,0,0
U000132,58,0.284,Eastern,4,2,2.2,36.8,1,0,2,1
U000133,63,0.222,Makkah,1,4,2.8,6.4,0,0,1,0
U000134,28,0.785,Eastern,4,6,3.8,41.4,1,1,2,1
U000135,23,0.701,Riyadh,0,4,2.7,10.3,1,1,0,0
U000136,56,0.671,Makkah,1,3,2.6,12.4,1,0,0,1
U000137,23,0.555,Makkah,1,2,0.5,9.4,0,1,1,1
U000138,37,0.479,Makkah,1,1,2.9,8.9,1,1,3,1
U000139,62,0.438,Eastern,4,1,2.2,30.1,1,1,0,1
U000140,53,0.123,Eastern,4,2,1.1,16.8,1,1,2,1
U000141,36,0.872,Asir,5,3,0.9,17.6,1,1,0,1
U000142,20,0.311,Al Jawf,12,4,3.0,15.8,1,0,2,0
U000143,62,0.771,Qassim,3,4,1.2,48.2,1,1,1,1
U000144,57,0.48,Makkah,1,3,1.7,27.3,1,0,1,1
U000145,51,0.631,Makkah,1,5,0.0,17.5,1,0,0,1
U000146,49,0.535,Riyadh,0,5,2.4,32.5,1,0,0,1
U000147,40,0.255,Makkah,1,0,1.6,16.7,1,0,1,0
U000148,42,0.549,Riyadh,0,3,0.0,19.0,0,0,3,0
U000149,19,0.45,Riyadh,0,0,2.6,15.6,1,0,1,0
U000150,51,0.654,Eastern,4,0,0.7,10.9,1,1,5,1
U000151,55,0.158,Riyadh,0,2,2.8,25.5,1,1,1,1
U000152,47,0.162,Makkah,1,5,3.7,36.4,1,0,2,1
U000153,35,0.315,Northern Borders,8,3,2.2,7.1,1,0,0,0
U000154,43,0.035,Makkah,1,1,5.3,83.6,1,1,0,0
U000155,21,0.807,Riyadh,0,3,2.0,9.6,1,1,1,1
U000156,68,0.457,Eastern,4,2,2.9,31.7,1,0,3,1
U000157,58,0.214,Asir,5,0,2.1,18.8,1,0,2,1
U000158,67,0.392,Makkah,1,2,2.4,20.0,1,1,2,0
U000159,59,0.373,Hail,7,2,1.1,25.3,0,0,1,0
U000160,22,0.249,Eastern,4,1,2.6,15.2,0,0,0,0
U000161,29,0.433,Hail,7,4,0.0,63.1,1,1,4,0
U000162,49,0.66,Eastern,4,4,1.0,26.3,1,1,0,1
U000163,42,0.489,Eastern,4,7,1.3,5.4,1,1,1,0
U000164,30,0.784,Jazan,9,0,0.0,20.6,1,1,2,1
U000165,29,0.846,Makkah,1,1,2.6,39.7,1,1,1,1
U000166,32,0.761,Al Bahah,11,5,1.8,20.6,0,1,3,1
U000167,42,0.825,Al Bahah,11,4,0.7,5.8,0,1,1,0
U000168,34,0.125,Eastern,4,5,1.1,33.1,1,0,0,0
U000169,30,0.494,Eastern,4,4,3.0,24.3,1,1,2,1
U000170,61,0.763,Eastern,4,1,1.7,5.8,1,0,0,1
U000171,39,0.611,Makkah,1,4,1.8,7.5,1,0,0,1
U000172,61,0.471,Al Bahah,11,3,3.8,56.8,1,1,0,1
U000173,40,0.657,Qassim,3,2,0.0,63.4,1,0,0,0
U000174,62,0.375,Makkah,1,3,0.7,8.4,1,1,1,1
U000175,47,0.335,Al Jawf,12,7,4.1,19.3,1,1,0,0
U000176,66,0.4,Eastern,4,1,1.4,11.8,0,0,1,1
U000177,56,0.341,Riyadh,0,2,3.3,14.4,0,0,2,0
U000178,41,0.694,Makkah,1,2,2.8,50.2,1,0,0,1
U000179,62,0.592,Madinah,2,6,1.9,12.2,0,1,3,1
U000180,54,0.061,Madinah,2,3,2.5,26.8,1,0,0,1
U000181,21,0.67,Northern Borders,8,4,0.5,44.0,1,1,0,1
U000182,39,0.274,Makkah,1,3,0.8,25.5,1,0,1,0
U000183,35,0.587,Riyadh,0,1,1.9,40.3,1,1,1,1
U000184,48,0.846,Riyadh,0,4,1.7,17.0,1,0,0,1
U000185,35,0.654,Riyadh,0,5,0.5,77.4,1,1,1,1
U000186,53,0.281,Riyadh,0,5,2.4,23.6,1,0,0,1
U000187,65,0.773,Riyadh,0,1,0.5,3.9,1,1,1,0
U000188,35,0.424,Riyadh,0,2,3.9,12.0,1,1,0,1
U000189,36,0.081,Eastern,4,2,4.8,37.6,0,0,0,0
U000190,34,0.026,Riyadh,0,0,1.4,5.1,1,0,0,1
U000191,65,0.609,Riyadh,0,3,3.0,60.7,1,1,3,1
U000192,65,0.74,Riyadh,0,3,0.8,20.7,1,0,0,1
U000193,29,0.322,Makkah,1,2,1.9,4.1,0,1,1,1
U000194,51,0.316,Hail,7,3,1.9,25.1,1,0,0,0
U000195,21,0.168,Madinah,2,2,2.0,11.0,1,0,1,0
U000196,32,0.796,Eastern,4,3,3.1,14.7,1,0,0,1
U000197,32,0.684,Riyadh,0,0,1.5,22.3,1,0,0,0
U000198,40,0.6,Eastern,4,4,1.9,18.9,0,0,0,1
U000199,53,0.665,Eastern,4,4,0.2,22.1,1,1,1,1
U000200,59,0.537,Madinah,2,1,0.4,28.8,0,0,0,0
U000201,56,0.274,Eastern,4,0,4.8,10.4,0,0,0,0
U000202,29,0.789,Hail,7,3,1.8,13.4,0,1,1,0
U000203,43,0.607,Al Jawf,12,5,2.6,16.1,1,1,0,1
U000204,45,0.215,Hail,7,2,2.5,51.4,1,0,0,1
U000205,30,0.538,Najran,10,8,0.8,11.6,1,1,0,0
U000206,54,0.137,Eastern,4,3,2.1,51.6,1,0,0,1
U000207,63,0.174,Al Jawf,12,1,2.2,37.0,1,1,1,1
U000208,20,0.709,Riyadh,0,4,0.6,14.7,0,1,4,1
U000209,32,0.429,Riyadh,0,2,2.9,55.0,1,0,1,1
U000210,56,0.592,Najran,10,3,0.0,40.9,1,1,1,1
U000211,44,0.964,Asir,5,4,0.6,36.0,1,0,0,0
U000212,53,0.295,Tabuk,6,3,1.0,34.6,1,1,2,1
U000213,22,0.334,Riyadh,0,4,2.1,11.5,1,0,0,1
U000214,25,0.409,Riyadh,0,4,1.7,27.1,0,0,1,1
U000215,49,0.491,Riyadh,0,0,2.2,37.2,1,0,0,0
U000216,18,0.241,Northern Borders,8,2,1.6,14.3,1,0,1,1
U000217,56,0.441,Riyadh,0,1,1.4,2.2,1,1,1,1
U000218,42,0.28,Eastern,4,2,2.5,16.0,0,1,2,1
U000219,66,0.238,Makkah,1,1,0.1,9.6,1,0,0,1
U000220,19,0.259,Eastern,4,0,5.1,23.1,1,0,0,1
U000221,38,0.213,Najran,10,4,3.6,39.5,1,0,0,1
U000222,32,0.277,Riyadh,0,1,3.8,25.3,1,0,1,0
U000223,54,0.236,Eastern,4,2,1.8,52.4,1,0,1,1
U000224,24,0.37,Riyadh,0,3,2.4,30.9,1,1,0,0
U000225,64,0.832,Eastern,4,3,2.0,6.1,1,1,1,1
U000226,50,0.695,Madinah,2,2,0.0,9.4,1,1,1,1
U000227,37,0.569,Tabuk,6,3,1.7,14.2,0,1,2,1
U000228,57,0.716,Tabuk,6,6,3.1,28.5,0,0,0,0
U000229,65,0.216,Al Jawf,12,3,2.4,18.8,0,0,0,0
U000230,40,0.678,Riyadh,0,4,0.8,31.9,1,0,1,0
U000231,43,0.56,Makkah,1,4,1.6,21.3,1,0,1,1
U000232,44,0.413,Najran,10,4,1.2,16.9,0,1,7,1
U000233,37,0.847,Eastern,4,2,2.3,18.4,1,0,2,1
U000234,49,0.757,Makkah,1,2,0.0,50.2,1,1,0,1
U000235,34,0.621,Eastern,4,2,1.0,4.8,1,0,2,1
U000236,60,0.856,Tabuk,6,7,1.8,11.7,1,1,0,1
U000237,47,0.619,Riyadh,0,7,2.4,40.2,1,1,0,1
U000238,55,0.427,Makkah,1,2,2.4,14.7,1,1,2,1
U000239,18,0.614,Riyadh,0,3,1.2,78.8,1,1,1,1
U000240,39,0.75,Riyadh,0,2,0.2,23.5,1,0,3,1
U000241,63,0.695,Asir,5,1,2.7,81.8,1,1,0,0
U000242,64,0.351,Makkah,1,4,1.7,43.4,1,0,0,1
U000243,50,0.096,Jazan,9,2,1.9,47.5,0,1,2,1
U000244,40,0.715,Eastern,4,8,1.1,34.5,1,0,0,1
U000245,52,0.949,Riyadh,0,4,2.1,48.5,1,1,0,1
U000246,33,0.547,Makkah,1,3,1.6,9.6,1,0,0,0
U000247,36,0.635,Al Bahah,11,9,3.8,26.0,1,1,0,1
U000248,44,0.803,Riyadh,0,6,1.6,21.1,1,1,3,1
U000249,27,0.474,Riyadh,0,4,1.4,6.3,1,0,0,1
U000250,38,0.731,Makkah,1,2,2.0,9.0,0,0,2,1
U000251,19,0.081,Najran,10,2,3.3,30.5,1,0,1,0
U000252,51,0.362,Eastern,4,1,2.6,10.9,1,0,0,1
U000253,65,0.89,Riyadh,0,2,2.3,15.2,1,1,2,1
U000254,24,0.173,Riyadh,0,2,3.1,8.6,0,0,1,1
U000255,50,0.285,Eastern,4,1,3.8,18.9,1,0,1,1
U000256,54,0.91,Makkah,1,6,2.9,34.7,1,1,2,1
U000257,55,0.173,Riyadh,0,2,1.8,1.7,0,0,0,1
U000258,69,0.2,Eastern,4,2,1.5,12.1,1,0,0,1
U000259,48,0.227,Qassim,3,2,5.4,7.0,0,0,0,1
U000260,52,0.276,Jazan,9,1,4.1,29.6,1,0,2,1
U000261,23,0.831,Makkah,1,2,1.2,18.2,1,0,1,0
U000262,38,0.082,Al Jawf,12,0,2.1,13.1,1,0,0,0
U000263,60,0.108,Eastern,4,3,1.8,30.3,0,0,0,1
U000264,42,0.822,Makkah,1,3,2.9,39.4,1,1,2,1
U000265,53,0.315,Asir,5,2,4.8,26.4,1,1,1,0
U000266,34,0.627,Riyadh,0,5,1.4,32.9,1,1,0,1
U000267,61,0.676,Riyadh,0,4,0.0,3.1,1,1,1,1
U000268,27,0.355,Madinah,2,4,2.5,12.7,0,0,0,1
U000269,39,0.207,Hail,7,3,3.9,11.0,1,0,0,1
U000270,63,0.37,Eastern,4,1,3.0,34.1,1,1,1,1
U000271,19,0.761,Riyadh,0,4,0.7,17.3,1,1,0,1
U000272,57,0.334,Asir,5,7,1.1,20.8,1,1,0,0
U000273,52,0.261,Makkah,1,3,1.7,18.6,1,0,0,1
U000274,31,0.907,Riyadh,0,5,0.0,6.5,1,0,0,1
U000275,64,0.488,Riyadh,0,1,0.7,17.1,1,0,2,1
U000276,67,0.591,Northern Borders,8,4,1.6,13.5,0,0,0,1
U000277,33,0.458,Madinah,2,1,2.1,4.2,1,0,2,1
U000278,33,0.402,Makkah,1,1,2.4,22.6,1,0,0,0
U000279,33,0.202,Qassim,3,2,2.8,6.2,1,1,0,1
U000280,27,0.387,Riyadh,0,1,1.6,27.5,1,0,0,1
U000281,35,0.505,Eastern,4,1,2.9,50.4,1,1,2,1
U000282,37,0.501,Riyadh,0,2,3.4,51.1,1,0,3,0
U000283,55,0.43,Qassim,3,4,2.1,37.2,0,0,0,0
U000284,27,0.784,Makkah,1,3,2.1,13.6,1,1,4,1
U000285,53,0.608,Riyadh,0,8,1.2,22.6,1,0,0,1
U000286,62,0.818,Eastern,4,4,0.9,28.9,1,1,0,1
U000287,61,0.721,Riyadh,0,3,1.0,9.8,1,1,1,1
U000288,57,0.397,Al Bahah,11,3,1.8,11.6,1,0,0,0
U000289,25,0.843,Hail,7,5,0.0,15.5,1,1,1,1
U000290,64,0.459,Makkah,1,2,1.6,26.6,1,0,2,0
U000291,43,0.569,Riyadh,0,5,3.1,40.4,1,0,1,0
U000292,61,0.596,Makkah,1,6,1.3,32.1,0,1,2,0
U000293,69,0.807,Al Jawf,12,3,0.0,52.8,1,1,2,0
U000294,51,0.674,Qassim,3,5,0.0,69.7,1,0,1,1
U000295,39,0.761,Riyadh,0,2,2.2,27.8,1,1,2,1
U000296,68,0.412,Madinah,2,2,2.1,36.5,1,0,0,1
U000297,60,0.984,Makkah,1,6,0.0,14.0,1,0,2,1
U000298,46,0.413,Jazan,9,3,1.3,21.8,1,0,1,1
U000299,67,0.274,Makkah,1,1,3.5,72.0,1,0,2,1
U000300,51,0.209,Tabuk,6,1,2.9,12.6,0,0,0,0
U000301,27,0.319,Riyadh,0,2,2.6,35.2,1,0,1,1
U000302,35,0.409,Qassim,3,3,3.1,18.6,1,1,1,1
U000303,57,0.307,Al Bahah,11,2,3.1,11.7,1,1,0,1
U000304,54,0.891,Asir,5,5,0.7,10.1,1,1,1,1
U000305,54,0.277,Riyadh,0,2,2.0,22.6,1,1,0,1
U000306,49,0.498,Madinah,2,3,2.2,24.3,0,0,0,0
U000307,62,0.39,Riyadh,0,4,3.9,16.1,0,1,0,1
U000308,22,0.622,Eastern,4,3,1.5,14.3,1,1,1,1
U000309,28,0.812,Riyadh,0,5,2.6,49.7,1,1,1,0
U000310,40,0.89,Makkah,1,3,1.6,37.4,1,1,3,1
U000311,38,0.721,Eastern,4,4,1.4,35.4,1,1,1,0
U000312,48,0.276,Makkah,1,3,1.4,28.9,1,1,1,1
U000313,41,0.347,Eastern,4,3,2.8,3.6,1,1,1,0
U000314,56,0.851,Madinah,2,2,1.5,17.1,1,0,1,1
U000315,55,0.644,Jazan,9,4,2.8,31.8,1,1,0,0
U000316,22,0.769,Makkah,1,2,0.0,17.5,0,1,2,1
U000317,34,0.767,Madinah,2,2,0.0,18.9,1,1,2,1
U000318,49,0.607,Riyadh,0,4,2.3,61.5,1,0,1,1
U000319,63,0.773,Makkah,1,4,1.8,36.0,0,1,0,0
U000320,54,0.114,Qassim,3,0,3.6,8.7,0,0,0,0
U000321,43,0.594,Madinah,2,2,1.8,42.3,1,1,1,0
U000322,33,0.09,Jazan,9,3,2.4,61.6,1,0,0,1
U000323,57,0.558,Tabuk,6,2,1.2,5.9,1,1,0,1
U000324,62,0.433,Makkah,1,3,2.0,59.1,1,0,1,0
U000325,43,0.613,Madinah,2,5,2.8,33.0,1,1,1,1
U000326,60,0.539,Makkah,1,4,2.5,28.8,1,0,1,1
U000327,34,0.533,Qassim,3,4,0.9,10.7,1,1,1,1
U000328,66,0.737,Eastern,4,4,0.0,21.3,1,1,1,0
U000329,52,0.123,Riyadh,0,4,2.0,5.1,0,1,2,1
U000330,49,0.302,Riyadh,0,4,2.2,15.4,0,0,0,0
U000331,35,0.737,Makkah,1,2,0.4,31.6,1,0,1,1
U000332,20,0.326,Riyadh,0,1,3.9,23.9,1,0,0,0
U000333,34,0.47,Eastern,4,2,0.0,21.0,1,0,0,0
U000334,65,0.085,Makkah,1,0,3.3,27.1,0,0,0,0
U000335,69,0.372,Eastern,4,2,2.2,24.1,0,0,0,0
U000336,66,0.697,Eastern,4,5,3.1,56.8,1,1,2,1
U000337,69,0.506,Tabuk,6,4,2.0,3.7,1,1,0,1
U000338,51,0.053,Makkah,1,1,2.0,3.6,0,0,1,0
U000339,28,0.482,Tabuk,6,3,0.9,11.5,0,1,0,1
U000340,26,0.414,Madinah,2,1,1.9,25.8,0,1,1,0
U000341,52,0.726,Makkah,1,3,0.0,21.3,1,0,0,0
U000342,48,0.155,Najran,10,1,2.5,21.2,1,0,0,0
U000343,63,0.46,Madinah,2,3,0.5,42.9,1,1,2,1
U000344,26,0.659,Al Jawf,12,3,3.5,41.0,0,1,1,1
U000345,48,0.29,Eastern,4,5,0.8,18.4,0,0,0,0
U000346,68,0.183,Riyadh,0,2,3.9,25.3,1,0,0,1
U000347,56,0.789,Eastern,4,5,0.2,27.2,1,1,0,1
U000348,49,0.62,Makkah,1,3,3.9,27.0,1,0,0,1
U000349,68,0.218,Makkah,1,0,3.7,39.7,1,0,0,1
U000350,36,0.296,Eastern,4,1,2.4,43.1,1,1,1,0
U000351,23,0.654,Riyadh,0,2,0.6,11.3,1,1,0,0
U000352,41,0.715,Madinah,2,4,1.7,13.1,0,1,1,1
U000353,40,0.399,Jazan,9,3,0.8,18.4,1,0,0,0
U000354,60,0.847,Riyadh,0,4,3.6,16.3,1,1,0,0
U000355,46,0.211,Eastern,4,0,0.4,6.8,1,0,0,0
U000356,53,0.172,Makkah,1,5,2.1,19.0,1,0,1,0
U000357,38,0.296,Al Bahah,11,6,3.1,5.9,0,1,0,0
U000358,30,0.452,Madinah,2,2,3.0,16.0,1,0,0,1
U000359,24,0.47,Qassim,3,3,2.1,11.7,1,0,0,1
U000360,41,0.656,Makkah,1,3,0.4,14.9,1,1,1,1
U000361,28,0.361,Riyadh,0,5,3.4,59.0,1,0,2,1
U000362,39,0.718,Eastern,4,6,1.9,6.8,0,1,2,1
U000363,31,0.786,Eastern,4,7,2.5,10.9,1,0,0,1
U000364,42,0.643,Eastern,4,4,2.7,22.2,1,0,0,0
U000365,56,0.112,Eastern,4,1,2.8,14.8,1,0,1,0
U000366,64,0.787,Asir,5,4,0.0,39.1,1,1,0,1
U000367,25,0.733,Riyadh,0,2,0.1,41.3,1,1,0,1
U000368,28,0.505,Hail,7,2,3.2,13.0,1,1,2,0
U000369,58,0.176,Asir,5,4,3.7,4.7,1,1,3,1
U000370,33,0.629,Qassim,3,3,1.0,10.4,1,0,1,1
U000371,58,0.542,Qassim,3,2,1.8,59.0,1,1,1,0
U000372,47,0.493,Al Bahah,11,3,4.6,20.7,0,0,0,0
U000373,51,0.61,Jazan,9,0,1.8,14.3,1,1,0,1
U000374,43,0.243,Makkah,1,4,1.0,6.1,1,0,1,0
U000375,51,0.605,Al Jawf,12,3,0.8,23.3,1,0,0,1
U000376,62,0.659,Eastern,4,4,4.1,20.9,1,1,3,1
U000377,53,0.207,Makkah,1,3,4.8,15.5,1,0,1,0
U000378,48,0.484,Eastern,4,1,3.3,16.6,1,0,0,1
U000379,45,0.504,Riyadh,0,6,0.5,5.4,0,1,2,1
U000380,59,0.603,Makkah,1,2,0.3,9.3,0,0,0,1
U000381,60,0.383,Makkah,1,0,2.8,17.2,1,0,0,1
U000382,23,0.16,Qassim,3,0,2.8,5.6,1,0,1,0
U000383,18,0.841,Tabuk,6,7,0.0,37.2,1,1,2,1
U000384,55,0.829,Najran,10,2,1.1,19.8,1,0,0,1
U000385,36,0.464,Al Jawf,12,7,3.6,0.6,1,1,2,1
U000386,45,0.671,Riyadh,0,5,1.8,3.8,1,1,0,1
U000387,59,0.381,Al Jawf,12,2,3.2,23.3,1,0,1,0
U000388,23,0.718,Jazan,9,4,0.0,30.2,1,0,1,1
U000389,43,0.636,Riyadh,0,4,1.1,6.6,1,1,0,1
U000390,23,0.562,Riyadh,0,3,0.5,12.8,1,1,2,1
U000391,61,0.754,Northern Borders,8,3,0.9,42.7,1,1,0,0
U000392,28,0.641,Riyadh,0,3,1.9,6.2,1,1,1,1
U000393,65,0.267,Tabuk,6,3,0.6,34.7,1,0,3,0
U000394,64,0.178,Eastern,4,0,3.4,5.9,1,0,1,0
U000395,67,0.356,Makkah,1,4,3.5,19.1,0,1,3,0
U000396,66,0.821,Al Jawf,12,2,2.6,13.0,1,1,1,1
U000397,38,0.263,Asir,5,2,2.6,61.9,1,0,0,0
U000398,36,0.218,Makkah,1,4,4.5,6.9,1,0,0,0
U000399,51,0.558,Makkah,1,4,2.7,43.1,1,1,0,1
U000400,24,0.631,Najran,10,2,1.7,73.1,1,1,0,0
U000401,60,0.341,Eastern,4,2,1.7,21.0,1,1,0,1
U000402,66,0.444,Eastern,4,1,2.1,54.7,1,0,0,1
U000403,26,0.695,Eastern,4,4,2.8,2.7,0,0,0,1
U000404,39,0.336,Madinah,2,2,0.7,10.0,0,0,0,1
U000405,53,0.85,Eastern,4,4,0.8,13.1,1,1,0,1
U000406,54,0.571,Qassim,3,4,3.0,63.5,1,0,0,1
U000407,37,0.632,Makkah,1,2,3.2,4.6,0,0,0,0
U000408,42,0.8,Riyadh,0,3,0.0,37.7,1,0,1,0
U000409,31,0.787,Madinah,2,6,1.8,14.4,1,1,1,1
U000410,49,0.657,Al Jawf,12,3,0.0,18.9,1,1,3,1
U000411,33,0.635,Makkah,1,5,3.5,16.9,1,1,0,1
U000412,32,0.684,Riyadh,0,5,3.0,34.7,1,1,2,0
U000413,39,0.542,Madinah,2,1,2.1,23.4,1,1,0,0
U000414,36,0.638,Makkah,1,3,1.4,18.5,0,1,0,0
U000415,37,0.339,Riyadh,0,2,1.5,23.6,1,1,3,1
U000416,52,0.679,Riyadh,0,4,0.8,22.8,1,1,1,1
U000417,40,0.755,Eastern,4,5,3.3,27.8,1,1,1,1
U000418,64,0.057,Makkah,1,1,3.3,81.0,1,1,0,0
U000419,60,0.211,Riyadh,0,2,2.9,37.6,0,1,2,1
U000420,32,0.825,Makkah,1,2,1.5,9.6,0,0,0,1
U000421,55,0.182,Riyadh,0,4,1.4,25.9,0,1,0,1
U000422,46,0.527,Makkah,1,3,2.6,10.9,0,1,1,1
U000423,40,0.694,Hail,7,3,2.4,3.3,0,1,0,0
U000424,57,0.668,Riyadh,0,5,3.4,23.9,1,1,4,1
U000425,40,0.647,Riyadh,0,4,0.0,11.2,1,0,0,1
U000426,40,0.492,Riyadh,0,2,2.2,38.1,1,0,0,0
U000427,18,0.382,Riyadh,0,2,3.6,32.5,1,0,1,1
U000428,20,0.806,Jazan,9,7,0.7,22.6,1,1,3,1
U000429,55,0.96,Riyadh,0,6,2.1,20.3,1,1,0,1
U000430,44,0.202,Northern Borders,8,2,1.2,85.6,1,0,0,0
U000431,67,0.141,Eastern,4,4,2.8,48.1,1,1,1,1
U000432,65,0.711,Eastern,4,0,1.3,3.4,0,0,0,1
U000433,51,0.1,Riyadh,0,1,4.0,41.6,1,0,1,0
U000434,62,0.466,Makkah,1,2,2.6,18.6,0,1,1,1
U000435,51,0.661,Makkah,1,4,1.0,54.1,1,1,1,1
U000436,25,0.419,Riyadh,0,1,0.9,11.3,1,0,2,1
U000437,18,0.706,Northern Borders,8,3,2.6,38.6,1,0,0,1
U000438,48,0.844,Makkah,1,5,2.2,15.7,1,1,0,0
U000439,45,0.325,Riyadh,0,3,2.2,19.2,1,1,0,1
U000440,42,0.932,Qassim,3,2,1.0,19.2,1,1,1,1
U000441,44,0.839,Tabuk,6,3,2.1,10.1,1,1,0,0
U000442,62,0.787,Eastern,4,3,2.8,26.8,1,1,0,0
U000443,29,0.106,Jazan,9,2,4.6,30.9,1,0,0,1
U000444,47,0.22,Najran,10,1,2.1,28.6,1,1,0,1
U000445,64,0.6,Najran,10,1,0.6,29.0,1,0,0,1
U000446,30,0.331,Riyadh,0,3,1.3,7.8,1,0,0,0
U000447,68,0.752,Riyadh,0,4,2.4,22.7,1,1,2,1
U000448,27,0.877,Makkah,1,2,2.8,16.7,1,0,0,1
U000449,69,0.457,Asir,5,2,1.7,52.3,1,0,2,1
U000450,34,0.102,Eastern,4,1,1.6,15.0,0,1,1,0
U000451,41,0.583,Al Bahah,11,6,4.1,17.7,1,1,2,1
U000452,46,0.469,Riyadh,0,3,2.3,5.4,1,1,2,1
U000453,42,0.63,Asir,5,2,0.8,17.4,1,1,3,0
U000454,31,0.288,Asir,5,2,2.4,32.4,1,1,0,0
U000455,33,0.643,Asir,5,6,0.4,3.5,1,1,1,1
U000456,23,0.406,Asir,5,6,2.5,3.5,1,1,3,1
U000457,19,0.174,Makkah,1,3,1.2,35.9,1,0,1,0
U000458,66,0.564,Riyadh,0,3,3.3,26.3,1,1,0,1
U000459,42,0.171,Tabuk,6,1,6.0,13.4,1,1,0,1
U000460,51,0.383,Al Jawf,12,4,1.6,50.6,1,1,0,0
U000461,30,0.371,Riyadh,0,1,2.2,16.9,1,0,0,1
U000462,43,0.216,Madinah,2,1,3.0,20.0,0,0,1,1
U000463,33,0.233,Makkah,1,2,1.8,47.3,1,0,1,1
U000464,22,0.198,Tabuk,6,3,4.0,17.8,1,0,1,0
U000465,66,0.473,Al Bahah,11,2,0.9,11.6,1,0,0,0
U000466,37,0.817,Makkah,1,2,2.0,13.9,1,0,0,0
U000467,23,0.815,Najran,10,3,2.8,19.3,1,1,0,0
U000468,18,0.523,Eastern,4,3,1.7,39.4,1,1,0,0
U000469,57,0.578,Riyadh,0,5,1.0,8.0,1,1,1,1
U000470,26,0.361,Makkah,1,2,2.1,68.9,1,0,1,1
U000471,42,0.583,Makkah,1,3,1.7,46.7,1,1,2,0
U000472,48,0.426,Eastern,4,2,2.6,25.9,1,0,2,1
U000473,51,0.262,Riyadh,0,2,1.8,27.4,1,0,0,0
U000474,66,0.612,Makkah,1,3,2.7,71.7,1,1,0,1
U000475,58,0.308,Eastern,4,2,4.2,19.3,1,0,1,1
U000476,69,0.856,Riyadh,0,6,1.7,36.7,1,1,2,1
U000477,58,0.094,Al Bahah,11,2,1.8,39.3,1,1,2,1
U000478,27,0.508,Tabuk,6,3,3.4,29.8,1,0,1,1
U000479,38,0.79,Qassim,3,3,1.6,23.9,1,0,0,0
U000480,21,0.306,Asir,5,3,2.0,5.1,1,0,1,1
U000481,67,0.545,Najran,10,3,1.9,36.3,1,1,1,1
U000482,65,0.222,Makkah,1,2,1.0,43.1,1,0,1,0
U000483,31,0.519,Makkah,1,2,1.9,32.4,1,1,0,1
U000484,66,0.697,Jazan,9,2,0.5,58.8,1,1,0,0
U000485,46,0.338,Riyadh,0,2,3.8,10.9,1,0,0,1
U000486,49,0.17,Northern Borders,8,3,3.2,33.0,1,0,0,1
U000487,40,0.572,Al Jawf,12,4,1.9,46.8,1,0,0,1
U000488,65,0.396,Northern Borders,8,9,2.7,9.4,1,1,3,0
U000489,56,0.413,Eastern,4,1,0.7,31.7,0,0,0,0
U000490,52,0.492,Makkah,1,6,2.2,6.9,0,1,0,0
U000491,44,0.482,Makkah,1,3,2.1,24.8,1,1,1,1
U000492,45,0.548,Makkah,1,3,2.1,43.4,1,0,0,0
U000493,53,0.487,Riyadh,0,1,2.3,12.4,1,0,0,1
U000494,40,0.758,Makkah,1,3,1.3,6.6,0,1,0,0
U000495,52,0.166,Madinah,2,5,4.5,39.5,1,0,0,1
U000496,35,0.52,Asir,5,4,2.6,40.2,1,1,1,1
U000497,52,0.359,Makkah,1,4,2.2,26.8,0,0,1,1
U000498,32,0.903,Madinah,2,1,2.3,14.2,1,0,0,0
U000499,54,0.929,Makkah,1,3,0.0,86.9,1,0,0,0
U000500,29,0.774,Eastern,4,5,1.6,17.4,1,1,1,1
U000501,50,0.513,Makkah,1,2,1.7,16.4,1,0,1,1
U000502,50,0.757,Madinah,2,4,1.2,9.9,1,0,2,0
U000503,68,0.597,Riyadh,0,2,1.7,44.1,1,1,0,1
U000504,66,0.636,Makkah,1,3,1.3,28.2,1,1,1,0
U000505,57,0.764,Madinah,2,4,1.5,20.6,1,0,1,1
U000506,58,0.197,Makkah,1,2,1.5,12.7,1,0,0,1
U000507,61,0.293,Madinah,2,5,2.9,7.8,1,0,0,0
U000508,59,0.65,Riyadh,0,3,2.6,21.5,0,0,0,0
U000509,64,0.666,Riyadh,0,3,1.2,3.5,1,0,0,1
U000510,42,0.195,Makkah,1,2,3.8,16.5,0,1,1,0
U000511,41,0.686,Madinah,2,2,2.7,7.9,1,1,1,0
U000512,29,0.758,Makkah,1,4,2.2,19.6,1,0,0,0
U000513,28,0.521,Makkah,1,1,3.1,7.6,1,1,0,1
U000514,58,0.577,Eastern,4,4,0.6,20.4,1,0,1,1
U000515,30,0.178,Makkah,1,4,3.0,24.4,0,0,0,0
U000516,25,0.95,Jazan,9,3,0.5,6.0,1,1,4,0
U000517,43,0.397,Riyadh,0,2,1.9,18.8,1,0,1,0
U000518,20,0.67,Makkah,1,4,0.0,17.2,1,0,1,1
U000519,44,0.662,Eastern,4,1,3.3,7.5,1,0,2,1
U000520,66,0.335,Makkah,1,3,0.4,13.9,1,1,0,0
U000521,58,0.332,Hail,7,0,1.8,9.2,0,0,0,1
U000522,39,0.681,Jazan,9,1,0.2,35.9,1,1,1,0
U000523,23,0.097,Riyadh,0,2,2.6,7.8,1,0,0,0
U000524,18,0.402,Riyadh,0,4,3.5,35.6,1,0,0,0
U000525,55,0.317,Riyadh,0,4,2.4,17.2,1,0,2,1
U000526,18,0.054,Jazan,9,3,0.7,36.7,1,0,2,0
U000527,48,0.844,Qassim,3,6,0.4,28.4,0,1,3,1
U000528,34,0.115,Riyadh,0,2,4.6,21.7,1,0,2,0
U000529,57,0.583,Riyadh,0,3,3.4,39.5,1,1,1,0
U000530,61,0.374,Riyadh,0,3,2.2,38.1,0,0,1,1
U000531,30,0.504,Asir,5,6,0.0,18.3,1,0,0,0
U000532,53,0.537,Riyadh,0,4,3.3,27.3,1,1,4,1
U000533,42,0.547,Jazan,9,2,1.7,21.8,0,0,0,1
U000534,61,0.615,Riyadh,0,3,1.7,19.9,1,1,3,0
U000535,43,0.706,Riyadh,0,2,3.6,15.5,1,1,0,0
U000536,57,0.765,Eastern,4,4,3.5,54.6,1,1,0,1
U000537,47,0.794,Riyadh,0,2,2.1,2.8,1,1,0,1
U000538,58,0.815,Northern Borders,8,3,2.1,5.1,1,1,0,0
U000539,63,0.194,Asir,5,2,3.2,19.0,1,1,0,0
U000540,64,0.272,Makkah,1,2,3.0,15.2,0,1,2,0
U000541,35,0.734,Al Bahah,11,2,2.1,28.3,1,0,1,1
U000542,65,0.395,Makkah,1,7,3.1,1.9,1,1,2,1
U000543,43,0.647,Madinah,2,6,3.8,22.0,1,1,1,1
U000544,20,0.68,Makkah,1,2,1.0,48.8,1,1,2,0
U000545,65,0.583,Riyadh,0,4,1.4,27.5,1,1,0,0
U000546,27,0.422,Eastern,4,3,3.4,34.3,1,1,1,1
U000547,67,0.54,Najran,10,4,2.4,1.3,0,1,0,0
U000548,27,0.359,Al Bahah,11,1,1.7,19.3,1,0,0,1
U000549,51,0.174,Riyadh,0,2,2.2,6.8,1,0,1,0
U000550,52,0.182,Qassim,3,0,1.6,25.0,1,0,1,0
U000551,58,0.92,Eastern,4,4,2.1,39.7,1,0,0,1
U000552,33,0.851,Asir,5,5,0.5,80.9,1,1,3,1
U000553,46,0.849,Tabuk,6,5,3.5,2.0,1,1,2,1
U000554,19,0.896,Jazan,9,4,0.4,17.2,1,0,1,0
U000555,45,0.856,Hail,7,7,0.0,45.5,1,1,1,1
U000556,54,0.309,Jazan,9,2,2.7,36.9,1,0,0,0
U000557,20,0.223,Asir,5,1,2.6,10.3,0,1,1,1
U000558,43,0.476,Eastern,4,2,3.1,6.1,1,1,0,1
U000559,48,0.641,Eastern,4,1,1.6,30.5,1,0,0,0
U000560,47,0.565,Makkah,1,2,1.7,18.5,1,0,0,1
U000561,52,0.238,Al Bahah,11,1,0.0,25.7,1,0,3,0
U000562,34,0.045,Makkah,1,0,2.9,47.4,1,0,0,1
U000563,29,0.268,Makkah,1,1,3.1,23.7,1,0,1,0
U000564,52,0.629,Asir,5,4,2.9,76.6,1,0,0,1
U000565,31,0.929,Eastern,4,7,2.9,5.0,0,1,4,1
U000566,33,0.605,Riyadh,0,5,2.7,29.1,0,1,1,0
U000567,32,0.824,Riyadh,0,5,1.3,34.9,1,1,0,1
U000568,25,0.107,Asir,5,2,3.3,37.9,1,0,0,0
U000569,35,0.185,Eastern,4,0,2.9,25.2,0,0,0,0
U000570,69,0.275,Riyadh,0,2,2.5,7.3,0,0,0,0
U000571,23,0.796,Riyadh,0,3,2.3,8.8,1,1,3,1
U000572,65,0.446,Jazan,9,3,1.5,22.8,1,0,2,0
U000573,67,0.658,Eastern,4,3,0.5,15.9,1,1,1,1
U000574,33,0.706,Riyadh,0,3,2.9,7.6,1,1,1,1
U000575,45,0.216,Riyadh,0,1,1.4,71.0,1,0,2,0
U000576,54,0.56,Asir,5,1,0.0,36.9,1,0,1,1
U000577,58,0.732,Makkah,1,3,3.5,16.2,0,0,1,1
U000578,45,0.917,Jazan,9,3,2.3,7.7,1,1,0,1
U000579,52,0.615,Madinah,2,4,1.9,29.3,1,1,4,0
U000580,51,0.405,Northern Borders,8,7,2.5,12.9,1,1,0,1
U000581,44,0.308,Tabuk,6,2,2.0,6.4,0,0,0,1
U000582,61,0.94,Makkah,1,1,1.9,27.6,1,1,1,1
U000583,26,0.643,Hail,7,4,2.4,26.6,1,1,1,1
U000584,27,0.42,Makkah,1,5,1.8,47.4,1,1,1,0
U000585,32,0.152,Jazan,9,4,2.1,14.5,1,0,1,0
U000586,54,0.316,Asir,5,2,1.3,58.9,1,1,1,1
U000587,59,0.606,Riyadh,0,4,2.6,13.8,0,1,0,1
U000588,37,0.08,Northern Borders,8,0,4.4,6.8,0,0,0,0
U000589,18,0.348,Riyadh,0,2,3.3,8.6,0,0,0,1
U000590,46,0.689,Riyadh,0,5,2.6,20.6,0,1,0,1
U000591,28,0.481,Makkah,1,3,0.0,6.1,1,0,0,0
U000592,18,0.655,Riyadh,0,2,2.2,43.6,1,0,1,0
U000593,26,0.755,Riyadh,0,5,0.3,52.4,1,1,0,1
U000594,41,0.861,Al Jawf,12,4,0.9,42.6,1,1,0,0
U000595,27,0.259,Al Bahah,11,3,4.0,49.3,1,1,0,0
U000596,46,0.279,Riyadh,0,2,3.1,28.7,1,1,1,1
U000597,54,0.649,Najran,10,5,2.3,18.6,0,1,4,1
U000598,63,0.253,Najran,10,2,1.9,26.4,1,0,2,0
U000599,34,0.371,Makkah,1,2,1.9,16.4,1,1,2,0
U000600,18,0.665,Eastern,4,2,1.7,8.0,1,0,0,1
U000601,34,0.236,Eastern,4,1,1.0,19.2,0,1,3,1
U000602,57,0.278,Makkah,1,1,1.5,24.9,1,0,2,0
U000603,49,0.668,Riyadh,0,3,2.3,24.7,1,1,2,1
U000604,56,0.209,Makkah,1,1,1.7,39.6,0,0,0,0
U000605,50,0.162,Makkah,1,2,0.7,11.2,1,0,0,1
U000606,59,0.371,Eastern,4,2,3.6,19.7,1,0,0,0
U000607,37,0.849,Asir,5,2,0.5,23.8,1,0,1,1
U000608,42,0.536,Najran,10,1,2.5,24.3,1,0,0,0
U000609,35,0.778,Riyadh,0,3,2.2,10.3,1,0,1,0
U000610,47,0.317,Makkah,1,0,1.7,28.6,1,1,1,0
U000611,21,0.11,Riyadh,0,1,2.7,35.0,1,0,0,1
U000612,67,0.811,Eastern,4,2,3.0,21.6,0,1,1,1
U000613,36,0.428,Tabuk,6,2,2.7,27.0,0,1,1,1
U000614,62,0.584,Al Jawf,12,2,1.9,14.3,0,1,2,0
U000615,67,0.16,Makkah,1,2,3.6,67.6,1,0,0,0
U000616,43,0.097,Riyadh,0,0,0.0,10.6,1,0,2,0
U000617,41,0.236,Riyadh,0,5,2.6,4.1,1,1,1,1
U000618,18,0.485,Qassim,3,2,1.4,35.4,1,1,0,1
U000619,50,0.685,Najran,10,4,2.6,25.4,0,1,0,1
U000620,69,0.499,Eastern,4,3,3.1,30.6,1,1,0,0
U000621,47,0.769,Makkah,1,2,0.5,23.6,1,0,0,0
U000622,49,0.261,Qassim,3,4,3.2,6.2,1,1,1,1
U000623,45,0.57,Riyadh,0,5,2.7,43.3,1,1,2,1
U000624,54,0.573,Eastern,4,2,1.1,3.6,0,0,1,0
U000625,24,0.712,Riyadh,0,2,0.1,35.4,1,0,0,1
U000626,22,0.215,Jazan,9,2,3.6,39.4,1,0,0,0
U000627,69,0.315,Hail,7,2,0.4,14.0,1,0,0,1
U000628,49,0.405,Al Jawf,12,2,3.1,21.8,1,0,1,1
U000629,44,0.787,Al Bahah,11,5,0.2,11.1,1,1,2,1
U000630,61,0.265,Riyadh,0,1,2.9,48.3,1,0,2,1
U000631,52,0.649,Riyadh,0,2,0.3,3.8,1,1,1,0
U000632,56,0.135,Eastern,4,3,2.6,8.6,0,0,2,1
U000633,18,0.171,Riyadh,0,2,1.0,21.5,1,1,0,0
U000634,54,0.05,Makkah,1,2,3.6,22.7,0,0,0,1
U000635,47,0.191,Riyadh,0,1,0.7,3.8,1,0,1,0
U000636,45,0.683,Eastern,4,1,3.7,12.9,1,1,0,1
U000637,57,0.558,Madinah,2,7,3.0,5.0,0,0,1,1
U000638,44,0.494,Makkah,1,3,1.4,13.6,1,0,0,0
U000639,55,0.657,Riyadh,0,2,0.7,29.4,1,1,0,1
U000640,50,0.512,Eastern,4,2,2.5,28.8,0,0,1,1
U000641,66,0.101,Eastern,4,2,3.9,46.7,1,0,0,0
U000642,69,0.592,Makkah,1,1,1.2,8.8,1,0,0,0
U000643,21,0.677,Makkah,1,6,0.7,26.4,1,1,4,1
U000644,56,0.591,Riyadh,0,2,2.2,7.7,1,0,1,1
U000645,37,0.296,Riyadh,0,2,4.9,8.8,0,0,0,0
U000646,19,0.041,Riyadh,0,3,5.8,40.1,1,1,2,1
U000647,40,0.668,Eastern,4,5,1.1,18.9,1,1,0,1
U000648,66,0.552,Eastern,4,5,3.2,35.0,1,1,0,0
U000649,19,0.785,Makkah,1,5,2.1,6.8,0,1,3,1
U000650,53,0.589,Makkah,1,5,1.1,4.6,1,1,1,1
U000651,25,0.475,Makkah,1,2,1.0,9.2,1,0,0,0
U000652,67,0.369,Riyadh,0,1,1.7,28.9,1,0,1,1
U000653,57,0.221,Najran,10,2,1.5,17.3,1,0,0,0
U000654,19,0.36,Makkah,1,3,1.1,15.2,1,0,0,0
U000655,67,0.281,Madinah,2,1,3.2,8.8,1,0,1,0
U000656,67,0.195,Makkah,1,2,3.3,39.7,1,0,1,0
U000657,23,0.262,Makkah,1,0,1.0,4.8,1,1,1,1
U000658,50,0.391,Najran,10,3,4.1,7.4,0,1,0,1
U000659,55,0.224,Qassim,3,1,2.5,20.7,1,1,0,1
U000660,42,0.835,Makkah,1,8,3.3,6.3,1,1,2,0
U000661,63,0.499,Riyadh,0,2,2.4,3.0,1,0,1,0
U000662,24,0.764,Makkah,1,9,3.3,29.5,0,1,1,1
U000663,45,0.606,Eastern,4,4,2.9,34.6,0,1,2,1
U000664,23,0.419,Madinah,2,4,2.2,4.7,0,1,0,1
U000665,47,0.832,Eastern,4,7,0.3,35.4,1,1,1,1
U000666,39,0.487,Makkah,1,4,3.5,37.2,1,1,0,1
U000667,64,0.628,Makkah,1,7,2.8,34.3,1,1,0,1
U000668,66,0.297,Riyadh,0,2,2.0,57.1,1,1,0,0
U000669,43,0.49,Al Bahah,11,3,3.7,9.7,1,0,0,0
U000670,69,0.862,Riyadh,0,5,1.1,61.1,1,1,1,1
U000671,62,0.728,Eastern,4,4,0.6,0.6,1,0,0,0
U000672,64,0.151,Tabuk,6,6,2.3,24.1,1,0,2,1
U000673,57,0.195,Hail,7,1,1.4,8.6,1,0,0,0
U000674,59,0.26,Makkah,1,1,2.5,2.2,1,0,3,0
U000675,58,0.665,Eastern,4,1,1.3,12.4,0,0,0,1
U000676,40,0.323,Riyadh,0,0,3.4,18.9,1,0,1,0
U000677,62,0.7,Makkah,1,1,2.0,56.8,1,0,1,1
U000678,21,0.756,Makkah,1,2,1.4,10.1,1,1,0,1
U000679,59,0.36,Hail,7,2,0.8,70.7,1,0,0,1
U000680,29,0.555,Riyadh,0,2,2.5,28.0,1,1,1,0
U000681,33,0.297,Makkah,1,5,4.0,21.9,1,0,2,1
U000682,41,0.285,Riyadh,0,2,2.1,24.4,1,0,2,0
U000683,37,0.244,Madinah,2,3,4.0,35.1,1,1,3,1
U000684,19,0.362,Riyadh,0,4,4.5,15.1,1,0,0,0
U000685,39,0.254,Madinah,2,2,0.8,5.3,0,0,1,1
U000686,37,0.815,Jazan,9,6,0.0,3.3,0,1,1,1
U000687,47,0.695,Makkah,1,6,0.7,3.4,1,1,3,1
U000688,54,0.794,Al Bahah,11,3,2.2,37.3,1,0,1,0
U000689,53,0.995,Hail,7,5,0.1,24.6,1,1,3,1
U000690,30,0.671,Makkah,1,5,2.0,38.9,1,1,2,0
U000691,23,0.529,Makkah,1,3,0.6,25.9,1,1,4,1
U000692,67,0.378,Makkah,1,4,2.1,17.0,1,1,2,1
U000693,68,0.339,Asir,5,3,1.0,19.4,1,1,1,0
U000694,43,0.395,Riyadh,0,6,0.8,13.2,1,0,1,1
U000695,58,0.792,Riyadh,0,3,1.1,19.9,1,1,0,1
U000696,18,0.13,Qassim,3,1,4.1,8.4,1,0,2,0
U000697,63,0.601,Hail,7,1,0.0,29.5,1,0,1,1
U000698,35,0.67,Eastern,4,4,2.6,20.7,1,1,1,1
U000699,49,0.02,Riyadh,0,1,2.8,30.7,1,0,0,1
U000700,65,0.842,Qassim,3,2,2.2,43.7,1,1,1,1
U000701,61,0.723,Riyadh,0,5,0.9,40.1,1,1,1,0
U000702,51,0.639,Riyadh,0,2,1.6,6.6,1,1,0,1
U000703,68,0.17,Riyadh,0,1,1.8,11.6,1,0,1,0
U000704,68,0.815,Makkah,1,6,0.0,15.0,1,1,2,0
U000705,60,0.454,Al Bahah,11,1,3.3,6.9,0,0,0,1
U000706,37,0.339,Makkah,1,2,0.0,25.4,1,0,1,0
U000707,41,0.323,Eastern,4,3,1.5,24.5,0,0,1,1
U000708,28,0.262,Riyadh,0,0,3.9,22.6,1,0,0,1
U000709,35,0.312,Riyadh,0,3,0.2,35.6,1,1,0,1
U000710,26,0.524,Riyadh,0,4,2.4,20.5,1,0,0,1
U000711,48,0.697,Jazan,9,3,2.3,25.9,1,0,0,1
U000712,30,0.269,Al Bahah,11,2,2.4,28.5,0,1,1,1
U000713,40,0.624,Asir,5,4,1.4,5.8,1,1,2,1
U000714,47,0.823,Al Jawf,12,6,1.1,12.7,0,0,0,1
U000715,19,0.335,Makkah,1,2,4.7,13.8,1,0,0,1
U000716,69,0.533,Madinah,2,7,2.2,12.6,1,1,2,1
U000717,62,0.469,Riyadh,0,4,1.3,52.6,1,0,0,1
U000718,52,0.64,Makkah,1,3,2.4,36.8,0,1,0,0
U000719,35,0.805,Eastern,4,3,0.9,58.5,1,0,0,1
U000720,53,0.801,Eastern,4,4,0.9,7.7,0,1,2,1
U000721,35,0.447,Qassim,3,2,1.4,7.1,1,0,0,0
U000722,43,0.205,Makkah,1,2,2.6,11.0,1,0,1,0
U000723,44,0.068,Riyadh,0,1,5.4,3.5,0,0,2,0
U000724,23,0.444,Eastern,4,1,3.1,10.8,1,1,0,1
U000725,63,0.173,Makkah,1,2,4.3,54.8,1,0,1,1
U000726,25,0.694,Riyadh,0,3,2.0,21.3,1,1,2,1
U000727,47,0.68,Eastern,4,3,2.9,24.9,1,0,0,1
U000728,58,0.29,Riyadh,0,2,2.8,26.9,0,1,2,1
U000729,69,0.38,Riyadh,0,0,3.4,33.1,1,1,1,0
U000730,59,0.618,Makkah,1,3,2.5,52.2,1,1,0,0
U000731,60,0.534,Riyadh,0,2,2.7,8.7,1,0,1,1
U000732,43,0.479,Makkah,1,6,0.8,2.0,1,1,3,0
U000733,19,0.455,Al Bahah,11,2,1.3,12.7,1,0,0,0
U000734,64,0.418,Eastern,4,1,2.2,63.5,1,1,1,0
U000735,41,0.439,Makkah,1,0,2.5,42.1,1,0,0,1
U000736,41,0.343,Tabuk,6,0,1.1,46.0,1,0,1,0
U000737,36,0.444,Eastern,4,3,3.0,13.1,1,1,0,1
U000738,39,0.561,Makkah,1,5,0.9,3.2,1,0,0,0
U000739,18,0.335,Makkah,1,1,1.8,23.5,1,0,1,0
U000740,56,0.229,Riyadh,0,2,2.9,8.5,0,0,0,0
U000741,65,0.374,Qassim,3,0,1.2,60.5,1,0,0,0
U000742,59,0.591,Eastern,4,0,2.3,12.3,1,0,0,0
U000743,26,0.601,Riyadh,0,4,2.3,7.6,1,0,0,1
U000744,34,0.711,Makkah,1,1,0.2,20.2,1,1,2,1
U000745,18,0.391,Makkah,1,2,3.6,26.1,0,1,0,1
U000746,18,0.572,Riyadh,0,1,1.7,3.5,1,0,0,0
U000747,22,0.382,Najran,10,4,1.8,5.1,1,1,0,1
U000748,45,0.366,Riyadh,0,2,1.5,28.7,0,0,0,0
U000749,54,0.828,Makkah,1,6,0.4,32.2,1,1,1,1
U000750,21,0.664,Riyadh,0,2,1.8,35.2,1,0,0,0
U000751,45,0.628,Makkah,1,1,2.1,37.8,1,0,0,0
U000752,54,0.272,Eastern,4,2,2.4,13.3,1,0,1,0
U000753,23,0.801,Eastern,4,1,3.9,45.2,1,0,1,1
U000754,18,0.627,Riyadh,0,2,0.0,10.1,1,0,0,0
U000755,40,0.171,Jazan,9,2,2.8,47.7,1,1,4,1
U000756,43,0.771,Najran,10,5,0.0,28.7,1,1,2,1
U000757,52,0.66,Riyadh,0,7,1.7,14.6,1,1,3,1
U000758,32,0.539,Qassim,3,7,3.5,7.3,1,1,0,1
U000759,60,0.493,Eastern,4,1,3.6,2.4,0,0,1,1
U000760,49,0.607,Northern Borders,8,7,1.2,26.1,0,1,0,1
U000761,18,0.818,Al Jawf,12,5,0.0,3.2,1,1,1,1
U000762,53,0.209,Riyadh,0,1,4.6,27.7,1,0,1,0
U000763,33,0.382,Makkah,1,3,0.0,21.9,0,0,0,1
U000764,69,0.831,Qassim,3,6,0.0,33.6,1,0,1,1
U000765,64,0.614,Eastern,4,4,2.3,3.0,1,0,1,1
U000766,58,0.158,Riyadh,0,2,3.0,22.7,1,0,1,0
U000767,58,0.729,Makkah,1,6,0.4,18.3,1,1,1,0
U000768,54,0.357,Makkah,1,3,2.4,17.4,1,0,1,0
U000769,44,0.241,Riyadh,0,2,3.4,32.1,0,1,1,1
U000770,65,0.309,Eastern,4,1,1.8,2.3,0,0,3,0
U000771,32,0.29,Riyadh,0,7,4.0,16.5,0,1,1,0
U000772,64,0.707,Northern Borders,8,4,2.3,5.2,0,1,1,0
U000773,34,0.617,Riyadh,0,5,2.6,4.2,1,1,1,1
U000774,64,0.547,Makkah,1,1,0.0,15.1,1,0,0,1
U000775,18,0.235,Makkah,1,2,3.5,34.4,1,0,2,0
U000776,67,0.094,Eastern,4,3,4.1,15.3,0,0,0,1
U000777,57,0.384,Makkah,1,2,4.0,16.6,0,0,0,1
U000778,44,0.386,Makkah,1,1,4.5,58.2,1,0,0,1
U000779,57,0.458,Riyadh,0,1,5.6,15.2,0,0,0,1
U000780,63,0.44,Tabuk,6,0,3.8,34.8,0,1,0,1
U000781,61,0.179,Northern Borders,8,2,3.0,29.2,1,0,0,0
U000782,51,0.564,Riyadh,0,2,1.4,11.7,1,1,1,1
U000783,35,0.485,Riyadh,0,1,2.4,16.4,0,0,1,0
U000784,27,0.873,Jazan,9,3,0.1,1.6,0,0,1,1
U000785,65,0.17,Riyadh,0,1,3.4,24.7,1,0,2,1
U000786,26,0.543,Makkah,1,1,2.1,37.8,1,0,1,1
U000787,56,0.787,Riyadh,0,3,0.7,41.4,1,0,0,1
U000788,61,0.534,Eastern,4,7,3.7,4.5,1,1,1,0
U000789,60,0.231,Asir,5,3,2.1,36.2,1,0,1,0
U000790,28,0.537,Riyadh,0,3,0.0,27.9,1,0,0,1
U000791,24,0.276,Makkah,1,3,3.7,21.4,1,0,0,0
U000792,42,0.784,Madinah,2,6,1.1,19.1,1,1,1,1
U000793,69,0.578,Al Jawf,12,6,2.8,24.3,0,1,0,1
U000794,58,0.06,Makkah,1,1,1.3,11.6,0,0,4,1
U000795,25,0.865,Riyadh,0,3,0.0,14.2,1,1,0,1
U000796,39,0.336,Eastern,4,4,1.2,44.0,1,0,0,0
U000797,68,0.249,Najran,10,2,2.4,41.1,1,0,1,0
U000798,21,0.903,Riyadh,0,6,1.6,1.7,1,1,1,1
U000799,27,0.718,Qassim,3,1,3.7,75.1,1,0,0,0
U000800,65,0.317,Riyadh,0,2,5.0,11.0,1,0,0,0
U000801,24,0.347,Eastern,4,2,2.2,11.0,1,0,1,1
U000802,21,0.639,Najran,10,4,3.2,16.5,1,0,1,1
U000803,40,0.427,Makkah,1,5,0.5,41.1,0,0,0,0
U000804,64,0.586,Jazan,9,3,2.9,11.7,1,1,0,1
U000805,45,0.621,Jazan,9,6,1.8,17.9,1,1,1,1
U000806,32,0.606,Makkah,1,3,2.1,13.5,1,0,1,1
U000807,18,0.67,Eastern,4,4,2.3,16.7,1,1,0,1
U000808,54,0.145,Asir,5,0,2.5,48.6,1,0,1,0
U000809,39,0.69,Makkah,1,5,2.2,13.7,1,1,0,1
U000810,68,0.778,Hail,7,4,2.6,17.6,0,1,1,1
U000811,38,0.878,Makkah,1,3,0.9,13.6,1,1,0,1
U000812,36,0.587,Al Bahah,11,2,3.3,47.6,1,0,0,1
U000813,35,0.271,Madinah,2,2,6.5,28.5,1,0,0,0
U000814,64,0.721,Asir,5,5,0.0,31.3,1,0,1,1
U000815,59,0.233,Makkah,1,2,2.1,29.5,1,0,1,0
U000816,55,0.53,Hail,7,2,2.5,2.7,1,1,3,1
U000817,35,0.281,Tabuk,6,2,0.0,11.9,1,1,1,1
U000818,50,0.285,Makkah,1,0,3.0,9.6,1,0,1,1
U000819,31,0.257,Makkah,1,2,3.7,7.3,0,0,1,1
U000820,42,0.648,Riyadh,0,6,0.0,31.8,1,0,0,0
U000821,34,0.168,Makkah,1,2,1.6,11.0,0,0,1,0
U000822,44,0.329,Qassim,3,2,1.1,68.7,1,0,0,0
U000823,69,0.988,Madinah,2,9,0.1,25.1,1,1,0,1
U000824,56,0.462,Eastern,4,2,0.9,15.5,1,0,1,0
U000825,34,0.718,Najran,10,3,0.0,16.4,1,1,5,1
U000826,41,0.548,Makkah,1,3,4.1,55.1,1,0,1,1
U000827,65,0.407,Makkah,1,1,0.5,1.3,0,1,1,1
U000828,57,0.066,Eastern,4,2,2.4,23.0,0,0,1,1
U000829,24,0.187,Qassim,3,5,2.8,10.9,1,0,1,0
U000830,60,0.553,Riyadh,0,3,2.3,17.6,0,1,2,0
U000831,56,0.134,Qassim,3,3,2.9,10.0,0,0,2,1
U000832,42,0.919,Al Bahah,11,3,1.8,18.1,1,0,0,1
U000833,24,0.438,Tabuk,6,5,2.3,24.6,1,0,1,0
U000834,36,0.223,Eastern,4,1,1.6,11.4,1,1,2,1
U000835,40,0.301,Asir,5,1,1.9,2.9,1,0,2,1
U000836,23,0.28,Al Bahah,11,1,2.3,17.3,1,0,1,1
U000837,58,0.668,Riyadh,0,3,2.9,45.1,1,0,0,0
U000838,36,0.102,Riyadh,0,0,3.1,4.1,0,0,1,0
U000839,49,0.479,Asir,5,1,1.1,58.4,1,1,1,1
U000840,38,0.738,Jazan,9,2,3.8,8.6,1,1,1,1
U000841,33,0.799,Riyadh,0,5,1.7,57.9,1,1,1,0
U000842,39,0.72,Jazan,9,2,2.2,19.3,0,0,1,0
U000843,40,0.864,Riyadh,0,4,1.9,23.8,1,0,0,1
U000844,21,0.319,Qassim,3,2,2.5,25.8,1,0,0,0
U000845,56,0.305,Madinah,2,2,1.1,14.7,1,1,0,1
U000846,38,0.249,Qassim,3,3,2.6,24.2,1,0,0,0
U000847,43,0.718,Jazan,9,3,1.1,72.6,1,0,0,1
U000848,47,0.538,Asir,5,4,1.9,21.8,1,0,0,0
U000849,57,0.844,Asir,5,6,0.3,41.0,1,1,0,0
U000850,54,0.774,Jazan,9,3,0.3,32.7,1,1,0,0
U000851,61,0.298,Jazan,9,1,0.6,3.9,1,1,0,0
U000852,61,0.399,Riyadh,0,5,3.2,11.2,0,0,1,0
U000853,35,0.939,Makkah,1,5,0.6,20.0,1,1,3,1
U000854,30,0.191,Asir,5,3,3.1,27.0,0,0,0,1
U000855,68,0.726,Riyadh,0,7,0.4,47.7,1,1,0,1
U000856,43,0.522,Eastern,4,2,2.5,66.2,1,0,0,1
U000857,29,0.243,Riyadh,0,2,3.0,19.8,1,0,0,0
U000858,21,0.615,Jazan,9,6,1.0,18.7,1,1,1,1
U000859,42,0.476,Jazan,9,1,2.2,11.3,1,1,3,1
U000860,56,0.788,Al Jawf,12,4,0.0,23.1,0,1,2,1
U000861,67,0.084,Makkah,1,4,4.1,19.9,1,0,0,0
U000862,20,0.655,Makkah,1,4,2.5,42.9,1,1,0,1
U000863,60,0.668,Tabuk,6,3,3.4,20.5,1,0,0,1
U000864,53,0.475,Asir,5,2,1.8,45.2,1,0,0,0
U000865,62,0.462,Qassim,3,3,2.1,6.0,0,0,0,0
U000866,46,0.503,Makkah,1,8,1.2,3.6,1,1,4,1
U000867,54,0.676,Eastern,4,8,3.0,36.8,1,1,2,1
U000868,42,0.948,Tabuk,6,9,1.3,10.1,1,1,1,1
U000869,50,0.489,Madinah,2,1,2.5,7.0,0,1,3,1
U000870,63,0.097,Riyadh,0,0,3.5,11.2,0,0,1,0
U000871,27,0.29,Eastern,4,3,3.5,0.5,0,0,0,0
U000872,59,0.118,Makkah,1,2,1.2,36.4,1,1,0,0
U000873,35,0.272,Eastern,4,5,1.0,69.4,0,0,1,1
U000874,62,0.873,Eastern,4,4,1.1,33.7,1,0,0,1
U000875,42,0.609,Makkah,1,2,2.6,23.1,0,1,2,1
U000876,60,0.842,Riyadh,0,7,0.0,21.1,1,0,0,1
U000877,57,0.471,Riyadh,0,4,1.6,28.0,1,1,3,0
U000878,19,0.377,Qassim,3,4,2.0,4.1,1,1,3,1
U000879,21,0.639,Riyadh,0,2,0.0,4.5,1,0,0,0
U000880,18,0.399,Makkah,1,1,1.8,35.5,1,0,0,1
U000881,67,0.386,Makkah,1,3,2.5,34.4,0,0,0,1
U000882,59,0.431,Makkah,1,5,2.2,10.4,1,0,0,0
U000883,22,0.407,Riyadh,0,3,2.0,5.5,1,1,1,0
U000884,68,0.393,Riyadh,0,3,1.4,16.4,0,0,2,1
U000885,28,0.09,Eastern,4,2,2.9,25.0,1,1,1,1
U000886,62,0.658,Hail,7,0,3.3,30.9,1,1,1,0
U000887,33,0.219,Asir,5,3,2.4,57.4,1,1,1,1
U000888,35,0.388,Tabuk,6,2,0.2,11.0,0,0,0,1
U000889,60,0.564,Jazan,9,2,0.9,4.3,1,0,0,1
U000890,67,0.802,Riyadh,0,4,0.4,54.0,0,1,1,1
U000891,39,0.599,Riyadh,0,3,0.6,3.7,1,0,0,1
U000892,47,0.546,Eastern,4,3,1.8,26.2,1,1,3,1
U000893,61,0.348,Hail,7,2,0.2,4.5,1,1,1,1
U000894,41,0.63,Jazan,9,1,1.9,22.3,0,1,2,1
U000895,36,0.754,Riyadh,0,7,0.2,10.1,1,1,3,1
U000896,20,0.239,Eastern,4,2,1.9,28.1,1,0,0,0
U000897,19,0.945,Jazan,9,4,1.4,32.3,1,0,0,1
U000898,24,0.49,Riyadh,0,3,2.2,11.0,1,0,0,0
U000899,36,0.606,Madinah,2,3,3.3,21.7,1,1,3,0
U000900,35,0.327,Najran,10,8,4.6,18.2,1,0,0,1
U000901,58,0.823,Makkah,1,1,0.2,5.2,1,1,1,0
U000902,58,0.917,Al Bahah,11,2,2.4,4.7,0,0,0,0
U000903,66,0.025,Jazan,9,2,3.1,15.2,1,1,1,0
U000904,60,0.336,Tabuk,6,2,1.2,43.4,1,0,1,1
U000905,36,0.685,Asir,5,2,0.0,8.2,1,0,0,1
U000906,36,0.969,Jazan,9,2,0.0,24.5,1,0,2,1
U000907,60,0.633,Jazan,9,4,2.8,21.0,1,1,1,0
U000908,51,0.417,Riyadh,0,4,4.5,37.2,0,0,1,0
U000909,18,0.661,Riyadh,0,3,2.5,32.5,1,1,1,1
U000910,69,0.207,Riyadh,0,0,3.4,10.6,1,1,0,0
U000911,56,0.371,Asir,5,3,2.9,31.0,1,1,1,1
U000912,65,0.729,Al Jawf,12,3,2.5,34.9,1,0,1,1
U000913,20,0.906,Al Jawf,12,3,2.2,10.1,0,1,1,1
U000914,33,0.346,Makkah,1,2,1.6,3.2,1,1,1,1
U000915,28,0.529,Madinah,2,0,1.7,44.1,1,1,2,1
U000916,35,0.499,Makkah,1,0,4.7,42.9,1,1,1,0
U000917,32,0.575,Riyadh,0,5,1.8,41.8,1,1,1,1
U000918,45,0.472,Makkah,1,0,3.8,79.7,1,0,0,0
U000919,56,0.454,Riyadh,0,2,1.4,47.1,1,1,0,0
U000920,47,0.282,Makkah,1,4,1.0,21.8,0,1,0,1
U000921,68,0.571,Riyadh,0,2,2.0,23.0,0,1,3,1
U000922,58,0.589,Makkah,1,1,1.0,28.3,0,0,0,1
U000923,22,0.731,Najran,10,2,2.3,47.2,1,0,0,0
U000924,55,0.796,Makkah,1,4,1.6,9.2,1,1,0,0
U000925,27,0.319,Asir,5,4,0.0,52.2,1,1,3,0
U000926,64,0.474,Hail,7,4,2.5,39.2,1,1,0,0
U000927,58,0.639,Riyadh,0,3,1.1,66.5,1,0,1,0
U000928,40,0.505,Makkah,1,3,3.2,5.3,1,0,0,1
U000929,44,0.436,Qassim,3,3,0.5,26.1,1,1,0,0
U000930,34,0.582,Najran,10,4,0.2,22.7,1,0,0,1
U000931,61,0.238,Eastern,4,4,2.1,51.3,1,0,1,0
U000932,49,0.79,Eastern,4,3,1.6,15.9,1,1,1,1
U000933,53,0.278,Eastern,4,3,0.7,32.6,1,0,0,1
U000934,56,0.037,Eastern,4,3,2.9,8.8,0,0,0,0
U000935,54,0.602,Asir,5,1,1.2,34.2,1,1,3,0
U000936,46,0.406,Tabuk,6,3,1.4,6.9,0,1,2,1
U000937,66,0.243,Makkah,1,2,0.9,13.4,1,0,0,0
U000938,19,0.726,Makkah,1,3,0.9,20.7,1,1,1,1
U000939,19,0.602,Riyadh,0,2,1.7,31.2,1,1,3,0
U000940,22,0.954,Eastern,4,5,0.0,30.5,1,0,0,1
U000941,47,0.179,Makkah,1,1,1.4,20.0,0,1,2,0
U000942,46,0.456,Hail,7,4,2.0,7.1,1,0,1,0
U000943,39,0.689,Tabuk,6,4,3.2,9.8,1,1,1,1
U000944,33,0.355,Riyadh,0,1,2.1,50.2,1,0,2,1
U000945,32,0.401,Asir,5,1,2.0,18.1,1,1,1,0
U000946,30,0.732,Eastern,4,6,0.9,14.6,0,1,0,1
U000947,65,0.655,Riyadh,0,3,1.6,22.6,1,1,0,1
U000948,48,0.797,Makkah,1,4,2.2,7.7,1,0,0,1
U000949,43,0.275,Eastern,4,3,0.5,20.4,1,0,1,0
U000950,31,0.472,Tabuk,6,1,0.3,19.4,1,0,0,1
U000951,49,0.586,Makkah,1,2,3.4,4.7,0,0,0,0
U000952,65,0.876,Eastern,4,9,0.5,10.1,0,1,3,1
U000953,45,0.307,Hail,7,1,1.1,9.8,1,0,1,0
U000954,48,0.312,Asir,5,4,2.8,12.7,1,1,0,0
U000955,24,0.57,Qassim,3,1,2.4,10.6,1,0,0,0
U000956,19,0.432,Riyadh,0,4,1.5,13.2,1,0,2,1
U000957,52,0.736,Qassim,3,2,0.2,28.3,1,1,1,0
U000958,33,0.062,Asir,5,1,1.8,18.7,0,0,0,1
U000959,62,0.714,Eastern,4,1,1.7,14.2,1,0,2,0
U000960,38,0.642,Al Jawf,12,9,2.5,9.1,1,1,2,1
U000961,60,0.251,Riyadh,0,2,2.2,30.1,1,0,1,0
U000962,38,0.787,Riyadh,0,5,1.1,18.4,1,1,0,0
U000963,55,0.61,Riyadh,0,6,2.1,61.6,1,1,0,0
U000964,22,0.553,Makkah,1,0,2.9,61.3,1,0,1,1
U000965,62,0.822,Riyadh,0,3,1.5,25.7,1,1,1,1
U000966,49,0.094,Asir,5,1,4.4,21.7,0,0,1,0
U000967,25,0.098,Makkah,1,1,2.6,11.8,1,0,0,1
U000968,68,0.284,Makkah,1,4,0.6,9.8,0,1,0,1
U000969,69,0.508,Riyadh,0,2,1.0,2.0,1,1,1,0
U000970,62,0.496,Makkah,1,3,1.6,43.3,1,1,0,0
U000971,43,0.567,Makkah,1,4,2.4,2.3,1,0,0,0
U000972,56,0.211,Riyadh,0,3,2.0,53.5,1,0,0,0
U000973,45,0.158,Asir,5,0,2.8,35.8,1,0,0,0
U000974,32,0.615,Madinah,2,5,1.6,29.4,1,1,1,1
U000975,45,0.492,Riyadh,0,4,0.9,41.0,1,1,0,1
U000976,67,0.281,Eastern,4,2,3.2,18.5,1,0,0,1
U000977,62,0.327,Makkah,1,2,3.7,20.8,1,1,0,0
U000978,64,0.705,Riyadh,0,4,2.4,33.4,1,1,3,0
U000979,32,0.571,Al Bahah,11,3,1.6,17.0,1,0,2,0
U000980,35,0.341,Eastern,4,0,5.2,10.4,1,0,0,1
U000981,36,0.377,Riyadh,0,1,3.2,2.9,0,1,0,1
U000982,44,0.756,Riyadh,0,4,2.5,23.3,1,1,0,1
U000983,64,0.69,Eastern,4,3,2.8,10.2,0,1,1,1
U000984,62,0.463,Riyadh,0,2,2.4,29.2,1,1,0,0
U000985,57,0.553,Eastern,4,3,1.7,11.4,1,0,0,1
U000986,20,0.236,Najran,10,1,2.0,15.1,0,0,0,1
U000987,47,0.889,Makkah,1,6,2.8,11.2,1,1,0,0
U000988,49,0.817,Riyadh,0,2,1.2,1.6,1,0,2,1
U000989,52,0.16,Makkah,1,3,3.8,8.2,0,1,1,1
U000990,46,0.458,Riyadh,0,3,3.2,15.2,1,1,1,0
U000991,60,0.309,Riyadh,0,0,4.6,83.3,1,0,0,0
U000992,39,0.646,Al Jawf,12,2,1.9,18.4,0,0,0,0
U000993,65,0.785,Qassim,3,2,1.2,17.7,1,1,0,0
U000994,20,0.596,Asir,5,3,2.0,2.5,1,1,0,1
U000995,31,0.432,Madinah,2,1,2.5,10.6,1,1,0,0
U000996,26,0.357,Makkah,1,1,1.6,22.8,1,0,1,1
U000997,59,0.29,Makkah,1,4,4.0,29.6,1,0,0,1
U000998,54,0.679,Makkah,1,3,2.0,16.4,1,0,1,1
U000999,33,0.44,Eastern,4,3,2.4,28.8,1,0,0,1
U001000,36,0.383,Makkah,1,0,3.9,28.3,1,1,4,1
U001001,59,0.877,Al Jawf,12,8,0.9,6.4,1,1,3,1
U001002,28,0.876,Jazan,9,6,1.1,36.5,1,0,1,1
U001003,48,0.559,Makkah,1,2,0.7,26.0,1,0,1,1
U001004,44,0.559,Makkah,1,3,1.5,37.4,1,1,1,1
U001005,67,0.283,Makkah,1,2,3.7,94.9,1,1,3,0
U001006,31,0.451,Makkah,1,3,0.4,8.0,1,0,0,1
U001007,54,0.513,Asir,5,2,4.5,28.4,1,1,1,1
U001008,34,0.278,Riyadh,0,4,1.9,3.5,1,0,1,0
U001009,66,0.123,Makkah,1,1,2.3,24.4,1,0,2,1
U001010,55,0.432,Jazan,9,5,2.5,18.4,1,0,2,1
U001011,37,0.375,Northern Borders,8,1,3.4,12.8,1,1,0,0
U001012,62,0.529,Jazan,9,2,1.0,21.6,0,1,1,1
U001013,62,0.238,Jazan,9,2,2.7,67.8,1,0,1,1
U001014,44,0.643,Eastern,4,1,2.9,17.3,1,0,0,1
U001015,63,0.518,Qassim,3,1,1.1,21.6,1,0,1,1
U001016,63,0.139,Riyadh,0,1,3.7,71.5,0,0,0,0
U001017,31,0.433,Makkah,1,1,1.0,38.4,0,0,2,1
U001018,24,0.669,Jazan,9,6,2.4,63.7,1,0,0,1
U001019,55,0.676,Madinah,2,2,2.4,20.0,1,0,0,0
U001020,47,0.596,Madinah,2,1,0.2,23.5,1,0,0,0
U001021,36,0.144,Riyadh,0,3,2.6,3.9,0,0,0,0
U001022,55,0.413,Asir,5,0,4.1,10.8,1,0,2,0
U001023,19,0.307,Asir,5,0,3.0,8.6,1,0,0,1
U001024,33,0.703,Makkah,1,5,2.8,60.4,1,1,4,1
U001025,58,0.277,Al Bahah,11,4,4.3,42.2,1,1,0,1
U001026,21,0.421,Al Jawf,12,2,1.1,58.7,1,1,3,0
U001027,45,0.698,Eastern,4,3,3.5,11.8,1,0,1,1
U001028,59,0.444,Eastern,4,5,3.5,44.1,1,1,0,1
U001029,55,0.332,Makkah,1,2,3.6,11.3,1,1,1,0
U001030,31,0.401,Riyadh,0,2,3.0,17.9,1,0,1,0
U001031,58,0.669,Madinah,2,4,2.0,50.7,1,1,2,1
U001032,26,0.616,Riyadh,0,6,0.4,11.7,0,1,0,1
U001033,67,0.509,Eastern,4,1,1.8,18.5,1,0,0,1
U001034,25,0.609,Makkah,1,5,1.9,19.6,1,0,1,0
U001035,25,0.438,Hail,7,2,2.1,12.2,1,0,1,1
U001036,50,0.407,Makkah,1,3,2.8,5.8,1,1,0,0
U001037,27,0.406,Eastern,4,6,1.8,29.0,1,0,0,1
U001038,47,0.616,Makkah,1,3,2.3,31.5,1,1,3,1
U001039,22,0.659,Makkah,1,5,3.6,22.7,0,0,0,1
U001040,55,0.393,Asir,5,1,3.0,15.8,1,1,0,0
U001041,41,0.132,Najran,10,3,1.9,35.3,1,0,0,1
U001042,60,0.27,Madinah,2,3,2.8,48.5,1,0,0,0
U001043,20,0.203,Riyadh,0,1,3.0,25.0,1,0,1,1
U001044,28,0.413,Al Bahah,11,5,3.2,13.0,1,1,0,0
U001045,53,0.777,Riyadh,0,2,3.1,13.2,1,1,1,0
U001046,20,0.412,Riyadh,0,3,1.1,15.5,1,0,1,1
U001047,65,0.464,Eastern,4,1,3.5,44.7,1,0,0,1
U001048,67,0.566,Northern Borders,8,2,5.0,29.8,0,0,0,0
U001049,62,0.221,Makkah,1,4,4.2,11.0,1,0,1,1
U001050,37,0.271,Makkah,1,3,2.4,13.6,0,1,0,1
U001051,68,0.213,Madinah,2,3,3.6,5.9,0,0,1,0
U001052,58,0.353,Asir,5,3,2.9,1.4,1,1,0,0
U001053,63,0.666,Makkah,1,3,1.5,14.8,1,1,2,1
U001054,31,0.421,Makkah,1,2,0.7,12.3,1,1,2,1
U001055,26,0.652,Eastern,4,3,2.6,39.2,1,0,0,0
U001056,56,0.402,Riyadh,0,2,3.4,64.3,1,0,3,1
U001057,31,0.517,Riyadh,0,4,1.2,18.0,1,1,1,0
U001058,63,0.435,Riyadh,0,1,1.3,24.7,0,0,1,0
U001059,39,0.807,Riyadh,0,5,0.2,9.8,1,1,0,0
U001060,47,0.683,Riyadh,0,1,3.0,31.0,1,1,0,0
U001061,68,0.417,Madinah,2,1,4.0,7.2,0,0,0,1
U001062,44,0.357,Makkah,1,1,0.3,19.6,1,0,0,0
U001063,39,0.249,Riyadh,0,3,1.9,24.5,1,0,0,0
U001064,35,0.705,Riyadh,0,3,3.6,49.3,1,0,0,1
U001065,53,0.691,Makkah,1,2,0.6,6.9,1,1,0,0
U001066,30,0.648,Riyadh,0,4,1.4,22.9,0,1,1,1
U001067,48,0.422,Eastern,4,2,0.8,7.1,1,1,1,0
U001068,68,0.17,Makkah,1,2,3.1,24.8,1,0,1,0
U001069,34,0.731,Al Jawf,12,7,1.7,53.2,1,1,2,1
U001070,66,0.931,Makkah,1,4,2.5,10.8,0,1,1,1
U001071,49,0.641,Tabuk,6,5,0.0,11.3,1,0,0,0
U001072,66,0.534,Makkah,1,4,2.7,9.5,1,0,1,0
U001073,65,0.447,Hail,7,1,0.8,24.2,1,1,1,0
U001074,67,0.606,Madinah,2,1,1.8,12.1,1,1,0,1
U001075,60,0.746,Makkah,1,2,0.9,31.4,1,1,4,1
U001076,30,0.776,Riyadh,0,3,1.9,21.9,1,1,2,0
U001077,61,0.603,Madinah,2,1,1.9,32.5,1,1,4,1
U001078,27,0.883,Najran,10,5,2.5,18.1,1,1,1,1
U001079,30,0.906,Riyadh,0,3,2.3,42.5,1,0,1,0
U001080,25,0.653,Eastern,4,3,3.0,44.9,1,1,1,0
U001081,66,0.25,Najran,10,1,4.1,5.7,0,0,0,0
U001082,45,0.473,Asir,5,3,0.6,22.5,1,0,0,1
U001083,58,0.349,Al Jawf,12,5,1.8,7.3,1,1,1,1
U001084,49,0.636,Madinah,2,1,1.4,105.1,1,0,0,1
U001085,65,0.423,Asir,5,2,0.0,53.2,1,0,2,0
U001086,37,0.401,Riyadh,0,1,1.5,60.6,1,1,0,0
U001087,33,0.283,Riyadh,0,1,2.5,28.5,1,1,0,1
U001088,24,0.611,Qassim,3,3,1.7,21.9,1,0,1,1
U001089,31,0.899,Jazan,9,3,1.1,62.7,1,1,0,0
U001090,61,0.771,Eastern,4,2,0.8,44.2,1,0,1,1
U001091,51,0.357,Makkah,1,5,4.7,19.9,1,0,0,0
U001092,40,0.094,Riyadh,0,0,2.9,24.8,1,0,2,1
U001093,30,0.39,Makkah,1,5,1.5,53.8,0,0,1,1
U001094,22,0.697,Madinah,2,1,2.2,28.3,0,0,0,0
U001095,25,0.527,Jazan,9,2,1.1,16.0,1,0,0,0
U001096,42,0.491,Riyadh,0,2,0.0,13.7,0,1,1,1
U001097,36,0.676,Eastern,4,5,0.7,15.1,0,1,0,1
U001098,21,0.587,Jazan,9,6,2.0,38.3,1,1,0,1
U001099,50,0.605,Madinah,2,6,1.3,35.8,1,1,1,1
U001100,61,0.543,Riyadh,0,2,2.6,21.2,0,0,1,1
U001101,21,0.536,Eastern,4,3,3.0,13.9,1,1,4,1
U001102,47,0.384,Hail,7,3,3.2,8.9,0,0,1,1
U001103,30,0.575,Makkah,1,2,3.0,23.6,0,0,0,0
U001104,32,0.542,Riyadh,0,1,1.0,22.5,1,0,2,1
U001105,25,0.23,Makkah,1,1,4.5,97.8,1,0,0,0
U001106,24,0.722,Asir,5,5,2.8,17.5,1,1,1,1
U001107,28,0.747,Riyadh,0,7,2.5,27.0,1,1,1,1
U001108,67,0.71,Makkah,1,4,3.1,14.6,1,0,1,1
U001109,69,0.449,Northern Borders,8,5,3.4,42.6,1,1,2,1
U001110,19,0.446,Tabuk,6,4,3.6,14.9,1,0,0,1
U001111,45,0.608,Tabuk,6,6,0.7,24.8,1,0,0,1
U001112,39,0.658,Qassim,3,6,1.3,13.1,1,1,0,1
U001113,32,0.471,Jazan,9,2,0.0,8.7,1,0,0,1
U001114,46,0.396,Tabuk,6,1,1.8,35.5,1,0,0,0
U001115,20,0.521,Makkah,1,2,2.2,10.3,1,1,0,0
U001116,59,0.356,Makkah,1,7,2.1,19.9,1,1,0,0
U001117,21,0.604,Madinah,2,2,0.8,17.3,0,0,0,1
U001118,39,0.215,Tabuk,6,3,0.3,22.2,0,0,0,0
U001119,44,0.912,Jazan,9,1,2.6,2.6,1,1,2,0
U001120,67,0.505,Najran,10,3,2.7,10.2,1,0,0,1
U001121,26,0.344,Riyadh,0,2,0.0,14.9,1,1,4,1
U001122,65,0.499,Najran,10,6,3.8,14.1,0,1,1,1
U001123,47,0.792,Riyadh,0,6,0.9,5.4,1,0,1,1
U001124,39,0.361,Riyadh,0,3,3.6,18.9,1,1,0,1
U001125,64,0.725,Makkah,1,2,0.8,17.1,0,1,0,0
U001126,32,0.383,Makkah,1,3,2.9,36.6,1,0,0,0
U001127,46,0.695,Makkah,1,5,2.7,8.8,0,1,0,1
U001128,45,0.655,Makkah,1,0,0.0,14.0,1,0,0,1
U001129,55,0.808,Riyadh,0,6,1.8,22.6,1,1,2,1
U001130,46,0.772,Riyadh,0,5,0.6,51.1,1,0,0,1
U001131,24,0.177,Eastern,4,0,2.2,19.4,1,1,0,0
U001132,41,0.611,Eastern,4,3,2.4,6.0,0,0,1,1
U001133,42,0.712,Al Bahah,11,4,0.0,45.1,1,1,2,1
U001134,23,0.579,Riyadh,0,3,1.0,25.1,0,1,0,1
U001135,42,0.256,Eastern,4,2,1.4,23.2,1,0,0,1
U001136,31,0.449,Riyadh,0,3,1.9,37.8,1,0,0,0
U001137,33,0.535,Eastern,4,3,0.4,17.8,1,1,1,1
U001138,19,0.584,Riyadh,0,2,1.6,7.9,1,1,2,1
U001139,69,0.65,Eastern,4,2,1.6,3.7,1,0,0,0
U001140,55,0.636,Riyadh,0,2,1.9,30.2,1,0,3,0
U001141,68,0.865,Riyadh,0,4,1.5,10.9,0,1,1,1
U001142,20,0.074,Riyadh,0,3,3.3,18.4,0,0,1,1
U001143,23,0.47,Eastern,4,2,3.7,15.6,1,0,0,0
U001144,31,0.106,Madinah,2,0,0.7,5.5,0,0,0,0
U001145,43,0.278,Makkah,1,0,3.2,6.2,1,0,0,0
U001146,31,0.609,Makkah,1,6,3.5,3.5,1,1,0,1
U001147,59,0.182,Riyadh,0,4,2.0,63.1,1,1,1,0
U001148,54,0.678,Riyadh,0,2,0.4,2.3,0,0,1,1
U001149,21,0.302,Makkah,1,2,3.5,14.1,1,0,0,0
U001150,30,0.836,Riyadh,0,6,0.6,23.2,1,0,1,1
U001151,59,0.944,Makkah,1,3,1.5,8.9,1,0,1,0
U001152,36,0.834,Northern Borders,8,1,0.9,35.1,1,1,0,1
U001153,61,0.295,Hail,7,2,3.4,20.1,1,0,0,0
U001154,64,0.629,Eastern,4,4,0.3,36.9,1,0,1,1
U001155,18,0.307,Makkah,1,5,3.2,30.5,1,1,2,1
U001156,21,0.114,Eastern,4,0,3.7,27.1,1,0,1,0
U001157,48,0.32,Najran,10,4,3.1,20.6,0,1,1,1
U001158,42,0.679,Makkah,1,2,1.5,28.6,0,1,0,0
U001159,47,0.552,Jazan,9,3,2.7,36.4,1,0,1,1
U001160,44,0.709,Makkah,1,4,0.2,57.9,1,1,0,0
U001161,42,0.255,Najran,10,0,1.8,12.1,1,0,0,1
U001162,22,0.529,Eastern,4,3,3.7,25.5,1,0,1,0
U001163,54,0.471,Makkah,1,3,1.4,44.0,1,1,1,1
U001164,66,0.136,Riyadh,0,0,1.5,5.7,0,0,0,0
U001165,65,0.503,Makkah,1,3,1.6,23.6,0,0,0,1
U001166,59,0.419,Hail,7,1,3.9,53.8,1,1,3,1
U001167,21,0.11,Makkah,1,2,3.1,17.1,1,0,1,0
U001168,30,0.246,Hail,7,0,0.8,11.3,1,1,2,0
U001169,30,0.774,Makkah,1,6,2.7,20.5,1,1,4,1
U001170,68,0.407,Asir,5,4,2.5,25.0,1,0,0,1
U001171,55,0.487,Riyadh,0,4,2.4,5.7,0,1,4,0
U001172,30,0.45,Al Bahah,11,5,0.3,34.0,1,1,0,0
U001173,49,0.41,Northern Borders,8,2,2.5,38.9,1,1,1,1
U001174,61,0.353,Makkah,1,1,0.8,11.2,1,0,0,0
U001175,49,0.44,Eastern,4,2,2.9,41.1,1,1,0,0
U001176,69,0.485,Al Bahah,11,2,3.4,21.3,1,1,0,0
U001177,64,0.378,Jazan,9,0,3.2,23.7,1,0,1,0
U001178,62,0.23,Makkah,1,2,4.1,17.1,1,0,1,0
U001179,69,0.327,Qassim,3,3,2.0,14.3,1,0,1,1
U001180,64,0.777,Makkah,1,2,0.8,51.7,1,1,1,0
U001181,34,0.689,Qassim,3,4,2.3,14.8,1,1,1,1
U001182,69,0.332,Makkah,1,4,1.9,19.2,1,1,1,1
U001183,23,0.326,Tabuk,6,3,2.0,31.2,1,1,0,0
U001184,37,0.717,Al Bahah,11,5,3.7,29.1,1,0,1,1
U001185,24,0.938,Riyadh,0,2,4.6,9.6,1,1,0,1
U001186,39,0.588,Riyadh,0,5,0.9,26.6,1,0,0,1
U001187,25,0.788,Qassim,3,4,1.4,7.5,1,1,2,1
U001188,63,0.692,Riyadh,0,2,0.3,14.8,0,1,0,1
U001189,54,0.371,Northern Borders,8,3,1.3,11.8,1,0,1,1
U001190,34,0.935,Asir,5,4,1.8,4.5,0,1,2,1
U001191,45,0.426,Riyadh,0,2,2.5,20.2,1,1,2,0
U001192,34,0.719,Jazan,9,5,0.0,8.8,1,1,1,1
U001193,47,0.781,Jazan,9,8,2.9,1.0,1,0,1,1
U001194,42,0.658,Asir,5,3,1.3,60.2,1,1,1,1
U001195,57,0.323,Eastern,4,5,3.9,35.4,1,0,0,0
U001196,24,0.497,Al Jawf,12,4,0.0,42.6,1,0,0,1
U001197,52,0.384,Asir,5,5,1.4,35.6,1,0,0,1
U001198,58,0.41,Al Jawf,12,4,3.2,54.9,1,1,1,1
U001199,55,0.634,Makkah,1,2,2.7,13.1,1,1,1,0
U001200,67,0.263,Makkah,1,0,1.4,30.6,1,0,0,0
U001201,64,0.316,Riyadh,0,4,2.3,10.8,1,1,0,0
U001202,53,0.106,Riyadh,0,3,1.6,23.8,1,0,1,0
U001203,62,0.318,Qassim,3,3,2.4,1.3,1,1,1,0
U001204,45,0.532,Eastern,4,3,4.3,37.7,1,0,0,1
U001205,52,0.422,Riyadh,0,2,2.2,2.2,1,0,1,1
U001206,50,0.45,Qassim,3,4,2.4,64.5,0,0,0,1
U001207,31,0.794,Riyadh,0,7,1.4,35.0,1,1,0,0
U001208,68,0.442,Northern Borders,8,3,3.1,23.9,1,0,1,1
U001209,69,0.696,Riyadh,0,3,1.7,45.7,1,1,2,1
U001210,56,0.333,Eastern,4,1,2.7,17.6,1,0,1,1
U001211,23,0.72,Al Jawf,12,5,0.3,22.7,1,1,0,1
U001212,61,0.328,Al Bahah,11,4,0.6,21.2,0,1,1,0
U001213,36,0.554,Eastern,4,4,2.2,4.9,1,1,1,1
U001214,65,0.868,Tabuk,6,8,1.7,16.2,1,1,0,1
U001215,18,0.086,Hail,7,1,1.5,20.4,0,0,0,0
U001216,48,0.493,Eastern,4,0,3.1,21.3,1,1,1,1
U001217,39,0.648,Eastern,4,4,2.2,5.9,1,1,1,1
U001218,58,0.345,Qassim,3,3,2.6,4.9,1,1,1,0
U001219,19,0.393,Riyadh,0,8,1.2,13.1,1,1,1,1
U001220,62,0.207,Jazan,9,2,2.1,15.0,1,0,0,0
U001221,19,0.62,Al Jawf,12,5,2.1,29.9,1,0,1,1
U001222,42,0.509,Eastern,4,5,2.7,5.9,1,1,2,1
U001223,40,0.51,Makkah,1,3,3.2,30.3,1,1,0,1
U001224,18,0.276,Makkah,1,2,3.1,53.9,1,0,1,1
U001225,54,0.416,Riyadh,0,3,3.1,5.9,1,1,1,1
U001226,37,0.236,Makkah,1,1,3.1,16.8,0,1,1,1
U001227,67,0.751,Qassim,3,2,1.8,16.6,1,1,3,1
U001228,45,0.087,Riyadh,0,3,1.2,32.9,1,0,1,0
U001229,34,0.151,Riyadh,0,3,5.0,11.5,1,0,1,0
U001230,52,0.598,Al Jawf,12,1,2.0,4.8,1,1,1,1
U001231,49,0.285,Qassim,3,3,2.1,12.7,1,0,2,0
U001232,47,0.337,Riyadh,0,1,0.6,12.9,1,0,0,0
U001233,40,0.749,Makkah,1,4,0.0,36.7,1,0,1,1
U001234,67,0.051,Eastern,4,0,2.4,32.1,1,0,1,1
U001235,62,0.157,Hail,7,1,3.4,10.5,0,0,0,0
U001236,64,0.284,Makkah,1,2,1.7,30.1,1,1,0,1
U001237,68,0.212,Jazan,9,2,4.0,28.3,1,0,0,1
U001238,66,0.664,Al Bahah,11,6,1.8,25.7,1,0,0,0
U001239,26,0.445,Najran,10,2,0.6,14.4,0,0,2,1
U001240,26,0.511,Eastern,4,5,2.0,8.1,1,0,4,1
U001241,63,0.059,Makkah,1,2,2.7,17.8,0,0,1,1
U001242,55,0.735,Riyadh,0,1,0.1,43.1,1,0,0,1
U001243,25,0.75,Riyadh,0,2,1.7,68.0,1,1,1,1
U001244,40,0.376,Riyadh,0,5,2.1,3.4,1,0,0,0
U001245,69,0.234,Makkah,1,1,3.0,2.8,0,0,0,0
U001246,37,0.267,Makkah,1,4,1.7,30.6,1,1,3,1
U001247,50,0.675,Makkah,1,6,1.3,10.4,0,1,0,1
U001248,23,0.715,Riyadh,0,2,1.1,17.9,0,1,1,1
U001249,41,0.478,Madinah,2,1,1.0,56.0,1,0,0,0
U001250,53,0.359,Qassim,3,7,2.2,54.5,1,0,0,1
U001251,25,0.208,Northern Borders,8,4,0.7,28.1,1,0,1,1
U001252,18,0.798,Eastern,4,4,3.0,26.3,1,1,2,0
U001253,27,0.579,Riyadh,0,3,2.7,2.8,1,1,1,1
U001254,35,0.255,Eastern,4,4,6.1,8.2,0,0,1,1
U001255,26,0.35,Jazan,9,2,5.6,79.5,1,1,0,0
U001256,45,0.458,Hail,7,5,2.3,23.0,1,1,1,0
U001257,48,0.558,Riyadh,0,2,4.0,23.2,1,0,1,0
U001258,60,0.502,Riyadh,0,3,2.1,15.5,1,1,0,1
U001259,26,0.817,Qassim,3,8,0.0,47.3,1,1,1,1
U001260,34,0.347,Riyadh,0,3,3.7,7.5,0,0,1,1
U001261,68,0.735,Eastern,4,0,1.4,21.6,0,1,0,0
U001262,24,0.639,Eastern,4,6,0.0,10.9,1,1,1,1
U001263,66,0.842,Riyadh,0,2,0.0,12.9,1,0,0,0
U001264,21,0.34,Makkah,1,1,4.7,13.7,1,0,0,0
U001265,35,0.922,Madinah,2,2,2.9,35.2,1,1,1,0
U001266,65,0.633,Riyadh,0,6,1.4,48.9,0,1,0,0
U001267,41,0.467,Makkah,1,2,2.1,19.9,1,1,2,1
U001268,52,0.141,Makkah,1,5,3.6,6.3,0,1,0,0
U001269,39,0.366,Makkah,1,1,1.3,25.5,1,0,2,0
U001270,53,0.619,Makkah,1,2,0.5,9.4,1,1,0,1
U001271,64,0.224,Riyadh,0,0,1.8,28.2,1,1,0,0
U001272,67,0.469,Riyadh,0,2,0.7,7.7,0,0,0,0
U001273,69,0.43,Riyadh,0,2,3.0,38.1,1,0,0,1
U001274,67,0.899,Riyadh,0,2,1.3,39.4,1,1,1,1
U001275,44,0.506,Riyadh,0,2,1.5,20.1,1,0,1,0
U001276,26,0.612,Eastern,4,3,3.0,6.7,1,1,0,0
U001277,22,0.486,Riyadh,0,1,1.0,27.1,1,1,2,1
U001278,19,0.582,Makkah,1,4,1.5,19.9,1,0,0,0
U001279,48,0.373,Eastern,4,1,3.8,9.3,1,1,2,1
U001280,57,0.333,Riyadh,0,2,1.0,76.0,1,0,0,1
U001281,24,0.059,Riyadh,0,2,4.4,3.9,0,1,1,1
U001282,58,0.47,Al Jawf,12,1,1.3,19.4,0,1,1,0
U001283,26,0.315,Asir,5,2,0.7,6.4,1,1,1,0
U001284,60,0.385,Makkah,1,3,2.4,17.6,1,0,0,1
U001285,38,0.61,Riyadh,0,4,0.6,47.5,1,1,1,1
U001286,65,0.576,Eastern,4,0,2.1,41.0,1,0,1,1
U001287,59,0.608,Eastern,4,2,0.0,9.3,1,0,0,0
U001288,33,0.543,Makkah,1,4,2.2,26.8,1,0,0,1
U001289,18,0.325,Riyadh,0,2,1.0,13.5,1,0,0,1
U001290,59,0.517,Makkah,1,3,0.1,9.3,1,1,2,0
U001291,21,0.463,Riyadh,0,3,1.3,38.2,1,1,2,1
U001292,58,0.282,Riyadh,0,1,2.0,5.9,0,0,2,1
U001293,42,0.613,Asir,5,1,1.6,5.6,1,1,2,1
U001294,38,0.462,Asir,5,1,1.6,47.7,1,0,0,0
U001295,33,0.197,Makkah,1,1,2.3,15.9,1,0,3,1
U001296,26,0.623,Riyadh,0,3,1.5,29.7,0,0,1,0
U001297,32,0.56,Asir,5,1,0.0,4.8,0,1,0,1
U001298,27,0.387,Eastern,4,2,3.7,3.5,0,1,1,1
U001299,69,0.668,Jazan,9,2,2.9,11.1,1,1,0,0
U001300,18,0.911,Al Jawf,12,5,1.1,24.5,1,1,0,1
U001301,44,0.757,Al Jawf,12,3,2.0,6.5,0,1,1,1
U001302,62,0.724,Hail,7,3,2.2,9.8,1,1,2,1
U001303,57,0.523,Makkah,1,2,1.1,17.7,1,0,0,1
U001304,51,0.57,Makkah,1,1,1.2,23.4,1,0,1,0
U001305,32,0.566,Makkah,1,3,2.7,3.9,0,1,3,1
U001306,68,0.458,Al Jawf,12,3,1.1,12.3,1,0,3,0
U001307,54,0.454,Riyadh,0,0,2.7,18.5,1,0,1,1
U001308,43,0.76,Makkah,1,5,1.1,7.1,1,1,1,1
U001309,66,0.229,Najran,10,1,3.0,5.5,1,0,1,1
U001310,55,0.372,Eastern,4,1,0.3,59.3,1,0,0,0
U001311,21,0.051,Asir,5,1,2.1,12.1,1,0,1,0
U001312,65,0.483,Riyadh,0,3,1.2,34.6,1,1,1,1
U001313,39,0.556,Al Jawf,12,8,0.4,13.8,1,1,2,0
U001314,29,0.591,Makkah,1,4,0.6,51.2,1,0,2,1
U001315,64,0.513,Najran,10,1,0.5,8.1,0,0,0,0
U001316,61,0.105,Madinah,2,1,3.7,40.7,1,0,0,0
U001317,44,0.656,Asir,5,3,2.4,1.4,1,1,3,1
U001318,34,0.576,Makkah,1,3,3.6,61.0,1,1,4,1
U001319,53,0.623,Makkah,1,1,2.0,24.2,0,0,2,0
U001320,22,0.799,Makkah,1,2,3.0,19.1,1,1,1,1
U001321,51,0.599,Northern Borders,8,4,3.0,11.4,1,1,3,1
U001322,64,0.779,Makkah,1,5,1.6,13.7,1,1,2,1
U001323,46,0.289,Jazan,9,4,1.3,3.7,1,1,0,0
U001324,36,0.325,Riyadh,0,2,5.3,46.3,1,0,1,0
U001325,36,0.386,Eastern,4,2,1.9,28.4,1,0,0,1
U001326,18,0.425,Riyadh,0,0,0.7,40.6,1,0,0,1
U001327,26,0.648,Makkah,1,6,2.4,41.8,1,0,1,1
U001328,57,0.431,Najran,10,2,3.1,41.7,0,1,0,1
U001329,43,0.105,Riyadh,0,3,4.2,12.4,0,1,1,0
U001330,22,0.235,Makkah,1,3,4.4,4.2,1,0,1,0
U001331,58,0.807,Riyadh,0,4,0.4,10.6,1,1,3,1
U001332,36,0.09,Al Bahah,11,2,1.7,60.0,1,0,2,1
U001333,55,0.157,Al Jawf,12,1,3.4,57.2,1,1,1,0
U001334,54,0.474,Riyadh,0,1,0.0,16.0,0,0,0,1
U001335,50,0.428,Jazan,9,1,0.9,12.6,1,1,4,1
U001336,30,0.533,Riyadh,0,4,2.3,15.1,1,0,0,1
U001337,40,0.52,Qassim,3,6,0.1,11.4,1,1,3,0
U001338,42,0.154,Al Bahah,11,2,2.5,37.2,1,0,3,1
U001339,61,0.307,Riyadh,0,0,0.7,21.0,0,0,0,1
U001340,53,0.533,Eastern,4,3,2.3,21.7,1,1,1,1
U001341,39,0.464,Riyadh,0,3,4.0,12.5,1,0,1,0
U001342,69,0.465,Riyadh,0,1,1.8,16.8,1,0,0,0
U001343,24,0.477,Riyadh,0,1,1.4,24.2,1,0,1,0
U001344,55,0.92,Northern Borders,8,10,2.2,19.5,1,1,0,1
U001345,42,0.854,Al Bahah,11,4,1.1,21.2,1,1,2,0
U001346,46,0.564,Northern Borders,8,2,2.1,38.6,1,0,0,0
U001347,63,0.515,Madinah,2,2,0.8,24.7,1,1,1,1
U001348,32,0.569,Eastern,4,5,2.8,10.5,1,1,1,0
U001349,19,0.539,Eastern,4,2,3.5,43.5,1,0,1,1
U001350,61,0.597,Makkah,1,1,3.4,10.3,1,0,1,0
U001351,32,0.425,Riyadh,0,3,3.1,64.0,1,0,1,0
U001352,63,0.077,Madinah,2,6,4.5,36.6,0,0,2,1
U001353,50,0.536,Qassim,3,1,0.0,39.5,1,1,1,0
U001354,36,0.135,Najran,10,3,1.1,40.6,1,1,0,1
U001355,40,0.427,Northern Borders,8,3,2.1,8.5,1,0,1,1
U001356,60,0.627,Asir,5,4,0.7,3.3,1,0,0,0
U001357,43,0.743,Al Jawf,12,2,1.5,24.8,1,0,1,1
U001358,23,0.82,Tabuk,6,1,3.0,14.2,1,0,1,1
U001359,57,0.31,Makkah,1,3,1.1,41.2,1,0,1,1
U001360,28,0.479,Riyadh,0,2,0.0,6.7,1,0,0,0
U001361,62,0.275,Eastern,4,0,2.7,47.2,1,0,2,0
U001362,59,0.437,Jazan,9,1,1.7,20.9,1,1,1,1
U001363,51,0.877,Jazan,9,4,0.0,38.7,1,0,0,1
U001364,53,0.543,Al Bahah,11,2,1.3,8.7,0,0,0,1
U001365,46,0.19,Eastern,4,2,3.6,36.4,1,0,0,1
U001366,58,0.514,Makkah,1,5,0.9,14.3,1,0,1,0
U001367,52,0.222,Madinah,2,1,2.7,50.0,1,0,0,1
U001368,39,0.646,Riyadh,0,2,0.0,10.1,0,1,2,1
U001369,59,0.201,Qassim,3,3,3.5,71.7,0,0,1,0
U001370,27,0.638,Riyadh,0,3,1.6,38.6,1,1,1,1
U001371,61,0.777,Riyadh,0,4,3.3,40.8,1,1,2,1
U001372,30,0.653,Makkah,1,3,1.1,90.1,1,1,0,1
U001373,65,0.511,Madinah,2,3,2.7,41.4,1,1,0,1
U001374,43,0.626,Makkah,1,2,3.4,83.9,1,1,2,0
U001375,37,0.572,Eastern,4,1,1.8,37.3,1,0,2,0
U001376,40,0.325,Qassim,3,1,2.5,23.0,1,0,0,0
U001377,56,0.46,Asir,5,0,0.5,3.6,1,0,0,0
U001378,58,0.708,Makkah,1,2,2.1,37.5,1,1,1,1
U001379,22,0.124,Al Jawf,12,4,4.3,25.7,1,1,1,0
U001380,44,0.451,Makkah,1,6,1.9,18.6,0,1,0,1
U001381,35,0.955,Eastern,4,1,0.0,9.7,1,0,1,0
U001382,42,0.547,Riyadh,0,3,3.0,16.2,1,1,4,0
U001383,46,0.481,Makkah,1,3,1.5,7.2,1,0,0,1
U001384,29,0.243,Jazan,9,0,2.8,64.9,1,0,1,0
U001385,61,0.766,Riyadh,0,3,2.4,26.4,1,0,0,0
U001386,32,0.092,Eastern,4,2,3.2,19.2,1,0,2,1
U001387,26,0.908,Riyadh,0,2,0.1,13.2,1,0,0,1
U001388,23,0.3,Makkah,1,0,2.5,25.4,1,0,2,1
U001389,57,0.48,Al Jawf,12,3,4.0,29.7,1,0,0,0
U001390,59,0.648,Eastern,4,2,0.3,15.1,0,0,1,0
U001391,56,0.218,Makkah,1,4,2.4,19.5,1,1,2,1
U001392,49,0.115,Makkah,1,2,1.9,30.3,1,0,1,1
U001393,25,0.078,Hail,7,0,1.3,24.5,1,0,1,1
U001394,37,0.441,Makkah,1,2,2.0,5.9,1,1,1,1
U001395,26,0.802,Riyadh,0,2,1.4,24.0,1,1,1,0
U001396,30,0.829,Tabuk,6,3,0.6,10.3,1,1,0,1
U001397,45,0.335,Madinah,2,2,4.8,17.5,1,0,0,0
U001398,22,0.547,Madinah,2,2,2.0,20.8,1,0,0,0
U001399,25,0.341,Makkah,1,3,0.0,23.7,1,1,0,1
U001400,44,0.706,Riyadh,0,1,1.8,3.1,1,1,0,0
U001401,22,0.216,Riyadh,0,1,2.0,2.9,0,1,2,1
U001402,30,0.358,Riyadh,0,2,3.0,9.5,1,1,4,1
U001403,43,0.257,Makkah,1,3,3.4,7.5,1,1,4,1
U001404,51,0.704,Madinah,2,4,5.1,26.2,1,0,0,1
U001405,55,0.907,Riyadh,0,3,0.2,13.8,0,1,1,0
U001406,26,0.359,Riyadh,0,4,2.9,15.3,1,0,1,1
U001407,51,0.241,Northern Borders,8,4,2.0,13.7,1,0,1,1
U001408,64,0.774,Eastern,4,2,0.0,15.5,1,0,0,1
U001409,23,0.719,Tabuk,6,2,2.8,32.3,1,1,0,0
U001410,69,0.277,Tabuk,6,3,3.3,21.1,1,0,2,0
U001411,69,0.722,Jazan,9,7,2.6,55.5,1,1,1,0
U001412,34,0.75,Riyadh,0,1,0.0,15.9,1,1,0,1
U001413,47,0.671,Eastern,4,5,2.4,56.0,1,1,2,0
U001414,55,0.853,Makkah,1,4,0.0,17.5,1,1,2,0
U001415,49,0.959,Asir,5,5,0.0,45.5,1,1,0,1
U001416,61,0.591,Eastern,4,4,2.5,6.5,1,1,0,1
U001417,59,0.109,Eastern,4,3,2.7,22.6,1,0,0,0
U001418,18,0.557,Riyadh,0,2,0.0,33.7,1,0,1,1
U001419,37,0.796,Eastern,4,5,1.8,58.7,1,1,1,1
U001420,33,0.818,Riyadh,0,2,0.0,21.8,1,0,1,0
U001421,50,0.321,Makkah,1,2,1.2,39.8,1,0,0,0
U001422,67,0.222,Riyadh,0,5,1.5,8.1,1,0,1,1
U001423,31,0.405,Tabuk,6,3,2.0,21.8,1,1,2,1
U001424,64,0.814,Al Bahah,11,4,1.1,15.3,1,1,1,0
U001425,38,0.678,Tabuk,6,2,0.0,19.1,1,1,2,1
U001426,46,0.55,Jazan,9,4,0.9,12.3,1,1,2,1
U001427,61,0.792,Jazan,9,7,1.7,16.8,1,1,2,0
U001428,49,0.622,Eastern,4,6,0.7,18.7,1,1,2,1
U001429,31,0.765,Al Jawf,12,3,3.8,6.1,1,0,0,1
U001430,61,0.263,Najran,10,2,2.3,25.1,0,1,0,0
U001431,42,0.23,Najran,10,0,2.0,10.0,1,0,1,1
U001432,45,0.525,Riyadh,0,4,1.2,6.9,1,1,1,1
U001433,27,0.463,Jazan,9,3,0.3,18.8,0,0,1,1
U001434,43,0.345,Madinah,2,2,4.0,37.2,1,0,0,1
U001435,66,0.469,Riyadh,0,7,1.0,15.4,1,0,2,0
U001436,32,0.921,Jazan,9,3,0.6,5.5,1,0,1,1
U001437,56,0.472,Makkah,1,4,2.1,25.6,0,0,0,1
U001438,47,0.75,Makkah,1,2,0.3,20.9,0,1,1,1
U001439,67,0.868,Riyadh,0,5,0.2,51.3,1,0,1,0
U001440,18,0.804,Riyadh,0,4,1.8,9.7,1,1,1,1
U001441,31,0.499,Jazan,9,4,0.8,45.7,1,1,3,1
U001442,40,0.639,Asir,5,2,2.3,29.2,1,1,2,0
U001443,30,0.265,Eastern,4,4,1.9,45.8,1,1,0,0
U001444,58,0.455,Riyadh,0,5,0.9,44.6,0,0,1,0
U001445,27,0.512,Madinah,2,0,0.9,41.7,1,1,2,1
U001446,39,0.28,Riyadh,0,1,3.7,42.4,1,0,1,1
U001447,38,0.586,Madinah,2,2,3.8,12.0,1,0,2,0
U001448,62,0.721,Makkah,1,5,1.6,26.0,1,0,0,0
U001449,49,0.064,Qassim,3,2,3.0,8.3,1,0,0,0
U001450,54,0.218,Riyadh,0,2,2.5,28.7,1,0,0,1
U001451,31,0.511,Eastern,4,6,2.5,15.4,1,1,0,0
U001452,38,0.428,Eastern,4,4,3.3,5.7,1,0,1,0
U001453,69,0.551,Asir,5,7,0.0,13.5,1,1,0,1
U001454,24,0.27,Madinah,2,2,2.7,8.2,1,0,1,0
U001455,48,0.833,Eastern,4,2,4.3,68.3,1,1,3,1
U001456,68,0.05,Riyadh,0,0,3.6,12.3,1,0,0,0
U001457,44,0.488,Makkah,1,2,2.6,2.4,1,0,0,0
U001458,32,0.633,Makkah,1,3,2.9,4.4,1,1,0,1
U001459,44,0.204,Riyadh,0,2,3.7,5.5,1,0,3,0
U001460,60,0.55,Qassim,3,2,3.5,16.9,1,0,1,1
U001461,63,0.24,Riyadh,0,5,2.3,23.7,1,1,1,0
U001462,69,0.221,Makkah,1,4,3.3,8.0,0,0,0,1
U001463,31,0.586,Riyadh,0,3,0.6,21.1,1,0,0,0
U001464,36,0.219,Riyadh,0,0,1.8,20.2,1,0,0,1
U001465,37,0.451,Madinah,2,2,4.7,54.2,1,1,0,0
U001466,48,0.193,Asir,5,0,3.2,9.1,1,0,2,1
U001467,67,0.267,Eastern,4,1,2.4,40.9,1,1,3,0
U001468,58,0.65,Makkah,1,4,2.1,18.0,0,1,3,1
U001469,21,0.415,Makkah,1,1,2.7,28.2,1,1,3,1
U001470,33,0.457,Makkah,1,3,0.7,29.4,1,0,1,1
U001471,21,0.56,Makkah,1,3,1.3,11.1,1,0,1,1
U001472,42,0.505,Asir,5,3,3.3,6.3,1,1,2,1
U001473,55,0.151,Asir,5,0,1.8,10.9,0,0,0,1
U001474,65,0.484,Riyadh,0,2,0.0,14.0,1,0,0,0
U001475,33,0.737,Madinah,2,2,3.0,32.4,1,1,2,1
U001476,62,0.573,Riyadh,0,6,2.3,20.9,1,1,0,1
U001477,21,0.384,Madinah,2,1,1.7,69.8,1,0,0,0
U001478,64,0.228,Makkah,1,2,2.5,2.3,1,1,2,1
U001479,41,0.449,Eastern,4,2,2.0,26.8,1,0,1,0
U001480,22,0.149,Makkah,1,1,3.1,49.4,0,0,0,0
U001481,43,0.816,Makkah,1,0,4.0,20.4,1,1,2,1
U001482,49,0.571,Riyadh,0,4,3.3,4.1,0,1,0,1
U001483,57,0.841,Eastern,4,4,1.4,74.4,1,1,2,1
U001484,57,0.804,Makkah,1,8,0.7,11.1,1,0,0,0
U001485,27,0.713,Al Jawf,12,3,4.2,7.3,1,1,1,1
U001486,18,0.603,Najran,10,0,1.9,13.0,1,0,0,1
U001487,33,0.346,Al Bahah,11,2,1.6,13.2,1,0,2,1
U001488,34,0.538,Eastern,4,5,1.6,24.0,1,0,4,1
U001489,40,0.206,Madinah,2,2,2.6,8.4,1,1,0,0
U001490,25,0.069,Riyadh,0,3,1.3,62.3,1,0,0,1
U001491,41,0.451,Riyadh,0,1,1.3,1.3,1,1,1,1
U001492,63,0.648,Makkah,1,5,0.7,19.7,1,0,0,1
U001493,38,0.938,Al Bahah,11,9,3.8,30.7,1,1,2,1
U001494,21,0.712,Eastern,4,4,0.0,9.3,1,1,3,1
U001495,48,0.164,Riyadh,0,1,3.8,4.7,1,0,0,0
U001496,65,0.237,Al Jawf,12,2,2.2,39.2,1,0,0,0
U001497,57,0.477,Makkah,1,4,4.0,0.6,0,0,1,1
U001498,41,0.447,Qassim,3,3,1.5,10.2,0,0,0,1
U001499,37,0.516,Riyadh,0,1,2.7,21.5,1,0,0,1
U001500,56,0.415,Eastern,4,2,4.3,6.0,0,0,1,0
U001501,25,0.724,Al Jawf,12,2,2.9,11.9,1,1,1,1
U001502,52,0.172,Eastern,4,2,2.2,5.1,1,0,3,0
U001503,65,0.389,Tabuk,6,1,2.6,11.3,1,0,0,1
U001504,63,0.178,Eastern,4,2,2.4,64.2,0,0,0,1
U001505,20,0.372,Riyadh,0,4,4.3,18.6,1,0,0,1
U001506,39,0.866,Riyadh,0,1,0.2,22.5,1,0,0,1
U001507,62,0.38,Riyadh,0,4,2.7,34.2,0,1,1,0
U001508,67,0.702,Riyadh,0,1,1.9,42.0,1,1,0,0
U001509,59,0.606,Makkah,1,4,2.2,8.2,1,0,1,0
U001510,69,0.741,Makkah,1,3,0.8,4.5,0,0,1,1
U001511,53,0.625,Madinah,2,2,3.2,31.3,0,0,0,0
U001512,39,0.2,Madinah,2,2,2.8,52.5,1,0,1,1
U001513,19,0.143,Makkah,1,1,2.5,21.2,0,0,0,0
U001514,28,0.367,Riyadh,0,3,0.9,8.5,1,0,0,1
U001515,56,0.492,Makkah,1,2,3.6,3.6,0,0,1,1
U001516,46,0.581,Riyadh,0,2,2.0,42.7,1,0,0,0
U001517,38,0.215,Makkah,1,2,3.6,21.8,0,0,0,1
U001518,63,0.127,Riyadh,0,1,2.8,12.3,1,0,0,1
U001519,37,0.336,Riyadh,0,1,3.1,65.3,1,0,2,1
U001520,57,0.157,Makkah,1,1,1.9,56.6,1,0,0,0
U001521,23,0.531,Riyadh,0,2,0.7,15.7,1,0,0,1
U001522,37,0.563,Madinah,2,1,0.2,7.6,0,0,0,1
U001523,30,0.55,Makkah,1,2,0.4,15.1,1,1,1,1
U001524,27,0.665,Tabuk,6,2,2.5,14.1,0,1,1,1
U001525,41,0.859,Makkah,1,5,0.0,7.7,1,1,0,1
U001526,51,0.112,Makkah,1,3,2.1,27.1,1,0,1,1
U001527,63,0.818,Asir,5,5,1.8,8.7,0,1,1,1
U001528,57,0.633,Makkah,1,2,1.8,7.7,1,1,0,1
U001529,35,0.619,Riyadh,0,4,0.9,15.6,1,1,2,0
U001530,67,0.543,Riyadh,0,3,0.6,40.7,1,1,1,1
U001531,26,0.494,Madinah,2,2,3.1,32.9,1,0,1,1
U001532,63,0.697,Riyadh,0,5,0.8,39.0,0,1,2,1
U001533,58,0.474,Makkah,1,2,2.7,11.2,1,1,5,0
U001534,44,0.565,Riyadh,0,3,1.8,8.7,1,0,0,1
U001535,40,0.877,Makkah,1,3,0.0,47.1,1,0,1,1
U001536,26,0.66,Makkah,1,4,1.9,34.3,0,0,0,0
U001537,67,0.258,Asir,5,0,4.3,11.8,0,0,0,1
U001538,42,0.452,Riyadh,0,4,2.7,17.1,0,0,0,0
U001539,60,0.15,Asir,5,1,3.9,50.3,1,0,4,1
U001540,64,0.896,Makkah,1,8,0.7,20.7,1,1,0,1
U001541,35,0.315,Eastern,4,2,2.1,37.0,1,0,1,1
U001542,65,0.545,Makkah,1,2,2.8,54.8,1,0,0,0
U001543,18,0.202,Jazan,9,1,3.5,21.4,1,1,1,1
U001544,36,0.077,Eastern,4,0,2.8,19.2,1,0,1,0
U001545,53,0.318,Makkah,1,0,3.7,21.9,1,1,2,0
U001546,34,0.645,Eastern,4,5,2.9,54.0,1,1,1,1
U001547,43,0.513,Eastern,4,2,1.9,12.5,1,0,2,1
U001548,44,0.58,Makkah,1,2,1.0,3.9,1,0,0,1
U001549,18,0.827,Riyadh,0,7,3.6,34.4,1,0,0,1
U001550,62,0.452,Jazan,9,1,2.4,11.6,0,0,2,1
U001551,30,0.169,Asir,5,1,4.0,49.2,1,0,0,1
U001552,23,0.126,Jazan,9,4,5.6,33.5,0,0,0,0
U001553,39,0.441,Qassim,3,5,1.8,55.6,1,1,1,1
U001554,45,0.706,Madinah,2,4,2.2,35.1,1,0,1,1
U001555,19,0.287,Riyadh,0,3,5.3,73.8,1,1,1,1
U001556,23,0.571,Riyadh,0,2,0.0,25.3,1,1,0,1
U001557,66,0.35,Makkah,1,3,3.3,36.4,1,1,1,1
U001558,51,0.29,Madinah,2,2,2.4,4.8,0,1,0,0
U001559,61,0.667,Eastern,4,5,0.3,23.8,1,1,3,1
U001560,21,0.398,Qassim,3,4,2.8,28.6,1,1,1,1
U001561,57,0.757,Riyadh,0,4,0.4,63.2,1,1,0,1
U001562,32,0.492,Madinah,2,2,1.3,20.7,1,1,2,1
U001563,55,0.25,Riyadh,0,1,2.6,34.4,1,0,1,0
U001564,36,0.83,Eastern,4,6,3.2,52.1,1,1,2,1
U001565,50,0.451,Makkah,1,3,1.4,2.2,1,0,0,1
U001566,23,0.232,Asir,5,3,0.8,16.3,0,0,0,0
U001567,50,0.742,Riyadh,0,6,0.8,72.2,1,1,0,1
U001568,63,0.303,Makkah,1,3,2.9,19.4,1,0,0,0
U001569,21,0.614,Makkah,1,5,2.8,7.1,1,1,0,1
U001570,65,0.76,Madinah,2,2,1.7,23.2,1,0,0,0
U001571,60,0.274,Riyadh,0,3,1.4,20.4,0,0,2,1
U001572,38,0.272,Northern Borders,8,2,3.6,38.9,1,0,0,0
U001573,39,0.267,Hail,7,4,1.7,18.2,1,0,0,1
U001574,34,0.881,Hail,7,6,0.0,23.1,1,1,2,1
U001575,64,0.393,Riyadh,0,2,1.9,25.9,0,1,1,0
U001576,33,0.23,Eastern,4,1,3.0,14.0,1,0,0,0
U001577,53,0.274,Makkah,1,4,2.6,5.0,1,0,3,1
U001578,35,0.825,Riyadh,0,3,1.6,9.7,1,1,0,1
U001579,42,0.702,Makkah,1,7,2.7,5.5,1,1,1,0
U001580,37,0.611,Eastern,4,3,1.2,18.1,1,0,0,1
U001581,69,0.96,Riyadh,0,3,0.0,17.7,0,0,0,1
U001582,64,0.743,Makkah,1,0,3.0,9.7,1,1,1,0
U001583,32,0.231,Riyadh,0,3,1.1,12.9,0,1,2,1
U001584,52,0.258,Asir,5,3,2.9,25.9,0,0,0,0
U001585,36,0.865,Eastern,4,5,0.0,7.0,1,0,0,1
U001586,26,0.47,Najran,10,2,1.0,27.5,1,1,2,0
U001587,64,0.16,Madinah,2,2,3.4,14.8,1,0,1,1
U001588,61,0.243,Eastern,4,4,1.1,12.5,1,0,0,1
U001589,51,0.363,Makkah,1,3,3.5,15.6,1,0,0,0
U001590,31,0.297,Asir,5,4,3.3,32.7,1,0,1,0
U001591,66,0.439,Asir,5,4,1.0,29.7,1,1,1,1
U001592,67,0.521,Riyadh,0,3,1.4,51.5,1,0,0,1
U001593,34,0.692,Riyadh,0,1,2.2,39.7,1,1,0,1
U001594,42,0.348,Riyadh,0,4,0.1,42.3,1,0,0,0
U001595,25,0.209,Riyadh,0,0,1.8,13.0,1,0,1,1
U001596,18,0.759,Hail,7,2,0.5,21.8,1,1,1,1
U001597,37,0.542,Makkah,1,3,1.5,16.6,1,0,0,1
U001598,61,0.177,Riyadh,0,2,4.6,22.3,1,0,1,0
U001599,42,0.566,Riyadh,0,4,1.7,14.4,1,1,0,0
U001600,21,0.535,Asir,5,4,1.9,5.3,0,0,1,1
U001601,60,0.197,Riyadh,0,2,1.6,47.6,0,0,1,1
U001602,44,0.127,Makkah,1,3,3.4,7.0,1,0,1,0
U001603,46,0.152,Qassim,3,2,0.7,25.5,1,0,0,1
U001604,54,0.365,Qassim,3,3,4.1,12.1,0,0,3,0
U001605,60,0.233,Eastern,4,4,2.0,17.3,1,1,3,1
U001606,67,0.765,Makkah,1,5,3.1,82.3,1,1,1,1
U001607,63,0.119,Jazan,9,1,3.3,14.1,0,0,0,0
U001608,25,0.283,Makkah,1,3,4.2,7.5,1,1,1,1
U001609,24,0.491,Al Jawf,12,2,3.5,8.4,1,0,0,1
U001610,59,0.923,Asir,5,6,1.5,17.6,1,1,0,1
U001611,61,0.834,Asir,5,6,0.9,14.9,1,1,0,1
U001612,69,0.553,Madinah,2,3,3.8,37.8,0,0,1,1
U001613,23,0.725,Asir,5,3,1.5,15.0,0,1,1,1
U001614,67,0.218,Riyadh,0,5,4.2,17.6,1,0,1,0
U001615,56,0.873,Madinah,2,9,0.6,4.0,0,1,0,1
U001616,41,0.351,Makkah,1,2,2.5,2.7,0,1,2,0
U001617,42,0.309,Riyadh,0,2,3.1,65.6,1,0,1,1
U001618,50,0.551,Riyadh,0,3,0.5,10.6,1,0,1,1
U001619,54,0.694,Al Jawf,12,1,3.6,32.3,0,0,1,1
U001620,49,0.787,Makkah,1,7,2.8,56.5,1,1,0,1
U001621,59,0.667,Eastern,4,3,2.0,21.7,1,1,1,0
U001622,22,0.516,Madinah,2,3,3.2,17.2,1,0,1,1
U001623,43,0.569,Asir,5,3,0.0,8.7,1,0,2,1
U001624,35,0.241,Al Jawf,12,4,3.7,22.9,0,1,1,0
U001625,67,0.486,Madinah,2,5,0.8,39.0,1,1,2,1
U001626,44,0.825,Al Jawf,12,3,3.0,2.0,1,1,0,1
U001627,20,0.262,Makkah,1,3,3.9,34.3,1,0,0,1
U001628,65,0.871,Madinah,2,4,0.0,16.5,1,1,3,1
U001629,40,0.936,Al Jawf,12,2,0.1,40.5,1,0,1,0
U001630,39,0.518,Riyadh,0,2,0.0,67.5,1,0,2,1
U001631,21,0.487,Madinah,2,5,3.9,64.7,1,1,1,1
U001632,18,0.523,Riyadh,0,1,2.2,20.8,0,1,0,0
U001633,34,0.318,Makkah,1,4,2.7,7.9,1,1,2,0
U001634,34,0.111,Hail,7,3,2.7,8.4,1,0,0,0
U001635,19,0.31,Eastern,4,3,2.3,36.3,1,1,5,1
U001636,30,0.815,Riyadh,0,3,1.0,21.4,1,1,3,0
U001637,67,0.725,Riyadh,0,3,1.5,14.7,1,0,0,1
U001638,57,0.591,Riyadh,0,2,0.0,18.1,0,0,2,1
U001639,42,0.379,Riyadh,0,2,3.3,34.7,1,1,0,0
U001640,65,0.668,Eastern,4,2,0.8,16.8,0,0,0,0
U001641,20,0.485,Northern Borders,8,5,2.6,13.0,1,0,0,1
U001642,58,0.271,Najran,10,2,3.4,2.7,1,1,1,1
U001643,19,0.676,Eastern,4,1,0.0,10.6,1,0,0,1
U001644,20,0.213,Makkah,1,2,2.1,37.2,1,1,1,0
U001645,30,0.57,Eastern,4,4,0.0,12.0,1,1,3,0
U001646,30,0.568,Madinah,2,3,0.5,14.3,0,0,1,1
U001647,23,0.761,Asir,5,4,0.0,21.1,1,1,1,1
U001648,28,0.326,Hail,7,5,1.8,8.9,1,0,1,1
U001649,25,0.954,Asir,5,6,0.9,45.2,0,1,2,1
U001650,63,0.527,Makkah,1,2,0.9,28.3,1,1,4,1
U001651,54,0.068,Riyadh,0,2,1.5,17.5,1,0,1,1
U001652,31,0.136,Makkah,1,3,3.7,26.1,1,1,0,1
U001653,49,0.363,Riyadh,0,5,0.2,91.1,1,0,2,0
U001654,18,0.244,Makkah,1,3,2.3,46.8,1,1,0,0
U001655,23,0.589,Al Bahah,11,4,2.5,38.3,1,1,1,0
U001656,66,0.93,Riyadh,0,3,0.0,36.9,1,1,0,1
U001657,55,0.56,Hail,7,7,1.5,26.5,0,0,2,0
U001658,55,0.475,Madinah,2,3,3.8,24.6,1,0,0,0
U001659,25,0.66,Makkah,1,6,1.2,15.8,1,1,1,1
U001660,37,0.882,Al Bahah,11,2,0.2,19.3,1,1,2,1
U001661,66,0.349,Jazan,9,4,0.0,6.4,0,1,0,0
U001662,59,0.187,Riyadh,0,0,3.4,18.6,1,0,0,1
U001663,66,0.739,Riyadh,0,6,0.0,10.6,1,0,0,0
U001664,57,0.152,Riyadh,0,2,4.4,35.4,1,0,0,0
U001665,26,0.374,Makkah,1,4,4.0,40.5,1,1,0,0
U001666,32,0.508,Madinah,2,4,3.0,22.3,1,1,1,1
U001667,27,0.906,Asir,5,2,1.4,15.4,1,1,1,1
U001668,37,0.878,Eastern,4,4,0.0,12.5,1,1,0,0
U001669,49,0.899,Qassim,3,6,1.7,12.8,1,1,1,1
U001670,68,0.332,Jazan,9,2,2.0,57.8,1,0,0,1
U001671,58,0.126,Asir,5,1,1.6,0.9,0,1,1,1
U001672,42,0.172,Riyadh,0,2,2.0,28.8,1,0,1,1
U001673,60,0.245,Madinah,2,3,2.8,10.9,0,1,0,1
U001674,62,0.259,Riyadh,0,3,3.1,10.0,0,0,0,0
U001675,34,0.331,Makkah,1,3,2.4,4.1,0,1,3,0
U001676,18,0.303,Makkah,1,1,2.0,21.9,1,0,1,1
U001677,24,0.553,Hail,7,3,1.4,1.9,1,1,1,1
U001678,42,0.16,Madinah,2,2,2.7,13.3,0,0,2,0
U001679,39,0.697,Al Jawf,12,2,1.8,37.2,1,1,0,0
U001680,57,0.315,Hail,7,0,3.8,41.1,1,0,0,0
U001681,22,0.561,Riyadh,0,3,1.4,30.0,1,1,2,1
U001682,18,0.26,Makkah,1,5,0.7,2.7,1,1,4,1
U001683,59,0.529,Makkah,1,1,3.2,26.8,1,0,0,0
U001684,65,0.827,Makkah,1,3,0.0,12.9,1,1,0,1
U001685,38,0.361,Eastern,4,1,5.0,4.8,1,0,0,0
U001686,59,0.89,Northern Borders,8,4,0.0,8.8,1,0,0,1
U001687,58,0.906,Makkah,1,7,2.1,18.3,1,1,0,0
U001688,55,0.166,Riyadh,0,1,2.8,5.0,0,0,1,0
U001689,65,0.395,Eastern,4,4,3.4,10.3,1,0,1,1
U001690,58,0.552,Asir,5,5,3.7,87.2,1,0,0,0
U001691,29,0.536,Eastern,4,2,1.1,22.4,1,0,2,0
U001692,31,0.311,Makkah,1,4,2.3,45.7,1,1,2,0
U001693,42,0.711,Hail,7,3,1.9,12.6,0,0,0,1
U001694,55,0.176,Makkah,1,1,1.7,12.9,1,0,0,1
U001695,46,0.929,Makkah,1,3,2.2,39.6,1,1,1,1
U001696,20,0.424,Riyadh,0,6,1.3,19.9,0,1,1,0
U001697,39,0.168,Makkah,1,0,3.2,15.7,1,0,0,0
U001698,48,0.8,Eastern,4,3,1.9,19.3,1,0,1,1
U001699,59,0.73,Makkah,1,3,0.0,24.7,1,0,0,1
U001700,55,0.312,Hail,7,4,4.2,1.9,0,0,3,1
U001701,29,0.083,Eastern,4,1,3.4,15.2,0,1,1,1
U001702,69,0.736,Makkah,1,3,2.2,8.0,1,1,1,1
U001703,47,0.515,Makkah,1,3,3.7,20.0,1,1,0,1
U001704,23,0.391,Al Jawf,12,3,0.6,10.6,0,0,0,0
U001705,63,0.696,Qassim,3,3,2.3,21.9,1,1,0,0
U001706,24,0.05,Makkah,1,1,2.4,9.9,1,1,1,1
U001707,18,0.475,Riyadh,0,3,1.5,23.9,1,0,2,0
U001708,38,0.472,Eastern,4,2,2.4,22.9,1,1,1,1
U001709,39,0.513,Riyadh,0,4,0.5,9.3,1,1,2,1
U001710,41,0.419,Riyadh,0,3,3.3,2.5,1,0,0,1
U001711,24,0.122,Northern Borders,8,2,4.8,27.7,1,0,0,1
U001712,67,0.706,Eastern,4,5,3.3,37.5,1,0,0,1
U001713,22,0.673,Riyadh,0,2,2.6,44.8,0,1,0,1
U001714,28,0.549,Makkah,1,1,2.0,30.9,1,0,1,1
U001715,25,0.641,Riyadh,0,2,4.0,2.5,1,1,0,1
U001716,48,0.484,Eastern,4,5,1.7,2.5,1,0,0,1
U001717,62,0.054,Eastern,4,3,3.0,34.6,1,0,0,1
U001718,42,0.543,Asir,5,3,0.3,28.5,0,1,0,0
U001719,54,0.638,Eastern,4,4,1.1,3.2,1,1,2,1
U001720,53,0.018,Eastern,4,1,3.5,9.4,1,0,1,0
U001721,26,0.594,Eastern,4,5,0.7,10.7,1,1,1,1
U001722,53,0.71,Eastern,4,3,1.6,38.3,1,0,0,0
U001723,34,0.322,Riyadh,0,5,1.2,13.2,1,1,2,1
U001724,54,0.561,Makkah,1,2,2.1,35.6,1,0,0,0
U001725,22,0.531,Riyadh,0,0,1.9,26.9,1,0,0,0
U001726,53,0.533,Riyadh,0,2,0.6,28.2,1,1,0,0
U001727,35,0.293,Jazan,9,4,2.2,48.5,1,0,0,0
U001728,34,0.164,Jazan,9,2,1.6,8.7,1,0,0,0
U001729,45,0.489,Eastern,4,1,1.9,29.4,1,0,0,0
U001730,22,0.536,Makkah,1,3,2.4,48.0,1,0,1,0
U001731,60,0.198,Madinah,2,1,1.3,8.4,1,0,1,0
U001732,42,0.205,Asir,5,2,4.2,114.9,1,0,1,1
U001733,45,0.469,Asir,5,5,1.0,6.9,0,0,0,1
U001734,64,0.375,Makkah,1,0,2.7,26.0,1,0,0,0
U001735,55,0.396,Makkah,1,2,0.0,12.9,0,0,1,1
U001736,24,0.148,Riyadh,0,2,1.1,29.8,1,0,1,0
U001737,63,0.68,Al Jawf,12,4,1.1,29.6,1,0,0,0
U001738,41,0.723,Eastern,4,3,1.4,6.7,0,0,0,1
U001739,69,0.694,Hail,7,2,1.5,57.6,1,1,2,0
U001740,41,0.845,Riyadh,0,5,1.7,45.9,1,0,1,1
U001741,50,0.528,Eastern,4,0,1.3,22.1,1,1,1,1
U001742,66,0.186,Eastern,4,2,1.8,58.2,1,0,0,0
U001743,37,0.797,Riyadh,0,3,1.4,8.3,1,1,1,0
U001744,47,0.44,Eastern,4,4,3.0,0.8,0,1,0,0
U001745,54,0.709,Tabuk,6,7,0.0,7.1,1,1,0,1
U001746,41,0.779,Eastern,4,3,2.8,37.2,1,1,2,0
U001747,67,0.77,Madinah,2,3,0.0,5.9,1,1,1,1
U001748,26,0.439,Makkah,1,2,2.7,37.0,1,0,0,1
U001749,31,0.491,Riyadh,0,3,2.0,22.5,1,1,1,1
U001750,55,0.425,Asir,5,5,2.3,1.9,1,0,1,0
U001751,21,0.424,Najran,10,8,2.0,22.9,0,0,1,0
U001752,42,0.438,Eastern,4,2,1.9,35.6,0,0,0,0
U001753,24,0.287,Riyadh,0,4,0.0,10.0,1,0,0,0
U001754,58,0.58,Riyadh,0,4,2.5,15.1,0,1,3,1
U001755,50,0.361,Riyadh,0,0,2.9,75.0,1,0,3,1
U001756,51,0.394,Madinah,2,3,2.5,13.6,0,0,1,0
U001757,64,0.418,Hail,7,0,4.3,31.9,1,0,2,1
U001758,47,0.487,Riyadh,0,3,4.0,7.3,1,1,3,1
U001759,18,0.683,Qassim,3,2,2.6,25.6,1,0,0,0
U001760,37,0.594,Jazan,9,5,3.7,38.0,1,1,2,1
U001761,39,0.172,Madinah,2,0,2.4,17.3,1,0,0,0
U001762,55,0.065,Jazan,9,0,1.6,20.4,1,0,0,1
U001763,45,0.3,Makkah,1,3,0.8,38.8,1,0,0,0
U001764,35,0.154,Al Jawf,12,2,0.8,23.4,1,0,0,1
U001765,20,0.204,Riyadh,0,0,0.3,6.6,1,0,0,0
U001766,48,0.9,Riyadh,0,6,1.4,35.0,1,1,2,1
U001767,44,0.669,Asir,5,4,3.6,12.6,0,1,1,0
U001768,18,0.541,Riyadh,0,1,1.9,7.1,1,0,0,0
U001769,61,0.663,Eastern,4,2,2.2,28.7,1,0,2,1
U001770,53,0.444,Makkah,1,2,2.4,12.7,1,1,2,1
U001771,43,0.22,Makkah,1,1,2.9,9.8,1,0,1,1
U001772,63,0.641,Riyadh,0,2,0.0,21.2,1,0,1,0
U001773,42,0.47,Makkah,1,2,0.6,13.9,1,1,0,1
U001774,65,0.539,Al Bahah,11,4,1.0,10.7,1,1,0,1
U001775,50,0.188,Makkah,1,1,3.4,55.4,1,0,0,1
U001776,68,0.69,Riyadh,0,4,0.9,29.6,0,0,0,1
U001777,47,0.594,Riyadh,0,1,5.1,40.3,0,1,1,0
U001778,39,0.889,Riyadh,0,5,2.3,38.1,1,1,0,1
U001779,39,0.613,Asir,5,5,3.1,20.9,0,0,0,0
U001780,39,0.287,Riyadh,0,2,2.4,49.3,1,0,0,0
U001781,29,0.579,Makkah,1,4,1.5,14.3,1,0,0,1
U001782,42,0.656,Qassim,3,3,2.5,39.9,1,1,0,1
U001783,59,0.108,Eastern,4,3,2.3,10.6,1,0,1,1
U001784,49,0.503,Makkah,1,3,2.0,16.9,1,0,1,1
U001785,24,0.429,Jazan,9,3,2.2,36.5,1,1,1,0
U001786,43,0.555,Riyadh,0,2,1.4,10.5,1,1,1,1
U001787,69,0.652,Al Jawf,12,2,1.7,21.6,1,1,2,1
U001788,66,0.159,Eastern,4,2,3.6,27.8,1,0,0,0
U001789,45,0.101,Makkah,1,1,1.3,34.8,1,0,1,0
U001790,24,0.252,Al Jawf,12,3,4.3,16.7,1,1,1,0
U001791,66,0.32,Makkah,1,3,4.0,36.6,1,0,2,0
U001792,28,0.34,Riyadh,0,1,1.3,20.4,0,0,1,1
U001793,33,0.595,Madinah,2,4,1.5,27.9,1,0,1,0
U001794,22,0.793,Eastern,4,4,2.1,0.8,1,0,2,1
U001795,62,0.482,Makkah,1,1,2.5,13.6,1,1,1,1
U001796,67,0.85,Makkah,1,8,0.0,27.8,1,1,1,0
U001797,61,0.211,Makkah,1,2,2.7,52.8,1,1,1,0
U001798,59,0.261,Asir,5,3,2.9,36.8,1,0,0,0
U001799,39,0.317,Najran,10,0,4.6,8.3,1,0,0,1
U001800,51,0.321,Al Jawf,12,0,2.2,31.3,1,0,0,1
U001801,43,0.513,Makkah,1,2,3.4,15.5,1,1,0,0
U001802,48,0.632,Asir,5,5,1.6,33.4,1,1,0,1
U001803,41,0.298,Riyadh,0,3,3.7,15.5,0,0,1,1
U001804,53,0.346,Asir,5,2,3.3,34.3,1,0,0,0
U001805,22,0.12,Asir,5,0,5.0,18.4,1,0,0,0
U001806,23,0.236,Riyadh,0,1,1.0,21.9,0,0,1,0
U001807,29,0.443,Makkah,1,3,1.2,55.6,1,1,1,1
U001808,69,0.855,Makkah,1,3,1.3,43.8,1,1,0,1
U001809,28,0.67,Eastern,4,3,2.5,55.2,1,1,1,1
U001810,30,0.509,Jazan,9,4,2.0,8.6,1,1,3,1
U001811,64,0.535,Riyadh,0,2,3.0,12.1,1,1,2,0
U001812,52,0.224,Qassim,3,3,1.6,27.2,0,1,1,1
U001813,63,0.412,Madinah,2,1,1.7,9.1,0,0,0,0
U001814,48,0.206,Al Jawf,12,1,2.7,34.3,1,0,1,1
U001815,48,0.524,Makkah,1,3,0.8,35.6,1,1,0,0
U001816,43,0.699,Madinah,2,0,3.9,24.3,1,0,0,0
U001817,58,0.774,Riyadh,0,4,2.9,24.9,1,1,2,1
U001818,47,0.345,Asir,5,3,2.8,24.1,1,1,2,0
U001819,30,0.587,Eastern,4,3,1.1,19.3,1,0,0,1
U001820,53,0.781,Makkah,1,5,1.4,74.0,1,1,0,1
U001821,28,0.253,Riyadh,0,2,4.3,12.4,1,0,0,0
U001822,19,0.762,Tabuk,6,5,0.9,20.3,1,1,0,1
U001823,23,0.629,Riyadh,0,6,2.8,23.2,1,1,1,0
U001824,64,0.58,Asir,5,2,0.3,52.6,1,1,1,0
U001825,55,0.426,Tabuk,6,3,2.1,16.9,1,0,1,0
U001826,43,0.548,Qassim,3,0,0.9,12.4,0,0,0,0
U001827,67,0.323,Qassim,3,1,1.0,8.7,0,0,0,0
U001828,64,0.415,Hail,7,2,1.9,58.0,1,0,1,0
U001829,43,0.869,Eastern,4,6,1.0,7.7,1,1,1,1
U001830,60,0.889,Madinah,2,9,2.1,33.7,1,1,1,1
U001831,45,0.531,Eastern,4,4,0.0,10.8,1,1,0,1
U001832,30,0.313,Asir,5,4,0.8,8.8,1,1,1,1
U001833,59,0.599,Makkah,1,5,2.2,23.9,1,1,2,1
U001834,24,0.224,Hail,7,1,2.9,5.7,1,0,1,1
U001835,43,0.66,Asir,5,2,3.6,14.2,1,0,1,1
U001836,34,0.608,Makkah,1,3,3.4,22.5,0,0,1,0
U001837,57,0.45,Qassim,3,4,3.2,8.4,1,1,1,0
U001838,43,0.73,Makkah,1,4,1.7,6.7,1,1,0,1
U001839,49,0.271,Riyadh,0,0,1.6,36.5,1,1,1,1
U001840,62,0.536,Riyadh,0,1,3.2,10.8,0,0,0,1
U001841,33,0.572,Jazan,9,3,1.3,20.6,1,1,2,0
U001842,23,0.539,Riyadh,0,5,0.4,24.1,0,1,2,1
U001843,39,0.762,Jazan,9,6,2.3,24.6,1,1,0,1
U001844,39,0.438,Northern Borders,8,1,3.3,8.9,0,1,2,1
U001845,46,0.301,Madinah,2,1,2.3,19.9,1,0,0,1
U001846,36,0.526,Riyadh,0,7,3.0,14.0,1,0,1,1
U001847,60,0.132,Riyadh,0,0,0.0,22.8,0,0,0,1
U001848,35,0.101,Eastern,4,3,2.9,8.8,1,0,1,0
U001849,25,0.139,Makkah,1,2,1.3,50.9,1,0,1,1
U001850,63,0.786,Makkah,1,7,0.5,33.2,1,1,0,0
U001851,20,0.785,Makkah,1,6,3.2,20.3,1,1,0,1
U001852,59,0.528,Asir,5,1,2.3,14.4,1,0,1,0
U001853,59,0.207,Makkah,1,3,3.2,15.9,1,0,0,0
U001854,37,0.618,Madinah,2,6,1.0,53.4,1,1,0,1
U001855,66,0.597,Makkah,1,2,3.2,26.4,1,1,2,0
U001856,48,0.121,Makkah,1,3,1.7,45.9,1,0,1,1
U001857,37,0.71,Qassim,3,5,0.5,39.4,1,0,1,1
U001858,53,0.309,Makkah,1,3,1.1,23.7,1,0,0,1
U001859,49,0.48,Najran,10,2,2.3,3.0,0,1,0,0
U001860,46,0.253,Madinah,2,3,0.4,12.9,1,0,2,1
U001861,39,0.609,Riyadh,0,3,0.0,34.7,1,0,1,1
U001862,65,0.36,Riyadh,0,2,1.7,31.3,1,1,0,1
U001863,27,0.74,Hail,7,4,0.6,13.0,1,1,0,1
U001864,61,0.89,Riyadh,0,3,3.6,39.6,1,1,0,1
U001865,55,0.65,Makkah,1,5,1.0,19.7,1,1,1,1
U001866,66,0.529,Makkah,1,3,2.1,9.1,1,0,0,0
U001867,21,0.652,Makkah,1,6,0.7,8.5,0,1,1,1
U001868,36,0.7,Tabuk,6,2,2.5,26.4,0,1,0,1
U001869,65,0.624,Makkah,1,7,0.6,13.7,1,0,0,1
U001870,57,0.198,Najran,10,3,2.7,3.2,0,0,0,0
U001871,23,0.865,Al Bahah,11,0,0.0,15.5,1,0,0,1
U001872,43,0.237,Najran,10,1,1.6,25.7,1,0,0,0
U001873,39,0.51,Makkah,1,2,1.6,6.1,1,0,0,1
U001874,20,0.537,Najran,10,4,2.5,37.1,1,1,0,0
U001875,60,0.424,Jazan,9,5,3.0,12.0,1,0,0,1
U001876,23,0.542,Riyadh,0,2,4.2,11.3,1,1,0,0
U001877,62,0.199,Riyadh,0,3,2.8,19.6,1,1,0,1
U001878,52,0.246,Asir,5,3,1.6,18.9,0,0,0,0
U001879,22,0.561,Riyadh,0,2,3.5,4.6,1,0,1,1
U001880,40,0.788,Eastern,4,1,3.1,8.0,1,0,0,1
U001881,45,0.367,Riyadh,0,2,2.7,16.6,1,0,0,1
U001882,33,0.695,Eastern,4,4,2.5,13.3,0,1,0,1
U001883,56,0.283,Riyadh,0,0,1.3,10.8,1,0,1,0
U001884,22,0.91,Makkah,1,1,0.0,6.1,1,1,2,1
U001885,31,0.759,Makkah,1,1,1.0,13.9,1,0,0,1
U001886,56,0.769,Makkah,1,8,1.3,5.2,1,1,0,1
U001887,64,0.797,Riyadh,0,5,0.7,61.3,1,0,0,1
U001888,46,0.333,Jazan,9,0,2.4,22.1,1,0,0,0
U001889,52,0.895,Riyadh,0,6,2.0,109.9,1,1,0,1
U001890,39,0.403,Riyadh,0,2,2.5,38.3,1,0,0,0
U001891,43,0.635,Riyadh,0,3,2.5,30.5,1,1,1,1
U001892,54,0.4,Riyadh,0,4,3.5,40.3,1,0,0,1
U001893,63,0.488,Jazan,9,2,1.9,26.3,1,1,0,0
U001894,45,0.14,Makkah,1,1,2.1,12.2,0,0,2,1
U001895,61,0.361,Riyadh,0,2,1.6,7.3,1,0,0,1
U001896,42,0.446,Asir,5,5,4.4,9.8,1,0,0,1
U001897,37,0.796,Northern Borders,8,1,0.3,18.6,1,0,1,1
U001898,26,0.648,Riyadh,0,3,3.1,33.4,1,0,2,1
U001899,20,0.376,Riyadh,0,1,2.0,11.4,0,0,1,0
U001900,27,0.249,Madinah,2,1,2.6,63.7,1,0,0,0
U001901,23,0.653,Riyadh,0,3,0.7,5.2,0,1,1,0
U001902,36,0.664,Makkah,1,6,3.3,13.2,1,1,3,0
U001903,60,0.568,Asir,5,4,2.4,8.4,1,1,0,0
U001904,30,0.255,Hail,7,5,1.0,20.7,0,0,0,1
U001905,18,0.46,Asir,5,2,3.5,49.2,1,0,1,1
U001906,64,0.516,Makkah,1,2,2.0,15.7,1,0,1,0
U001907,35,0.557,Northern Borders,8,2,4.1,27.2,1,1,3,1
U001908,19,0.948,Makkah,1,6,1.6,16.7,1,1,1,1
U001909,20,0.496,Riyadh,0,2,2.2,21.5,1,0,0,1
U001910,41,0.202,Qassim,3,5,1.0,6.7,1,1,0,1
U001911,54,0.538,Najran,10,1,2.4,4.3,1,0,0,0
U001912,69,0.695,Jazan,9,3,0.0,5.5,0,1,0,0
U001913,66,0.655,Najran,10,4,1.5,51.4,1,0,0,1
U001914,42,0.947,Asir,5,5,0.3,64.4,1,0,0,0
U001915,21,0.493,Najran,10,2,1.1,3.2,0,1,1,1
U001916,51,0.128,Tabuk,6,3,3.7,17.2,1,0,1,1
U001917,19,0.543,Riyadh,0,2,2.6,11.2,0,1,3,0
U001918,58,0.59,Hail,7,3,3.3,18.0,1,0,1,1
U001919,27,0.734,Riyadh,0,6,4.0,6.0,1,1,2,1
U001920,63,0.343,Northern Borders,8,1,1.3,10.0,1,0,0,0
U001921,42,0.259,Makkah,1,2,2.8,19.0,1,1,1,1
U001922,25,0.507,Hail,7,4,3.4,5.7,1,0,1,0
U001923,45,0.41,Eastern,4,4,1.3,8.2,1,0,1,1
U001924,22,0.376,Makkah,1,3,1.7,28.7,1,0,0,1
U001925,46,0.919,Qassim,3,4,0.5,35.3,1,0,1,1
U001926,51,0.77,Makkah,1,1,2.7,12.7,0,0,0,1
U001927,53,0.45,Riyadh,0,4,2.4,26.7,1,1,0,0
U001928,60,0.458,Jazan,9,2,0.0,13.6,1,1,1,1
U001929,41,0.595,Najran,10,5,1.0,25.6,1,1,3,0
U001930,38,0.304,Qassim,3,1,2.2,4.0,0,0,1,1
U001931,59,0.316,Riyadh,0,0,2.4,21.1,1,0,0,0
U001932,67,0.585,Eastern,4,4,3.8,20.8,1,0,0,1
U001933,58,0.52,Al Jawf,12,2,1.7,15.9,1,0,0,1
U001934,63,0.648,Eastern,4,6,2.9,18.5,1,1,1,1
U001935,49,0.238,Riyadh,0,0,2.2,18.8,0,0,0,1
U001936,36,0.436,Eastern,4,3,3.7,1.6,0,0,1,1
U001937,47,0.451,Jazan,9,1,1.3,34.0,1,0,2,1
U001938,66,0.48,Asir,5,2,2.5,15.9,0,0,0,1
U001939,30,0.788,Makkah,1,1,2.9,10.2,1,1,1,1
U001940,44,0.686,Qassim,3,2,0.8,37.4,1,0,2,0
U001941,25,0.357,Riyadh,0,4,2.7,7.9,1,0,1,0
U001942,67,0.761,Riyadh,0,2,1.8,33.5,1,0,1,1
U001943,36,0.517,Makkah,1,2,0.0,24.0,0,0,0,1
U001944,26,0.786,Madinah,2,8,3.4,21.4,1,1,2,1
U001945,53,0.308,Asir,5,4,2.1,7.2,1,0,0,1
U001946,24,0.179,Riyadh,0,4,1.8,11.9,1,0,1,0
U001947,29,0.395,Qassim,3,4,1.9,13.2,0,0,0,1
U001948,20,0.24,Makkah,1,1,1.7,13.4,1,0,0,0
U001949,21,0.488,Riyadh,0,2,1.8,14.2,1,1,0,1
U001950,18,0.467,Riyadh,0,1,1.7,10.1,0,1,0,0
U001951,60,0.155,Najran,10,0,3.9,65.5,1,0,0,0
U001952,44,0.42,Najran,10,2,2.7,15.2,1,0,0,1
U001953,60,0.264,Riyadh,0,3,4.2,6.9,0,0,2,1
U001954,58,0.533,Eastern,4,4,3.0,34.5,1,0,1,1
U001955,28,0.388,Riyadh,0,1,1.1,14.1,1,0,1,1
U001956,24,0.535,Tabuk,6,5,1.3,10.4,1,0,0,1
U001957,50,0.557,Makkah,1,5,0.4,37.7,1,0,1,1
U001958,69,0.692,Riyadh,0,10,4.5,4.7,1,1,1,0
U001959,40,0.515,Eastern,4,4,0.2,25.7,1,1,1,1
U001960,21,0.606,Riyadh,0,3,2.7,6.3,1,0,0,0
U001961,45,0.565,Makkah,1,5,1.6,60.0,1,1,2,1
U001962,65,0.218,Makkah,1,4,2.8,15.3,1,0,0,0
U001963,36,0.467,Jazan,9,2,2.3,10.8,1,1,3,0
U001964,67,0.704,Riyadh,0,3,3.8,24.7,1,1,1,1
U001965,36,0.492,Al Bahah,11,3,1.1,13.7,1,0,1,1
U001966,33,0.4,Makkah,1,4,1.0,20.9,1,1,0,0
U001967,34,0.334,Riyadh,0,5,1.6,6.4,1,1,2,1
U001968,47,0.464,Asir,5,3,1.1,45.7,1,0,1,0
U001969,19,0.231,Jazan,9,1,1.6,6.7,0,0,2,1
U001970,60,0.558,Riyadh,0,3,1.2,6.7,0,1,1,1
U001971,46,0.777,Makkah,1,2,0.0,34.1,1,0,0,1
U001972,32,0.268,Hail,7,1,1.8,33.4,1,0,2,0
U001973,47,0.888,Tabuk,6,7,0.0,24.1,1,0,0,1
U001974,58,0.414,Riyadh,0,3,2.9,21.1,1,0,0,1
U001975,65,0.188,Riyadh,0,2,5.7,32.9,1,0,0,0
U001976,22,0.678,Al Jawf,12,4,2.4,25.1,1,1,0,1
U001977,67,0.235,Eastern,4,4,3.8,25.6,0,0,0,1
U001978,61,0.148,Eastern,4,3,1.8,11.2,0,0,1,0
U001979,29,0.755,Riyadh,0,1,1.7,44.6,1,1,0,0
U001980,20,0.558,Asir,5,8,1.4,15.2,1,0,0,0
U001981,30,0.563,Makkah,1,2,2.3,38.8,1,1,2,1
U001982,43,0.242,Riyadh,0,0,2.4,19.2,1,0,3,0
U001983,44,0.51,Al Jawf,12,4,0.5,7.2,1,1,1,0
U001984,33,0.472,Eastern,4,1,1.7,23.2,1,1,0,0
U001985,24,0.358,Riyadh,0,3,1.0,23.4,1,0,0,1
U001986,47,0.823,Makkah,1,5,0.4,73.5,1,1,0,1
U001987,58,0.789,Riyadh,0,3,2.3,19.2,1,1,0,0
U001988,44,0.157,Asir,5,0,4.6,4.0,1,0,0,1
U001989,42,0.78,Asir,5,3,2.0,16.5,0,1,1,1
U001990,57,0.752,Makkah,1,4,2.5,35.9,1,1,3,1
U001991,30,0.623,Riyadh,0,2,2.7,11.1,1,0,0,1
U001992,59,0.321,Riyadh,0,2,0.1,7.5,1,0,1,0
U001993,43,0.547,Jazan,9,3,2.4,17.7,0,1,0,1
U001994,43,0.856,Makkah,1,3,0.4,25.5,1,1,0,1
U001995,18,0.689,Madinah,2,4,2.9,17.2,1,1,1,1
U001996,27,0.059,Eastern,4,0,2.3,3.4,0,0,0,0
U001997,64,0.459,Eastern,4,9,1.5,29.6,1,1,3,1
U001998,26,0.18,Riyadh,0,5,3.4,31.9,1,1,1,0
U001999,65,0.531,Qassim,3,5,1.5,2.9,0,0,0,1
U002000,25,0.271,Riyadh,0,4,3.4,15.7,0,0,0,1
U002001,24,0.651,Makkah,1,1,1.8,39.6,1,1,1,0
U002002,67,0.41,Al Jawf,12,4,2.7,17.6,0,0,2,1
U002003,48,0.372,Eastern,4,6,2.6,17.3,1,1,0,0
U002004,67,0.845,Al Jawf,12,1,2.1,3.0,1,1,0,1
U002005,48,0.432,Eastern,4,6,3.1,43.2,1,1,1,1
U002006,33,0.812,Makkah,1,4,1.3,15.3,1,1,2,1
U002007,42,0.905,Riyadh,0,6,2.1,109.3,1,1,1,1
U002008,58,0.555,Jazan,9,2,0.6,56.2,1,0,0,1
U002009,62,0.199,Qassim,3,0,2.7,7.4,1,0,0,0
U002010,54,0.507,Al Bahah,11,2,0.1,28.6,1,0,1,0
U002011,36,0.295,Asir,5,4,1.7,18.6,0,0,0,0
U002012,23,0.241,Qassim,3,1,3.0,34.6,1,0,0,1
U002013,54,0.124,Tabuk,6,6,0.6,50.7,1,0,0,0
U002014,49,0.377,Qassim,3,6,1.7,29.6,1,1,1,0
U002015,46,0.457,Eastern,4,4,1.0,52.6,1,1,4,1
U002016,41,0.434,Riyadh,0,7,2.0,39.4,1,0,1,1
U002017,42,0.417,Makkah,1,1,0.4,17.8,0,1,1,1
U002018,30,0.462,Riyadh,0,1,2.9,15.6,1,1,0,1
U002019,34,0.3,Riyadh,0,1,0.5,7.9,0,0,0,0
U002020,63,0.16,Makkah,1,0,0.9,18.3,1,0,1,1
U002021,20,0.169,Jazan,9,4,2.2,48.8,1,0,0,1
U002022,20,0.194,Riyadh,0,1,4.3,85.2,1,0,0,0
U002023,61,0.226,Eastern,4,1,2.2,21.0,1,1,3,1
U002024,28,0.316,Riyadh,0,5,0.0,48.7,1,1,1,0
U002025,54,0.508,Makkah,1,0,1.7,13.3,1,0,0,1
U002026,58,0.883,Madinah,2,2,1.4,54.2,1,1,0,0
U002027,48,0.45,Makkah,1,3,3.3,18.1,1,1,1,1
U002028,36,0.164,Riyadh,0,3,1.0,21.7,1,1,1,0
U002029,61,0.716,Eastern,4,5,0.9,41.9,1,1,0,0
U002030,52,0.515,Asir,5,3,2.2,12.4,0,0,0,0
U002031,65,0.824,Riyadh,0,3,2.1,49.1,1,0,0,0
U002032,61,0.28,Eastern,4,3,2.8,17.1,1,0,1,1
U002033,32,0.424,Eastern,4,0,3.1,12.6,1,0,1,1
U002034,63,0.54,Najran,10,2,2.9,3.9,0,1,0,1
U002035,23,0.618,Eastern,4,1,0.0,31.3,1,0,0,0
U002036,33,0.778,Makkah,1,2,1.6,5.1,1,0,0,1
U002037,27,0.15,Eastern,4,3,2.6,26.6,1,1,1,0
U002038,34,0.562,Qassim,3,3,2.5,19.0,1,0,0,0
U002039,22,0.647,Makkah,1,6,2.2,24.9,1,1,1,1
U002040,48,0.601,Asir,5,3,3.4,26.3,1,0,0,1
U002041,24,0.33,Makkah,1,1,2.3,23.9,1,0,0,0
U002042,68,0.857,Makkah,1,10,1.2,20.1,1,1,3,1
U002043,28,0.361,Eastern,4,2,1.2,15.3,1,1,2,0
U002044,51,0.808,Makkah,1,5,2.1,22.1,1,1,1,0
U002045,66,0.215,Riyadh,0,0,3.1,25.3,1,1,2,0
U002046,31,0.678,Riyadh,0,5,2.7,20.0,1,1,0,1
U002047,50,0.372,Tabuk,6,2,0.0,31.5,1,1,0,1
U002048,51,0.475,Makkah,1,7,2.5,25.1,1,0,0,1
U002049,60,0.599,Tabuk,6,3,3.2,5.9,1,0,0,0
U002050,31,0.262,Makkah,1,1,1.8,14.5,1,1,0,0
U002051,59,0.562,Riyadh,0,2,2.2,23.8,1,1,1,0
U002052,31,0.821,Hail,7,5,1.0,6.2,0,1,1,1
U002053,23,0.425,Makkah,1,2,3.7,10.1,1,0,0,0
U002054,31,0.818,Qassim,3,5,1.0,14.2,0,1,1,1
U002055,43,0.611,Riyadh,0,3,2.0,1.6,1,0,0,0
U002056,27,0.752,Madinah,2,2,1.3,60.9,1,1,2,1
U002057,65,0.443,Riyadh,0,2,0.9,24.6,0,0,0,0
U002058,46,0.888,Eastern,4,6,1.1,6.3,1,1,1,1
U002059,18,0.327,Riyadh,0,3,0.9,14.2,1,0,1,0
U002060,23,0.803,Riyadh,0,4,1.6,16.0,1,0,0,1
U002061,34,0.728,Asir,5,0,1.7,3.5,0,0,0,1
U002062,18,0.278,Riyadh,0,3,2.4,15.9,1,0,1,0
U002063,53,0.334,Riyadh,0,4,2.1,44.2,1,1,2,1
U002064,26,0.256,Riyadh,0,0,1.2,50.8,1,0,0,1
U002065,66,0.371,Riyadh,0,2,2.4,6.9,0,1,1,1
U002066,27,0.805,Qassim,3,3,2.3,13.5,1,1,0,0
U002067,28,0.314,Al Jawf,12,7,2.4,15.0,1,0,0,0
U002068,33,0.548,Tabuk,6,2,2.9,43.1,1,0,1,1
U002069,45,0.405,Makkah,1,5,2.4,53.2,1,1,5,1
U002070,24,0.57,Eastern,4,9,3.1,16.0,1,1,1,1
U002071,34,0.014,Makkah,1,2,1.6,24.9,1,0,1,1
U002072,54,0.533,Qassim,3,1,1.9,14.0,0,0,0,0
U002073,54,0.276,Makkah,1,2,3.3,66.2,1,0,0,1
U002074,37,0.582,Riyadh,0,4,0.0,64.1,1,1,1,1
U002075,27,0.119,Northern Borders,8,2,2.8,57.1,1,0,1,0
U002076,69,0.158,Makkah,1,1,3.9,7.9,1,0,1,1
U002077,19,0.563,Makkah,1,1,3.7,46.0,1,1,1,0
U002078,68,0.396,Riyadh,0,4,2.5,51.5,1,0,0,0
U002079,31,0.713,Northern Borders,8,1,0.0,14.7,1,0,0,0
U002080,32,0.536,Makkah,1,1,1.8,22.0,1,0,0,1
U002081,31,0.688,Al Jawf,12,2,1.0,33.2,1,1,0,1
U002082,51,0.718,Asir,5,2,1.8,4.1,1,1,1,0
U002083,30,0.411,Makkah,1,2,2.5,7.4,0,0,0,1
U002084,33,0.834,Eastern,4,7,1.3,7.6,1,1,0,0
U002085,20,0.427,Makkah,1,5,0.7,11.0,1,1,0,1
U002086,22,0.583,Eastern,4,7,2.3,29.8,1,1,1,1
U002087,63,0.239,Riyadh,0,1,2.2,29.4,1,0,1,1
U002088,60,0.098,Riyadh,0,1,3.6,48.4,1,0,1,0
U002089,52,0.97,Riyadh,0,6,0.0,45.7,1,0,2,1
U002090,25,0.623,Makkah,1,6,0.9,15.8,1,0,0,0
U002091,45,0.696,Riyadh,0,4,0.0,10.2,1,1,0,1
U002092,48,0.034,Makkah,1,3,3.1,25.4,1,0,1,0
U002093,39,0.171,Riyadh,0,5,2.7,38.6,1,1,0,1
U002094,35,0.57,Makkah,1,3,3.6,40.7,1,0,2,1
U002095,24,0.346,Riyadh,0,4,3.7,8.6,1,0,1,1
U002096,25,0.512,Tabuk,6,3,2.3,6.2,1,0,0,1
U002097,37,0.57,Madinah,2,1,2.6,60.0,1,1,0,1
U002098,56,0.522,Makkah,1,4,0.9,13.3,0,0,2,1
U002099,39,0.428,Qassim,3,2,3.0,6.9,0,0,0,0
U002100,53,0.638,Eastern,4,3,2.6,14.2,1,0,0,1
U002101,55,0.672,Riyadh,0,5,3.2,25.5,1,1,1,0
U002102,28,0.41,Makkah,1,3,3.7,34.8,1,1,0,1
U002103,67,0.537,Riyadh,0,3,3.8,11.3,1,1,3,1
U002104,41,0.934,Makkah,1,8,0.0,16.5,1,1,1,1
U002105,45,0.081,Madinah,2,1,3.6,17.2,1,0,1,0
U002106,55,0.72,Al Bahah,11,5,2.4,15.0,1,1,1,1
U002107,53,0.421,Madinah,2,6,2.2,8.3,1,1,1,1
U002108,34,0.766,Qassim,3,6,0.0,0.9,1,1,0,1
U002109,68,0.735,Asir,5,9,2.5,6.9,1,1,0,1
U002110,29,0.254,Riyadh,0,1,1.7,7.8,1,1,0,0
U002111,32,0.186,Riyadh,0,0,3.2,12.0,0,1,2,1
U002112,61,0.489,Riyadh,0,2,1.8,48.1,1,0,1,0
U002113,26,0.282,Eastern,4,1,4.6,17.8,1,0,1,1
U002114,46,0.492,Eastern,4,3,3.5,82.1,1,0,1,1
U002115,61,0.903,Makkah,1,3,0.0,21.8,1,1,1,1
U002116,53,0.37,Makkah,1,1,0.9,5.9,0,0,0,0
U002117,33,0.038,Riyadh,0,3,2.3,85.2,1,0,0,0
U002118,33,0.335,Qassim,3,4,2.1,10.3,1,1,1,1
U002119,64,0.441,Riyadh,0,3,1.5,10.3,1,0,0,0
U002120,19,0.325,Asir,5,2,3.8,10.6,1,0,0,1
U002121,20,0.665,Makkah,1,8,1.5,34.5,1,1,0,1
U002122,27,0.703,Eastern,4,5,2.0,26.5,0,1,0,1
U002123,36,0.235,Makkah,1,3,3.8,25.5,1,0,0,1
U002124,57,0.189,Makkah,1,0,2.5,7.8,1,0,0,0
U002125,52,0.445,Northern Borders,8,4,2.8,24.4,1,0,0,1
U002126,18,0.041,Riyadh,0,2,0.6,78.2,1,0,0,1
U002127,57,0.811,Najran,10,6,0.4,13.0,1,1,1,0
U002128,27,0.392,Riyadh,0,2,2.5,12.1,1,1,0,0
U002129,38,0.738,Eastern,4,3,0.7,13.6,1,0,0,1
U002130,69,0.699,Qassim,3,1,1.4,6.1,1,1,3,0
U002131,42,0.179,Riyadh,0,9,2.2,49.2,1,1,3,0
U002132,25,0.726,Makkah,1,4,1.1,7.0,0,0,0,1
U002133,30,0.409,Tabuk,6,1,2.2,9.9,1,0,3,0
U002134,49,0.771,Qassim,3,2,2.3,7.9,1,1,1,1
U002135,64,0.482,Riyadh,0,4,4.1,11.5,1,1,3,0
U002136,34,0.622,Jazan,9,2,0.0,11.6,1,1,0,1
U002137,65,0.376,Makkah,1,3,3.0,38.8,1,0,0,0
U002138,55,0.733,Asir,5,1,2.4,28.0,1,0,2,1
U002139,67,0.378,Riyadh,0,5,1.6,1.1,0,0,0,0
U002140,55,0.532,Hail,7,0,1.9,25.2,1,0,0,0
U002141,36,0.157,Eastern,4,2,4.1,10.0,1,0,0,1
U002142,39,0.226,Makkah,1,5,1.9,26.4,1,1,1,0
U002143,57,0.465,Qassim,3,2,2.1,1.2,0,1,2,0
U002144,68,0.198,Al Jawf,12,2,4.2,53.9,1,1,1,0
U002145,37,0.517,Al Bahah,11,0,0.7,21.4,1,0,1,1
U002146,24,0.736,Madinah,2,2,4.9,6.2,0,0,1,1
U002147,53,0.46,Makkah,1,3,4.9,24.7,1,1,1,1
U002148,60,0.35,Tabuk,6,3,4.2,45.2,1,0,0,0
U002149,64,0.445,Riyadh,0,1,2.6,19.9,1,0,1,1
U002150,62,0.673,Riyadh,0,3,1.4,23.8,1,0,1,1
U002151,19,0.454,Makkah,1,2,0.0,7.7,1,1,2,1
U002152,22,0.187,Riyadh,0,3,1.4,38.7,1,0,1,0
U002153,37,0.39,Najran,10,6,2.9,5.7,0,1,1,1
U002154,55,0.421,Eastern,4,4,1.2,35.0,1,0,1,1
U002155,39,0.371,Riyadh,0,2,1.0,16.7,1,0,0,0
U002156,45,0.205,Madinah,2,1,1.7,13.3,1,1,2,0
U002157,26,0.497,Riyadh,0,2,3.0,28.6,1,1,1,1
U002158,47,0.418,Riyadh,0,3,1.5,2.9,1,1,2,1
U002159,50,0.975,Eastern,4,1,3.1,5.5,1,1,0,1
U002160,54,0.346,Makkah,1,1,1.4,10.6,1,1,0,0
U002161,55,0.571,Jazan,9,3,1.9,40.8,1,0,0,1
U002162,45,0.349,Riyadh,0,3,1.2,13.2,0,1,0,1
U002163,27,0.455,Madinah,2,1,0.2,15.8,1,0,0,1
U002164,43,0.531,Makkah,1,2,2.5,53.4,1,1,1,1
U002165,52,0.672,Riyadh,0,1,0.6,18.3,1,0,0,1
U002166,61,0.236,Najran,10,0,4.3,8.4,1,0,0,0
U002167,18,0.531,Jazan,9,3,3.1,12.8,1,1,0,0
U002168,36,0.61,Makkah,1,5,2.4,24.9,1,1,1,1
U002169,64,0.361,Makkah,1,3,2.0,33.8,1,1,2,0
U002170,40,0.538,Makkah,1,7,4.1,11.1,1,1,1,1
U002171,60,0.096,Eastern,4,0,1.0,112.4,1,0,2,0
U002172,44,0.44,Tabuk,6,3,1.7,10.7,1,0,0,1
U002173,19,0.522,Eastern,4,1,1.2,30.3,1,0,0,0
U002174,26,0.611,Northern Borders,8,3,1.1,59.7,1,1,0,1
U002175,42,0.596,Asir,5,5,4.2,44.8,1,1,1,0
U002176,29,0.599,Asir,5,6,1.0,51.0,1,0,0,0
U002177,33,0.129,Makkah,1,4,2.9,16.8,1,0,1,0
U002178,34,0.773,Riyadh,0,5,3.8,26.0,1,1,0,1
U002179,28,0.529,Makkah,1,5,0.8,37.9,1,0,1,1
U002180,48,0.757,Riyadh,0,5,0.1,8.5,1,0,2,0
U002181,29,0.32,Makkah,1,2,4.6,13.3,1,0,1,1
U002182,58,0.473,Asir,5,5,2.2,43.4,1,0,1,0
U002183,62,0.176,Najran,10,0,2.5,0.7,1,0,0,0
U002184,58,0.282,Riyadh,0,2,4.3,25.1,1,1,1,0
U002185,64,0.268,Makkah,1,2,2.2,21.9,1,0,1,0
U002186,29,0.606,Riyadh,0,3,0.0,21.4,0,1,1,0
U002187,18,0.283,Riyadh,0,2,0.6,36.7,0,0,0,1
U002188,57,0.404,Riyadh,0,3,2.3,18.1,1,1,1,0
U002189,62,0.139,Riyadh,0,2,1.0,53.9,1,0,1,1
U002190,38,0.158,Riyadh,0,2,2.3,18.5,1,0,0,0
U002191,63,0.133,Jazan,9,6,4.4,15.5,0,1,2,1
U002192,24,0.17,Najran,10,0,4.3,16.0,1,0,0,0
U002193,32,0.633,Eastern,4,2,1.8,41.1,1,1,1,1
U002194,55,0.71,Jazan,9,6,2.5,42.3,1,1,1,1
U002195,55,0.43,Riyadh,0,3,2.1,30.8,0,0,0,0
U002196,36,0.458,Riyadh,0,1,3.7,1.5,1,0,1,1
U002197,32,0.38,Najran,10,3,2.5,12.2,0,1,0,1
U002198,57,0.682,Riyadh,0,0,1.4,28.8,1,0,0,0
U002199,27,0.638,Tabuk,6,4,2.4,43.0,1,1,1,1
U002200,60,0.356,Qassim,3,2,3.1,27.4,1,1,2,1
U002201,20,0.33,Eastern,4,3,3.0,9.5,0,0,2,0
U002202,28,0.685,Riyadh,0,3,0.9,10.6,1,0,0,1
U002203,58,0.828,Riyadh,0,4,1.8,52.5,1,0,2,1
U002204,48,0.712,Riyadh,0,4,2.5,53.4,0,0,0,0
U002205,32,0.163,Madinah,2,6,2.4,47.5,1,1,0,1
U002206,33,0.124,Riyadh,0,1,2.6,31.3,1,1,3,1
U002207,45,0.488,Qassim,3,3,0.2,17.6,1,1,0,1
U002208,43,0.794,Madinah,2,5,0.0,15.7,1,1,0,1
U002209,41,0.652,Riyadh,0,0,1.3,26.7,0,0,0,0
U002210,20,0.541,Qassim,3,5,3.9,6.9,0,0,1,1
U002211,34,0.776,Riyadh,0,6,0.9,3.9,1,0,0,1
U002212,48,0.226,Al Jawf,12,3,4.9,4.9,1,0,1,0
U002213,64,0.373,Makkah,1,3,1.7,35.3,1,0,0,0
U002214,44,0.547,Madinah,2,2,1.4,3.6,0,0,1,0
U002215,46,0.94,Jazan,9,3,1.9,13.2,1,0,0,1
U002216,35,0.212,Hail,7,0,3.3,31.1,1,1,0,1
U002217,34,0.287,Makkah,1,2,3.6,48.2,1,0,0,1
U002218,53,0.885,Eastern,4,6,3.5,25.9,1,1,0,1
U002219,28,0.371,Madinah,2,2,1.0,25.6,1,0,0,0
U002220,65,0.614,Najran,10,6,1.1,33.9,1,1,2,1
U002221,26,0.844,Makkah,1,5,2.5,66.3,1,1,0,1
U002222,32,0.756,Asir,5,3,1.4,14.4,1,1,1,0
U002223,66,0.858,Tabuk,6,6,1.1,41.2,1,1,1,1
U002224,25,0.089,Makkah,1,2,3.4,56.5,0,0,0,1
U002225,50,0.278,Hail,7,3,2.2,13.7,0,0,0,1
U002226,30,0.479,Makkah,1,0,2.3,17.5,1,0,0,1
U002227,28,0.336,Eastern,4,6,2.2,7.4,1,1,2,0
U002228,42,0.777,Eastern,4,3,1.2,20.3,1,1,0,1
U002229,54,0.423,Riyadh,0,7,3.3,2.5,0,1,1,1
U002230,25,0.617,Al Jawf,12,2,0.0,41.8,1,0,3,0
U002231,26,0.431,Al Jawf,12,5,2.1,14.7,0,1,0,1
U002232,25,0.097,Qassim,3,2,2.5,46.0,1,0,1,1
U002233,61,0.555,Eastern,4,1,2.7,23.4,1,1,0,0
U002234,41,0.301,Tabuk,6,2,3.6,41.6,1,0,0,0
U002235,45,0.584,Hail,7,3,3.0,16.0,0,1,3,0
U002236,47,0.961,Jazan,9,5,0.5,8.5,1,1,1,1
U002237,34,0.13,Riyadh,0,0,2.4,7.0,1,0,0,0
U002238,51,0.663,Jazan,9,5,1.3,17.7,0,0,0,0
U002239,42,0.8,Makkah,1,5,0.2,46.3,1,1,1,1
U002240,49,0.195,Riyadh,0,0,1.4,50.1,1,1,3,1
U002241,42,0.292,Al Jawf,12,0,1.8,14.4,1,0,0,0
U002242,60,0.038,Madinah,2,3,4.9,71.8,1,0,1,1
U002243,33,0.465,Tabuk,6,5,1.9,12.0,1,1,2,1
U002244,38,0.731,Riyadh,0,6,0.9,34.7,1,1,0,1
U002245,63,0.875,Eastern,4,2,1.5,17.1,0,0,0,1
U002246,47,0.303,Makkah,1,2,2.6,40.3,1,0,0,0
U002247,45,0.508,Riyadh,0,4,1.5,17.6,1,1,0,1
U002248,33,0.641,Riyadh,0,1,1.0,15.0,1,0,0,0
U002249,20,0.741,Riyadh,0,4,2.1,1.9,1,0,0,1
U002250,18,0.479,Hail,7,2,3.5,2.8,1,0,0,1
U002251,18,0.648,Asir,5,3,1.4,9.6,1,1,2,0
U002252,20,0.703,Eastern,4,5,1.9,2.3,1,1,1,1
U002253,41,0.662,Asir,5,4,0.0,6.6,1,0,3,1
U002254,36,0.678,Makkah,1,9,0.1,41.7,1,1,2,1
U002255,47,0.597,Tabuk,6,3,3.0,29.2,1,1,1,1
U002256,57,0.6,Jazan,9,2,1.7,11.2,1,1,2,0
U002257,56,0.415,Makkah,1,0,1.5,21.5,1,0,1,0
U002258,36,0.398,Riyadh,0,4,2.3,5.2,1,0,1,1
U002259,47,0.338,Eastern,4,4,1.5,31.1,1,0,0,0
U002260,51,0.239,Qassim,3,4,1.5,15.0,1,0,0,1
U002261,26,0.467,Al Bahah,11,2,3.8,30.0,1,0,0,1
U002262,65,0.138,Qassim,3,3,3.0,8.9,1,0,1,1
U002263,51,0.837,Najran,10,7,1.6,4.1,1,1,0,1
U002264,36,0.452,Jazan,9,1,2.5,8.2,1,1,1,1
U002265,43,0.711,Hail,7,3,2.5,18.1,1,1,1,0
U002266,57,0.553,Makkah,1,2,0.4,46.7,1,0,0,1
U002267,55,0.227,Riyadh,0,2,3.5,25.8,1,1,2,1
U002268,52,0.393,Makkah,1,4,4.3,27.2,1,0,1,1
U002269,66,0.632,Jazan,9,6,1.7,22.0,1,1,1,1
U002270,18,0.079,Makkah,1,2,3.1,42.5,1,0,1,0
U002271,19,0.111,Najran,10,3,2.6,30.1,1,0,0,0
U002272,38,0.654,Eastern,4,4,0.6,5.4,1,1,0,0
U002273,45,0.311,Madinah,2,3,2.6,22.8,1,0,2,0
U002274,64,0.573,Eastern,4,2,3.4,5.0,1,0,0,0
U002275,62,0.791,Makkah,1,2,0.0,10.1,1,0,1,1
U002276,42,0.811,Riyadh,0,4,0.9,12.8,0,1,0,1
U002277,47,0.537,Makkah,1,5,2.8,42.1,1,1,1,1
U002278,22,0.425,Madinah,2,2,2.7,43.6,1,0,0,0
U002279,25,0.395,Riyadh,0,2,1.1,21.3,1,1,1,0
U002280,25,0.419,Al Bahah,11,2,1.6,5.9,1,0,0,0
U002281,69,0.42,Riyadh,0,1,3.3,18.2,0,0,2,1
U002282,27,0.211,Makkah,1,3,4.3,33.0,1,1,1,1
U002283,24,0.628,Makkah,1,5,1.3,1.2,0,1,2,1
U002284,48,0.605,Makkah,1,1,4.1,19.9,0,0,0,0
U002285,64,0.483,Qassim,3,4,2.3,18.1,1,0,1,1
U002286,44,0.78,Qassim,3,2,2.7,12.5,0,1,1,1
U002287,32,0.38,Tabuk,6,0,2.2,23.6,1,0,2,1
U002288,58,0.569,Jazan,9,3,3.7,25.1,1,1,0,0
U002289,67,0.948,Riyadh,0,5,3.4,10.2,1,0,1,1
U002290,56,0.653,Madinah,2,1,2.2,16.9,1,0,0,0
U002291,62,0.594,Asir,5,3,1.9,10.7,0,1,0,1
U002292,68,0.904,Asir,5,5,0.0,35.0,1,1,2,0
U002293,67,0.358,Makkah,1,1,2.5,49.0,1,1,1,1
U002294,20,0.413,Riyadh,0,4,0.7,46.1,1,1,0,1
U002295,49,0.611,Madinah,2,2,0.0,26.2,0,0,0,0
U002296,68,0.61,Madinah,2,3,3.0,31.6,1,0,0,0
U002297,34,0.131,Eastern,4,0,3.3,14.1,1,0,0,0
U002298,61,0.542,Eastern,4,4,1.4,14.6,1,1,0,1
U002299,66,0.413,Makkah,1,3,1.8,14.3,0,1,1,1
U002300,25,0.743,Eastern,4,0,3.6,5.3,1,0,0,0
U002301,68,0.777,Madinah,2,1,0.0,20.9,1,0,0,1
U002302,23,0.407,Riyadh,0,0,0.0,16.3,1,1,0,0
U002303,49,0.801,Riyadh,0,6,2.0,4.4,1,0,1,1
U002304,61,0.693,Riyadh,0,3,0.0,25.9,1,0,0,1
U002305,60,0.298,Riyadh,0,2,4.1,28.9,1,1,2,0
U002306,22,0.76,Makkah,1,1,1.0,6.8,1,0,0,0
U002307,47,0.641,Tabuk,6,2,0.0,14.1,1,1,3,1
U002308,56,0.28,Madinah,2,2,2.4,12.6,0,0,1,0
U002309,66,0.602,Hail,7,1,2.0,3.0,1,0,0,1
U002310,69,0.721,Makkah,1,6,3.0,80.5,1,1,0,1
U002311,49,0.504,Riyadh,0,2,2.6,37.9,0,1,1,1
U002312,31,0.421,Riyadh,0,6,3.4,6.4,1,0,0,1
U002313,65,0.209,Riyadh,0,2,2.6,34.1,1,0,2,0
U002314,48,0.543,Makkah,1,7,3.2,33.1,1,1,0,1
U002315,45,0.378,Makkah,1,5,2.7,26.4,1,0,0,0
U002316,48,0.402,Najran,10,3,3.5,22.2,1,1,1,1
U002317,62,0.489,Eastern,4,3,2.7,21.1,1,1,4,0
U002318,45,0.497,Qassim,3,3,0.8,16.6,1,1,1,0
U002319,25,0.544,Makkah,1,1,0.7,59.1,1,0,0,0
U002320,62,0.64,Madinah,2,5,0.6,35.9,1,1,0,0
U002321,38,0.625,Najran,10,0,2.3,29.2,1,0,1,1
U002322,53,0.722,Makkah,1,3,1.6,16.4,1,1,0,1
U002323,25,0.487,Madinah,2,0,0.3,32.3,1,1,2,0
U002324,46,0.531,Riyadh,0,3,0.4,20.2,1,1,1,0
U002325,55,0.673,Riyadh,0,4,0.8,30.4,1,1,2,0
U002326,38,0.297,Riyadh,0,2,2.1,38.9,1,0,0,0
U002327,67,0.777,Makkah,1,2,1.4,14.1,1,0,0,0
U002328,48,0.138,Eastern,4,3,2.1,24.9,0,1,0,1
U002329,34,0.863,Madinah,2,8,1.9,38.9,1,0,0,1
U002330,54,0.146,Eastern,4,1,3.8,16.7,1,0,3,0
U002331,31,0.446,Jazan,9,3,3.2,15.1,1,1,3,1
U002332,62,0.869,Eastern,4,5,1.7,29.8,1,1,2,1
U002333,52,0.068,Eastern,4,3,4.0,10.0,1,0,0,1
U002334,42,0.307,Makkah,1,3,1.5,55.8,0,1,3,0
U002335,48,0.754,Riyadh,0,3,0.0,17.6,1,1,0,0
U002336,18,0.842,Eastern,4,6,0.1,15.9,1,1,1,1
U002337,53,0.49,Riyadh,0,2,2.3,35.3,1,1,1,1
U002338,26,0.58,Eastern,4,5,1.8,2.8,1,0,0,0
U002339,34,0.65,Makkah,1,4,1.2,21.8,1,1,1,1
U002340,34,0.249,Eastern,4,3,2.6,51.1,1,0,1,1
U002341,31,0.589,Riyadh,0,4,0.5,16.6,1,1,2,1
U002342,50,0.514,Eastern,4,6,2.4,18.0,1,1,0,1
U002343,46,0.411,Makkah,1,2,1.4,7.9,0,0,2,1
U002344,39,0.435,Madinah,2,2,3.0,22.2,0,0,1,0
U002345,66,0.71,Najran,10,5,1.6,46.0,1,0,0,1
U002346,68,0.619,Makkah,1,0,0.7,15.3,0,0,2,1
U002347,32,0.757,Makkah,1,2,1.0,16.1,1,0,1,1
U002348,58,0.437,Riyadh,0,2,2.6,19.0,1,0,0,1
U002349,56,0.573,Madinah,2,0,2.7,43.7,1,1,1,0
U002350,48,0.536,Riyadh,0,5,0.5,30.8,1,1,3,0
U002351,20,0.758,Riyadh,0,3,0.0,14.4,1,1,2,1
U002352,31,0.578,Makkah,1,6,2.5,19.0,1,0,0,0
U002353,48,0.769,Riyadh,0,2,1.6,14.7,1,1,0,1
U002354,21,0.642,Eastern,4,3,2.3,20.4,1,0,1,0
U002355,40,0.605,Northern Borders,8,2,1.4,18.3,1,1,1,0
U002356,23,0.607,Al Jawf,12,4,1.6,32.5,1,1,3,0
U002357,58,0.824,Hail,7,5,1.4,45.7,1,1,0,1
U002358,56,0.928,Asir,5,4,1.5,3.8,0,1,2,1
U002359,40,0.504,Makkah,1,4,3.0,21.3,1,0,0,0
U002360,25,0.644,Riyadh,0,2,0.9,10.3,1,0,1,1
U002361,29,0.536,Asir,5,1,2.6,9.2,1,1,3,0
U002362,24,0.482,Jazan,9,3,1.8,8.0,1,0,0,0
U002363,44,0.734,Jazan,9,2,4.1,56.6,1,1,1,1
U002364,64,0.639,Riyadh,0,5,2.0,99.5,1,1,1,1
U002365,37,0.161,Najran,10,2,2.8,44.3,1,0,0,0
U002366,58,0.376,Qassim,3,3,2.5,4.2,1,0,1,1
U002367,34,0.568,Qassim,3,1,1.4,47.3,1,1,2,0
U002368,26,0.858,Qassim,3,5,1.0,5.9,1,1,1,1
U002369,68,0.555,Northern Borders,8,2,2.1,9.0,1,0,0,1
U002370,69,0.572,Eastern,4,3,1.3,12.0,1,1,4,0
U002371,30,0.412,Makkah,1,3,0.8,2.3,1,1,0,1
U002372,58,0.356,Makkah,1,3,0.0,23.2,1,0,1,0
U002373,19,0.473,Riyadh,0,2,4.7,3.1,1,1,0,1
U002374,43,0.573,Makkah,1,2,0.7,7.2,1,1,0,1
U002375,61,0.146,Jazan,9,4,3.1,18.9,1,0,0,0
U002376,34,0.22,Makkah,1,5,3.9,35.6,0,1,2,1
U002377,20,0.541,Makkah,1,2,0.5,46.7,1,0,1,0
U002378,40,0.743,Makkah,1,3,1.5,31.2,1,1,2,1
U002379,48,0.607,Makkah,1,4,3.0,61.3,1,1,2,1
U002380,35,0.54,Riyadh,0,0,0.5,11.9,1,1,1,0
U002381,53,0.636,Al Bahah,11,5,0.7,12.6,1,1,0,1
U002382,63,0.196,Qassim,3,4,1.7,14.6,1,1,1,1
U002383,48,0.664,Al Jawf,12,2,1.6,19.7,1,0,0,1
U002384,30,0.747,Riyadh,0,3,0.0,30.4,1,1,2,1
U002385,45,0.84,Riyadh,0,5,2.1,43.8,1,0,1,1
U002386,53,0.724,Makkah,1,3,0.0,43.8,1,1,1,0
U002387,39,0.954,Eastern,4,4,0.9,5.6,1,1,2,1
U002388,41,0.653,Riyadh,0,5,1.1,39.2,1,1,4,0
U002389,62,0.609,Riyadh,0,4,1.0,61.5,1,1,1,0
U002390,34,0.449,Eastern,4,2,2.8,27.7,1,0,0,0
U002391,61,0.7,Najran,10,1,2.7,29.3,1,0,0,1
U002392,43,0.79,Tabuk,6,4,0.2,19.8,1,0,0,0
U002393,55,0.122,Riyadh,0,3,3.7,16.1,1,0,0,0
U002394,36,0.475,Najran,10,5,1.2,9.4,1,0,0,1
U002395,18,0.3,Riyadh,0,2,4.8,1.5,0,0,1,0
U002396,19,0.752,Makkah,1,2,1.0,26.2,1,0,0,1
U002397,32,0.871,Riyadh,0,3,2.3,9.0,1,0,0,1
U002398,57,0.812,Jazan,9,5,0.8,11.9,0,1,1,0
U002399,49,0.295,Riyadh,0,1,2.3,19.8,1,0,0,1
U002400,47,0.821,Al Bahah,11,4,0.0,13.1,1,1,0,1
U002401,43,0.305,Tabuk,6,2,2.3,32.5,1,1,0,1
U002402,58,0.375,Riyadh,0,3,1.0,51.4,1,1,0,1
U002403,31,0.027,Riyadh,0,2,2.9,8.3,1,0,1,1
U002404,21,0.786,Jazan,9,4,0.7,33.3,1,0,0,1
U002405,54,0.594,Eastern,4,3,1.0,13.8,1,1,0,1
U002406,20,0.828,Tabuk,6,5,2.3,13.9,1,1,1,1
U002407,22,0.464,Eastern,4,2,0.8,6.0,1,0,0,1
U002408,23,0.647,Hail,7,3,1.8,17.5,1,0,0,0
U002409,63,0.286,Makkah,1,1,0.1,53.1,1,0,0,0
U002410,33,0.801,Asir,5,0,1.7,10.8,1,1,2,0
U002411,64,0.554,Makkah,1,0,2.1,8.1,1,1,0,1
U002412,52,0.939,Riyadh,0,2,0.5,84.0,1,0,1,0
U002413,68,0.581,Tabuk,6,2,0.4,7.1,1,0,0,0
U002414,19,0.476,Riyadh,0,2,3.8,69.3,1,0,1,0
U002415,63,0.534,Makkah,1,6,0.6,18.2,0,1,2,1
U002416,37,0.633,Jazan,9,2,2.2,48.6,0,0,1,0
U002417,23,0.221,Makkah,1,4,4.8,9.3,0,0,0,1
U002418,31,0.76,Northern Borders,8,3,1.3,11.8,1,1,1,1
U002419,45,0.484,Makkah,1,2,1.1,16.1,1,0,1,0
U002420,52,0.569,Makkah,1,3,2.8,25.0,1,1,2,1
U002421,47,0.694,Qassim,3,3,2.7,37.0,1,1,1,1
U002422,26,0.302,Makkah,1,4,0.6,27.5,1,1,1,1
U002423,48,0.609,Eastern,4,2,0.0,3.0,0,0,0,0
U002424,52,0.424,Riyadh,0,4,2.6,18.5,1,1,0,0
U002425,63,0.413,Asir,5,4,1.1,11.4,1,0,1,1
U002426,20,0.781,Riyadh,0,6,2.5,27.9,0,1,1,1
U002427,64,0.71,Asir,5,5,2.4,23.1,0,1,2,0
U002428,27,0.415,Riyadh,0,3,2.0,14.9,1,1,1,1
U002429,65,0.663,Riyadh,0,4,2.8,6.2,1,1,0,0
U002430,59,0.837,Eastern,4,8,3.0,18.9,1,1,1,1
U002431,34,0.521,Qassim,3,2,1.4,34.7,1,0,1,0
U002432,60,0.514,Makkah,1,10,1.0,11.5,0,1,5,0
U002433,64,0.25,Eastern,4,2,2.9,21.9,1,0,2,1
U002434,49,0.665,Eastern,4,1,1.0,28.3,1,0,0,1
U002435,21,0.235,Hail,7,2,3.4,10.2,1,1,1,0
U002436,57,0.618,Al Bahah,11,3,0.8,5.3,1,1,0,0
U002437,30,0.747,Qassim,3,2,0.0,24.1,1,0,3,1
U002438,65,0.84,Hail,7,3,4.8,17.4,0,0,2,1
U002439,69,0.488,Qassim,3,4,3.0,54.5,1,0,0,0
U002440,63,0.279,Eastern,4,5,1.4,16.3,0,1,2,1
U002441,69,0.489,Makkah,1,3,0.8,4.6,0,0,0,0
U002442,24,0.481,Makkah,1,2,2.4,30.9,1,1,0,1
U002443,67,0.621,Eastern,4,2,0.7,24.2,1,1,0,0
U002444,18,0.935,Jazan,9,5,0.0,40.7,1,1,3,1
U002445,64,0.457,Eastern,4,5,3.1,62.2,1,1,1,0
U002446,63,0.313,Makkah,1,5,2.1,41.5,1,0,3,1
U002447,50,0.254,Makkah,1,1,3.3,1.5,0,0,1,1
U002448,20,0.312,Qassim,3,2,2.1,10.9,1,0,1,1
U002449,67,0.652,Eastern,4,1,0.8,11.9,1,0,2,0
U002450,55,0.726,Riyadh,0,3,3.0,14.8,1,1,1,1
U002451,52,0.318,Asir,5,4,1.6,33.7,1,1,2,0
U002452,53,0.742,Makkah,1,5,2.9,50.5,1,0,0,0
U002453,39,0.117,Makkah,1,2,0.9,30.4,0,0,0,0
U002454,64,0.165,Makkah,1,1,3.2,71.5,1,0,0,1
U002455,36,0.93,Northern Borders,8,6,1.6,43.2,1,1,2,1
U002456,23,0.393,Najran,10,3,2.9,6.8,1,0,0,1
U002457,66,0.807,Makkah,1,3,1.0,51.3,1,1,0,1
U002458,62,0.189,Makkah,1,1,2.4,11.8,0,0,2,0
U002459,43,0.872,Makkah,1,3,1.9,37.2,0,0,0,1
U002460,59,0.195,Riyadh,0,1,1.9,51.8,1,0,0,0
U002461,61,0.412,Makkah,1,7,2.6,58.2,1,1,0,0
U002462,64,0.623,Eastern,4,5,0.8,18.2,1,0,0,0
U002463,37,0.541,Eastern,4,4,2.4,23.8,1,0,0,0
U002464,56,0.893,Eastern,4,5,2.3,6.5,0,1,0,1
U002465,49,0.331,Makkah,1,3,3.1,12.4,1,1,1,0
U002466,21,0.846,Eastern,4,5,1.1,11.2,1,1,1,1
U002467,49,0.53,Makkah,1,1,2.1,9.8,1,0,2,1
U002468,56,0.582,Makkah,1,1,1.9,16.5,1,0,0,1
U002469,44,0.156,Eastern,4,1,4.4,22.6,0,0,0,0
U002470,53,0.3,Makkah,1,3,3.0,16.4,1,0,0,1
U002471,44,0.567,Riyadh,0,1,3.0,18.2,0,1,0,1
U002472,37,0.612,Najran,10,3,4.6,37.6,1,1,1,1
U002473,19,0.633,Najran,10,2,0.4,7.3,0,0,1,0
U002474,50,0.662,Makkah,1,7,2.5,21.5,1,0,1,0
U002475,23,0.554,Makkah,1,9,1.3,7.7,1,1,1,0
U002476,31,0.493,Riyadh,0,5,0.4,27.6,1,1,1,1
U002477,36,0.474,Makkah,1,4,4.3,23.1,1,0,1,1
U002478,38,0.481,Makkah,1,4,0.0,14.4,1,1,0,0
U002479,19,0.088,Riyadh,0,3,3.5,5.0,1,1,0,0
U002480,54,0.255,Makkah,1,4,3.3,3.6,1,0,1,1
U002481,22,0.573,Qassim,3,4,0.5,22.3,1,0,1,1
U002482,22,0.4,Tabuk,6,3,3.2,31.1,1,1,2,0
U002483,46,0.525,Asir,5,6,4.1,14.3,1,1,1,0
U002484,46,0.719,Riyadh,0,2,2.9,18.2,1,0,1,1
U002485,27,0.256,Makkah,1,1,1.7,40.5,1,1,1,0
U002486,52,0.445,Madinah,2,5,3.3,15.2,1,1,2,1
U002487,26,0.418,Makkah,1,1,1.8,40.4,1,1,3,1
U002488,64,0.655,Riyadh,0,4,1.2,34.4,1,0,0,0
U002489,36,0.262,Jazan,9,1,2.9,13.2,1,1,1,0
U002490,35,0.438,Asir,5,4,3.4,4.1,1,0,1,1
U002491,49,0.3,Qassim,3,0,1.8,16.2,1,1,0,0
U002492,35,0.461,Jazan,9,3,2.3,47.5,0,1,1,1
U002493,48,0.619,Riyadh,0,4,2.2,53.6,0,1,1,0
U002494,47,0.274,Makkah,1,0,1.6,16.0,1,1,2,1
U002495,56,0.265,Riyadh,0,2,2.0,25.8,1,0,0,0
U002496,29,0.576,Madinah,2,5,3.4,5.0,0,0,0,0
U002497,54,0.497,Makkah,1,3,2.5,1.7,1,1,0,1
U002498,18,0.793,Riyadh,0,5,0.5,11.4,1,1,0,0
U002499,44,0.82,Jazan,9,7,3.1,2.7,1,1,1,1
U002500,53,0.305,Eastern,4,3,3.8,8.8,1,0,1,0
U002501,69,0.55,Eastern,4,0,0.7,13.3,1,0,1,0
U002502,28,0.337,Makkah,1,2,2.4,47.0,0,0,1,1
U002503,43,0.16,Jazan,9,3,2.3,35.6,1,0,0,0
U002504,32,0.973,Asir,5,2,0.0,16.9,1,1,2,1
U002505,32,0.497,Qassim,3,4,2.0,3.9,1,0,1,1
U002506,67,0.3,Eastern,4,6,2.9,18.0,1,0,0,0
U002507,44,0.41,Al Jawf,12,2,5.1,37.5,1,0,0,1
U002508,56,0.525,Makkah,1,3,2.9,46.2,1,0,0,1
U002509,54,0.314,Riyadh,0,5,1.3,30.9,1,0,0,1
U002510,43,0.184,Eastern,4,0,3.1,35.4,0,0,0,0
U002511,67,0.864,Riyadh,0,7,3.8,33.0,1,1,1,1
U002512,38,0.704,Riyadh,0,5,3.4,21.5,1,1,2,1
U002513,18,0.59,Eastern,4,3,4.7,5.5,1,0,1,1
U002514,54,0.505,Najran,10,1,0.0,19.8,1,0,0,1
U002515,21,0.795,Madinah,2,4,2.4,13.7,1,0,1,1
U002516,41,0.213,Riyadh,0,0,2.1,23.4,1,0,0,1
U002517,59,0.938,Eastern,4,2,1.2,12.4,1,0,0,1
U002518,59,0.814,Eastern,4,2,1.2,31.5,1,1,0,1
U002519,32,0.083,Jazan,9,1,3.8,21.7,1,0,1,0
U002520,42,0.728,Tabuk,6,2,3.8,13.0,0,0,0,1
U002521,40,0.421,Riyadh,0,1,1.3,9.8,0,1,1,0
U002522,64,0.163,Eastern,4,1,3.7,27.0,1,0,0,1
U002523,57,0.52,Riyadh,0,1,0.1,14.7,1,0,0,0
U002524,62,0.229,Al Jawf,12,2,2.5,27.9,1,0,1,1
U002525,32,0.548,Riyadh,0,2,1.4,20.5,1,0,1,0
U002526,23,0.479,Makkah,1,2,0.3,1.4,1,1,2,1
U002527,39,0.592,Riyadh,0,3,0.1,17.5,0,1,3,0
U002528,55,0.749,Riyadh,0,4,0.2,16.3,1,0,1,1
U002529,57,0.471,Makkah,1,3,4.2,2.2,1,1,0,1
U002530,23,0.372,Riyadh,0,4,1.1,46.8,1,1,2,1
U002531,25,0.723,Madinah,2,3,1.6,22.7,1,1,2,1
U002532,46,0.479,Eastern,4,4,0.8,1.8,1,0,1,1
U002533,37,0.542,Qassim,3,4,1.9,36.5,1,0,0,1
U002534,36,0.889,Madinah,2,3,1.7,56.0,1,1,1,1
U002535,20,0.363,Makkah,1,3,3.8,13.6,1,0,1,1
U002536,44,0.726,Makkah,1,5,0.8,13.6,1,1,2,1
U002537,38,0.856,Makkah,1,6,0.4,22.5,1,0,0,1
U002538,64,0.287,Eastern,4,3,2.3,44.1,1,0,0,0
U002539,28,0.457,Asir,5,4,1.9,49.3,1,1,1,1
U002540,20,0.45,Makkah,1,0,4.0,21.7,1,0,0,1
U002541,44,0.525,Riyadh,0,4,0.2,13.3,0,1,2,1
U002542,47,0.331,Tabuk,6,2,1.1,11.0,1,1,2,0
U002543,56,0.728,Makkah,1,1,0.9,49.5,1,1,2,1
U002544,27,0.759,Jazan,9,3,0.5,18.3,1,1,1,1
U002545,46,0.383,Jazan,9,2,1.0,20.8,1,1,1,0
U002546,39,0.762,Riyadh,0,4,0.0,9.9,1,1,3,0
U002547,39,0.1,Riyadh,0,1,3.2,14.2,1,0,1,0
U002548,33,0.334,Jazan,9,4,1.2,45.7,1,0,2,1
U002549,66,0.55,Eastern,4,5,1.2,8.0,1,1,0,1
U002550,67,0.658,Makkah,1,4,2.8,31.4,1,1,1,1
U002551,26,0.526,Jazan,9,4,2.8,8.4,0,0,0,1
U002552,26,0.595,Eastern,4,3,2.0,49.7,1,0,0,1
U002553,27,0.226,Jazan,9,1,2.3,31.6,1,0,1,0
U002554,35,0.602,Madinah,2,1,0.0,8.8,1,1,0,1
U002555,59,0.121,Makkah,1,3,3.8,27.0,1,1,2,0
U002556,36,0.514,Eastern,4,3,3.1,3.9,0,0,0,0
U002557,66,0.611,Eastern,4,2,2.5,22.5,1,0,1,1
U002558,28,0.262,Asir,5,1,5.0,6.8,1,0,0,1
U002559,40,0.471,Riyadh,0,2,0.0,6.8,0,0,0,0
U002560,35,0.643,Madinah,2,4,1.7,22.6,1,1,1,0
U002561,53,0.765,Makkah,1,4,0.6,9.8,1,1,0,1
U002562,19,0.492,Al Jawf,12,8,2.6,42.7,1,1,1,0
U002563,32,0.575,Makkah,1,1,1.1,61.4,1,0,0,0
U002564,56,0.184,Eastern,4,2,0.9,61.7,1,1,1,1
U002565,33,0.711,Eastern,4,3,0.4,25.0,0,0,1,1
U002566,33,0.495,Makkah,1,4,2.8,2.0,1,1,0,0
U002567,55,0.717,Riyadh,0,6,1.8,38.7,1,0,0,1
U002568,53,0.521,Eastern,4,6,1.0,14.9,1,1,1,1
U002569,37,0.32,Riyadh,0,3,2.0,50.8,1,1,1,0
U002570,32,0.602,Makkah,1,2,0.7,24.8,1,1,2,1
U002571,31,0.838,Riyadh,0,1,1.2,15.2,1,1,3,1
U002572,20,0.738,Qassim,3,4,2.4,4.5,1,1,1,1
U002573,61,0.197,Al Bahah,11,4,3.9,8.5,0,1,1,1
U002574,66,0.821,Riyadh,0,6,2.2,19.8,1,0,1,1
U002575,46,0.482,Riyadh,0,7,2.1,7.0,1,1,4,1
U002576,31,0.819,Asir,5,4,2.4,13.9,1,1,1,0
U002577,47,0.652,Makkah,1,3,5.1,11.8,1,1,0,1
U002578,60,0.221,Eastern,4,4,1.0,60.1,1,0,2,1
U002579,57,0.72,Madinah,2,1,1.6,26.6,1,0,1,1
U002580,54,0.546,Eastern,4,3,1.4,16.7,1,0,1,1
U002581,28,0.596,Makkah,1,2,1.6,32.0,1,1,2,1
U002582,22,0.269,Asir,5,1,4.9,4.9,1,0,0,1
U002583,37,0.377,Riyadh,0,3,0.3,6.3,1,0,0,0
U002584,20,0.317,Qassim,3,3,2.3,14.3,0,0,1,1
U002585,61,0.377,Makkah,1,4,1.3,49.5,1,1,3,1
U002586,26,0.628,Jazan,9,3,0.4,29.8,0,1,0,1
U002587,38,0.465,Riyadh,0,3,4.6,10.4,1,1,1,0
U002588,61,0.341,Tabuk,6,1,3.8,38.3,1,0,1,0
U002589,63,0.861,Al Bahah,11,1,3.1,14.7,1,0,0,0
U002590,47,0.799,Riyadh,0,6,0.0,37.5,1,1,5,0
U002591,42,0.403,Northern Borders,8,2,0.9,27.6,1,0,1,1
U002592,32,0.311,Eastern,4,5,2.2,20.0,0,0,2,1
U002593,50,0.511,Riyadh,0,0,1.9,14.0,0,0,0,0
U002594,39,0.408,Jazan,9,2,2.6,47.6,1,0,0,1
U002595,52,0.798,Jazan,9,4,0.9,77.7,1,1,3,1
U002596,21,0.324,Najran,10,2,3.3,10.5,1,1,1,1
U002597,55,0.355,Riyadh,0,1,4.0,48.0,1,1,0,0
U002598,60,0.75,Eastern,4,8,2.2,69.8,1,0,2,0
U002599,32,0.231,Makkah,1,3,1.9,27.7,1,1,1,0
U002600,23,0.642,Eastern,4,2,0.5,2.5,1,0,0,1
U002601,28,0.854,Makkah,1,2,0.7,45.8,0,0,2,1
U002602,20,0.363,Riyadh,0,3,1.1,50.6,1,1,2,0
U002603,47,0.605,Riyadh,0,5,0.1,16.7,1,1,2,1
U002604,42,0.766,Riyadh,0,3,0.4,23.0,1,1,0,1
U002605,61,0.336,Riyadh,0,4,1.3,49.1,1,1,2,0
U002606,62,0.119,Asir,5,1,2.5,5.0,0,0,0,0
U002607,50,0.623,Madinah,2,4,1.2,11.2,1,1,1,1
U002608,41,0.686,Qassim,3,7,0.0,22.6,1,1,0,1
U002609,50,0.405,Asir,5,3,1.9,30.8,1,1,1,1
U002610,32,0.455,Asir,5,4,1.2,10.9,1,0,1,1
U002611,34,0.809,Eastern,4,4,2.7,12.6,1,1,1,1
U002612,23,0.857,Qassim,3,2,1.0,13.1,0,1,0,0
U002613,47,0.669,Riyadh,0,5,1.6,36.9,1,1,2,1
U002614,28,0.693,Riyadh,0,6,1.3,43.3,1,1,0,1
U002615,55,0.361,Eastern,4,2,1.3,15.3,0,1,0,0
U002616,60,0.871,Madinah,2,9,0.8,28.5,1,1,1,1
U002617,61,0.412,Makkah,1,3,3.4,36.8,1,0,0,0
U002618,32,0.694,Jazan,9,0,1.7,71.0,1,0,0,0
U002619,21,0.836,Makkah,1,2,2.6,16.7,1,0,1,1
U002620,48,0.429,Makkah,1,5,3.7,39.0,1,1,0,1
U002621,31,0.654,Riyadh,0,1,3.2,23.1,1,0,0,1
U002622,54,0.58,Eastern,4,3,1.6,44.6,1,0,1,1
U002623,47,0.735,Makkah,1,2,1.6,5.5,0,0,0,1
U002624,43,0.477,Eastern,4,4,2.1,33.2,0,0,1,1
U002625,52,0.331,Asir,5,3,2.1,36.3,0,1,0,1
U002626,23,0.317,Al Jawf,12,0,0.4,37.8,1,0,1,0
U002627,52,0.643,Eastern,4,3,0.7,6.4,0,1,2,1
U002628,55,0.554,Riyadh,0,6,3.7,25.5,1,1,2,1
U002629,65,0.558,Northern Borders,8,4,1.3,14.0,1,1,2,0
U002630,23,0.181,Tabuk,6,1,3.5,16.9,1,0,2,0
U002631,29,0.75,Riyadh,0,1,1.3,12.5,1,1,2,1
U002632,46,0.422,Riyadh,0,2,0.0,16.2,1,0,0,0
U002633,63,0.485,Asir,5,8,3.4,62.6,1,0,0,1
U002634,50,0.49,Al Jawf,12,2,1.4,26.1,1,0,1,0
U002635,60,0.284,Makkah,1,1,5.0,22.8,1,0,2,0
U002636,34,0.149,Jazan,9,2,4.2,5.1,1,0,0,0
U002637,54,0.726,Makkah,1,7,2.6,20.2,1,0,0,0
U002638,54,0.539,Najran,10,3,1.0,33.5,0,0,0,1
U002639,43,0.459,Tabuk,6,0,1.1,50.7,1,0,0,0
U002640,39,0.453,Eastern,4,6,1.4,8.3,0,1,2,0
U002641,43,0.156,Qassim,3,1,0.9,32.8,1,0,1,0
U002642,45,0.702,Riyadh,0,5,0.9,14.0,1,1,1,1
U002643,66,0.42,Hail,7,3,2.9,5.5,1,0,0,1
U002644,32,0.208,Madinah,2,3,2.3,1.0,1,0,1,0
U002645,43,0.417,Eastern,4,1,1.7,2.6,1,0,0,0
U002646,21,0.381,Makkah,1,3,0.0,28.1,1,1,0,1
U002647,30,0.716,Qassim,3,4,2.0,21.5,1,0,0,1
U002648,30,0.641,Riyadh,0,4,4.8,16.8,0,0,0,1
U002649,32,0.59,Qassim,3,5,1.1,13.5,1,1,1,0
U002650,19,0.707,Madinah,2,4,1.0,27.4,1,1,1,0
U002651,23,0.877,Eastern,4,3,1.4,21.8,1,1,0,1
U002652,69,0.735,Makkah,1,2,2.1,10.4,1,1,2,1
U002653,38,0.417,Makkah,1,2,3.3,15.7,1,1,1,0
U002654,50,0.539,Riyadh,0,0,4.2,20.6,0,0,0,1
U002655,44,0.728,Jazan,9,4,0.0,27.5,1,1,0,1
U002656,24,0.357,Eastern,4,1,3.4,4.6,1,0,0,0
U002657,54,0.783,Eastern,4,4,3.3,8.3,1,1,1,1
U002658,58,0.531,Riyadh,0,3,2.5,64.4,1,1,1,1
U002659,23,0.773,Riyadh,0,6,0.8,26.4,1,1,1,1
U002660,34,0.435,Riyadh,0,7,3.7,27.6,1,0,1,1
U002661,37,0.433,Asir,5,2,1.4,19.6,1,1,1,1
U002662,57,0.501,Asir,5,3,0.9,20.1,1,1,2,1
U002663,40,0.489,Jazan,9,4,2.9,17.9,1,0,0,1
U002664,42,0.645,Riyadh,0,4,2.3,32.0,0,0,0,1
U002665,21,0.449,Najran,10,1,2.8,11.5,0,0,0,0
U002666,34,0.109,Al Jawf,12,3,3.6,22.1,1,1,2,1
U002667,36,0.69,Jazan,9,4,1.2,18.4,1,1,2,1
U002668,32,0.476,Hail,7,3,1.1,31.5,1,1,0,1
U002669,60,0.733,Najran,10,3,1.8,6.5,1,0,0,0
U002670,34,0.826,Makkah,1,3,3.2,14.0,1,1,0,0
U002671,19,0.443,Riyadh,0,4,1.5,20.0,1,1,0,1
U002672,61,0.427,Jazan,9,5,2.3,65.8,1,0,0,1
U002673,61,0.422,Riyadh,0,1,2.3,12.5,1,0,1,0
U002674,25,0.554,Riyadh,0,2,3.6,1.7,1,0,0,1
U002675,47,0.577,Makkah,1,3,2.1,56.3,1,1,1,0
U002676,67,0.705,Riyadh,0,3,4.2,13.2,1,0,0,1
U002677,65,0.546,Qassim,3,3,3.1,17.5,1,1,1,1
U002678,42,0.272,Asir,5,0,2.0,31.2,1,0,1,0
U002679,20,0.546,Makkah,1,4,1.0,29.0,1,0,1,0
U002680,53,0.48,Makkah,1,1,1.1,8.5,0,0,0,0
U002681,26,0.977,Riyadh,0,5,1.6,5.3,1,1,3,1
U002682,53,0.698,Makkah,1,3,1.5,43.7,1,0,1,0
U002683,65,0.544,Hail,7,4,3.3,21.3,1,0,0,0
U002684,31,0.451,Riyadh,0,2,2.6,17.7,1,1,2,0
U002685,48,0.741,Madinah,2,3,3.4,10.5,1,1,2,0
U002686,68,0.499,Makkah,1,4,2.2,25.5,1,0,0,0
U002687,62,0.714,Asir,5,1,2.6,8.4,1,1,1,0
U002688,34,0.491,Eastern,4,4,0.5,14.5,1,0,1,0
U002689,49,0.678,Riyadh,0,0,1.5,18.8,0,0,0,0
U002690,34,0.383,Eastern,4,5,1.5,21.3,1,1,1,1
U002691,69,0.748,Eastern,4,3,1.1,9.9,0,1,2,1
U002692,65,0.571,Riyadh,0,3,1.2,4.4,1,0,0,1
U002693,23,0.829,Hail,7,7,0.4,33.3,1,1,1,1
U002694,61,0.553,Northern Borders,8,1,2.9,69.5,1,0,0,1
U002695,43,0.252,Tabuk,6,1,1.7,100.9,1,1,0,0
U002696,46,0.356,Eastern,4,2,0.8,8.4,0,0,1,1
U002697,32,0.082,Madinah,2,2,3.3,32.0,1,0,0,1
U002698,28,0.747,Asir,5,2,2.8,14.6,0,1,0,0
U002699,22,0.831,Eastern,4,5,1.5,18.2,1,1,0,1
U002700,37,0.509,Riyadh,0,3,4.5,9.6,1,1,0,1
U002701,42,0.78,Qassim,3,4,3.6,3.2,0,1,0,1
U002702,35,0.724,Eastern,4,1,1.2,9.8,0,1,3,0
U002703,20,0.127,Riyadh,0,2,2.8,13.8,1,1,3,1
U002704,33,0.278,Asir,5,3,2.7,37.8,1,0,1,1
U002705,35,0.712,Northern Borders,8,6,2.4,11.4,1,1,1,1
U002706,29,0.422,Makkah,1,9,2.2,7.2,1,0,0,1
U002707,33,0.099,Riyadh,0,0,1.8,43.3,1,0,0,0
U002708,37,0.718,Al Jawf,12,1,2.3,2.8,1,0,1,0
U002709,31,0.246,Madinah,2,0,2.8,26.6,1,0,0,0
U002710,64,0.746,Al Jawf,12,4,2.2,35.8,0,1,0,1
U002711,21,0.451,Al Jawf,12,3,2.2,13.9,1,0,1,0
U002712,68,0.382,Jazan,9,5,2.5,9.6,1,1,1,1
U002713,45,0.799,Riyadh,0,7,3.1,5.7,0,1,1,1
U002714,36,0.802,Riyadh,0,7,0.7,5.0,0,1,0,1
U002715,49,0.309,Riyadh,0,5,1.6,43.6,1,1,0,1
U002716,32,0.803,Eastern,4,1,1.1,36.4,1,1,2,0
U002717,42,0.33,Makkah,1,5,2.0,36.4,1,1,0,0
U002718,60,0.495,Tabuk,6,2,0.0,29.0,0,0,0,0
U002719,61,0.356,Al Jawf,12,3,3.3,41.3,0,1,0,0
U002720,30,0.366,Riyadh,0,3,3.4,8.0,1,0,0,1
U002721,69,0.279,Al Jawf,12,1,3.3,20.6,1,0,1,0
U002722,33,0.412,Eastern,4,9,0.7,10.6,0,0,1,1
U002723,34,0.295,Riyadh,0,2,2.3,53.2,1,0,1,1
U002724,47,0.861,Qassim,3,5,2.4,26.8,1,0,0,1
U002725,52,0.309,Qassim,3,4,1.0,9.3,1,0,0,0
U002726,62,0.728,Jazan,9,4,1.8,12.3,0,1,2,0
U002727,19,0.623,Eastern,4,1,1.2,10.4,1,0,0,1
U002728,43,0.503,Asir,5,4,0.4,7.3,1,1,0,0
U002729,67,0.103,Riyadh,0,2,2.7,21.9,1,0,0,0
U002730,33,0.817,Riyadh,0,5,1.7,7.1,1,0,2,1
U002731,18,0.596,Qassim,3,1,1.6,41.1,1,0,0,1
U002732,51,0.58,Makkah,1,2,0.0,25.3,1,1,1,1
U002733,26,0.837,Eastern,4,2,1.5,10.6,1,1,1,1
U002734,54,0.248,Makkah,1,5,2.1,55.4,1,0,2,1
U002735,24,0.537,Najran,10,9,0.0,13.1,1,1,0,1
U002736,67,0.491,Makkah,1,2,4.4,25.8,1,0,0,1
U002737,38,0.8,Riyadh,0,3,0.8,36.7,1,0,0,0
U002738,43,0.582,Tabuk,6,6,1.8,11.2,0,1,0,1
U002739,42,0.322,Eastern,4,3,2.1,14.5,1,0,0,0
U002740,23,0.632,Riyadh,0,5,1.8,13.9,1,1,1,1
U002741,49,0.155,Jazan,9,2,0.8,22.3,1,0,0,0
U002742,63,0.317,Riyadh,0,2,1.6,16.1,1,0,1,0
U002743,18,0.248,Makkah,1,1,4.3,11.4,1,1,4,1
U002744,68,0.09,Qassim,3,5,2.4,34.2,1,0,3,1
U002745,66,0.708,Riyadh,0,3,2.7,39.5,1,1,3,1
U002746,18,0.497,Qassim,3,2,1.7,41.5,1,0,1,1
U002747,62,0.437,Eastern,4,3,2.2,23.5,1,1,0,0
U002748,50,0.254,Hail,7,4,2.8,36.8,1,0,2,1
U002749,67,0.664,Eastern,4,3,2.9,93.1,1,0,0,1
U002750,44,0.65,Al Jawf,12,1,2.4,29.9,1,1,2,1
U002751,37,0.565,Hail,7,5,3.0,17.6,0,1,2,1
U002752,29,0.672,Makkah,1,5,0.9,3.8,1,1,3,0
U002753,38,0.611,Qassim,3,3,1.4,9.2,1,1,1,0
U002754,19,0.597,Riyadh,0,6,2.0,6.5,1,0,1,1
U002755,42,0.317,Al Jawf,12,2,2.6,2.6,1,1,0,0
U002756,21,0.463,Madinah,2,3,0.7,25.5,1,1,2,0
U002757,30,0.663,Al Jawf,12,3,2.2,54.8,1,1,0,1
U002758,43,0.681,Makkah,1,3,2.3,6.6,1,0,0,1
U002759,45,0.363,Qassim,3,4,1.3,42.6,0,0,3,1
U002760,32,0.911,Makkah,1,2,0.5,17.0,0,0,0,0
U002761,50,0.435,Riyadh,0,2,3.2,7.5,1,0,1,0
U002762,69,0.422,Makkah,1,1,1.6,30.5,1,0,1,0
U002763,63,0.735,Eastern,4,5,2.2,12.6,1,1,2,0
U002764,50,0.332,Eastern,4,2,3.6,7.9,0,0,1,0
U002765,37,0.492,Northern Borders,8,5,1.8,17.6,1,0,1,0
U002766,46,0.531,Asir,5,5,0.6,1.9,1,0,1,0
U002767,41,0.323,Eastern,4,1,2.8,29.8,1,0,0,0
U002768,49,0.365,Asir,5,3,3.2,15.3,1,0,1,1
U002769,52,0.564,Eastern,4,2,1.2,26.9,1,1,1,0
U002770,53,0.621,Eastern,4,3,1.3,34.1,1,1,0,1
U002771,55,0.78,Riyadh,0,2,0.0,15.0,1,1,1,1
U002772,36,0.137,Riyadh,0,2,3.5,4.6,1,0,0,0
U002773,46,0.571,Riyadh,0,0,1.2,14.6,1,0,0,1
U002774,45,0.711,Riyadh,0,8,2.0,65.8,1,1,1,1
U002775,38,0.611,Makkah,1,3,2.0,37.7,0,1,2,1
U002776,61,0.152,Madinah,2,3,1.5,9.5,0,1,1,0
U002777,47,0.684,Riyadh,0,6,0.3,8.8,0,1,1,1
U002778,57,0.579,Riyadh,0,1,2.2,19.1,1,1,0,1
U002779,33,0.5,Riyadh,0,3,0.7,20.7,1,0,2,0
U002780,64,0.893,Madinah,2,5,0.0,36.8,1,1,1,1
U002781,56,0.297,Makkah,1,1,1.3,9.3,1,0,0,0
U002782,18,0.457,Riyadh,0,1,3.0,36.4,1,0,0,0
U002783,31,0.504,Riyadh,0,2,1.7,25.4,1,1,3,1
U002784,59,0.369,Riyadh,0,7,3.2,8.5,0,0,1,1
U002785,43,0.983,Makkah,1,7,0.0,19.8,1,0,1,1
U002786,20,0.262,Qassim,3,0,1.9,17.7,1,0,0,1
U002787,64,0.351,Qassim,3,1,1.6,44.7,1,0,1,0
U002788,27,0.165,Asir,5,1,2.9,9.2,1,1,0,1
U002789,50,0.705,Riyadh,0,3,0.0,33.8,1,0,1,1
U002790,60,0.263,Riyadh,0,1,3.4,15.3,1,0,0,0
U002791,36,0.843,Jazan,9,6,0.0,12.2,1,1,4,0
U002792,21,0.582,Eastern,4,4,0.1,22.9,1,0,0,1
U002793,25,0.525,Makkah,1,3,1.9,12.8,1,1,0,0
U002794,37,0.18,Riyadh,0,2,2.5,11.8,1,0,3,0
U002795,57,0.414,Riyadh,0,3,2.2,9.2,0,1,2,1
U002796,67,0.402,Makkah,1,3,2.1,14.2,1,1,0,1
U002797,54,0.313,Makkah,1,4,2.0,15.7,0,1,0,1
U002798,52,0.478,Najran,10,4,1.0,15.5,1,0,0,1
U002799,52,0.253,Riyadh,0,2,4.5,27.9,1,0,2,0
U002800,68,0.746,Al Bahah,11,0,1.1,46.1,1,0,0,0
U002801,64,0.601,Riyadh,0,1,1.0,15.8,0,0,0,0
U002802,30,0.645,Asir,5,3,0.6,21.1,1,1,0,1
U002803,55,0.389,Eastern,4,1,3.7,56.9,0,0,0,1
U002804,52,0.144,Madinah,2,2,4.0,55.3,1,0,0,1
U002805,54,0.594,Eastern,4,5,4.3,10.7,1,1,1,1
U002806,54,0.6,Eastern,4,1,3.6,38.4,1,1,2,1
U002807,66,0.954,Madinah,2,3,1.9,18.0,1,1,2,1
U002808,58,0.175,Makkah,1,2,2.8,7.8,0,1,2,0
U002809,56,0.555,Najran,10,5,0.9,3.4,1,1,0,1
U002810,55,0.706,Jazan,9,3,1.5,13.0,1,0,0,0
U002811,48,0.522,Eastern,4,3,1.6,39.2,1,0,0,0
U002812,33,0.477,Qassim,3,6,1.0,47.7,1,0,3,0
U002813,19,0.494,Asir,5,0,2.4,37.6,1,0,0,1
U002814,60,0.246,Riyadh,0,2,2.5,81.1,0,0,0,1
U002815,67,0.418,Tabuk,6,3,5.0,51.4,1,0,0,0
U002816,36,0.503,Madinah,2,2,3.1,30.2,1,1,1,1
U002817,30,0.08,Qassim,3,1,0.3,32.9,1,0,0,0
U002818,63,0.643,Eastern,4,3,2.3,19.5,1,1,2,1
U002819,59,0.741,Makkah,1,5,2.8,8.1,1,0,0,1
U002820,48,0.27,Al Jawf,12,1,3.6,73.0,1,0,0,0
U002821,34,0.818,Riyadh,0,3,2.0,50.9,1,1,2,1
U002822,38,0.301,Tabuk,6,4,2.6,34.7,1,0,0,1
U002823,61,0.324,Riyadh,0,0,3.5,2.5,0,0,1,0
U002824,20,0.734,Jazan,9,4,1.1,34.6,1,1,0,1
U002825,66,0.661,Riyadh,0,3,0.6,17.6,1,1,2,0
U002826,54,0.394,Riyadh,0,2,1.0,20.3,1,1,0,0
U002827,32,0.453,Jazan,9,4,2.8,20.2,1,0,0,1
U002828,60,0.714,Riyadh,0,3,0.7,22.4,1,1,2,0
U002829,57,0.723,Jazan,9,5,2.9,41.0,1,0,0,1
U002830,18,0.663,Madinah,2,2,3.3,17.2,1,1,4,1
U002831,63,0.329,Makkah,1,2,0.6,18.4,1,0,1,1
U002832,58,0.727,Makkah,1,4,1.6,34.3,1,1,1,1
U002833,33,0.303,Al Jawf,12,4,0.5,25.9,1,0,3,1
U002834,47,0.718,Tabuk,6,3,2.1,9.5,1,1,1,1
U002835,55,0.492,Jazan,9,1,3.3,16.4,1,0,0,1
U002836,25,0.804,Riyadh,0,4,4.1,28.6,1,1,3,1
U002837,64,0.506,Makkah,1,7,0.0,28.4,0,1,3,1
U002838,32,0.486,Madinah,2,2,2.3,52.5,1,0,3,0
U002839,25,0.321,Riyadh,0,3,2.0,10.0,1,0,0,1
U002840,27,0.426,Tabuk,6,4,1.9,32.6,0,0,1,1
U002841,42,0.646,Eastern,4,5,0.6,39.6,1,1,1,0
U002842,38,0.492,Al Bahah,11,2,3.0,10.4,1,1,0,1
U002843,24,0.317,Riyadh,0,2,1.5,2.4,1,1,0,1
U002844,40,0.333,Tabuk,6,7,3.5,24.8,1,0,1,1
U002845,45,0.195,Riyadh,0,5,4.1,31.3,1,1,0,1
U002846,46,0.502,Riyadh,0,0,2.4,13.5,1,1,2,1
U002847,49,0.726,Eastern,4,1,0.0,59.9,1,1,2,0
U002848,29,0.931,Al Bahah,11,4,0.5,24.7,1,1,0,1
U002849,51,0.216,Qassim,3,3,2.6,49.1,1,1,1,0
U002850,50,0.354,Jazan,9,3,2.9,6.5,0,0,1,1
U002851,29,0.319,Makkah,1,1,3.1,15.1,1,0,0,0
U002852,25,0.664,Al Bahah,11,0,0.0,8.3,1,1,1,1
U002853,56,0.675,Asir,5,2,2.0,21.1,1,0,0,0
U002854,29,0.51,Eastern,4,3,2.0,38.1,1,1,0,0
U002855,41,0.506,Al Bahah,11,2,0.1,25.1,1,0,1,0
U002856,37,0.303,Madinah,2,1,0.9,15.3,1,0,0,0
U002857,33,0.778,Riyadh,0,3,1.2,38.7,0,0,0,1
U002858,63,0.074,Eastern,4,2,4.1,20.6,1,1,1,0
U002859,44,0.614,Asir,5,2,1.6,7.4,1,1,0,0
U002860,25,0.284,Riyadh,0,2,2.5,17.3,1,1,1,0
U002861,31,0.363,Eastern,4,6,2.9,16.7,1,1,0,0
U002862,65,0.412,Makkah,1,5,3.7,35.7,1,1,1,1
U002863,58,0.471,Eastern,4,2,1.9,15.5,1,1,0,0
U002864,18,0.218,Riyadh,0,2,2.5,28.6,1,0,0,0
U002865,59,0.157,Riyadh,0,4,3.5,43.5,0,1,1,0
U002866,36,0.552,Asir,5,3,0.8,14.9,1,0,0,1
U002867,32,0.773,Riyadh,0,2,2.3,21.8,1,1,0,0
U002868,25,0.51,Makkah,1,2,1.5,19.9,1,0,0,0
U002869,25,0.699,Riyadh,0,0,2.6,14.0,1,0,0,1
U002870,19,0.284,Riyadh,0,0,5.1,27.8,1,1,1,1
U002871,50,0.825,Eastern,4,2,1.7,16.7,1,1,0,0
U002872,55,0.973,Madinah,2,9,2.6,24.9,1,1,0,1
U002873,26,0.697,Riyadh,0,0,3.3,42.0,1,1,0,1
U002874,57,0.301,Asir,5,3,2.2,1.6,1,0,1,0
U002875,25,0.545,Eastern,4,5,2.0,10.1,1,0,0,1
U002876,31,0.548,Qassim,3,4,2.2,70.4,1,0,2,0
U002877,66,0.712,Najran,10,5,0.5,17.9,1,1,0,1
U002878,48,0.275,Hail,7,2,1.8,40.3,1,0,0,1
U002879,57,0.517,Riyadh,0,2,1.3,3.7,0,1,0,1
U002880,60,0.404,Makkah,1,3,4.1,14.1,1,1,4,0
U002881,34,0.58,Jazan,9,6,0.0,25.1,1,1,1,1
U002882,56,0.524,Jazan,9,5,1.8,11.2,1,0,1,1
U002883,19,0.445,Madinah,2,2,1.0,19.0,1,1,2,0
U002884,23,0.5,Riyadh,0,2,2.2,21.9,1,0,0,1
U002885,50,0.837,Riyadh,0,7,1.8,65.2,1,1,4,1
U002886,37,0.244,Asir,5,8,6.1,19.2,1,0,0,0
U002887,57,0.729,Riyadh,0,6,1.4,10.3,1,1,1,0
U002888,25,0.702,Tabuk,6,3,2.2,21.1,1,1,1,0
U002889,37,0.273,Najran,10,3,3.2,49.8,1,0,0,0
U002890,62,0.665,Makkah,1,3,1.6,40.5,1,1,1,1
U002891,23,0.712,Jazan,9,2,3.2,36.0,1,1,2,1
U002892,25,0.595,Al Jawf,12,1,3.8,9.0,1,0,0,1
U002893,62,0.59,Riyadh,0,3,0.8,20.4,1,0,2,1
U002894,41,0.366,Asir,5,1,2.3,2.9,1,0,1,0
U002895,51,0.761,Makkah,1,4,2.9,28.8,1,0,0,1
U002896,69,0.875,Riyadh,0,2,1.4,22.1,1,0,0,0
U002897,46,0.675,Asir,5,2,2.5,14.3,1,0,1,1
U002898,22,0.774,Makkah,1,8,2.3,8.5,1,1,0,0
U002899,43,0.285,Al Jawf,12,4,4.3,19.6,1,0,2,0
U002900,24,0.871,Jazan,9,4,2.7,29.9,1,0,0,1
U002901,57,0.049,Asir,5,2,0.6,65.7,1,0,0,0
U002902,36,0.291,Northern Borders,8,3,2.4,2.4,0,1,2,1
U002903,68,0.932,Makkah,1,5,2.0,34.0,1,1,1,1
U002904,30,0.645,Riyadh,0,6,3.7,25.5,1,1,1,0
U002905,21,0.222,Eastern,4,2,2.5,55.8,1,0,0,1
U002906,29,0.794,Asir,5,5,2.2,105.6,1,1,1,1
U002907,23,0.3,Makkah,1,2,2.2,46.1,1,0,1,0
U002908,19,0.882,Riyadh,0,4,2.6,5.9,1,0,0,0
U002909,49,0.65,Hail,7,2,2.8,28.4,1,1,0,1
U002910,40,0.622,Al Jawf,12,3,1.6,24.5,1,1,1,1
U002911,53,0.707,Riyadh,0,2,3.3,22.5,0,0,0,0
U002912,47,0.605,Najran,10,2,1.9,5.4,1,1,0,1
U002913,58,0.829,Riyadh,0,5,1.1,11.8,0,0,2,1
U002914,29,0.208,Eastern,4,1,2.8,3.7,1,0,0,0
U002915,67,0.284,Makkah,1,3,1.2,19.9,1,0,0,1
U002916,39,0.56,Riyadh,0,3,1.3,12.2,1,1,0,1
U002917,47,0.545,Madinah,2,2,0.4,4.4,0,0,0,1
U002918,33,0.196,Riyadh,0,1,2.7,4.4,1,0,1,0
U002919,41,0.911,Riyadh,0,5,1.0,82.4,1,0,0,1
U002920,64,0.274,Asir,5,2,1.5,11.4,1,1,2,1
U002921,41,0.651,Eastern,4,4,2.2,12.6,1,1,1,1
U002922,34,0.353,Makkah,1,5,3.0,27.0,1,1,2,1
U002923,31,0.675,Asir,5,1,0.8,5.9,1,1,3,1
U002924,68,0.249,Makkah,1,1,3.5,61.1,0,0,0,0
U002925,33,0.774,Madinah,2,5,0.9,17.7,0,1,1,1
U002926,53,0.432,Riyadh,0,7,2.2,67.7,1,1,0,0
U002927,23,0.342,Hail,7,1,0.2,14.8,1,0,0,0
U002928,22,0.262,Eastern,4,4,4.4,15.2,1,0,2,1
U002929,68,0.722,Madinah,2,4,2.2,74.7,1,1,2,1
U002930,62,0.241,Makkah,1,4,2.5,27.6,1,1,1,0
U002931,32,0.558,Al Bahah,11,2,0.8,8.2,1,0,0,1
U002932,49,0.422,Eastern,4,1,2.4,10.7,0,0,1,1
U002933,68,0.298,Najran,10,4,3.0,24.4,1,0,1,0
U002934,47,0.294,Eastern,4,1,2.2,27.3,1,0,1,0
U002935,51,0.132,Eastern,4,2,3.3,12.4,0,0,0,0
U002936,65,0.839,Tabuk,6,2,2.4,27.0,1,1,0,0
U002937,50,0.505,Makkah,1,1,3.9,36.0,1,1,0,0
U002938,53,0.491,Eastern,4,2,3.6,16.1,1,1,1,0
U002939,64,0.234,Madinah,2,1,2.5,33.3,0,0,0,0
U002940,25,0.399,Northern Borders,8,4,1.5,27.1,1,0,0,0
U002941,27,0.332,Madinah,2,3,0.0,13.9,1,0,0,1
U002942,22,0.398,Riyadh,0,3,0.4,38.7,0,0,2,1
U002943,40,0.612,Jazan,9,2,3.2,31.8,1,1,3,1
U002944,38,0.716,Tabuk,6,3,0.5,4.7,1,1,0,0
U002945,65,0.72,Riyadh,0,8,2.0,0.5,1,0,0,1
U002946,41,0.684,Makkah,1,5,2.8,36.0,1,1,2,1
U002947,37,0.69,Makkah,1,1,2.4,23.3,1,0,0,0
U002948,51,0.818,Qassim,3,5,2.8,54.2,1,1,1,1
U002949,51,0.478,Makkah,1,0,2.8,36.8,1,0,0,0
U002950,51,0.211,Asir,5,0,3.4,8.2,0,0,1,1
U002951,32,0.764,Eastern,4,3,0.5,20.0,1,1,0,1
U002952,25,0.302,Eastern,4,2,2.9,17.4,1,1,0,0
U002953,66,0.647,Asir,5,4,0.6,38.5,1,1,3,0
U002954,40,0.23,Eastern,4,1,6.0,7.2,1,1,0,0
U002955,18,0.465,Riyadh,0,5,3.0,23.2,1,1,2,1
U002956,54,0.776,Makkah,1,4,2.0,32.6,1,0,0,1
U002957,52,0.455,Riyadh,0,5,2.9,9.2,0,0,0,1
U002958,57,0.697,Eastern,4,2,1.6,30.3,1,0,0,1
U002959,18,0.611,Riyadh,0,2,2.8,64.2,1,0,0,1
U002960,42,0.755,Jazan,9,3,4.4,5.2,1,1,0,0
U002961,65,0.375,Qassim,3,2,3.5,4.3,1,0,1,0
U002962,23,0.816,Makkah,1,3,5.8,89.4,1,1,2,0
U002963,45,0.771,Asir,5,2,0.9,11.3,0,0,1,1
U002964,51,0.713,Al Jawf,12,3,1.1,13.7,1,0,0,1
U002965,39,0.285,Makkah,1,3,1.2,31.8,1,1,2,1
U002966,28,0.414,Hail,7,4,3.0,22.8,1,0,1,0
U002967,43,0.726,Najran,10,3,3.0,21.6,1,1,3,1
U002968,37,0.822,Eastern,4,3,1.7,9.8,0,0,1,1
U002969,47,0.393,Eastern,4,4,2.7,38.2,0,0,0,0
U002970,35,0.551,Makkah,1,3,3.2,12.5,1,1,3,1
U002971,44,0.835,Riyadh,0,4,2.0,21.8,1,1,3,1
U002972,47,0.407,Makkah,1,1,4.2,12.9,1,1,1,0
U002973,21,0.078,Najran,10,4,2.1,5.9,1,0,0,0
U002974,35,0.674,Riyadh,0,1,2.9,8.8,1,1,2,1
U002975,21,0.893,Makkah,1,8,0.0,36.1,1,0,0,1
U002976,50,0.204,Makkah,1,5,1.4,10.1,1,1,1,1
U002977,21,0.556,Eastern,4,2,2.3,35.2,1,0,0,1
U002978,35,0.245,Makkah,1,4,2.7,14.3,0,0,0,1
U002979,36,0.453,Eastern,4,3,1.5,20.6,1,0,1,0
U002980,50,0.384,Riyadh,0,2,3.8,17.7,0,0,0,1
U002981,33,0.641,Riyadh,0,4,3.1,9.6,1,1,1,1
U002982,57,0.595,Makkah,1,4,2.0,1.5,1,1,1,0
U002983,51,0.385,Makkah,1,3,1.2,17.2,1,0,0,1
U002984,38,0.843,Makkah,1,2,0.0,38.2,1,1,2,1
U002985,42,0.313,Riyadh,0,3,1.9,10.3,1,0,0,0
U002986,46,0.89,Najran,10,5,1.1,2.9,0,1,1,1
U002987,48,0.143,Asir,5,2,0.3,17.4,1,0,1,1
U002988,64,0.74,Eastern,4,6,2.0,20.6,1,1,1,1
U002989,58,0.602,Riyadh,0,0,2.0,6.4,1,0,0,1
U002990,46,0.868,Asir,5,8,0.0,4.1,0,1,0,1
U002991,39,0.702,Asir,5,2,1.2,39.0,0,1,0,0
U002992,19,0.079,Madinah,2,4,2.4,29.1,1,0,1,0
U002993,52,0.429,Eastern,4,2,2.7,15.1,1,1,1,0
U002994,53,0.829,Makkah,1,2,0.0,24.5,1,1,1,1
U002995,49,0.51,Eastern,4,4,5.6,19.5,1,1,0,0
U002996,44,0.473,Jazan,9,2,3.5,10.6,1,1,0,0
U002997,37,0.456,Northern Borders,8,3,2.6,31.9,1,1,1,0
U002998,68,0.236,Al Jawf,12,0,0.1,15.6,1,0,0,0
U002999,37,0.478,Northern Borders,8,1,1.9,13.8,1,0,0,0
U003000,30,0.439,Makkah,1,1,2.0,32.6,0,0,0,1
U003001,34,0.282,Tabuk,6,7,0.2,19.4,1,0,1,1
U003002,39,0.474,Madinah,2,2,1.7,56.7,1,0,1,1
U003003,40,0.436,Makkah,1,3,1.0,9.5,1,0,0,1
U003004,64,0.657,Qassim,3,4,0.5,9.3,1,0,1,1
U003005,37,0.277,Asir,5,2,2.8,11.0,1,0,0,0
U003006,26,0.403,Riyadh,0,1,0.0,46.3,1,0,1,1
U003007,32,0.099,Eastern,4,0,1.1,35.1,1,1,3,1
U003008,56,0.595,Asir,5,3,1.3,15.9,0,0,2,1
U003009,52,0.48,Riyadh,0,3,2.4,11.7,0,1,0,0
U003010,50,0.365,Riyadh,0,4,4.0,20.1,0,1,0,1
U003011,20,0.339,Asir,5,4,2.1,12.8,1,0,0,0
U003012,49,0.263,Madinah,2,3,2.3,27.5,1,1,1,1
U003013,55,0.187,Riyadh,0,0,1.6,7.7,0,1,2,0
U003014,62,0.595,Riyadh,0,1,0.2,15.3,1,0,0,1
U003015,65,0.381,Al Bahah,11,0,4.8,65.9,1,1,0,0
U003016,18,0.198,Eastern,4,2,3.0,6.0,1,0,1,1
U003017,40,0.48,Riyadh,0,3,2.2,26.1,1,1,4,1
U003018,19,0.781,Riyadh,0,3,0.0,9.7,1,1,1,1
U003019,31,0.685,Riyadh,0,7,3.3,12.2,1,0,1,1
U003020,19,0.744,Madinah,2,2,1.0,7.3,1,1,0,0
U003021,52,0.562,Eastern,4,2,0.0,15.8,1,1,1,1
U003022,24,0.58,Qassim,3,5,1.9,23.5,1,1,1,1
U003023,24,0.325,Riyadh,0,3,1.9,30.6,1,0,0,0
U003024,24,0.213,Madinah,2,4,1.6,52.4,1,1,1,0
U003025,33,0.234,Makkah,1,2,3.0,45.2,1,0,0,0
U003026,26,0.216,Makkah,1,2,1.4,21.9,1,0,0,0
U003027,66,0.216,Riyadh,0,3,2.4,26.6,1,1,3,1
U003028,21,0.47,Eastern,4,5,2.6,30.4,1,1,1,1
U003029,29,0.055,Eastern,4,3,5.3,3.0,1,0,0,1
U003030,66,0.368,Riyadh,0,1,1.4,30.4,1,1,0,0
U003031,23,0.768,Asir,5,7,3.8,46.1,1,1,0,1
U003032,25,0.413,Riyadh,0,2,1.2,33.2,1,1,1,1
U003033,32,0.348,Riyadh,0,3,1.9,28.5,0,0,0,1
U003034,62,0.15,Riyadh,0,3,2.0,29.9,0,0,1,0
U003035,23,0.558,Eastern,4,7,1.7,12.0,1,0,1,1
U003036,23,0.303,Eastern,4,3,0.4,17.6,1,0,0,1
U003037,22,0.863,Eastern,4,7,2.0,9.5,1,1,0,0
U003038,35,0.647,Al Bahah,11,3,1.5,27.6,0,0,0,1
U003039,41,0.13,Hail,7,1,4.0,31.7,1,1,1,0
U003040,69,0.505,Makkah,1,1,1.3,41.9,1,1,2,0
U003041,35,0.692,Makkah,1,2,1.3,51.8,1,1,1,1
U003042,66,0.771,Asir,5,3,0.1,12.3,1,0,0,0
U003043,23,0.728,Eastern,4,3,0.7,13.0,1,1,2,1
U003044,24,0.214,Hail,7,1,1.5,8.6,0,0,1,0
U003045,48,0.695,Qassim,3,5,1.0,31.9,1,1,0,1
U003046,48,0.284,Makkah,1,1,0.0,34.1,1,0,0,0
U003047,40,0.554,Al Bahah,11,4,2.0,101.5,1,1,2,1
U003048,52,0.13,Eastern,4,1,0.1,16.6,0,0,1,0
U003049,62,0.777,Jazan,9,5,3.0,32.5,1,1,0,0
U003050,51,0.633,Eastern,4,5,3.1,32.5,1,1,1,0
U003051,61,0.343,Eastern,4,2,2.8,22.8,1,0,0,0
U003052,56,0.298,Qassim,3,2,1.1,20.1,0,0,1,1
U003053,58,0.027,Riyadh,0,3,2.9,6.3,1,0,3,0
U003054,20,0.261,Makkah,1,1,1.3,1.6,1,0,0,0
U003055,34,0.067,Riyadh,0,0,2.0,23.9,0,0,3,0
U003056,65,0.483,Asir,5,7,3.2,58.8,1,1,1,0
U003057,23,0.309,Eastern,4,2,3.2,11.3,0,0,0,1
U003058,68,0.904,Makkah,1,1,1.1,24.9,1,0,1,1
U003059,59,0.253,Riyadh,0,0,2.6,25.5,0,0,0,0
U003060,53,0.792,Hail,7,7,2.1,27.4,1,1,1,1
U003061,67,0.373,Makkah,1,6,2.2,10.5,1,1,1,0
U003062,53,0.28,Riyadh,0,2,3.5,12.8,1,0,0,0
U003063,42,0.324,Riyadh,0,2,2.7,20.2,1,0,0,0
U003064,30,0.3,Eastern,4,1,2.3,17.7,1,0,0,0
U003065,30,0.186,Riyadh,0,2,1.9,8.1,1,0,0,1
U003066,40,0.569,Al Jawf,12,1,2.4,13.3,0,0,0,1
U003067,58,0.804,Eastern,4,4,1.6,12.9,1,1,0,1
U003068,28,0.847,Makkah,1,5,7.0,50.4,1,1,1,1
U003069,61,0.762,Makkah,1,2,0.4,22.9,1,0,2,1
U003070,31,0.137,Jazan,9,2,4.2,72.6,1,0,2,1
U003071,39,0.251,Makkah,1,2,3.2,39.4,0,0,0,0
U003072,69,0.753,Makkah,1,3,0.6,21.1,1,1,4,1
U003073,54,0.598,Qassim,3,4,1.8,3.0,1,1,2,1
U003074,39,0.378,Riyadh,0,2,3.2,13.0,1,0,1,0
U003075,54,0.717,Riyadh,0,7,0.4,14.3,0,1,0,1
U003076,31,0.405,Riyadh,0,4,1.6,12.2,1,0,1,1
U003077,38,0.107,Eastern,4,2,2.3,9.4,0,0,0,0
U003078,66,0.47,Makkah,1,4,1.9,20.3,1,0,0,1
U003079,61,0.424,Al Bahah,11,5,2.7,4.7,1,1,0,1
U003080,68,0.885,Asir,5,6,1.1,13.9,1,1,1,1
U003081,20,0.448,Asir,5,2,2.3,21.8,1,0,0,1
U003082,18,0.387,Eastern,4,4,3.6,16.3,0,1,2,0
U003083,59,0.509,Hail,7,2,1.7,40.0,1,1,2,1
U003084,30,0.567,Najran,10,0,0.7,24.0,1,0,0,0
U003085,49,0.531,Makkah,1,4,2.2,5.0,0,1,1,0
U003086,18,0.5,Asir,5,2,0.4,31.6,1,0,0,0
U003087,31,0.265,Makkah,1,2,3.3,55.5,1,0,0,0
U003088,42,0.468,Makkah,1,2,0.8,37.2,0,0,2,1
U003089,68,0.323,Hail,7,2,2.5,37.4,0,0,2,0
U003090,22,0.864,Eastern,4,4,0.8,33.5,1,1,0,1
U003091,52,0.738,Riyadh,0,8,3.2,12.0,1,1,1,1
U003092,47,0.451,Asir,5,1,3.7,9.5,1,0,1,1
U003093,19,0.689,Asir,5,2,0.9,23.4,1,0,0,1
U003094,29,0.821,Jazan,9,1,0.0,0.5,0,0,2,1
U003095,47,0.511,Makkah,1,1,1.0,9.1,0,0,1,1
U003096,43,0.908,Tabuk,6,5,3.7,9.1,0,1,0,1
U003097,50,0.53,Riyadh,0,2,1.2,60.3,1,1,0,1
U003098,41,0.073,Makkah,1,4,3.1,35.5,1,0,1,0
U003099,57,0.316,Najran,10,4,2.3,21.6,1,1,0,0
U003100,61,0.619,Makkah,1,3,2.2,33.3,1,1,0,1
U003101,52,0.233,Riyadh,0,2,4.9,4.7,1,0,0,0
U003102,49,0.29,Riyadh,0,3,1.5,51.4,1,0,0,1
U003103,67,0.603,Eastern,4,6,1.0,3.4,1,1,2,0
U003104,55,0.308,Asir,5,0,3.5,21.2,1,0,0,0
U003105,66,0.749,Makkah,1,5,1.3,30.0,1,1,0,0
U003106,24,0.516,Eastern,4,1,2.7,15.8,0,0,1,0
U003107,69,0.228,Makkah,1,0,2.4,41.2,0,1,2,0
U003108,53,0.295,Riyadh,0,3,2.3,61.0,1,1,4,1
U003109,55,0.293,Eastern,4,2,2.5,18.2,1,0,1,1
U003110,66,0.237,Riyadh,0,3,2.4,13.3,1,0,0,0
U003111,41,0.218,Najran,10,1,1.2,22.3,1,1,0,0
U003112,24,0.644,Qassim,3,0,1.9,34.7,1,0,0,0
U003113,53,0.366,Riyadh,0,4,2.2,37.3,1,0,1,1
U003114,52,0.521,Asir,5,1,0.7,18.8,1,0,0,1
U003115,53,0.618,Riyadh,0,1,1.3,44.1,1,0,0,1
U003116,31,0.313,Makkah,1,4,2.2,26.9,1,1,0,1
U003117,46,0.315,Riyadh,0,2,1.7,4.0,1,0,0,0
U003118,34,0.6,Makkah,1,4,1.3,11.4,1,1,2,0
U003119,62,0.486,Makkah,1,2,2.1,34.3,1,1,3,0
U003120,29,0.516,Makkah,1,4,2.9,21.8,1,1,0,1
U003121,33,0.73,Tabuk,6,3,3.3,25.5,1,0,0,1
U003122,32,0.211,Tabuk,6,0,0.9,58.3,1,0,1,1
U003123,66,0.666,Asir,5,4,2.6,23.0,1,1,5,1
U003124,38,0.622,Hail,7,3,2.2,32.3,1,0,1,0
U003125,62,0.368,Eastern,4,3,1.4,11.0,1,0,0,0
U003126,27,0.431,Riyadh,0,2,3.9,33.0,0,0,1,1
U003127,60,0.386,Riyadh,0,1,3.4,4.9,0,1,1,0
U003128,59,0.378,Eastern,4,3,2.3,38.3,1,1,2,1
U003129,55,0.611,Jazan,9,3,1.1,12.8,1,1,1,0
U003130,47,0.539,Madinah,2,4,1.5,11.9,1,0,0,0
U003131,48,0.615,Riyadh,0,5,2.3,25.8,1,0,0,1
U003132,30,0.134,Madinah,2,4,1.8,63.9,1,0,0,0
U003133,28,0.28,Eastern,4,1,0.6,22.0,1,1,0,1
U003134,36,0.512,Al Bahah,11,1,1.9,40.5,1,0,0,1
U003135,61,0.602,Jazan,9,6,0.7,44.6,1,0,1,0
U003136,40,0.33,Makkah,1,2,1.9,25.0,1,0,2,0
U003137,26,0.562,Eastern,4,5,2.0,16.7,1,0,2,0
U003138,36,0.82,Riyadh,0,5,2.5,15.2,0,1,2,1
U003139,49,0.34,Al Jawf,12,3,0.1,25.9,1,0,1,0
U003140,22,0.286,Eastern,4,1,3.4,38.4,1,0,0,0
U003141,23,0.444,Makkah,1,1,2.9,22.5,1,1,5,0
U003142,49,0.758,Hail,7,1,2.1,5.3,1,0,2,1
U003143,34,0.699,Al Jawf,12,4,0.0,20.2,1,1,2,1
U003144,20,0.268,Asir,5,1,2.4,7.8,1,0,1,0
U003145,29,0.39,Riyadh,0,4,2.6,23.3,1,1,4,1
U003146,47,0.938,Asir,5,5,0.0,17.6,1,1,0,0
U003147,37,0.553,Riyadh,0,0,3.0,34.2,1,0,0,1
U003148,26,0.386,Makkah,1,4,3.1,64.1,1,0,0,1
U003149,52,0.172,Madinah,2,2,3.1,29.5,1,0,0,0
U003150,23,0.479,Northern Borders,8,0,0.6,39.2,1,0,1,0
U003151,52,0.317,Madinah,2,1,3.5,9.6,0,0,1,1
U003152,56,0.294,Eastern,4,0,1.2,27.8,0,0,2,0
U003153,25,0.536,Riyadh,0,3,4.2,38.5,1,0,0,1
U003154,64,0.885,Hail,7,2,0.5,28.3,1,1,1,1
U003155,37,0.517,Eastern,4,3,2.7,39.2,1,1,0,1
U003156,23,0.421,Madinah,2,2,2.0,11.2,1,0,0,0
U003157,53,0.932,Tabuk,6,5,0.0,2.9,1,0,0,1
U003158,50,0.56,Al Jawf,12,0,0.3,11.0,1,0,0,0
U003159,47,0.454,Madinah,2,4,0.8,26.8,1,0,0,0
U003160,54,0.726,Riyadh,0,4,0.4,54.1,1,1,1,1
U003161,24,0.172,Riyadh,0,2,0.8,9.4,1,0,1,0
U003162,60,0.263,Jazan,9,3,2.4,21.7,1,0,1,0
U003163,57,0.617,Makkah,1,4,1.7,11.0,1,1,0,1
U003164,59,0.202,Tabuk,6,3,2.3,18.4,0,1,0,0
U003165,63,0.933,Northern Borders,8,4,0.8,3.6,1,1,1,1
U003166,43,0.438,Makkah,1,3,2.4,4.5,1,0,0,0
U003167,30,0.316,Madinah,2,2,1.5,30.3,0,0,0,0
U003168,50,0.677,Makkah,1,3,1.2,67.8,1,1,0,1
U003169,28,0.289,Riyadh,0,0,1.9,10.2,0,0,0,1
U003170,18,0.509,Riyadh,0,6,2.9,22.6,1,1,0,1
U003171,55,0.425,Makkah,1,1,2.7,37.8,1,0,2,1
U003172,41,0.589,Qassim,3,3,1.8,7.0,1,1,2,0
U003173,58,0.538,Jazan,9,0,1.7,9.2,1,1,1,1
U003174,21,0.898,Riyadh,0,5,1.5,33.7,1,0,0,0
U003175,25,0.714,Makkah,1,5,2.9,72.2,1,1,1,1
U003176,63,0.229,Eastern,4,3,2.9,61.8,1,0,0,1
U003177,35,0.295,Jazan,9,6,1.7,64.5,1,0,0,1
U003178,19,0.172,Makkah,1,1,1.8,59.9,1,0,1,0
U003179,44,0.266,Madinah,2,1,2.3,2.8,1,0,1,1
U003180,56,0.391,Riyadh,0,3,1.0,47.9,0,0,0,0
U003181,32,0.184,Makkah,1,1,0.2,11.1,0,0,1,0
U003182,69,0.167,Riyadh,0,1,2.2,12.0,1,0,1,0
U003183,29,0.5,Al Jawf,12,3,1.7,28.5,1,0,0,1
U003184,25,0.969,Makkah,1,5,1.4,20.7,1,1,0,1
U003185,59,0.48,Eastern,4,0,1.4,8.0,0,0,0,0
U003186,58,0.408,Al Jawf,12,4,1.3,16.1,1,0,0,1
U003187,51,0.468,Jazan,9,6,3.5,9.5,1,0,0,1
U003188,39,0.529,Makkah,1,3,3.1,6.9,1,0,0,1
U003189,42,0.626,Makkah,1,7,0.7,21.6,1,1,1,1
U003190,56,0.721,Eastern,4,2,2.5,4.3,1,1,0,0
U003191,37,0.578,Makkah,1,6,0.0,5.2,0,1,0,1
U003192,50,0.092,Madinah,2,3,3.7,13.7,1,0,2,1
U003193,20,0.231,Eastern,4,2,2.5,18.6,1,0,1,1
U003194,63,0.253,Tabuk,6,0,3.7,18.0,1,0,0,0
U003195,35,0.204,Asir,5,0,3.3,11.3,1,0,0,0
U003196,66,0.209,Eastern,4,2,1.9,2.5,0,1,3,1
U003197,57,0.473,Riyadh,0,2,2.7,19.7,1,1,0,1
U003198,44,0.422,Jazan,9,2,2.0,13.2,1,1,2,0
U003199,69,0.427,Makkah,1,4,3.0,9.1,1,1,1,1
U003200,53,0.279,Riyadh,0,2,1.9,35.8,1,0,2,0
U003201,48,0.865,Eastern,4,5,0.5,45.2,1,1,0,1
U003202,57,0.22,Madinah,2,2,1.7,6.7,0,0,2,0
U003203,30,0.216,Jazan,9,3,0.9,2.7,0,1,1,1
U003204,64,0.12,Jazan,9,1,3.3,48.2,1,0,0,0
U003205,57,0.624,Tabuk,6,2,4.9,53.4,1,0,0,1
U003206,42,0.235,Eastern,4,4,3.9,22.2,1,1,1,1
U003207,30,0.48,Makkah,1,4,4.0,12.2,1,1,0,1
U003208,46,0.182,Eastern,4,0,2.5,23.8,1,1,4,0
U003209,50,0.901,Najran,10,2,2.1,7.2,1,0,1,1
U003210,51,0.369,Eastern,4,4,0.3,13.0,1,0,1,0
U003211,34,0.961,Makkah,1,3,2.1,32.5,1,1,4,1
U003212,31,0.761,Makkah,1,4,0.0,39.4,1,1,1,1
U003213,57,0.11,Eastern,4,2,3.5,17.9,1,0,2,0
U003214,38,0.403,Eastern,4,2,0.6,11.8,0,0,0,1
U003215,29,0.544,Najran,10,3,2.7,19.8,1,0,0,1
U003216,24,0.213,Riyadh,0,2,1.7,17.6,0,1,0,0
U003217,64,0.095,Makkah,1,2,1.8,17.1,1,0,1,1
U003218,50,0.595,Eastern,4,3,3.3,26.9,1,1,1,1
U003219,53,0.45,Eastern,4,2,4.3,0.9,0,0,1,1
U003220,40,0.191,Riyadh,0,2,2.8,12.6,1,0,1,1
U003221,68,0.917,Riyadh,0,4,0.5,16.0,1,0,0,1
U003222,28,0.495,Madinah,2,3,1.6,39.1,1,1,0,1
U003223,47,0.724,Riyadh,0,7,1.9,23.7,0,1,1,1
U003224,28,0.715,Makkah,1,3,2.6,3.8,1,1,2,0
U003225,52,0.827,Eastern,4,3,1.2,35.9,1,0,2,1
U003226,61,0.547,Hail,7,2,1.9,42.5,1,0,2,1
U003227,26,0.964,Riyadh,0,3,1.1,18.2,1,0,0,1
U003228,60,0.54,Riyadh,0,0,2.6,38.2,1,1,2,0
U003229,21,0.51,Riyadh,0,0,1.1,13.6,0,0,2,0
U003230,41,0.294,Riyadh,0,1,2.8,33.3,1,1,1,0
U003231,67,0.365,Najran,10,3,0.1,7.2,1,1,1,1
U003232,63,0.363,Makkah,1,2,3.3,14.8,0,0,0,0
U003233,49,0.56,Asir,5,4,1.5,3.1,1,1,1,1
U003234,45,0.415,Riyadh,0,3,1.7,55.5,1,0,0,1
U003235,42,0.138,Makkah,1,4,3.1,74.2,1,0,0,1
U003236,28,0.67,Riyadh,0,3,1.8,32.6,1,1,1,1
U003237,69,0.424,Makkah,1,5,2.7,18.7,1,1,2,0
U003238,33,0.724,Makkah,1,0,3.0,17.6,0,1,2,0
U003239,45,0.13,Makkah,1,1,3.0,21.2,1,0,2,0
U003240,40,0.71,Najran,10,4,2.7,13.5,0,1,0,1
U003241,24,0.371,Riyadh,0,2,3.6,19.7,1,0,2,1
U003242,52,0.477,Jazan,9,4,3.7,16.4,1,1,0,1
U003243,55,0.686,Madinah,2,4,2.2,27.7,1,1,1,1
U003244,30,0.734,Riyadh,0,2,1.7,15.3,1,0,0,0
U003245,22,0.572,Makkah,1,2,0.0,34.8,1,0,0,1
U003246,18,0.279,Makkah,1,4,0.5,16.6,0,1,2,0
U003247,40,0.53,Al Bahah,11,5,1.6,24.6,0,1,2,0
U003248,19,0.51,Makkah,1,6,2.5,53.4,1,1,1,1
U003249,58,0.545,Najran,10,6,0.6,20.0,1,1,2,1
U003250,68,0.353,Eastern,4,4,0.4,10.4,0,1,0,1
U003251,66,0.806,Eastern,4,3,1.5,62.4,1,0,2,1
U003252,35,0.741,Riyadh,0,2,1.1,8.8,1,0,0,0
U003253,60,0.377,Najran,10,3,2.9,21.6,1,0,1,0
U003254,55,0.799,Riyadh,0,3,0.0,2.8,1,1,1,0
U003255,63,0.112,Riyadh,0,3,2.3,6.6,0,0,1,0
U003256,19,0.39,Qassim,3,5,3.4,21.1,0,1,1,0
U003257,20,0.804,Riyadh,0,3,1.3,31.3,1,1,1,1
U003258,27,0.04,Al Jawf,12,0,3.4,78.0,1,0,1,0
U003259,53,0.472,Asir,5,2,1.0,32.3,1,0,1,0
U003260,24,0.586,Tabuk,6,5,1.5,72.1,1,1,1,0
U003261,20,0.078,Riyadh,0,2,3.7,8.9,1,0,1,0
U003262,22,0.229,Makkah,1,1,0.8,21.0,1,1,2,1
U003263,28,0.818,Jazan,9,7,2.5,13.5,1,1,1,1
U003264,56,0.775,Makkah,1,3,2.0,32.5,1,0,2,1
U003265,51,0.171,Makkah,1,2,2.0,11.8,1,0,0,0
U003266,25,0.772,Eastern,4,2,2.7,5.7,1,0,1,1
U003267,56,0.387,Eastern,4,3,2.4,24.6,0,0,0,0
U003268,29,0.344,Eastern,4,1,0.9,26.1,1,0,1,1
U003269,48,0.5,Qassim,3,4,1.5,27.4,0,0,0,1
U003270,59,0.579,Najran,10,1,3.7,91.5,1,0,0,1
U003271,48,0.676,Al Jawf,12,7,2.6,50.9,1,0,1,1
U003272,64,0.326,Eastern,4,2,1.3,21.5,0,0,0,1
U003273,39,0.488,Al Bahah,11,2,1.2,40.6,1,0,1,0
U003274,49,0.74,Eastern,4,7,1.9,17.8,0,1,0,1
U003275,69,0.755,Asir,5,3,1.2,39.6,1,1,0,1
U003276,37,0.051,Makkah,1,2,3.5,9.4,1,0,0,0
U003277,62,0.51,Eastern,4,2,1.9,47.5,1,0,0,1
U003278,37,0.575,Makkah,1,4,0.9,27.5,1,1,0,0
U003279,43,0.435,Madinah,2,3,1.7,29.2,1,0,1,0
U003280,54,0.796,Riyadh,0,7,1.3,5.9,1,1,0,1
U003281,25,0.557,Jazan,9,4,3.3,15.2,1,1,2,1
U003282,44,0.523,Tabuk,6,3,0.7,9.8,1,0,0,1
U003283,62,0.585,Northern Borders,8,5,2.5,58.6,1,0,1,0
U003284,25,0.271,Riyadh,0,2,3.9,10.2,0,0,0,1
U003285,27,0.508,Najran,10,6,0.8,17.4,1,0,1,1
U003286,38,0.745,Eastern,4,3,3.4,46.3,1,0,1,1
U003287,54,0.574,Qassim,3,0,1.5,53.0,1,0,2,0
U003288,54,0.523,Riyadh,0,6,1.2,15.7,1,0,1,0
U003289,21,0.699,Makkah,1,5,2.3,9.9,1,1,0,1
U003290,50,0.114,Najran,10,2,3.1,14.1,1,0,0,1
U003291,22,0.609,Makkah,1,7,3.7,12.1,1,0,2,1
U003292,56,0.94,Riyadh,0,4,0.2,19.0,1,1,0,1
U003293,26,0.217,Madinah,2,2,3.0,21.8,1,0,0,0
U003294,25,0.618,Eastern,4,2,2.0,18.7,1,0,0,1
U003295,29,0.461,Madinah,2,4,1.8,31.9,1,0,0,0
U003296,66,0.541,Jazan,9,3,2.0,3.4,0,1,0,1
U003297,57,0.785,Madinah,2,2,2.3,4.1,1,1,0,1
U003298,29,0.517,Al Bahah,11,4,2.0,16.4,1,0,1,0
U003299,26,0.298,Eastern,4,0,2.0,60.3,1,0,0,1
U003300,47,0.638,Makkah,1,3,2.6,13.3,1,1,0,1
U003301,39,0.913,Riyadh,0,2,2.6,18.8,1,1,1,1
U003302,40,0.471,Jazan,9,2,0.0,36.9,1,1,1,1
U003303,57,0.204,Qassim,3,0,3.5,21.7,1,0,2,0
U003304,53,0.578,Makkah,1,9,1.8,13.4,1,1,2,1
U003305,42,0.504,Eastern,4,2,0.6,35.7,1,1,1,0
U003306,60,0.251,Makkah,1,3,3.1,26.4,1,1,2,1
U003307,59,0.375,Hail,7,2,4.0,21.4,0,0,0,1
U003308,43,0.353,Eastern,4,2,3.8,38.8,1,0,0,1
U003309,23,0.818,Tabuk,6,1,2.6,15.2,1,0,0,1
U003310,58,0.151,Tabuk,6,1,1.8,18.4,0,0,1,0
U003311,62,0.677,Riyadh,0,8,3.0,12.4,0,1,1,1
U003312,21,0.383,Najran,10,3,2.1,17.0,1,0,0,1
U003313,42,0.242,Al Bahah,11,2,4.4,7.0,1,0,0,0
U003314,64,0.401,Hail,7,5,4.5,34.0,1,1,0,1
U003315,59,0.496,Tabuk,6,3,3.4,3.0,0,0,0,0
U003316,21,0.621,Riyadh,0,1,1.7,11.0,1,0,0,1
U003317,28,0.753,Makkah,1,2,1.5,83.9,1,1,1,1
U003318,55,0.588,Makkah,1,3,1.5,32.8,0,0,1,1
U003319,40,0.493,Qassim,3,2,3.7,19.6,0,0,0,0
U003320,52,0.713,Tabuk,6,4,2.0,5.6,0,1,0,1
U003321,35,0.389,Riyadh,0,1,0.0,28.6,1,0,0,0
U003322,61,0.573,Qassim,3,1,3.0,20.8,0,0,0,0
U003323,30,0.224,Eastern,4,1,1.6,53.0,1,1,0,1
U003324,31,0.359,Riyadh,0,2,1.5,10.0,1,1,1,1
U003325,48,0.776,Northern Borders,8,3,0.4,7.4,1,0,1,1
U003326,30,0.398,Riyadh,0,2,2.7,6.4,1,1,4,1
U003327,24,0.498,Madinah,2,4,2.8,74.8,1,0,1,1
U003328,33,0.198,Makkah,1,4,2.8,20.2,0,0,0,1
U003329,63,0.813,Makkah,1,5,3.9,17.7,1,1,2,0
U003330,47,0.731,Al Bahah,11,7,1.1,35.5,1,1,2,0
U003331,44,0.135,Riyadh,0,1,3.8,33.6,1,0,2,0
U003332,54,0.588,Eastern,4,2,0.0,12.4,1,0,1,1
U003333,40,0.473,Najran,10,1,1.5,52.2,1,1,0,0
U003334,64,0.364,Asir,5,7,1.4,1.6,0,0,0,0
U003335,29,0.254,Eastern,4,3,2.1,15.1,0,0,0,1
U003336,39,0.435,Makkah,1,5,2.9,19.9,1,1,2,0
U003337,54,0.86,Riyadh,0,5,0.0,39.1,1,0,0,0
U003338,18,0.359,Eastern,4,4,2.3,7.8,1,0,0,1
U003339,20,0.294,Makkah,1,6,2.7,17.2,1,0,0,1
U003340,32,0.409,Eastern,4,5,2.9,24.2,0,0,0,1
U003341,33,0.377,Najran,10,1,2.5,39.9,1,0,1,0
U003342,63,0.403,Hail,7,1,0.8,19.2,1,1,2,1
U003343,65,0.826,Makkah,1,3,1.7,17.1,1,1,2,1
U003344,46,0.582,Makkah,1,2,0.5,8.8,1,1,2,1
U003345,43,0.535,Riyadh,0,2,3.0,9.3,1,0,1,1
U003346,29,0.694,Tabuk,6,5,0.0,77.7,1,1,2,1
U003347,65,0.155,Riyadh,0,3,3.1,14.9,1,0,0,0
U003348,21,0.64,Al Jawf,12,4,0.0,24.7,1,1,0,1
U003349,48,0.245,Asir,5,0,1.9,16.4,0,0,0,0
U003350,58,0.33,Asir,5,4,2.8,54.1,1,1,2,1
U003351,54,0.654,Riyadh,0,6,0.0,50.6,1,1,1,1
U003352,68,0.862,Eastern,4,2,2.3,29.3,1,1,1,1
U003353,25,0.299,Tabuk,6,4,3.4,45.9,1,0,1,1
U003354,62,0.864,Eastern,4,1,2.0,4.4,1,0,1,1
U003355,58,0.09,Eastern,4,1,2.0,29.4,1,1,1,0
U003356,28,0.979,Makkah,1,3,0.2,19.4,1,1,1,1
U003357,18,0.515,Eastern,4,1,2.7,13.8,1,0,0,1
U003358,33,0.784,Riyadh,0,2,1.2,34.5,1,1,1,0
U003359,38,0.552,Riyadh,0,2,2.1,38.6,1,0,0,0
U003360,67,0.225,Eastern,4,2,3.0,14.2,1,0,1,0
U003361,68,0.938,Eastern,4,6,1.9,12.2,0,1,0,0
U003362,26,0.8,Qassim,3,6,2.2,10.6,1,1,0,0
U003363,43,0.661,Madinah,2,3,0.6,18.8,1,0,0,1
U003364,26,0.524,Riyadh,0,4,3.0,31.9,1,1,1,0
U003365,25,0.478,Eastern,4,2,1.9,6.3,0,0,0,1
U003366,38,0.699,Riyadh,0,3,0.0,14.3,1,1,2,0
U003367,45,0.487,Makkah,1,5,1.8,5.7,0,0,0,1
U003368,59,0.432,Tabuk,6,0,2.2,13.1,1,0,0,0
U003369,24,0.516,Eastern,4,0,0.2,33.2,1,0,1,0
U003370,37,0.385,Makkah,1,4,1.4,16.7,1,0,1,1
U003371,24,0.31,Najran,10,1,1.2,38.7,1,0,3,1
U003372,28,0.3,Makkah,1,2,2.8,43.6,1,1,2,0
U003373,37,0.267,Makkah,1,3,2.0,13.8,1,1,0,0
U003374,28,0.678,Qassim,3,3,0.0,12.5,1,1,2,1
U003375,52,0.645,Riyadh,0,3,1.0,22.8,1,1,1,0
U003376,26,0.402,Riyadh,0,2,3.1,22.4,0,1,1,1
U003377,23,0.856,Riyadh,0,4,0.8,8.4,1,1,0,1
U003378,39,0.378,Asir,5,3,4.2,5.9,1,0,0,1
U003379,63,0.343,Al Bahah,11,4,1.6,22.5,1,0,0,0
U003380,20,0.785,Eastern,4,9,3.0,90.4,1,1,3,1
U003381,35,0.748,Hail,7,3,0.6,26.5,1,0,0,1
U003382,28,0.371,Eastern,4,4,3.0,15.2,1,0,0,0
U003383,53,0.496,Eastern,4,1,3.5,22.0,1,0,0,0
U003384,48,0.208,Jazan,9,1,1.8,21.5,1,1,1,0
U003385,20,0.395,Jazan,9,5,3.6,1.5,0,1,0,1
U003386,23,0.173,Asir,5,1,3.9,1.8,1,0,2,0
U003387,59,0.903,Riyadh,0,7,0.9,20.7,1,1,1,1
U003388,48,0.394,Makkah,1,2,3.4,23.1,1,0,0,1
U003389,46,0.871,Asir,5,2,1.8,75.8,1,1,2,1
U003390,28,0.645,Al Bahah,11,2,3.2,2.0,1,0,1,1
U003391,59,0.421,Riyadh,0,2,1.9,23.0,1,0,0,0
U003392,56,0.575,Madinah,2,4,0.0,47.0,1,0,2,0
U003393,29,0.764,Eastern,4,5,1.6,31.2,0,1,1,1
U003394,51,0.852,Eastern,4,1,0.0,20.5,1,0,0,1
U003395,31,0.235,Makkah,1,1,3.0,33.7,1,0,2,0
U003396,35,0.057,Riyadh,0,1,3.6,37.5,1,0,1,0
U003397,56,0.194,Najran,10,2,1.6,34.1,0,0,0,1
U003398,27,0.201,Makkah,1,2,0.0,23.5,1,0,2,1
U003399,66,0.747,Asir,5,4,2.1,13.5,1,1,0,1
U003400,32,0.402,Madinah,2,0,2.3,34.6,1,0,1,0
U003401,50,0.537,Riyadh,0,4,3.8,23.5,1,0,0,1
U003402,55,0.277,Makkah,1,3,2.6,19.7,1,0,0,0
U003403,38,0.549,Madinah,2,2,2.1,22.5,1,1,2,0
U003404,23,0.784,Najran,10,4,0.8,46.4,1,0,1,1
U003405,60,0.738,Northern Borders,8,2,0.0,29.6,1,1,0,0
U003406,31,0.051,Hail,7,1,2.6,54.3,0,0,0,1
U003407,30,0.593,Asir,5,3,2.0,6.9,0,0,1,1
U003408,43,0.815,Hail,7,5,1.2,40.5,1,1,1,0
U003409,35,0.336,Qassim,3,4,2.9,7.7,0,0,1,1
U003410,61,0.67,Asir,5,4,1.9,8.0,1,1,0,1
U003411,62,0.74,Jazan,9,2,0.0,83.8,1,1,1,0
U003412,56,0.444,Riyadh,0,4,1.3,4.0,0,1,0,0
U003413,50,0.698,Riyadh,0,5,2.8,43.5,1,1,0,1
U003414,27,0.45,Makkah,1,3,3.8,23.9,1,0,1,1
U003415,31,0.103,Riyadh,0,2,4.2,63.0,1,0,0,1
U003416,38,0.577,Riyadh,0,1,0.3,9.7,1,0,0,1
U003417,62,0.438,Al Jawf,12,2,2.4,45.2,1,0,2,0
U003418,43,0.831,Eastern,4,3,2.0,5.9,1,1,0,0
U003419,55,0.717,Madinah,2,3,0.0,2.0,1,0,0,1
U003420,56,0.102,Riyadh,0,4,3.4,9.6,1,0,0,0
U003421,31,0.458,Makkah,1,1,3.7,33.2,1,0,1,1
U003422,60,0.767,Eastern,4,5,0.0,37.1,1,1,0,1
U003423,56,0.268,Makkah,1,2,1.9,13.0,1,1,0,1
U003424,40,0.199,Riyadh,0,1,3.0,14.0,0,1,1,1
U003425,42,0.832,Eastern,4,2,0.3,3.9,1,0,1,1
U003426,46,0.194,Eastern,4,3,2.5,33.9,1,0,1,1
U003427,51,0.254,Najran,10,4,0.8,27.5,1,1,1,1
U003428,20,0.436,Eastern,4,0,2.4,28.4,1,0,0,1
U003429,48,0.318,Makkah,1,6,0.0,41.2,1,1,0,1
U003430,30,0.349,Madinah,2,6,3.4,44.8,1,1,1,1
U003431,25,0.463,Riyadh,0,5,3.0,9.8,0,1,0,0
U003432,37,0.608,Hail,7,4,2.2,25.6,0,1,2,1
U003433,30,0.514,Eastern,4,3,1.7,10.7,0,1,4,0
U003434,25,0.599,Madinah,2,1,3.1,13.4,1,0,1,1
U003435,21,0.223,Al Jawf,12,1,1.6,16.6,1,0,0,0
U003436,34,0.373,Qassim,3,2,0.0,6.0,0,0,0,0
U003437,55,0.543,Eastern,4,2,2.3,9.5,1,0,1,1
U003438,18,0.778,Makkah,1,3,2.4,9.7,0,1,0,1
U003439,26,0.519,Eastern,4,4,0.4,16.6,1,0,1,1
U003440,55,0.051,Makkah,1,1,3.9,20.6,1,0,1,1
U003441,24,0.267,Al Jawf,12,0,3.5,15.6,0,0,0,0
U003442,56,0.418,Makkah,1,3,2.5,35.3,1,1,2,0
U003443,49,0.263,Asir,5,3,3.1,29.0,1,0,0,1
U003444,52,0.623,Madinah,2,6,0.7,86.2,1,1,1,1
U003445,41,0.524,Qassim,3,2,2.2,26.5,1,1,0,0
U003446,35,0.113,Riyadh,0,1,2.6,46.1,1,0,0,0
U003447,29,0.915,Makkah,1,4,2.0,58.7,1,1,2,0
U003448,62,0.11,Eastern,4,2,4.4,4.9,1,0,1,1
U003449,57,0.793,Eastern,4,5,2.5,20.7,1,1,3,0
U003450,26,0.279,Riyadh,0,3,2.7,8.2,1,1,1,1
U003451,21,0.529,Jazan,9,3,0.0,19.5,1,1,2,1
U003452,21,0.036,Makkah,1,1,3.1,21.0,0,0,0,0
U003453,25,0.33,Riyadh,0,1,1.9,27.7,0,1,2,0
U003454,62,0.6,Riyadh,0,3,2.6,12.2,1,1,1,1
U003455,53,0.971,Jazan,9,6,0.1,12.8,1,1,4,1
U003456,43,0.304,Makkah,1,2,2.3,23.7,1,0,0,0
U003457,69,0.187,Eastern,4,6,4.2,20.3,1,1,0,1
U003458,51,0.234,Makkah,1,2,1.9,1.7,1,1,1,0
U003459,18,0.257,Riyadh,0,1,3.8,27.3,1,0,0,0
U003460,21,0.555,Eastern,4,4,1.6,22.3,1,1,1,0
U003461,21,0.46,Makkah,1,2,0.5,10.2,1,1,1,1
U003462,57,0.634,Jazan,9,7,1.4,4.3,1,1,2,0
U003463,64,0.625,Eastern,4,6,1.2,2.9,1,1,0,1
U003464,36,0.251,Makkah,1,6,2.8,46.2,1,1,3,0
U003465,28,0.301,Al Bahah,11,3,0.2,70.3,1,0,1,0
U003466,18,0.446,Eastern,4,3,0.8,36.4,1,0,0,0
U003467,35,0.301,Asir,5,0,3.4,13.0,0,1,2,1
U003468,65,0.549,Makkah,1,5,1.2,18.4,1,1,3,0
U003469,26,0.366,Eastern,4,4,2.6,45.4,1,1,1,1
U003470,20,0.779,Makkah,1,2,0.5,54.9,1,1,1,1
U003471,32,0.255,Northern Borders,8,2,2.5,5.5,1,1,1,1
U003472,42,0.696,Qassim,3,8,0.9,6.9,1,0,0,1
U003473,67,0.642,Eastern,4,3,3.6,19.9,0,1,0,1
U003474,67,0.244,Al Jawf,12,1,3.8,6.0,1,0,1,0
U003475,37,0.354,Riyadh,0,2,1.9,27.0,1,1,1,1
U003476,68,0.219,Riyadh,0,1,4.1,14.4,1,0,1,0
U003477,29,0.153,Riyadh,0,2,4.2,20.4,0,0,0,1
U003478,59,0.522,Riyadh,0,3,1.2,21.0,1,1,0,1
U003479,25,0.484,Tabuk,6,6,1.9,4.0,0,0,0,1
U003480,59,0.637,Riyadh,0,4,1.6,2.3,1,0,0,1
U003481,20,0.854,Hail,7,4,2.5,64.3,1,1,2,1
U003482,44,0.286,Riyadh,0,2,3.3,27.2,0,0,0,1
U003483,19,0.1,Riyadh,0,4,2.7,22.0,1,1,4,0
U003484,52,0.706,Eastern,4,5,1.2,63.9,1,1,1,1
U003485,18,0.244,Eastern,4,3,0.6,12.7,1,1,2,0
U003486,61,0.422,Jazan,9,5,3.6,61.8,0,0,1,0
U003487,62,0.614,Riyadh,0,0,2.8,36.5,1,0,1,0
U003488,28,0.297,Makkah,1,1,3.8,26.5,0,0,1,1
U003489,50,0.407,Makkah,1,5,2.6,67.7,1,1,1,1
U003490,28,0.097,Madinah,2,3,2.2,21.7,1,0,0,1
U003491,19,0.393,Makkah,1,1,1.1,19.2,1,1,0,0
U003492,65,0.234,Riyadh,0,1,2.0,24.1,1,0,0,1
U003493,21,0.579,Eastern,4,5,4.0,21.4,1,0,0,0
U003494,24,0.485,Eastern,4,2,3.6,10.8,1,0,1,1
U003495,46,0.037,Makkah,1,3,2.6,50.1,1,0,0,0
U003496,53,0.825,Hail,7,10,1.4,16.8,0,1,0,1
U003497,66,0.759,Eastern,4,4,2.4,10.6,1,1,0,1
U003498,20,0.511,Riyadh,0,2,0.2,5.8,1,0,0,0
U003499,29,0.395,Riyadh,0,2,3.6,23.5,1,0,0,0
U003500,42,0.38,Riyadh,0,2,0.9,46.0,1,0,0,1
U003501,26,0.593,Tabuk,6,3,1.8,20.2,1,0,0,0
U003502,49,0.572,Riyadh,0,5,0.2,25.2,1,1,0,1
U003503,25,0.575,Riyadh,0,2,1.0,4.1,1,0,1,1
U003504,31,0.647,Eastern,4,2,0.0,13.1,0,0,0,1
U003505,69,0.194,Riyadh,0,6,2.3,35.9,1,0,0,0
U003506,45,0.231,Hail,7,0,3.1,8.8,1,0,0,0
U003507,51,0.597,Asir,5,5,2.4,6.4,1,0,0,1
U003508,36,0.086,Makkah,1,1,1.8,64.0,0,1,2,0
U003509,33,0.841,Riyadh,0,6,2.2,28.8,1,1,1,1
U003510,27,0.633,Asir,5,5,0.5,25.9,1,1,1,1
U003511,21,0.261,Eastern,4,0,1.0,31.3,1,0,2,0
U003512,56,0.498,Makkah,1,3,1.5,33.5,1,1,0,0
U003513,44,0.551,Riyadh,0,5,1.4,17.2,1,0,0,0
U003514,50,0.627,Makkah,1,4,1.7,38.6,0,0,0,1
U003515,46,0.394,Makkah,1,3,2.6,6.3,1,0,0,0
U003516,67,0.204,Hail,7,1,3.2,9.1,0,0,0,0
U003517,59,0.976,Asir,5,3,0.0,40.0,1,1,1,1
U003518,50,0.779,Makkah,1,1,2.7,23.5,1,1,0,0
U003519,59,0.688,Najran,10,6,0.8,27.9,1,1,0,1
U003520,21,0.531,Hail,7,6,0.0,17.4,1,1,3,1
U003521,38,0.548,Eastern,4,3,2.7,1.8,1,0,1,0
U003522,52,0.134,Hail,7,2,4.3,16.4,0,1,1,1
U003523,31,0.552,Makkah,1,3,2.7,12.8,1,0,0,0
U003524,34,0.296,Najran,10,3,3.1,1.6,0,1,3,0
U003525,28,0.084,Riyadh,0,0,4.4,10.2,1,0,0,0
U003526,27,0.302,Najran,10,2,0.5,17.7,1,0,1,1
U003527,52,0.362,Makkah,1,1,4.6,29.0,1,1,1,0
U003528,29,0.365,Riyadh,0,2,1.5,27.2,0,0,1,0
U003529,20,0.431,Riyadh,0,5,1.8,10.4,1,1,2,1
U003530,55,0.829,Eastern,4,5,0.0,53.8,1,0,1,1
U003531,50,0.359,Madinah,2,2,3.4,26.5,0,0,1,0
U003532,46,0.31,Eastern,4,4,3.7,31.4,1,1,3,1
U003533,61,0.453,Northern Borders,8,2,2.4,14.1,1,0,1,0
U003534,25,0.215,Asir,5,3,3.7,8.6,0,0,1,0
U003535,65,0.487,Makkah,1,2,1.4,23.1,0,0,1,1
U003536,60,0.623,Al Bahah,11,2,1.8,27.0,1,0,1,1
U003537,53,0.337,Al Bahah,11,5,1.3,60.6,1,1,2,1
U003538,21,0.823,Riyadh,0,2,1.9,8.2,1,1,1,1
U003539,20,0.401,Asir,5,1,1.5,34.1,1,0,1,0
U003540,40,0.414,Riyadh,0,4,2.2,11.3,1,0,1,1
U003541,62,0.115,Makkah,1,3,1.8,21.5,0,1,2,1
U003542,39,0.541,Makkah,1,2,2.2,25.4,1,1,0,1
U003543,52,0.57,Riyadh,0,2,4.5,29.3,0,1,0,1
U003544,68,0.627,Riyadh,0,3,0.8,14.8,1,0,0,0
U003545,31,0.406,Makkah,1,3,3.5,14.2,0,1,1,1
U003546,27,0.125,Riyadh,0,1,2.9,37.3,1,1,0,1
U003547,29,0.167,Asir,5,2,1.9,34.2,1,0,0,1
U003548,23,0.457,Riyadh,0,1,3.1,5.3,1,0,2,1
U003549,66,0.27,Jazan,9,1,1.2,37.6,1,0,0,1
U003550,23,0.802,Qassim,3,2,1.6,50.9,1,1,1,0
U003551,46,0.201,Makkah,1,1,1.0,8.7,0,1,2,0
U003552,43,0.783,Riyadh,0,9,1.9,4.2,1,0,0,1
U003553,66,0.376,Eastern,4,2,4.8,12.4,1,1,2,0
U003554,26,0.256,Makkah,1,2,2.8,3.1,1,0,0,1
U003555,34,0.626,Jazan,9,1,1.5,16.5,1,1,1,0
U003556,32,0.653,Riyadh,0,4,1.3,19.8,1,1,1,0
U003557,53,0.721,Asir,5,2,1.1,11.7,1,0,1,0
U003558,66,0.771,Makkah,1,3,0.4,32.5,1,1,2,1
U003559,69,0.659,Riyadh,0,5,0.6,11.5,1,1,1,1
U003560,46,0.509,Qassim,3,2,2.7,6.9,1,0,1,0
U003561,19,0.841,Makkah,1,2,2.1,6.9,0,0,1,1
U003562,21,0.397,Hail,7,2,1.5,17.9,1,0,1,0
U003563,34,0.486,Asir,5,2,1.5,25.4,1,1,0,0
U003564,53,0.407,Makkah,1,3,2.7,9.2,0,0,0,1
U003565,38,0.539,Northern Borders,8,6,1.8,55.1,1,1,0,1
U003566,46,0.664,Riyadh,0,5,3.6,29.9,0,1,0,1
U003567,28,0.788,Qassim,3,2,2.0,18.5,1,0,0,1
U003568,27,0.288,Asir,5,4,3.3,20.2,1,1,1,1
U003569,59,0.716,Asir,5,0,1.0,10.1,1,1,0,1
U003570,39,0.534,Al Jawf,12,2,2.7,38.8,1,0,0,1
U003571,31,0.328,Makkah,1,4,3.3,19.1,0,1,2,0
U003572,52,0.637,Makkah,1,2,0.0,15.4,1,0,0,0
U003573,44,0.101,Northern Borders,8,4,1.2,21.8,0,0,0,0
U003574,26,0.106,Eastern,4,2,2.3,15.2,1,0,0,1
U003575,45,0.489,Eastern,4,4,2.1,16.2,1,1,0,1
U003576,34,0.565,Eastern,4,4,0.8,14.2,1,0,0,0
U003577,60,0.332,Makkah,1,1,1.3,17.7,1,0,1,0
U003578,47,0.432,Qassim,3,5,1.4,8.4,0,0,0,0
U003579,29,0.672,Riyadh,0,1,2.0,27.2,1,1,0,0
U003580,39,0.492,Riyadh,0,6,3.4,59.3,1,1,0,1
U003581,68,0.873,Hail,7,5,1.9,0.6,1,0,0,0
U003582,51,0.585,Qassim,3,3,0.9,61.3,1,1,2,1
U003583,31,0.496,Riyadh,0,3,1.6,25.8,1,1,0,1
U003584,54,0.433,Riyadh,0,7,2.5,47.1,1,0,1,1
U003585,40,0.387,Tabuk,6,4,0.0,26.3,1,0,1,1
U003586,34,0.674,Madinah,2,1,1.4,27.6,1,0,2,1
U003587,52,0.905,Riyadh,0,4,4.7,32.5,1,1,1,1
U003588,25,0.639,Al Jawf,12,4,3.2,19.8,1,1,1,0
U003589,45,0.294,Riyadh,0,3,1.6,17.4,1,0,2,1
U003590,58,0.053,Makkah,1,0,3.5,22.1,1,0,0,1
U003591,30,0.922,Jazan,9,4,2.0,8.3,1,0,2,1
U003592,68,0.568,Jazan,9,3,4.7,23.2,1,0,1,0
U003593,62,0.662,Riyadh,0,3,2.3,25.8,1,1,2,1
U003594,60,0.084,Asir,5,1,1.6,23.2,1,0,1,1
U003595,29,0.197,Riyadh,0,0,3.1,54.7,1,0,0,1
U003596,26,0.904,Al Jawf,12,6,1.3,20.2,1,1,0,0
U003597,35,0.49,Eastern,4,4,2.5,5.1,1,1,1,0
U003598,64,0.447,Al Jawf,12,2,1.3,14.7,1,0,1,0
U003599,52,0.77,Najran,10,1,1.5,15.6,1,0,0,1
U003600,27,0.352,Eastern,4,4,3.5,21.0,1,0,1,1
U003601,45,0.639,Asir,5,4,1.3,20.0,1,1,0,1
U003602,63,0.377,Makkah,1,2,0.0,35.6,1,0,0,1
U003603,37,0.234,Northern Borders,8,2,2.3,13.9,1,0,0,0
U003604,33,0.475,Eastern,4,1,1.2,19.4,1,1,0,0
U003605,62,0.538,Makkah,1,4,2.1,49.2,1,1,1,0
U003606,38,0.831,Jazan,9,7,0.7,7.5,0,1,1,1
U003607,24,0.449,Makkah,1,1,5.4,16.3,1,0,0,0
U003608,50,0.462,Makkah,1,7,2.6,45.1,1,1,2,1
U003609,21,0.885,Tabuk,6,5,2.7,7.0,1,0,0,1
U003610,66,0.635,Riyadh,0,4,0.4,11.2,1,1,2,1
U003611,20,0.295,Riyadh,0,3,1.6,6.7,0,0,3,0
U003612,52,0.799,Eastern,4,5,0.0,35.1,1,1,0,1
U003613,22,0.536,Madinah,2,3,0.6,56.8,1,0,0,1
U003614,31,0.43,Riyadh,0,1,1.5,7.8,1,1,0,1
U003615,45,0.349,Qassim,3,1,2.4,17.4,1,0,0,1
U003616,58,0.731,Madinah,2,2,1.4,2.7,1,0,1,0
U003617,40,0.107,Makkah,1,1,2.1,7.0,1,0,0,0
U003618,62,0.702,Makkah,1,2,0.2,50.3,1,1,1,1
U003619,67,0.86,Eastern,4,3,1.3,22.5,1,1,2,1
U003620,62,0.86,Riyadh,0,4,0.1,3.9,1,1,1,0
U003621,33,0.478,Qassim,3,4,2.0,19.2,1,0,0,1
U003622,30,0.302,Eastern,4,3,1.8,82.7,1,0,0,1
U003623,59,0.561,Makkah,1,1,1.8,26.6,1,1,0,1
U003624,64,0.558,Madinah,2,6,3.2,20.4,1,0,0,1
U003625,40,0.255,Riyadh,0,2,2.6,12.8,1,0,0,0
U003626,66,0.448,Riyadh,0,4,1.9,10.2,1,0,1,0
U003627,30,0.797,Eastern,4,3,3.1,15.7,1,0,1,1
U003628,56,0.142,Madinah,2,3,0.4,49.7,1,1,2,0
U003629,35,0.191,Riyadh,0,2,2.6,20.9,1,0,0,0
U003630,49,0.505,Makkah,1,6,3.4,26.1,0,0,0,1
U003631,48,0.339,Eastern,4,1,2.6,29.8,1,0,0,0
U003632,20,0.344,Riyadh,0,1,4.4,17.0,1,1,2,1
U003633,20,0.135,Eastern,4,3,3.3,46.9,1,0,1,1
U003634,27,0.397,Riyadh,0,1,2.2,6.6,0,0,0,1
U003635,51,0.57,Makkah,1,0,2.8,9.9,1,0,0,0
U003636,68,0.627,Makkah,1,5,2.7,21.0,1,1,1,0
U003637,45,0.553,Eastern,4,3,2.8,24.6,0,0,0,0
U003638,69,0.543,Eastern,4,2,4.4,20.8,1,0,0,0
U003639,43,0.532,Riyadh,0,2,1.4,18.6,1,0,0,0
U003640,54,0.761,Riyadh,0,5,0.0,28.7,1,1,0,0
U003641,46,0.425,Makkah,1,2,0.8,10.8,1,1,1,1
U003642,54,0.934,Riyadh,0,2,2.9,66.0,1,0,0,1
U003643,23,0.495,Asir,5,5,1.7,21.0,1,0,0,1
U003644,55,0.899,Al Jawf,12,1,1.3,36.8,1,0,1,0
U003645,23,0.85,Riyadh,0,6,1.2,3.6,1,1,0,1
U003646,65,0.391,Riyadh,0,4,1.4,25.1,1,1,1,1
U003647,62,0.406,Makkah,1,1,2.2,41.1,1,1,1,1
U003648,43,0.65,Riyadh,0,2,2.1,12.4,1,1,0,0
U003649,47,0.521,Qassim,3,2,3.8,16.6,1,1,2,0
U003650,55,0.363,Northern Borders,8,2,1.7,22.6,1,0,0,0
U003651,41,0.204,Hail,7,2,4.7,3.9,1,0,0,0
U003652,42,0.533,Eastern,4,4,1.7,8.5,1,0,0,0
U003653,63,0.182,Riyadh,0,2,2.2,29.7,1,0,0,0
U003654,67,0.353,Makkah,1,3,0.0,15.3,0,1,2,1
U003655,32,0.59,Madinah,2,1,4.7,35.6,1,0,0,1
U003656,61,0.195,Riyadh,0,8,1.7,18.2,1,0,0,0
U003657,35,0.467,Al Jawf,12,1,3.1,26.7,1,1,0,0
U003658,43,0.165,Asir,5,0,2.1,35.1,1,0,1,1
U003659,67,0.328,Eastern,4,1,2.6,13.0,0,1,0,0
U003660,20,0.163,Madinah,2,1,4.1,15.9,1,0,0,0
U003661,38,0.311,Makkah,1,1,2.8,7.2,1,1,0,0
U003662,25,0.51,Makkah,1,5,2.1,11.9,1,0,1,1
U003663,50,0.885,Makkah,1,7,2.9,8.1,1,1,1,1
U003664,41,0.691,Northern Borders,8,4,1.7,14.3,1,1,2,1
U003665,59,0.989,Makkah,1,6,0.0,33.6,1,1,1,1
U003666,31,0.561,Makkah,1,4,2.2,25.4,1,1,1,1
U003667,20,0.546,Asir,5,3,2.1,60.9,1,0,1,0
U003668,21,0.329,Eastern,4,1,2.1,9.2,1,1,3,1
U003669,35,0.074,Madinah,2,3,3.0,20.2,1,0,1,0
U003670,39,0.665,Riyadh,0,3,2.2,8.2,0,1,1,1
U003671,18,0.697,Eastern,4,4,0.8,12.3,1,0,1,1
U003672,25,0.718,Makkah,1,5,0.0,9.9,1,1,1,1
U003673,47,0.859,Makkah,1,5,2.3,11.0,1,1,0,1
U003674,23,0.177,Eastern,4,3,0.6,17.8,1,0,0,0
U003675,31,0.536,Qassim,3,2,0.4,14.9,1,0,0,1
U003676,52,0.274,Makkah,1,3,2.8,24.7,1,0,0,1
U003677,54,0.747,Qassim,3,4,1.9,19.4,1,0,0,1
U003678,58,0.835,Makkah,1,6,2.7,41.8,1,1,4,0
U003679,28,0.238,Asir,5,2,1.2,23.9,1,0,1,0
U003680,25,0.728,Jazan,9,2,0.5,17.1,1,0,0,0
U003681,51,0.761,Makkah,1,9,0.9,1.1,1,1,3,1
U003682,55,0.266,Al Bahah,11,3,2.9,61.9,1,1,1,0
U003683,40,0.608,Jazan,9,3,1.1,63.2,1,0,0,0
U003684,61,0.215,Makkah,1,1,2.5,45.1,0,0,0,0
U003685,28,0.815,Makkah,1,6,0.0,26.8,1,0,1,1
U003686,55,0.523,Makkah,1,2,2.4,38.5,1,0,1,1
U003687,18,0.539,Riyadh,0,4,2.4,10.1,0,0,2,1
U003688,57,0.444,Makkah,1,1,2.5,9.7,1,0,0,1
U003689,29,0.602,Madinah,2,2,3.8,15.8,1,1,0,1
U003690,45,0.288,Riyadh,0,1,2.8,21.7,1,0,1,0
U003691,45,0.305,Makkah,1,5,1.2,8.2,1,1,0,1
U003692,28,0.453,Asir,5,8,3.8,21.2,0,0,0,1
U003693,53,0.694,Makkah,1,6,2.0,39.5,1,0,0,1
U003694,60,0.204,Asir,5,5,2.8,43.2,1,0,0,1
U003695,46,0.451,Riyadh,0,3,0.8,18.3,1,1,1,1
U003696,50,0.425,Hail,7,2,2.5,39.6,1,1,2,1
U003697,36,0.731,Makkah,1,2,3.0,28.7,0,0,0,0
U003698,49,0.87,Al Jawf,12,2,0.0,42.9,1,1,1,0
U003699,18,0.567,Riyadh,0,3,1.4,26.3,0,0,0,0
U003700,27,0.613,Madinah,2,2,1.0,11.8,0,1,1,0
U003701,26,0.135,Makkah,1,1,4.0,8.2,1,0,0,0
U003702,19,0.782,Eastern,4,4,2.3,11.7,1,0,0,1
U003703,58,0.488,Riyadh,0,6,2.7,10.4,1,1,0,1
U003704,66,0.757,Eastern,4,0,0.3,8.6,1,1,4,1
U003705,59,0.534,Makkah,1,4,0.0,24.8,0,1,5,1
U003706,43,0.301,Eastern,4,3,0.0,12.6,0,0,1,1
U003707,26,0.32,Hail,7,2,1.8,25.4,1,1,0,0
U003708,22,0.411,Makkah,1,1,1.4,10.5,1,0,0,0
U003709,20,0.303,Qassim,3,4,2.2,32.1,0,0,1,1
U003710,20,0.713,Eastern,4,5,0.4,14.8,1,0,0,0
U003711,65,0.696,Riyadh,0,4,1.4,23.1,1,0,0,0
U003712,56,0.402,Madinah,2,4,3.1,9.1,1,0,1,1
U003713,63,0.393,Tabuk,6,1,2.4,31.6,1,0,0,1
U003714,53,0.812,Eastern,4,4,0.4,27.8,1,1,0,1
U003715,24,0.809,Al Jawf,12,1,0.5,73.3,1,0,0,0
U003716,57,0.685,Makkah,1,2,0.0,11.1,1,1,2,1
U003717,30,0.811,Eastern,4,3,2.6,13.2,1,1,0,0
U003718,64,0.698,Eastern,4,2,0.7,7.2,1,0,0,1
U003719,43,0.469,Riyadh,0,1,2.4,28.7,1,0,2,1
U003720,46,0.101,Riyadh,0,1,2.3,26.5,1,0,0,0
U003721,18,0.648,Makkah,1,1,1.8,12.8,0,1,0,1
U003722,33,0.409,Makkah,1,4,2.2,31.0,1,1,1,1
U003723,43,0.943,Madinah,2,1,1.4,11.2,1,1,1,1
U003724,36,0.791,Makkah,1,3,0.0,13.8,1,1,0,0
U003725,31,0.812,Riyadh,0,2,1.2,4.9,1,1,1,1
U003726,44,0.613,Madinah,2,3,1.4,6.5,1,1,0,0
U003727,18,0.303,Al Jawf,12,3,2.6,11.3,1,0,1,0
U003728,18,0.426,Jazan,9,3,2.1,23.0,1,0,3,1
U003729,30,0.284,Riyadh,0,2,2.7,16.0,1,0,0,1
U003730,33,0.389,Makkah,1,1,2.8,18.3,1,1,0,0
U003731,26,0.48,Makkah,1,4,3.7,6.2,1,0,1,1
U003732,29,0.328,Jazan,9,2,2.6,23.7,1,1,0,1
U003733,29,0.931,Makkah,1,1,0.1,5.6,1,0,1,1
U003734,46,0.759,Riyadh,0,4,3.1,31.4,1,0,0,0
U003735,41,0.307,Jazan,9,0,1.3,15.0,1,0,0,1
U003736,24,0.639,Makkah,1,2,1.2,7.3,0,0,1,0
U003737,30,0.586,Hail,7,5,1.8,40.1,1,1,2,1
U003738,41,0.752,Riyadh,0,8,0.0,12.4,1,1,1,1
U003739,33,0.054,Asir,5,4,5.0,20.8,1,1,6,0
U003740,50,0.949,Makkah,1,4,1.4,31.0,1,1,1,1
U003741,35,0.844,Eastern,4,5,0.2,47.0,1,1,1,1
U003742,31,0.455,Makkah,1,0,2.3,8.6,1,0,1,0
U003743,39,0.438,Asir,5,3,3.1,12.5,1,1,3,1
U003744,44,0.306,Eastern,4,0,2.8,8.3,0,0,1,1
U003745,45,0.43,Madinah,2,2,1.9,13.6,1,0,0,1
U003746,69,0.638,Jazan,9,4,0.6,15.1,1,0,2,1
U003747,27,0.346,Makkah,1,1,3.4,36.1,1,0,1,0
U003748,39,0.557,Madinah,2,1,0.5,35.1,1,1,1,0
U003749,41,0.221,Riyadh,0,0,3.5,52.3,1,0,1,0
U003750,37,0.288,Riyadh,0,3,1.7,12.6,0,0,1,1
U003751,35,0.452,Asir,5,2,3.6,21.3,0,0,0,1
U003752,68,0.856,Makkah,1,7,0.0,10.7,0,1,1,1
U003753,41,0.487,Asir,5,4,2.5,7.9,1,0,0,0
U003754,31,0.785,Hail,7,5,0.4,44.3,1,1,0,1
U003755,31,0.502,Eastern,4,4,1.4,5.3,1,0,0,1
U003756,66,0.412,Riyadh,0,4,2.4,26.0,1,0,3,0
U003757,19,0.504,Jazan,9,2,1.2,2.3,0,0,2,1
U003758,21,0.761,Jazan,9,3,0.6,12.8,0,1,2,0
U003759,48,0.512,Northern Borders,8,1,3.1,35.8,1,1,1,0
U003760,38,0.919,Madinah,2,6,0.5,18.3,1,1,1,1
U003761,21,0.381,Riyadh,0,5,0.8,10.3,0,1,1,1
U003762,65,0.775,Madinah,2,4,2.4,11.5,1,0,0,1
U003763,54,0.627,Eastern,4,2,1.0,51.2,1,0,0,1
U003764,47,0.389,Qassim,3,1,1.8,43.8,1,0,1,0
U003765,46,0.768,Riyadh,0,6,1.6,46.4,1,0,1,1
U003766,35,0.865,Asir,5,4,1.5,44.4,1,1,1,1
U003767,40,0.549,Eastern,4,3,2.2,7.5,1,1,2,1
U003768,25,0.147,Tabuk,6,4,1.8,10.7,1,0,1,0
U003769,27,0.487,Eastern,4,3,1.3,28.5,1,0,1,1
U003770,62,0.407,Madinah,2,5,1.9,32.8,0,0,2,1
U003771,67,0.368,Asir,5,1,2.8,19.5,1,0,0,0
U003772,51,0.681,Riyadh,0,5,1.5,18.5,1,0,1,1
U003773,40,0.7,Eastern,4,1,1.5,7.1,0,0,1,0
U003774,51,0.532,Riyadh,0,4,2.6,30.5,1,0,0,1
U003775,20,0.221,Hail,7,1,1.6,15.3,1,0,1,0
U003776,43,0.585,Al Bahah,11,0,0.5,11.7,0,1,2,1
U003777,60,0.71,Northern Borders,8,4,2.2,36.4,1,1,1,0
U003778,23,0.103,Al Bahah,11,2,2.0,23.0,1,0,1,1
U003779,56,0.083,Makkah,1,3,3.8,13.7,1,0,1,1
U003780,69,0.408,Riyadh,0,1,0.3,1.6,1,1,1,1
U003781,36,0.496,Najran,10,6,2.1,33.3,1,0,0,1
U003782,55,0.581,Eastern,4,2,1.1,47.4,1,0,0,0
U003783,69,0.493,Eastern,4,2,2.4,12.8,1,0,0,1
U003784,62,0.549,Asir,5,0,2.4,39.6,1,0,1,1
U003785,19,0.544,Makkah,1,4,2.3,59.9,1,1,1,0
U003786,54,0.625,Hail,7,3,1.9,10.0,1,1,3,1
U003787,24,0.366,Makkah,1,2,3.6,59.1,1,0,1,0
U003788,28,0.885,Jazan,9,3,0.7,30.4,1,1,0,1
U003789,50,0.184,Makkah,1,2,2.4,23.9,0,0,0,0
U003790,51,0.722,Tabuk,6,8,1.1,47.2,1,1,0,0
U003791,20,0.509,Eastern,4,1,0.9,26.1,1,0,0,1
U003792,27,0.69,Eastern,4,3,2.3,3.6,1,1,2,1
U003793,65,0.793,Jazan,9,2,1.9,17.5,1,1,2,1
U003794,48,0.963,Eastern,4,4,2.0,3.6,0,1,1,0
U003795,60,0.771,Najran,10,2,0.9,19.2,1,1,3,0
U003796,49,0.36,Eastern,4,2,5.4,50.7,1,1,0,1
U003797,33,0.82,Riyadh,0,6,1.3,13.4,1,1,1,0
U003798,47,0.515,Madinah,2,4,0.8,39.8,1,1,0,0
U003799,38,0.023,Eastern,4,1,1.5,32.9,0,0,0,1
U003800,35,0.815,Hail,7,4,0.0,33.7,1,1,1,1
U003801,64,0.627,Eastern,4,3,1.8,21.2,1,1,3,1
U003802,38,0.817,Riyadh,0,5,0.0,45.4,1,0,0,1
U003803,54,0.695,Asir,5,2,1.3,29.5,1,1,2,1
U003804,49,0.819,Eastern,4,1,1.9,38.4,1,0,0,1
U003805,23,0.264,Riyadh,0,2,0.0,2.3,1,0,1,1
U003806,38,0.311,Eastern,4,6,0.7,15.4,1,1,0,1
U003807,51,0.621,Qassim,3,2,2.2,17.3,1,1,0,1
U003808,25,0.441,Riyadh,0,5,3.3,41.9,1,0,1,0
U003809,58,0.296,Madinah,2,4,1.4,37.3,1,1,3,1
U003810,60,0.366,Makkah,1,4,2.4,12.0,1,0,1,1
U003811,55,0.528,Tabuk,6,2,2.3,12.3,1,0,1,1
U003812,39,0.143,Riyadh,0,2,1.7,24.2,1,0,2,0
U003813,53,0.786,Eastern,4,4,0.0,57.6,1,0,2,1
U003814,38,0.361,Asir,5,0,1.2,8.3,0,0,1,1
U003815,60,0.53,Makkah,1,5,0.5,39.7,1,1,4,1
U003816,33,0.11,Eastern,4,3,2.5,60.5,1,0,2,0
U003817,24,0.58,Riyadh,0,6,1.2,7.3,1,1,0,1
U003818,68,0.14,Al Bahah,11,2,5.4,6.4,0,0,0,1
U003819,48,0.609,Eastern,4,2,3.3,51.0,0,0,0,1
U003820,48,0.914,Eastern,4,4,0.0,49.3,1,0,1,1
U003821,61,0.268,Riyadh,0,3,4.2,88.1,1,1,2,1
U003822,52,0.642,Makkah,1,1,1.7,12.4,1,0,1,1
U003823,52,0.345,Madinah,2,5,0.9,70.3,1,1,1,1
U003824,58,0.568,Makkah,1,4,0.3,3.7,1,0,0,0
U003825,51,0.593,Tabuk,6,2,1.1,24.4,1,0,0,1
U003826,33,0.385,Makkah,1,1,3.1,19.1,1,0,0,1
U003827,52,0.31,Eastern,4,2,3.0,4.5,1,1,0,1
U003828,39,0.153,Makkah,1,0,2.6,14.6,1,0,2,0
U003829,44,0.148,Riyadh,0,3,3.0,25.4,1,1,0,1
U003830,22,0.286,Asir,5,3,2.5,14.9,1,0,1,1
U003831,21,0.728,Madinah,2,4,2.5,9.7,1,1,1,1
U003832,48,0.359,Makkah,1,7,2.5,25.5,1,0,1,0
U003833,56,0.502,Madinah,2,8,2.7,64.1,1,0,0,1
U003834,37,0.234,Madinah,2,2,3.5,36.1,1,0,0,0
U003835,52,0.462,Makkah,1,3,1.7,35.1,0,1,1,1
U003836,25,0.818,Riyadh,0,3,1.6,6.4,1,1,0,0
U003837,65,0.106,Hail,7,2,6.2,32.5,1,0,0,1
U003838,20,0.615,Hail,7,8,1.7,45.6,1,0,0,0
U003839,57,0.155,Hail,7,3,2.8,10.4,0,0,4,0
U003840,43,0.316,Asir,5,4,2.4,40.4,1,0,1,0
U003841,61,0.686,Riyadh,0,5,2.5,25.1,1,1,1,1
U003842,32,0.354,Northern Borders,8,2,2.6,70.2,1,0,1,0
U003843,44,0.436,Madinah,2,2,2.5,15.2,1,1,2,1
U003844,23,0.196,Jazan,9,1,2.0,33.0,1,0,1,1
U003845,48,0.444,Riyadh,0,2,2.1,13.0,0,0,0,1
U003846,67,0.353,Riyadh,0,3,2.5,38.2,0,0,1,0
U003847,29,0.506,Makkah,1,0,3.6,11.4,1,0,1,0
U003848,37,0.138,Makkah,1,3,3.3,20.3,1,0,0,0
U003849,58,0.272,Jazan,9,0,2.8,22.7,0,0,0,0
U003850,24,0.681,Riyadh,0,4,1.6,14.0,1,0,0,0
U003851,40,0.635,Eastern,4,3,1.8,41.7,1,0,0,0
U003852,31,0.302,Riyadh,0,4,2.4,25.4,1,0,0,1
U003853,43,0.921,Tabuk,6,4,1.6,3.8,0,1,0,0
U003854,25,0.426,Riyadh,0,8,2.2,35.8,1,1,1,1
U003855,28,0.257,Eastern,4,5,0.5,39.7,1,1,2,1
U003856,45,0.826,Jazan,9,2,0.0,44.7,1,0,0,1
U003857,63,0.43,Eastern,4,4,2.7,7.8,0,1,0,0
U003858,24,0.752,Qassim,3,3,1.0,10.1,0,1,1,1
U003859,24,0.346,Riyadh,0,1,2.0,5.3,1,0,1,0
U003860,38,0.296,Makkah,1,2,0.2,13.6,1,0,1,1
U003861,51,0.529,Riyadh,0,2,0.9,15.4,0,0,0,1
U003862,22,0.277,Northern Borders,8,2,0.9,18.8,1,0,2,1
U003863,66,0.831,Northern Borders,8,4,0.0,14.2,1,1,1,0
U003864,68,0.36,Riyadh,0,8,1.0,7.1,1,1,1,1
U003865,25,0.501,Madinah,2,3,0.3,41.2,1,1,3,1
U003866,22,0.641,Riyadh,0,5,2.6,13.5,1,1,0,0
U003867,64,0.702,Riyadh,0,3,0.8,21.6,1,0,0,1
U003868,57,0.695,Eastern,4,2,3.7,11.8,1,0,2,1
U003869,64,0.75,Riyadh,0,2,1.2,50.4,1,0,0,0
U003870,32,0.297,Eastern,4,3,2.2,13.3,0,0,0,1
U003871,51,0.605,Jazan,9,2,1.4,2.2,1,0,0,1
U003872,47,0.359,Al Jawf,12,3,1.7,19.0,1,0,0,0
U003873,68,0.873,Makkah,1,7,1.5,21.3,1,0,1,1
U003874,28,0.86,Makkah,1,3,1.2,14.4,1,0,1,1
U003875,44,0.344,Makkah,1,3,2.9,9.6,1,1,1,0
U003876,42,0.395,Jazan,9,3,4.6,13.2,1,1,2,0
U003877,27,0.763,Eastern,4,1,1.8,8.2,1,1,2,0
U003878,37,0.452,Qassim,3,3,0.8,24.9,1,0,0,1
U003879,24,0.212,Makkah,1,2,1.8,7.8,1,0,1,1
U003880,45,0.863,Madinah,2,4,1.3,33.0,1,1,1,0
U003881,61,0.262,Asir,5,2,2.6,3.3,0,0,2,0
U003882,64,0.55,Eastern,4,4,2.2,18.5,0,0,2,0
U003883,59,0.737,Makkah,1,2,2.8,23.8,1,1,1,1
U003884,68,0.793,Riyadh,0,7,1.0,19.5,1,1,3,1
U003885,26,0.814,Asir,5,8,2.3,39.9,1,1,3,1
U003886,29,0.826,Tabuk,6,4,0.4,14.2,1,1,0,1
U003887,34,0.848,Najran,10,5,0.7,28.2,1,1,1,1
U003888,18,0.489,Asir,5,3,3.0,36.2,0,1,1,1
U003889,46,0.465,Najran,10,4,2.0,12.4,1,0,0,1
U003890,37,0.992,Madinah,2,5,1.4,38.7,1,1,0,1
U003891,27,0.089,Makkah,1,5,2.7,10.0,1,0,1,0
U003892,45,0.236,Riyadh,0,1,1.9,8.0,1,0,1,1
U003893,45,0.469,Jazan,9,0,0.5,3.8,0,0,2,0
U003894,19,0.376,Jazan,9,2,1.2,13.3,1,0,0,1
U003895,55,0.15,Riyadh,0,3,4.3,12.6,0,0,0,1
U003896,56,0.691,Al Jawf,12,5,0.4,22.6,1,0,0,0
U003897,20,0.364,Madinah,2,4,2.7,20.3,1,0,1,1
U003898,38,0.46,Makkah,1,3,4.1,9.2,1,0,1,1
U003899,33,0.554,Riyadh,0,0,2.1,26.3,1,0,0,1
U003900,53,0.488,Madinah,2,3,3.4,15.4,1,0,0,1
U003901,30,0.778,Riyadh,0,3,0.8,2.7,0,1,5,1
U003902,22,0.669,Eastern,4,4,0.5,14.6,1,1,0,1
U003903,29,0.672,Qassim,3,7,2.1,13.2,0,0,0,1
U003904,62,0.973,Jazan,9,4,2.8,7.9,1,1,2,1
U003905,25,0.662,Makkah,1,4,2.5,13.0,1,0,0,1
U003906,61,0.883,Hail,7,3,0.8,21.9,0,0,2,1
U003907,43,0.275,Makkah,1,2,3.5,17.7,1,0,0,0
U003908,26,0.737,Makkah,1,5,2.5,34.8,1,1,0,0
U003909,27,0.632,Madinah,2,4,2.4,8.0,1,0,0,0
U003910,42,0.767,Riyadh,0,5,1.7,1.4,1,1,1,1
U003911,40,0.686,Riyadh,0,1,1.6,4.1,1,1,0,1
U003912,55,0.583,Jazan,9,4,1.9,8.5,0,1,1,1
U003913,24,0.278,Riyadh,0,3,1.3,5.6,1,0,3,1
U003914,63,0.966,Riyadh,0,3,0.0,17.0,1,1,4,1
U003915,40,0.239,Makkah,1,2,3.6,9.2,1,0,0,1
U003916,68,0.459,Makkah,1,3,2.8,44.4,1,0,0,1
U003917,50,0.603,Eastern,4,3,1.4,49.3,1,1,2,1
U003918,45,0.847,Makkah,1,1,3.5,20.2,1,1,2,1
U003919,29,0.173,Riyadh,0,2,2.6,10.2,0,0,0,1
U003920,68,0.644,Al Bahah,11,2,1.7,29.6,0,1,2,0
U003921,46,0.808,Najran,10,6,1.8,34.2,1,1,0,1
U003922,18,0.288,Makkah,1,5,4.7,36.4,1,1,4,1
U003923,59,0.726,Al Bahah,11,5,2.0,28.3,1,0,1,1
U003924,29,0.365,Asir,5,3,2.0,27.1,1,0,2,1
U003925,53,0.624,Asir,5,5,2.6,37.8,1,1,0,1
U003926,24,0.785,Jazan,9,6,2.5,6.5,1,1,2,1
U003927,54,0.386,Riyadh,0,1,4.1,71.1,1,0,1,1
U003928,37,0.644,Madinah,2,3,0.0,11.4,1,1,0,0
U003929,25,0.443,Riyadh,0,2,1.6,22.4,1,0,1,0
U003930,48,0.15,Hail,7,3,1.8,40.9,1,0,0,1
U003931,32,0.542,Madinah,2,6,0.9,33.9,1,0,0,1
U003932,63,0.9,Eastern,4,1,0.8,11.7,1,1,1,0
U003933,29,0.388,Madinah,2,1,4.0,37.3,1,1,3,0
U003934,57,0.763,Makkah,1,3,1.1,10.8,1,0,0,1
U003935,34,0.587,Al Jawf,12,1,3.3,22.9,1,1,1,1
U003936,40,0.57,Najran,10,2,2.6,8.1,0,0,0,1
U003937,47,0.69,Eastern,4,3,2.5,36.0,1,1,1,1
U003938,34,0.396,Asir,5,2,1.8,23.4,1,0,0,0
U003939,41,0.682,Riyadh,0,6,1.3,19.5,1,0,2,0
U003940,19,0.426,Asir,5,2,0.7,6.7,1,1,1,1
U003941,39,0.636,Riyadh,0,2,0.4,7.4,1,1,1,0
U003942,37,0.216,Asir,5,0,3.0,31.8,1,0,1,0
U003943,66,0.481,Riyadh,0,1,1.8,34.1,0,1,2,1
U003944,21,0.216,Hail,7,1,1.4,11.9,1,0,0,1
U003945,53,0.471,Riyadh,0,2,2.0,25.5,1,0,2,1
U003946,25,0.124,Riyadh,0,0,1.1,49.7,1,0,1,1
U003947,45,0.338,Riyadh,0,2,0.4,38.4,1,0,0,0
U003948,59,0.767,Madinah,2,2,0.5,17.7,1,0,0,1
U003949,57,0.261,Jazan,9,2,1.7,64.0,1,0,0,0
U003950,46,0.763,Makkah,1,6,0.8,10.4,1,1,1,1
U003951,26,0.576,Makkah,1,4,1.4,16.3,1,0,2,0
U003952,21,0.895,Tabuk,6,4,0.0,14.1,1,0,1,1
U003953,68,0.808,Makkah,1,2,0.8,29.2,0,1,0,1
U003954,68,0.469,Asir,5,1,1.4,51.1,1,1,1,1
U003955,25,0.716,Makkah,1,4,2.8,17.0,1,1,1,1
U003956,20,0.714,Asir,5,5,2.2,7.8,1,0,0,1
U003957,18,0.787,Tabuk,6,6,0.5,8.5,1,0,0,1
U003958,43,0.399,Eastern,4,2,2.9,12.3,0,1,1,0
U003959,44,0.66,Makkah,1,7,0.1,17.5,1,0,1,1
U003960,29,0.305,Eastern,4,2,2.0,13.8,1,0,0,0
U003961,45,0.108,Makkah,1,2,4.0,17.6,1,1,3,1
U003962,61,0.837,Qassim,3,2,1.2,29.1,1,0,0,0
U003963,48,0.284,Asir,5,1,2.5,37.8,0,0,0,0
U003964,37,0.472,Makkah,1,1,1.6,32.3,1,0,0,1
U003965,58,0.417,Riyadh,0,7,1.6,15.5,1,0,1,1
U003966,27,0.405,Northern Borders,8,2,1.5,28.0,1,0,1,0
U003967,59,0.585,Riyadh,0,3,3.4,41.0,0,0,2,1
U003968,61,0.54,Madinah,2,3,2.7,8.9,1,1,3,0
U003969,28,0.378,Asir,5,3,2.5,16.5,0,0,1,0
U003970,62,0.013,Makkah,1,1,2.3,21.4,0,0,1,0
U003971,25,0.758,Najran,10,3,0.2,29.0,1,0,0,1
U003972,41,0.671,Madinah,2,4,2.4,7.2,0,1,0,0
U003973,65,0.577,Riyadh,0,5,0.5,11.5,0,1,0,1
U003974,43,0.4,Makkah,1,4,3.3,23.7,1,1,1,0
U003975,24,0.891,Riyadh,0,8,0.0,25.0,1,1,0,1
U003976,57,0.63,Riyadh,0,0,2.3,38.3,1,0,0,1
U003977,25,0.92,Riyadh,0,3,0.0,9.6,1,0,1,1
U003978,18,0.431,Jazan,9,6,3.1,54.4,1,0,2,1
U003979,45,0.208,Al Bahah,11,4,1.2,9.0,0,1,0,1
U003980,24,0.682,Riyadh,0,2,3.6,14.4,1,1,2,1
U003981,33,0.513,Qassim,3,4,1.8,27.0,1,0,0,0
U003982,68,0.647,Najran,10,5,3.5,4.3,1,1,0,1
U003983,60,0.641,Riyadh,0,1,2.0,33.1,1,0,1,0
U003984,18,0.167,Jazan,9,6,0.0,21.1,1,1,1,1
U003985,51,0.499,Najran,10,6,3.6,24.1,0,1,1,1
U003986,35,0.19,Riyadh,0,3,3.0,36.5,1,0,0,0
U003987,63,0.345,Hail,7,1,1.4,20.1,0,0,0,1
U003988,46,0.495,Makkah,1,2,2.7,3.9,1,0,1,1
U003989,59,0.79,Jazan,9,4,1.1,22.8,1,1,0,1
U003990,35,0.516,Riyadh,0,3,3.4,50.6,1,1,0,1
U003991,19,0.335,Makkah,1,3,1.6,15.9,1,0,0,1
U003992,58,0.442,Riyadh,0,6,3.9,22.1,1,1,0,1
U003993,31,0.404,Riyadh,0,4,2.1,37.8,1,1,2,0
U003994,41,0.6,Asir,5,3,1.4,40.0,1,0,1,0
U003995,36,0.364,Riyadh,0,4,1.1,13.8,0,0,0,0
U003996,38,0.58,Al Jawf,12,3,2.2,36.1,1,0,0,0
U003997,50,0.74,Riyadh,0,7,1.7,24.8,1,1,1,1
U003998,34,0.412,Madinah,2,5,4.1,15.2,0,0,0,1
U003999,56,0.668,Al Jawf,12,7,0.0,27.7,1,1,0,1
U004000,32,0.125,Riyadh,0,1,1.0,40.0,1,0,1,1
U004001,50,0.136,Asir,5,0,2.0,6.8,0,1,1,0
U004002,68,0.861,Riyadh,0,2,2.9,32.2,1,0,1,1
U004003,35,0.443,Riyadh,0,2,2.0,6.0,1,0,0,1
U004004,34,0.612,Riyadh,0,4,3.2,13.1,1,0,0,1
U004005,32,0.899,Makkah,1,5,1.8,9.5,1,1,0,1
U004006,21,0.392,Eastern,4,3,0.0,106.1,1,1,2,1
U004007,49,0.617,Al Bahah,11,4,1.9,27.4,1,1,2,1
U004008,43,0.059,Riyadh,0,1,2.5,25.7,0,1,2,1
U004009,19,0.38,Riyadh,0,2,1.7,8.2,0,1,1,0
U004010,54,0.869,Makkah,1,8,0.0,36.8,1,1,1,0
U004011,55,0.695,Asir,5,1,2.7,31.1,0,0,2,1
U004012,34,0.493,Eastern,4,4,1.7,3.8,0,0,1,0
U004013,40,0.325,Al Jawf,12,0,3.5,26.8,1,0,1,1
U004014,36,0.681,Makkah,1,4,2.7,19.0,1,1,0,1
U004015,37,0.705,Madinah,2,4,2.6,5.6,0,1,2,1
U004016,42,0.467,Hail,7,6,0.4,19.7,1,1,0,1
U004017,21,0.146,Qassim,3,1,1.5,38.6,1,0,1,1
U004018,56,0.706,Jazan,9,5,0.8,17.6,1,1,2,1
U004019,40,0.562,Jazan,9,2,3.3,13.2,1,1,2,1
U004020,61,0.543,Jazan,9,6,0.4,27.0,1,1,0,1
U004021,52,0.363,Asir,5,2,4.3,9.3,1,0,0,1
U004022,42,0.47,Makkah,1,3,2.3,38.9,1,1,1,1
U004023,50,0.338,Madinah,2,5,1.4,1.0,0,1,0,1
U004024,46,0.195,Makkah,1,2,2.9,32.9,1,0,0,1
U004025,47,0.403,Makkah,1,2,4.2,59.8,1,0,1,0
U004026,38,0.39,Makkah,1,0,2.1,25.9,1,1,3,1
U004027,64,0.823,Eastern,4,3,2.5,8.1,1,0,0,1
U004028,25,0.162,Jazan,9,1,3.8,18.2,1,0,1,1
U004029,41,0.955,Eastern,4,3,1.0,29.1,1,1,1,1
U004030,37,0.776,Jazan,9,1,0.2,65.3,1,0,0,1
U004031,32,0.174,Asir,5,6,1.0,11.8,0,0,1,0
U004032,41,0.436,Makkah,1,2,1.0,42.7,1,1,1,1
U004033,43,0.637,Riyadh,0,4,0.5,19.9,0,1,0,1
U004034,62,0.261,Riyadh,0,5,2.6,10.4,1,1,1,0
U004035,62,0.223,Hail,7,1,2.6,24.7,0,0,1,1
U004036,19,0.479,Jazan,9,3,1.4,11.4,0,0,0,0
U004037,54,0.637,Riyadh,0,4,3.4,18.0,1,1,3,1
U004038,69,0.41,Makkah,1,5,0.6,9.7,0,1,1,1
U004039,35,0.648,Makkah,1,6,2.2,28.0,1,1,1,1
U004040,44,0.541,Riyadh,0,1,1.1,39.3,1,1,0,0
U004041,20,0.503,Riyadh,0,4,1.3,31.4,1,1,1,1
U004042,24,0.145,Asir,5,2,2.7,19.6,1,0,0,1
U004043,57,0.352,Tabuk,6,1,1.2,2.1,1,0,1,1
U004044,52,0.562,Makkah,1,6,0.0,55.2,1,1,3,1
U004045,47,0.22,Riyadh,0,0,1.0,63.5,1,1,1,1
U004046,68,0.16,Eastern,4,4,1.2,15.2,1,0,1,0
U004047,23,0.521,Najran,10,6,3.0,23.9,1,1,1,0
U004048,33,0.255,Eastern,4,1,3.4,7.2,1,1,0,1
U004049,39,0.498,Makkah,1,1,0.3,10.6,0,0,0,0
U004050,29,0.406,Qassim,3,4,1.9,41.4,1,1,1,1
U004051,24,0.587,Riyadh,0,2,1.1,54.7,1,0,1,0
U004052,69,0.626,Riyadh,0,2,1.3,28.3,1,0,1,1
U004053,25,0.394,Eastern,4,0,1.5,8.6,1,0,0,0
U004054,59,0.479,Riyadh,0,7,2.6,74.4,1,1,1,1
U004055,50,0.277,Northern Borders,8,3,4.0,45.5,1,0,1,1
U004056,31,0.275,Eastern,4,3,2.3,11.6,0,0,0,0
U004057,46,0.182,Riyadh,0,1,4.6,7.5,0,0,0,0
U004058,69,0.609,Asir,5,5,2.6,34.3,1,1,4,0
U004059,41,0.455,Najran,10,1,1.3,44.8,1,0,2,0
U004060,21,0.57,Makkah,1,3,0.2,44.7,1,0,0,0
U004061,25,0.119,Madinah,2,2,2.9,15.5,1,0,3,0
U004062,49,0.368,Riyadh,0,5,0.0,20.8,1,1,1,1
U004063,68,0.794,Makkah,1,3,3.2,86.6,1,1,1,1
U004064,35,0.574,Riyadh,0,2,1.8,42.8,1,1,2,0
U004065,32,0.32,Makkah,1,3,1.1,31.1,0,0,0,1
U004066,20,0.321,Makkah,1,2,4.0,35.4,1,0,0,1
U004067,55,0.479,Riyadh,0,2,2.4,32.5,1,0,1,1
U004068,54,0.667,Eastern,4,1,2.1,10.3,1,0,1,1
U004069,45,0.178,Eastern,4,2,2.0,21.0,1,0,0,0
U004070,19,0.495,Makkah,1,2,2.7,44.1,1,1,0,0
U004071,27,0.547,Eastern,4,2,3.3,14.5,1,1,0,0
U004072,35,0.388,Riyadh,0,3,1.5,18.2,1,1,2,0
U004073,24,0.844,Tabuk,6,11,1.9,38.0,1,1,1,1
U004074,49,0.778,Hail,7,3,1.5,25.9,1,1,0,1
U004075,27,0.29,Jazan,9,1,0.8,15.2,1,0,1,1
U004076,67,0.287,Riyadh,0,6,3.8,8.6,1,1,1,1
U004077,45,0.272,Makkah,1,6,2.4,14.8,1,0,2,0
U004078,60,0.429,Qassim,3,6,1.9,31.9,1,1,1,1
U004079,63,0.331,Madinah,2,4,3.5,3.3,1,1,2,0
U004080,50,0.434,Madinah,2,2,2.2,36.9,1,1,0,1
U004081,44,0.616,Makkah,1,2,2.3,15.9,0,1,2,1
U004082,52,0.403,Eastern,4,3,3.1,72.7,1,1,0,0
U004083,27,0.565,Qassim,3,6,1.3,13.9,1,1,0,1
U004084,43,0.578,Al Jawf,12,3,3.3,28.7,1,0,0,1
U004085,20,0.555,Madinah,2,3,3.0,55.4,1,1,0,1
U004086,50,0.648,Makkah,1,3,1.3,28.0,1,1,0,1
U004087,55,0.487,Jazan,9,1,2.5,31.6,1,0,0,0
U004088,60,0.367,Madinah,2,1,3.0,24.9,1,0,0,1
U004089,29,0.859,Eastern,4,4,2.1,27.9,1,1,1,1
U004090,46,0.4,Riyadh,0,3,1.9,45.5,0,0,2,1
U004091,28,0.422,Makkah,1,3,1.4,11.1,1,0,1,1
U004092,37,0.782,Makkah,1,5,1.5,4.8,0,0,0,1
U004093,27,0.573,Riyadh,0,1,1.8,9.3,1,1,0,1
U004094,47,0.183,Eastern,4,3,1.4,22.7,1,0,0,0
U004095,19,0.417,Makkah,1,4,0.7,55.9,1,1,0,1
U004096,47,0.233,Najran,10,1,2.4,2.1,0,1,2,0
U004097,33,0.715,Hail,7,5,0.4,25.2,1,1,2,0
U004098,32,0.502,Hail,7,5,3.0,15.6,1,1,0,1
U004099,42,0.782,Riyadh,0,7,0.0,8.8,1,1,0,1
U004100,60,0.649,Riyadh,0,3,0.7,9.8,1,0,1,0
U004101,26,0.559,Riyadh,0,1,2.7,3.9,1,1,0,1
U004102,48,0.325,Tabuk,6,5,3.3,35.1,0,1,2,1
U004103,56,0.884,Eastern,4,2,0.6,8.1,1,1,0,1
U004104,26,0.358,Makkah,1,4,0.8,96.4,1,1,3,1
U004105,42,0.456,Riyadh,0,2,4.6,10.7,1,0,0,1
U004106,40,0.711,Madinah,2,3,3.3,5.3,1,1,1,1
U004107,40,0.579,Makkah,1,4,0.6,34.1,0,1,0,1
U004108,47,0.515,Riyadh,0,1,1.4,22.9,1,0,0,1
U004109,28,0.575,Riyadh,0,5,0.0,16.5,1,0,0,1
U004110,29,0.158,Riyadh,0,1,1.3,11.3,1,1,1,1
U004111,29,0.62,Riyadh,0,3,0.7,4.9,0,1,2,0
U004112,26,0.617,Northern Borders,8,4,1.9,17.3,1,1,0,0
U004113,69,0.825,Eastern,4,2,0.0,17.6,1,1,1,1
U004114,52,0.107,Riyadh,0,4,3.5,11.1,0,1,0,1
U004115,62,0.592,Makkah,1,3,1.4,43.4,1,0,0,1
U004116,68,0.22,Asir,5,2,1.4,6.8,0,1,2,1
U004117,69,0.298,Makkah,1,0,3.8,21.9,1,0,1,0
U004118,66,0.215,Qassim,3,2,1.3,4.8,1,0,0,0
U004119,26,0.656,Eastern,4,2,0.5,65.9,1,0,2,1
U004120,44,0.838,Makkah,1,3,0.4,8.0,1,1,2,1
U004121,54,0.521,Riyadh,0,2,2.4,41.9,1,0,0,1
U004122,40,0.59,Qassim,3,6,4.1,22.3,1,1,0,1
U004123,34,0.769,Makkah,1,3,1.5,30.2,1,1,1,1
U004124,40,0.691,Asir,5,1,1.3,53.3,1,0,0,1
U004125,67,0.887,Eastern,4,8,2.5,17.1,1,1,0,0
U004126,30,0.395,Makkah,1,3,0.2,15.7,1,0,1,1
U004127,41,0.567,Eastern,4,2,2.3,23.2,1,0,0,0
U004128,18,0.601,Eastern,4,1,3.5,54.2,1,0,1,1
U004129,26,0.416,Makkah,1,5,4.5,13.3,1,0,0,0
U004130,20,0.491,Al Bahah,11,2,2.4,23.8,1,0,0,0
U004131,65,0.522,Makkah,1,5,1.8,13.0,1,0,1,1
U004132,50,0.5,Makkah,1,2,3.6,21.0,1,0,0,1
U004133,31,0.158,Riyadh,0,0,1.1,22.0,1,0,0,0
U004134,43,0.39,Jazan,9,1,1.6,33.7,1,0,0,0
U004135,34,0.402,Tabuk,6,1,3.7,15.0,1,0,1,1
U004136,33,0.371,Makkah,1,3,4.0,25.1,0,0,1,0
U004137,44,0.726,Al Jawf,12,2,0.0,42.9,1,0,1,1
U004138,20,0.452,Asir,5,6,2.5,30.6,1,0,0,1
U004139,55,0.211,Makkah,1,0,1.4,13.9,0,0,0,0
U004140,47,0.279,Makkah,1,4,1.0,15.4,1,0,0,1
U004141,67,0.944,Riyadh,0,3,1.5,35.8,1,1,1,1
U004142,19,0.323,Riyadh,0,1,2.3,13.3,1,0,0,0
U004143,60,0.163,Eastern,4,1,2.5,33.6,1,0,1,0
U004144,60,0.462,Makkah,1,3,3.1,24.4,1,0,0,1
U004145,32,0.768,Qassim,3,4,0.8,37.5,1,1,1,1
U004146,64,0.44,Riyadh,0,4,0.9,9.0,0,1,0,1
U004147,21,0.361,Makkah,1,2,4.1,14.7,1,1,1,1
U004148,68,0.462,Riyadh,0,4,1.7,3.5,1,1,2,1
U004149,39,0.344,Asir,5,1,3.8,9.9,1,0,0,1
U004150,29,0.523,Madinah,2,3,3.5,4.5,1,1,0,1
U004151,47,0.353,Najran,10,3,1.8,30.8,1,0,0,1
U004152,61,0.614,Makkah,1,4,3.9,38.5,1,1,2,1
U004153,28,0.408,Makkah,1,3,2.8,7.5,1,1,1,1
U004154,54,0.493,Eastern,4,4,2.6,6.6,1,1,1,0
U004155,69,0.635,Riyadh,0,3,2.1,97.5,1,1,2,0
U004156,23,0.582,Asir,5,6,1.5,12.6,1,1,0,1
U004157,44,0.695,Makkah,1,1,2.8,23.3,1,1,0,1
U004158,62,0.388,Riyadh,0,3,4.4,11.7,0,0,0,0
U004159,20,0.603,Asir,5,2,3.0,28.2,1,0,0,1
U004160,31,0.545,Madinah,2,2,2.1,11.9,1,0,0,1
U004161,64,0.421,Tabuk,6,2,3.6,40.3,1,0,0,0
U004162,42,0.024,Riyadh,0,3,1.6,5.5,1,0,1,0
U004163,44,0.667,Riyadh,0,4,3.8,27.7,1,0,0,1
U004164,55,0.8,Makkah,1,7,1.6,7.2,1,1,0,1
U004165,46,0.886,Makkah,1,4,0.6,19.5,1,1,0,1
U004166,38,0.605,Makkah,1,2,2.6,10.2,1,0,0,1
U004167,57,0.677,Madinah,2,1,1.2,27.6,1,1,4,1
U004168,42,0.584,Makkah,1,5,1.7,38.3,1,0,0,1
U004169,37,0.667,Najran,10,8,1.9,27.3,1,1,3,1
U004170,60,0.602,Makkah,1,6,3.2,40.1,1,1,1,0
U004171,28,0.501,Makkah,1,1,2.3,14.3,1,0,1,0
U004172,36,0.304,Riyadh,0,0,1.6,14.3,1,0,0,0
U004173,18,0.913,Northern Borders,8,3,0.3,25.4,1,1,1,1
U004174,39,0.397,Makkah,1,2,2.0,3.7,1,0,0,1
U004175,21,0.31,Qassim,3,5,1.4,20.1,1,1,0,1
U004176,69,0.191,Hail,7,4,1.3,11.3,0,1,1,1
U004177,33,0.89,Riyadh,0,1,1.2,29.4,1,0,0,0
U004178,29,0.412,Riyadh,0,3,3.3,53.4,1,1,2,1
U004179,30,0.352,Qassim,3,6,0.9,21.4,1,1,0,1
U004180,63,0.754,Madinah,2,8,2.4,27.4,1,1,0,1
U004181,40,0.487,Riyadh,0,3,2.3,4.7,0,0,1,1
U004182,58,0.549,Riyadh,0,1,3.2,34.4,1,0,0,0
U004183,22,0.787,Najran,10,3,0.6,20.2,1,1,0,1
U004184,21,0.305,Hail,7,0,0.6,52.7,1,0,2,0
U004185,49,0.354,Riyadh,0,3,3.5,22.3,1,0,1,0
U004186,60,0.501,Madinah,2,5,1.6,17.1,1,0,0,1
U004187,25,0.524,Makkah,1,3,3.5,8.4,1,0,0,1
U004188,28,0.402,Riyadh,0,2,2.2,29.0,1,0,0,1
U004189,35,0.527,Makkah,1,2,2.5,26.6,1,0,0,1
U004190,19,0.522,Makkah,1,3,1.3,46.0,1,0,3,0
U004191,66,0.433,Eastern,4,3,2.2,37.7,0,0,0,1
U004192,51,0.85,Makkah,1,2,0.3,7.3,1,1,2,1
U004193,53,0.563,Riyadh,0,5,1.9,28.6,1,1,0,0
U004194,35,0.568,Al Jawf,12,4,4.9,15.8,1,1,0,0
U004195,40,0.519,Riyadh,0,1,4.3,40.0,1,0,0,0
U004196,56,0.915,Al Jawf,12,3,1.3,15.7,1,1,1,1
U004197,54,0.714,Makkah,1,3,1.9,51.2,1,1,1,1
U004198,49,0.407,Makkah,1,3,1.1,38.6,1,0,1,1
U004199,28,0.801,Riyadh,0,5,0.7,14.5,1,1,0,1
U004200,37,0.614,Riyadh,0,7,3.2,9.7,0,0,0,1
U004201,24,0.476,Eastern,4,3,1.4,8.7,1,0,1,0
U004202,54,0.577,Eastern,4,4,1.5,28.1,1,1,1,1
U004203,57,0.233,Makkah,1,3,3.4,19.2,1,1,1,0
U004204,43,0.431,Makkah,1,3,4.4,12.2,1,0,0,1
U004205,49,0.769,Riyadh,0,4,0.5,39.5,1,1,1,1
U004206,43,0.457,Qassim,3,1,1.6,9.4,1,0,1,1
U004207,44,0.598,Tabuk,6,4,4.2,35.2,1,0,0,1
U004208,34,0.73,Riyadh,0,3,2.5,5.9,1,0,1,1
U004209,26,0.182,Eastern,4,2,2.0,57.3,1,0,0,0
U004210,31,0.618,Riyadh,0,5,1.9,8.6,1,1,1,0
U004211,44,0.387,Riyadh,0,2,3.1,17.1,0,0,0,1
U004212,43,0.288,Riyadh,0,1,3.9,7.6,1,0,0,1
U004213,60,0.457,Makkah,1,6,2.9,32.2,0,0,1,1
U004214,65,0.364,Asir,5,0,2.2,8.3,1,0,0,0
U004215,52,0.901,Riyadh,0,2,1.6,22.6,1,0,0,0
U004216,18,0.292,Makkah,1,2,1.2,13.5,0,1,2,0
U004217,63,0.905,Madinah,2,4,1.5,15.4,1,1,1,1
U004218,28,0.417,Riyadh,0,3,1.2,7.2,1,0,0,0
U004219,34,0.651,Makkah,1,1,1.9,37.8,1,1,1,1
U004220,62,0.407,Jazan,9,6,2.9,22.9,1,1,2,1
U004221,38,0.593,Riyadh,0,3,1.9,20.5,1,0,0,1
U004222,57,0.259,Qassim,3,2,3.7,37.2,1,0,0,0
U004223,63,0.398,Riyadh,0,2,3.2,9.4,1,0,0,0
U004224,44,0.677,Makkah,1,3,0.5,20.9,1,0,0,1
U004225,69,0.255,Eastern,4,3,2.5,15.8,0,0,0,0
U004226,58,0.372,Riyadh,0,2,2.0,22.0,0,0,0,0
U004227,19,0.317,Riyadh,0,2,3.8,20.2,1,0,0,1
U004228,61,0.483,Al Jawf,12,3,0.6,55.3,1,0,0,0
U004229,37,0.528,Asir,5,2,3.0,2.7,1,0,0,0
U004230,68,0.219,Tabuk,6,3,3.4,15.1,1,1,0,1
U004231,68,0.266,Madinah,2,3,2.1,21.7,1,0,0,1
U004232,40,0.65,Jazan,9,1,3.7,26.1,1,0,1,1
U004233,23,0.479,Makkah,1,4,1.8,32.4,1,1,1,0
U004234,67,0.246,Madinah,2,1,1.6,3.9,0,0,1,0
U004235,36,0.273,Makkah,1,0,2.9,11.0,0,1,2,1
U004236,63,0.196,Riyadh,0,2,3.4,12.5,0,0,0,1
U004237,27,0.859,Asir,5,4,1.8,80.4,1,1,3,1
U004238,63,0.554,Riyadh,0,4,2.6,17.5,1,0,2,1
U004239,69,0.271,Riyadh,0,3,1.7,6.3,1,0,0,0
U004240,46,0.791,Eastern,4,2,0.8,21.0,1,1,0,0
U004241,19,0.083,Northern Borders,8,1,2.0,7.2,1,0,0,0
U004242,39,0.509,Jazan,9,3,2.8,56.8,1,0,0,1
U004243,18,0.4,Eastern,4,2,1.5,27.8,1,1,0,0
U004244,62,0.588,Makkah,1,1,2.6,32.6,0,1,0,1
U004245,60,0.199,Riyadh,0,0,1.6,5.9,1,0,1,0
U004246,39,0.199,Eastern,4,1,0.7,25.0,1,0,2,1
U004247,31,0.668,Madinah,2,3,1.5,17.8,1,1,1,0
U004248,60,0.658,Makkah,1,4,2.3,37.9,1,0,0,1
U004249,52,0.565,Riyadh,0,2,1.9,28.6,1,0,1,0
U004250,66,0.164,Makkah,1,2,0.9,32.1,1,1,0,0
U004251,22,0.42,Hail,7,3,1.8,18.5,1,0,0,1
U004252,66,0.588,Riyadh,0,6,0.2,47.6,1,1,1,1
U004253,38,0.729,Al Jawf,12,5,1.1,37.7,1,0,0,0
U004254,27,0.236,Riyadh,0,0,1.0,6.5,1,0,0,1
U004255,45,0.689,Eastern,4,2,2.8,15.6,1,0,1,0
U004256,18,0.647,Riyadh,0,4,1.8,19.0,1,0,0,1
U004257,41,0.462,Jazan,9,3,4.0,20.9,1,0,0,0
U004258,69,0.464,Tabuk,6,2,0.3,38.1,1,1,2,1
U004259,63,0.57,Jazan,9,4,3.0,50.8,1,0,0,1
U004260,54,0.403,Asir,5,1,2.2,16.8,1,0,0,0
U004261,29,0.378,Qassim,3,5,4.2,7.6,1,0,0,0
U004262,44,0.215,Madinah,2,1,3.2,32.6,1,0,2,1
U004263,37,0.637,Riyadh,0,2,3.4,5.4,1,0,1,0
U004264,51,0.306,Riyadh,0,1,1.4,40.7,1,0,0,1
U004265,66,0.65,Makkah,1,2,0.9,7.7,0,1,0,1
U004266,29,0.203,Asir,5,1,2.6,25.8,1,1,3,1
U004267,41,0.657,Qassim,3,4,1.3,12.6,1,1,2,1
U004268,31,0.586,Riyadh,0,2,3.6,25.2,1,1,3,0
U004269,47,0.81,Makkah,1,4,1.4,33.1,0,0,0,1
U004270,23,0.514,Eastern,4,1,0.9,15.9,1,0,1,0
U004271,61,0.635,Riyadh,0,0,1.1,48.6,1,0,0,1
U004272,38,0.699,Riyadh,0,2,1.5,18.0,1,1,3,1
U004273,42,0.31,Riyadh,0,2,3.1,21.2,1,0,1,0
U004274,57,0.671,Riyadh,0,3,0.0,22.8,0,1,1,1
U004275,69,0.531,Al Jawf,12,5,1.4,17.9,1,0,0,1
U004276,48,0.781,Najran,10,8,1.0,44.5,1,1,0,0
U004277,20,0.156,Jazan,9,4,2.5,25.5,1,0,1,1
U004278,41,0.721,Riyadh,0,2,2.2,3.6,0,1,1,0
U004279,48,0.657,Al Bahah,11,2,0.0,16.9,1,1,0,1
U004280,26,0.284,Makkah,1,2,0.3,33.9,1,1,2,0
U004281,31,0.154,Al Jawf,12,1,2.9,50.1,1,0,0,1
U004282,42,0.658,Qassim,3,3,0.3,24.8,1,0,0,1
U004283,68,0.318,Madinah,2,1,4.6,13.4,0,0,1,1
U004284,66,0.172,Jazan,9,1,1.9,28.0,1,1,1,0
U004285,45,0.441,Asir,5,2,1.9,19.8,1,0,0,0
U004286,41,0.783,Tabuk,6,4,2.0,14.7,1,0,0,0
U004287,34,0.686,Riyadh,0,3,2.4,11.1,1,0,1,1
U004288,28,0.28,Makkah,1,2,4.0,19.2,1,1,0,1
U004289,23,0.839,Al Bahah,11,4,2.2,36.9,1,1,1,0
U004290,50,0.711,Makkah,1,1,0.3,30.5,1,0,0,1
U004291,49,0.324,Makkah,1,3,2.1,38.3,1,0,3,1
U004292,62,0.639,Madinah,2,5,3.7,29.9,1,1,4,1
U004293,29,0.646,Eastern,4,5,2.6,8.3,1,0,0,0
U004294,23,0.446,Hail,7,4,3.0,17.0,1,0,1,1
U004295,23,0.905,Makkah,1,3,2.0,40.1,1,1,3,1
U004296,25,0.692,Asir,5,1,2.1,7.1,1,0,0,1
U004297,20,0.947,Asir,5,5,3.5,5.4,1,1,2,0
U004298,36,0.44,Eastern,4,2,2.8,64.1,1,0,0,1
U004299,49,0.533,Riyadh,0,1,1.8,20.7,1,0,0,0
U004300,29,0.288,Riyadh,0,2,3.6,16.0,1,0,1,0
U004301,45,0.773,Makkah,1,0,3.5,18.7,1,0,1,1
U004302,67,0.552,Qassim,3,1,1.8,2.6,0,0,1,0
U004303,54,0.322,Riyadh,0,3,2.4,21.8,1,0,2,0
U004304,52,0.338,Jazan,9,4,4.2,8.2,1,0,1,1
U004305,45,0.461,Asir,5,2,0.3,25.7,0,0,0,0
U004306,26,0.306,Riyadh,0,5,2.1,12.3,1,1,0,1
U004307,37,0.554,Eastern,4,1,1.2,54.1,1,1,0,0
U004308,27,0.616,Jazan,9,5,3.0,1.3,0,0,3,1
U004309,58,0.35,Makkah,1,4,2.3,1.8,1,1,0,1
U004310,21,0.82,Qassim,3,4,2.2,32.0,1,1,3,1
U004311,53,0.489,Eastern,4,2,1.5,14.3,0,0,0,1
U004312,22,0.611,Al Bahah,11,3,2.2,47.1,1,0,1,0
U004313,24,0.572,Makkah,1,5,1.0,5.7,1,0,0,1
U004314,56,0.286,Madinah,2,1,1.6,11.3,1,0,0,1
U004315,46,0.219,Makkah,1,4,3.8,6.6,1,1,0,0
U004316,21,0.481,Makkah,1,1,2.5,18.8,1,1,2,0
U004317,28,0.314,Eastern,4,6,3.5,3.8,0,1,1,1
U004318,44,0.782,Riyadh,0,1,2.2,36.9,1,0,0,1
U004319,56,0.806,Riyadh,0,1,1.9,12.6,1,1,1,1
U004320,35,0.696,Riyadh,0,3,1.1,50.9,1,1,1,1
U004321,29,0.558,Eastern,4,3,2.6,8.2,1,1,0,1
U004322,59,0.931,Makkah,1,3,2.7,8.8,1,1,1,1
U004323,32,0.62,Makkah,1,2,0.4,23.6,1,1,0,1
U004324,21,0.314,Riyadh,0,3,0.8,13.2,0,0,1,0
U004325,57,0.615,Riyadh,0,2,0.5,23.0,0,1,5,1
U004326,65,0.917,Riyadh,0,7,1.3,4.1,0,1,2,1
U004327,54,0.771,Qassim,3,5,0.7,46.0,1,0,0,0
U004328,29,0.403,Tabuk,6,2,2.2,24.8,1,0,0,1
U004329,37,0.494,Riyadh,0,3,0.6,15.5,1,1,1,1
U004330,57,0.158,Al Bahah,11,1,5.9,1.5,0,0,0,1
U004331,51,0.73,Makkah,1,1,2.5,32.2,1,1,3,1
U004332,25,0.543,Asir,5,0,3.5,17.0,1,0,0,1
U004333,64,0.614,Northern Borders,8,6,1.4,11.8,1,0,0,0
U004334,27,0.662,Northern Borders,8,4,1.3,3.1,1,1,0,0
U004335,66,0.3,Asir,5,3,2.2,10.0,0,1,4,1
U004336,63,0.308,Riyadh,0,4,1.0,47.7,1,1,0,0
U004337,48,0.573,Asir,5,3,0.6,42.1,1,0,1,1
U004338,34,0.647,Eastern,4,1,2.1,26.2,1,0,0,0
U004339,48,0.67,Hail,7,2,2.0,36.4,1,1,0,0
U004340,58,0.217,Makkah,1,3,0.8,44.5,1,1,3,1
U004341,44,0.579,Riyadh,0,0,1.6,41.0,1,1,1,1
U004342,59,0.398,Madinah,2,3,3.1,17.6,0,0,0,0
U004343,50,0.612,Eastern,4,1,2.4,29.3,1,1,3,1
U004344,63,0.446,Makkah,1,5,1.1,20.6,0,1,5,0
U004345,55,0.871,Makkah,1,4,0.1,28.5,1,1,2,1
U004346,19,0.45,Al Jawf,12,4,4.1,22.0,1,0,0,0
U004347,53,0.107,Makkah,1,3,3.4,10.6,1,0,0,0
U004348,36,0.619,Asir,5,3,2.5,19.1,1,0,0,1
U004349,34,0.657,Eastern,4,7,0.2,68.5,1,1,2,1
U004350,24,0.27,Eastern,4,2,2.8,8.2,1,0,1,0
U004351,61,0.703,Riyadh,0,5,2.1,7.2,1,1,0,0
U004352,65,0.509,Riyadh,0,4,4.9,17.1,1,0,1,0
U004353,25,0.244,Makkah,1,1,3.3,28.2,1,0,0,0
U004354,24,0.476,Makkah,1,5,1.0,27.1,1,1,2,0
U004355,45,0.62,Asir,5,3,1.8,19.2,1,0,1,1
U004356,31,0.271,Madinah,2,1,3.1,8.0,1,0,0,1
U004357,20,0.95,Riyadh,0,5,2.5,20.2,1,1,1,0
U004358,47,0.539,Eastern,4,0,3.3,21.2,1,1,2,0
U004359,62,0.441,Makkah,1,1,3.4,5.6,0,0,1,1
U004360,45,0.241,Eastern,4,3,2.7,4.8,1,0,0,1
U004361,25,0.234,Makkah,1,2,2.2,25.1,1,0,1,1
U004362,27,0.223,Jazan,9,2,1.7,8.0,0,0,0,1
U004363,33,0.874,Qassim,3,1,0.1,18.7,1,0,1,1
U004364,42,0.659,Jazan,9,5,0.4,16.9,1,1,3,0
U004365,18,0.452,Makkah,1,2,1.4,21.8,0,1,3,1
U004366,65,0.142,Hail,7,1,2.3,24.7,1,0,0,1
U004367,19,0.953,Riyadh,0,5,0.0,1.9,1,1,1,1
U004368,68,0.727,Makkah,1,3,1.4,12.3,1,1,2,1
U004369,30,0.045,Asir,5,3,1.6,31.5,1,1,1,0
U004370,63,0.627,Riyadh,0,1,1.7,1.7,1,0,0,1
U004371,59,0.472,Tabuk,6,2,3.7,9.4,0,0,2,0
U004372,43,0.339,Riyadh,0,2,2.7,89.6,1,0,0,1
U004373,51,0.385,Najran,10,4,3.7,4.9,1,1,0,0
U004374,59,0.856,Makkah,1,4,1.2,47.1,1,1,0,1
U004375,60,0.371,Riyadh,0,6,0.1,5.3,0,1,1,1
U004376,30,0.485,Riyadh,0,1,4.2,56.2,1,0,1,1
U004377,28,0.812,Eastern,4,5,0.6,30.7,1,1,0,1
U004378,63,0.073,Makkah,1,3,1.0,6.6,0,0,2,0
U004379,43,0.339,Asir,5,2,1.8,43.2,1,1,1,1
U004380,65,0.598,Makkah,1,5,0.6,5.2,1,0,2,1
U004381,62,0.585,Hail,7,3,2.1,39.3,1,1,0,1
U004382,59,0.34,Riyadh,0,1,0.0,10.2,1,1,3,1
U004383,30,0.155,Riyadh,0,1,3.2,22.7,0,0,0,1
U004384,18,0.355,Riyadh,0,2,0.4,34.2,1,1,2,1
U004385,26,0.664,Makkah,1,1,2.4,17.7,1,0,0,1
U004386,36,0.577,Qassim,3,4,0.0,7.9,1,0,0,1
U004387,21,0.524,Riyadh,0,3,3.8,26.2,1,0,0,1
U004388,46,0.57,Eastern,4,3,0.0,26.3,1,1,3,1
U004389,40,0.115,Qassim,3,2,2.9,10.8,1,0,1,0
U004390,59,0.485,Eastern,4,7,5.4,40.9,1,1,3,0
U004391,41,0.596,Riyadh,0,4,2.9,22.6,0,1,1,0
U004392,66,0.636,Eastern,4,4,2.4,32.5,1,1,2,1
U004393,66,0.72,Eastern,4,3,0.1,28.0,1,1,2,1
U004394,64,0.449,Makkah,1,3,2.4,29.3,0,0,1,0
U004395,62,0.368,Madinah,2,3,1.0,16.1,1,1,2,1
U004396,50,0.716,Qassim,3,5,0.6,12.5,0,0,0,0
U004397,59,0.616,Makkah,1,1,1.2,16.8,1,0,1,1
U004398,25,0.383,Riyadh,0,4,1.3,39.1,1,0,2,1
U004399,36,0.439,Madinah,2,4,3.7,8.9,0,0,2,1
U004400,51,0.743,Makkah,1,2,2.2,35.1,1,1,2,0
U004401,41,0.087,Eastern,4,2,3.8,14.9,1,0,1,0
U004402,40,0.335,Riyadh,0,2,2.8,57.2,1,0,0,0
U004403,36,0.514,Riyadh,0,3,1.7,43.8,1,1,0,1
U004404,59,0.798,Makkah,1,6,0.0,44.0,1,0,2,1
U004405,62,0.643,Riyadh,0,2,1.7,51.8,1,0,0,1
U004406,65,0.606,Jazan,9,4,0.5,2.9,1,1,1,1
U004407,24,0.5,Makkah,1,3,1.5,4.1,1,0,0,1
U004408,39,0.549,Riyadh,0,2,0.0,42.9,1,1,1,1
U004409,37,0.47,Asir,5,2,1.1,30.4,1,1,1,0
U004410,62,0.529,Riyadh,0,2,1.6,17.1,0,0,1,1
U004411,21,0.525,Eastern,4,4,3.1,25.6,1,1,0,0
U004412,41,0.595,Najran,10,4,2.4,63.3,1,0,1,0
U004413,28,0.917,Asir,5,5,1.4,68.1,1,1,2,0
U004414,35,0.422,Makkah,1,6,2.2,34.6,1,1,2,1
U004415,35,0.654,Riyadh,0,2,0.0,6.9,1,0,0,0
U004416,54,0.402,Makkah,1,6,1.6,37.5,1,0,0,1
U004417,56,0.962,Al Bahah,11,1,0.8,24.8,1,0,2,1
U004418,64,0.378,Riyadh,0,2,1.5,7.0,1,0,0,1
U004419,41,0.268,Najran,10,4,1.6,22.0,1,0,0,1
U004420,39,0.489,Asir,5,1,1.5,22.6,1,0,0,1
U004421,32,0.125,Makkah,1,4,2.1,22.8,1,0,0,0
U004422,39,0.804,Eastern,4,7,0.6,27.1,1,1,1,1
U004423,69,0.366,Asir,5,1,2.4,33.0,1,0,3,0
U004424,54,0.121,Eastern,4,1,2.0,10.6,0,0,0,0
U004425,23,0.619,Madinah,2,8,3.0,7.5,1,1,2,1
U004426,33,0.561,Asir,5,1,2.4,6.7,1,1,3,0
U004427,22,0.78,Eastern,4,9,2.3,43.9,1,1,1,1
U004428,62,0.745,Eastern,4,4,0.0,9.5,1,0,0,1
U004429,59,0.32,Eastern,4,3,1.5,43.6,1,0,1,0
U004430,50,0.404,Al Jawf,12,3,3.0,5.8,1,0,3,1
U004431,52,0.728,Makkah,1,3,1.9,31.7,1,0,0,1
U004432,59,0.422,Qassim,3,5,0.2,5.7,0,0,1,0
U004433,18,0.696,Al Jawf,12,5,0.8,44.3,1,1,0,1
U004434,37,0.694,Riyadh,0,5,1.1,11.8,1,1,0,1
U004435,30,0.344,Riyadh,0,8,3.8,23.9,1,1,2,0
U004436,34,0.575,Makkah,1,3,2.6,15.6,1,1,1,1
U004437,26,0.25,Makkah,1,2,4.4,20.6,0,0,2,0
U004438,55,0.317,Riyadh,0,1,3.3,22.4,1,0,0,0
U004439,57,0.128,Asir,5,5,2.9,30.7,1,0,0,0
U004440,24,0.548,Eastern,4,4,5.2,22.9,1,1,1,1
U004441,47,0.855,Riyadh,0,3,1.3,12.4,1,1,2,0
U004442,21,0.073,Jazan,9,1,3.6,25.5,1,0,0,1
U004443,61,0.359,Riyadh,0,2,4.7,26.4,1,1,1,1
U004444,18,0.366,Makkah,1,2,1.5,46.8,0,1,1,1
U004445,57,0.161,Makkah,1,2,3.4,16.4,1,0,2,0
U004446,20,0.276,Eastern,4,4,2.3,16.4,1,0,0,0
U004447,26,0.102,Madinah,2,2,2.8,16.1,1,1,0,1
U004448,29,0.643,Makkah,1,3,3.8,6.7,0,1,0,1
U004449,20,0.177,Al Jawf,12,3,0.7,26.6,1,0,0,0
U004450,59,0.203,Riyadh,0,3,3.3,12.6,1,1,4,0
U004451,68,0.132,Madinah,2,4,2.5,31.6,1,1,3,1
U004452,36,0.184,Al Jawf,12,2,0.0,20.9,1,0,0,1
U004453,38,0.052,Riyadh,0,5,1.9,4.3,0,0,1,0
U004454,26,0.936,Eastern,4,2,2.8,14.8,0,1,3,1
U004455,65,0.57,Makkah,1,3,0.6,26.5,1,0,0,1
U004456,49,0.392,Eastern,4,5,2.1,7.8,1,1,2,0
U004457,38,0.561,Jazan,9,3,4.2,27.2,1,0,1,1
U004458,35,0.531,Qassim,3,4,1.7,6.8,1,1,0,0
U004459,66,0.591,Qassim,3,7,1.9,55.0,1,0,0,1
U004460,24,0.865,Jazan,9,2,0.4,4.9,1,1,0,1
U004461,49,0.846,Makkah,1,1,0.6,11.6,1,0,0,1
U004462,38,0.335,Hail,7,5,2.0,4.0,1,1,1,0
U004463,29,0.646,Eastern,4,3,2.5,21.7,1,1,2,1
U004464,38,0.508,Riyadh,0,6,2.4,30.3,1,1,0,1
U004465,46,0.654,Riyadh,0,6,1.5,25.2,1,1,2,1
U004466,53,0.861,Makkah,1,3,0.0,9.0,1,0,0,1
U004467,36,0.107,Eastern,4,0,3.3,11.8,0,0,1,1
U004468,62,0.686,Riyadh,0,0,0.3,48.2,0,0,0,0
U004469,27,0.388,Eastern,4,2,2.4,48.4,1,1,0,0
U004470,24,0.303,Madinah,2,1,3.1,10.6,1,0,1,0
U004471,36,0.581,Eastern,4,0,2.2,13.7,1,0,1,0
U004472,46,0.014,Makkah,1,1,0.4,72.3,1,0,4,0
U004473,69,0.29,Eastern,4,1,4.0,22.2,1,1,0,1
U004474,69,0.814,Qassim,3,6,2.4,11.0,1,1,2,1
U004475,36,0.415,Makkah,1,4,1.9,22.5,1,0,0,0
U004476,68,0.527,Hail,7,4,1.7,48.8,1,1,0,1
U004477,60,0.443,Makkah,1,1,2.8,61.7,1,1,2,1
U004478,32,0.68,Makkah,1,2,0.1,17.4,1,0,2,1
U004479,30,0.852,Tabuk,6,3,0.0,24.9,1,1,0,1
U004480,64,0.505,Jazan,9,5,1.0,5.3,1,1,1,1
U004481,21,0.857,Riyadh,0,5,0.9,20.1,1,1,0,0
U004482,61,0.421,Asir,5,4,3.2,33.7,1,1,0,0
U004483,19,0.661,Madinah,2,3,2.2,59.5,1,0,4,1
U004484,47,0.215,Makkah,1,0,2.2,21.0,1,0,2,0
U004485,30,0.365,Riyadh,0,2,2.2,18.4,1,1,1,1
U004486,30,0.646,Riyadh,0,1,0.1,11.9,1,1,1,1
U004487,36,0.235,Makkah,1,2,2.6,10.7,1,0,1,1
U004488,50,0.552,Najran,10,2,3.1,46.2,1,1,0,0
U004489,41,0.234,Riyadh,0,1,2.4,33.7,1,0,0,0
U004490,49,0.505,Qassim,3,4,3.8,14.1,1,0,1,0
U004491,41,0.527,Asir,5,2,1.4,34.6,0,1,1,0
U004492,43,0.845,Riyadh,0,2,0.2,48.8,1,1,1,1
U004493,22,0.329,Eastern,4,4,1.1,13.5,1,0,0,0
U004494,43,0.562,Riyadh,0,6,1.2,12.8,1,0,0,1
U004495,28,0.147,Riyadh,0,0,3.2,7.9,0,0,1,0
U004496,21,0.643,Makkah,1,4,0.9,9.2,1,1,3,1
U004497,69,0.644,Makkah,1,5,0.0,7.0,1,1,4,1
U004498,44,0.212,Qassim,3,3,1.5,40.2,1,0,1,0
U004499,34,0.592,Tabuk,6,3,3.5,31.6,1,1,1,0
U004500,43,0.563,Al Jawf,12,2,1.9,41.3,1,0,0,1
U004501,67,0.49,Asir,5,2,2.7,33.0,1,0,1,1
U004502,35,0.38,Eastern,4,1,2.4,53.3,1,0,1,1
U004503,50,0.163,Riyadh,0,3,4.0,26.1,1,0,1,0
U004504,49,0.847,Al Jawf,12,2,1.4,15.1,1,0,0,1
U004505,60,0.429,Qassim,3,4,1.3,27.9,1,1,3,1
U004506,62,0.443,Makkah,1,3,3.0,35.4,1,1,2,1
U004507,36,0.847,Riyadh,0,4,1.3,9.3,1,1,1,0
U004508,67,0.584,Riyadh,0,3,1.8,65.1,0,0,0,0
U004509,43,0.594,Hail,7,2,1.1,28.0,1,1,0,0
U004510,55,0.29,Al Bahah,11,2,5.1,12.6,0,1,0,1
U004511,28,0.463,Qassim,3,3,2.3,8.0,1,0,1,1
U004512,54,0.146,Riyadh,0,4,4.4,21.4,0,1,2,0
U004513,33,0.299,Riyadh,0,5,3.4,8.0,1,1,0,0
U004514,55,0.872,Qassim,3,1,0.0,10.0,1,0,0,0
U004515,42,0.623,Asir,5,4,1.1,43.2,1,1,2,0
U004516,22,0.308,Asir,5,4,3.6,6.9,1,0,1,1
U004517,62,0.559,Jazan,9,5,2.1,16.1,1,0,3,0
U004518,43,0.594,Qassim,3,2,3.5,24.6,1,0,1,0
U004519,28,0.55,Eastern,4,3,2.3,9.6,1,1,3,1
U004520,33,0.762,Makkah,1,5,3.1,15.2,1,1,2,1
U004521,34,0.351,Makkah,1,0,1.3,5.1,1,0,1,0
U004522,22,0.821,Eastern,4,2,2.5,4.7,1,1,2,1
U004523,20,0.828,Eastern,4,4,3.4,23.2,1,1,1,1
U004524,32,0.711,Madinah,2,1,2.8,18.6,0,0,0,0
U004525,29,0.554,Makkah,1,0,1.0,31.5,1,1,0,1
U004526,21,0.484,Eastern,4,8,4.1,15.9,0,1,0,1
U004527,62,0.226,Hail,7,1,4.6,19.2,1,0,0,0
U004528,55,0.401,Madinah,2,1,2.2,19.3,1,1,1,1
U004529,64,0.954,Eastern,4,3,2.2,3.5,0,1,3,1
U004530,52,0.146,Asir,5,2,2.8,54.3,1,0,0,0
U004531,40,0.119,Eastern,4,1,2.9,68.4,1,0,2,0
U004532,18,0.69,Tabuk,6,3,1.7,14.4,0,1,0,1
U004533,44,0.872,Riyadh,0,1,1.8,25.0,0,0,0,1
U004534,30,0.708,Qassim,3,3,0.2,1.4,1,1,1,1
U004535,27,0.202,Madinah,2,3,1.4,13.7,1,0,0,0
U004536,37,0.739,Northern Borders,8,2,2.2,3.5,1,0,1,1
U004537,28,0.58,Qassim,3,0,0.8,31.8,1,0,1,0
U004538,38,0.599,Hail,7,3,3.0,12.1,1,0,1,0
U004539,23,0.423,Eastern,4,6,3.1,21.1,1,1,1,1
U004540,50,0.783,Riyadh,0,2,0.3,6.5,1,1,2,1
U004541,58,0.788,Makkah,1,3,2.1,31.2,1,1,1,0
U004542,63,0.632,Najran,10,3,0.6,17.7,1,0,2,1
U004543,51,0.835,Riyadh,0,5,0.1,4.6,1,1,0,0
U004544,54,0.485,Makkah,1,7,1.4,12.9,1,1,1,1
U004545,68,0.609,Al Jawf,12,2,1.6,29.3,1,1,0,0
U004546,38,0.794,Al Bahah,11,2,2.7,58.0,1,1,2,0
U004547,26,0.882,Najran,10,6,2.1,32.4,0,1,0,1
U004548,48,0.174,Eastern,4,1,3.5,44.9,0,0,1,0
U004549,44,0.644,Riyadh,0,2,0.8,35.0,1,0,0,0
U004550,39,0.247,Makkah,1,1,2.0,21.8,1,0,0,1
U004551,44,0.57,Qassim,3,4,4.0,26.7,1,0,0,1
U004552,63,0.248,Eastern,4,3,2.5,22.1,1,0,1,0
U004553,22,0.519,Eastern,4,1,3.6,55.3,1,0,0,1
U004554,20,0.562,Qassim,3,1,1.4,10.8,1,0,0,1
U004555,30,0.363,Jazan,9,4,3.7,10.9,0,1,1,1
U004556,65,0.392,Hail,7,2,1.6,51.4,0,0,2,1
U004557,67,0.345,Makkah,1,3,2.1,47.4,1,1,0,1
U004558,41,0.502,Eastern,4,4,2.3,27.8,1,1,1,0
U004559,47,0.549,Makkah,1,3,2.8,25.2,1,0,0,0
U004560,41,0.275,Riyadh,0,0,2.7,24.2,0,0,0,0
U004561,61,0.489,Makkah,1,1,3.4,23.6,0,0,0,0
U004562,18,0.468,Riyadh,0,0,1.8,22.8,0,0,0,1
U004563,58,0.133,Riyadh,0,2,2.7,12.9,0,0,1,0
U004564,38,0.561,Makkah,1,3,2.1,39.3,1,0,0,1
U004565,38,0.6,Makkah,1,7,1.7,20.6,1,1,1,1
U004566,18,0.741,Eastern,4,3,1.1,22.6,1,0,0,1
U004567,44,0.225,Makkah,1,0,3.4,4.0,1,0,0,1
U004568,56,0.485,Al Bahah,11,4,1.7,4.6,1,1,2,1
U004569,45,0.287,Makkah,1,0,3.4,34.4,0,0,0,1
U004570,21,0.458,Riyadh,0,7,2.4,18.8,0,1,0,1
U004571,49,0.043,Eastern,4,1,2.8,54.3,1,0,1,0
U004572,49,0.563,Hail,7,5,1.4,4.0,1,1,0,0
U004573,34,0.36,Al Jawf,12,0,2.7,35.3,1,0,0,0
U004574,19,0.556,Eastern,4,4,2.5,16.1,1,0,0,1
U004575,66,0.77,Makkah,1,2,0.0,26.3,1,0,2,1
U004576,45,0.291,Eastern,4,2,3.2,21.1,1,0,2,0
U004577,43,0.469,Hail,7,2,2.9,60.9,1,0,1,1
U004578,29,0.701,Riyadh,0,4,3.2,22.5,1,0,0,0
U004579,62,0.357,Madinah,2,3,1.6,35.4,1,0,0,0
U004580,63,0.428,Eastern,4,5,2.3,34.4,1,0,1,1
U004581,64,0.271,Makkah,1,3,1.2,61.2,1,0,0,1
U004582,48,0.606,Makkah,1,3,1.7,18.5,1,0,1,0
U004583,30,0.251,Tabuk,6,1,0.1,19.5,0,0,1,0
U004584,61,0.28,Eastern,4,3,1.5,1.7,1,0,1,0
U004585,23,0.179,Makkah,1,1,1.0,12.1,1,0,0,0
U004586,19,0.763,Madinah,2,3,1.2,9.5,1,1,4,1
U004587,65,0.108,Makkah,1,2,1.8,20.0,1,1,2,1
U004588,39,0.549,Riyadh,0,2,2.8,1.3,0,1,1,1
U004589,62,0.431,Riyadh,0,3,2.1,10.3,0,1,1,0
U004590,35,0.252,Madinah,2,2,1.7,62.5,1,0,1,0
U004591,67,0.863,Riyadh,0,4,1.3,16.5,1,1,1,1
U004592,41,0.31,Madinah,2,5,1.9,8.6,0,0,0,1
U004593,18,0.499,Makkah,1,3,3.1,62.0,1,0,1,1
U004594,25,0.389,Riyadh,0,0,1.8,41.2,1,0,1,1
U004595,25,0.306,Najran,10,1,3.5,12.0,1,0,0,1
U004596,36,0.726,Asir,5,5,1.7,3.8,1,1,2,1
U004597,38,0.544,Riyadh,0,2,3.0,37.6,1,0,1,0
U004598,21,0.646,Eastern,4,4,4.6,9.7,1,1,3,1
U004599,19,0.288,Northern Borders,8,4,1.4,63.2,1,0,0,0
U004600,58,0.567,Jazan,9,2,2.4,82.2,1,0,0,1
U004601,55,0.344,Makkah,1,6,3.4,90.3,1,1,1,0
U004602,69,0.339,Eastern,4,2,0.0,17.2,1,0,1,1
U004603,19,0.799,Riyadh,0,4,3.5,31.9,1,1,1,1
U004604,59,0.566,Al Jawf,12,5,1.9,27.5,0,1,1,1
U004605,45,0.39,Al Bahah,11,3,3.0,15.9,1,1,0,1
U004606,26,0.542,Riyadh,0,3,1.3,39.2,1,1,0,1
U004607,59,0.204,Jazan,9,7,3.0,45.1,0,0,0,1
U004608,59,0.746,Eastern,4,3,4.6,16.3,1,1,2,1
U004609,47,0.583,Al Bahah,11,3,2.5,21.4,1,1,0,1
U004610,22,0.794,Riyadh,0,4,3.7,28.3,1,1,3,1
U004611,50,0.86,Madinah,2,5,0.5,4.3,1,0,1,1
U004612,25,0.662,Eastern,4,3,1.2,43.5,1,1,2,0
U004613,48,0.534,Makkah,1,2,1.3,4.6,1,1,0,1
U004614,19,0.301,Makkah,1,0,1.4,8.6,0,0,0,1
U004615,40,0.149,Makkah,1,2,4.3,48.3,1,0,2,0
U004616,31,0.969,Makkah,1,7,1.1,14.9,1,1,1,1
U004617,48,0.288,Riyadh,0,2,2.0,9.5,1,0,4,1
U004618,60,0.462,Tabuk,6,4,2.8,8.2,1,1,2,1
U004619,67,0.933,Riyadh,0,4,2.0,3.7,1,0,0,1
U004620,59,0.163,Hail,7,0,1.4,3.4,1,0,1,0
U004621,40,0.768,Riyadh,0,0,4.0,35.8,1,0,0,1
U004622,30,0.291,Qassim,3,2,1.8,22.8,1,0,2,0
U004623,65,0.243,Riyadh,0,5,3.9,13.9,0,0,0,0
U004624,49,0.381,Riyadh,0,4,1.1,25.1,0,1,1,0
U004625,21,0.4,Qassim,3,5,2.9,31.3,1,0,0,0
U004626,34,0.889,Riyadh,0,5,0.0,7.5,1,1,0,0
U004627,19,0.711,Qassim,3,2,0.9,31.4,1,0,0,1
U004628,42,0.409,Al Jawf,12,3,2.2,28.8,1,0,3,1
U004629,68,0.138,Eastern,4,2,2.8,15.5,1,1,1,0
U004630,32,0.526,Eastern,4,5,2.4,69.2,1,1,1,1
U004631,38,0.446,Riyadh,0,6,1.3,85.5,1,1,4,1
U004632,30,0.116,Makkah,1,2,2.9,32.4,0,1,2,0
U004633,41,0.426,Riyadh,0,5,2.0,19.3,1,1,1,1
U004634,42,0.249,Riyadh,0,2,2.1,35.8,0,0,0,1
U004635,48,0.62,Asir,5,2,2.4,5.7,1,1,0,0
U004636,45,0.643,Asir,5,8,0.7,15.9,1,0,1,1
U004637,33,0.546,Riyadh,0,2,2.6,17.9,1,1,2,1
U004638,44,0.39,Eastern,4,0,3.8,25.3,1,0,0,1
U004639,53,0.156,Asir,5,1,1.7,19.5,1,0,1,0
U004640,34,0.317,Madinah,2,2,1.9,22.4,1,1,1,1
U004641,64,0.549,Jazan,9,3,1.6,17.3,0,0,0,1
U004642,20,0.671,Madinah,2,4,2.5,20.5,1,1,0,1
U004643,56,0.275,Jazan,9,3,1.0,12.9,1,1,0,1
U004644,45,0.54,Makkah,1,1,1.0,13.0,1,0,1,0
U004645,44,0.718,Jazan,9,3,0.0,44.6,0,1,0,1
U004646,42,0.27,Riyadh,0,1,4.6,17.9,1,0,1,0
U004647,19,0.402,Makkah,1,0,3.6,18.0,0,0,1,1
U004648,65,0.431,Riyadh,0,5,1.4,31.4,1,1,0,0
U004649,61,0.541,Najran,10,2,2.8,14.1,1,0,0,0
U004650,26,0.324,Eastern,4,2,1.6,22.0,1,0,1,0
U004651,31,0.266,Riyadh,0,2,4.0,85.9,1,1,2,0
U004652,33,0.687,Eastern,4,4,1.4,5.2,1,1,1,1
U004653,43,0.876,Jazan,9,3,0.0,6.7,1,1,1,1
U004654,58,0.404,Jazan,9,1,1.5,4.4,0,1,0,0
U004655,51,0.1,Jazan,9,1,3.7,8.8,1,0,0,1
U004656,59,0.473,Riyadh,0,2,3.4,36.7,1,0,1,0
U004657,54,0.992,Madinah,2,5,2.7,22.1,0,0,0,1
U004658,27,0.202,Riyadh,0,2,2.6,6.5,1,0,1,1
U004659,33,0.606,Riyadh,0,4,2.2,12.3,1,1,0,1
U004660,64,0.362,Makkah,1,2,1.2,9.6,1,0,2,0
U004661,23,0.164,Riyadh,0,0,4.7,56.2,1,0,0,0
U004662,33,0.151,Makkah,1,3,3.8,23.8,1,0,1,1
U004663,20,0.877,Makkah,1,4,2.0,57.1,1,1,0,0
U004664,18,0.408,Asir,5,1,1.1,42.4,1,0,1,1
U004665,52,0.719,Jazan,9,3,3.8,17.1,1,0,1,1
U004666,32,0.433,Eastern,4,1,2.8,13.5,1,0,1,0
U004667,28,0.441,Riyadh,0,4,0.3,29.6,1,1,0,1
U004668,55,0.561,Eastern,4,3,2.5,9.9,1,0,1,1
U004669,25,0.49,Riyadh,0,3,2.4,37.5,1,0,0,1
U004670,37,0.641,Riyadh,0,4,1.4,0.5,1,0,0,0
U004671,68,0.521,Riyadh,0,4,4.3,7.6,1,0,0,0
U004672,64,0.391,Al Jawf,12,3,3.4,33.0,0,0,1,1
U004673,63,0.687,Eastern,4,3,2.8,5.7,0,1,0,1
U004674,21,0.147,Eastern,4,0,2.6,3.9,1,0,1,1
U004675,35,0.75,Makkah,1,4,0.9,25.1,0,1,2,0
U004676,66,0.165,Jazan,9,2,4.4,9.9,1,0,0,0
U004677,34,0.448,Qassim,3,2,1.6,15.5,1,1,1,0
U004678,44,0.438,Riyadh,0,4,1.4,29.0,0,1,3,0
U004679,58,0.382,Qassim,3,1,3.8,10.6,1,1,3,0
U004680,57,0.194,Eastern,4,3,2.4,12.4,1,0,0,1
U004681,65,0.342,Qassim,3,4,1.9,10.4,1,1,0,0
U004682,19,0.622,Eastern,4,3,4.3,13.4,0,1,0,1
U004683,42,0.426,Eastern,4,1,2.6,40.1,1,1,0,1
U004684,33,0.903,Eastern,4,4,2.4,15.0,1,1,0,1
U004685,28,0.548,Makkah,1,3,2.4,30.4,1,0,0,1
U004686,60,0.667,Riyadh,0,0,2.1,34.5,1,0,1,1
U004687,27,0.838,Makkah,1,4,2.7,4.4,1,1,1,1
U004688,48,0.419,Riyadh,0,2,3.2,46.2,1,0,0,0
U004689,23,0.101,Asir,5,3,3.3,26.1,1,0,1,0
U004690,49,0.43,Riyadh,0,4,2.8,64.6,1,1,1,0
U004691,65,0.221,Riyadh,0,0,2.4,22.9,1,0,1,0
U004692,32,0.565,Riyadh,0,1,0.7,23.8,1,1,1,0
U004693,66,0.652,Makkah,1,6,1.1,56.9,1,1,1,0
U004694,23,0.836,Makkah,1,2,0.5,10.3,1,1,2,1
U004695,50,0.064,Riyadh,0,3,5.6,39.7,1,1,2,0
U004696,62,0.74,Eastern,4,5,0.5,19.1,1,1,3,1
U004697,28,0.279,Eastern,4,2,2.6,8.7,1,0,0,0
U004698,47,0.834,Makkah,1,7,1.6,21.7,1,1,2,1
U004699,66,0.469,Eastern,4,3,1.3,43.0,1,0,0,1
U004700,69,0.743,Al Bahah,11,6,0.3,40.4,1,1,4,0
U004701,25,0.649,Makkah,1,2,4.0,29.6,1,1,0,0
U004702,44,0.415,Qassim,3,3,3.5,12.6,0,0,0,0
U004703,25,0.566,Eastern,4,5,1.6,1.0,0,1,1,1
U004704,45,0.335,Qassim,3,1,0.8,7.8,1,0,1,0
U004705,45,0.857,Qassim,3,5,1.4,19.9,1,1,1,1
U004706,67,0.581,Riyadh,0,2,2.3,11.6,1,1,1,1
U004707,55,0.128,Qassim,3,1,4.5,8.3,0,1,2,0
U004708,41,0.565,Asir,5,0,3.2,29.5,1,1,0,1
U004709,36,0.234,Al Jawf,12,1,0.6,10.0,1,0,1,0
U004710,19,0.431,Makkah,1,3,2.9,46.4,1,0,0,1
U004711,19,0.096,Makkah,1,1,2.0,24.6,1,1,2,0
U004712,38,0.292,Riyadh,0,5,1.6,6.5,1,1,0,1
U004713,25,0.475,Jazan,9,8,0.7,6.4,0,1,3,1
U004714,58,0.329,Qassim,3,0,1.7,10.9,1,0,0,1
U004715,54,0.53,Qassim,3,2,3.1,88.2,1,1,1,0
U004716,53,0.229,Riyadh,0,1,3.1,64.6,1,0,0,0
U004717,30,0.595,Riyadh,0,2,3.5,37.7,1,1,2,1
U004718,49,0.502,Riyadh,0,1,0.6,14.3,0,1,1,1
U004719,52,0.294,Madinah,2,5,3.7,12.1,1,0,1,0
U004720,59,0.691,Jazan,9,1,1.2,34.9,1,1,2,1
U004721,63,0.467,Eastern,4,2,3.4,24.3,1,1,2,0
U004722,56,0.685,Northern Borders,8,6,1.6,12.3,1,1,2,1
U004723,32,0.484,Riyadh,0,3,0.8,35.6,1,1,0,1
U004724,55,0.148,Makkah,1,2,3.4,5.5,0,0,0,1
U004725,58,0.529,Riyadh,0,4,2.7,16.8,0,1,1,0
U004726,42,0.404,Riyadh,0,2,2.7,13.5,1,1,0,1
U004727,32,0.453,Makkah,1,1,1.2,47.6,1,0,0,1
U004728,58,0.716,Asir,5,5,2.1,29.2,1,1,2,1
U004729,27,0.857,Riyadh,0,2,0.7,14.6,1,0,0,1
U004730,64,0.557,Makkah,1,3,2.2,54.4,0,0,1,0
U004731,26,0.688,Eastern,4,4,1.4,32.0,1,1,0,1
U004732,45,0.602,Riyadh,0,2,1.7,8.5,1,1,2,0
U004733,18,0.53,Riyadh,0,3,1.4,9.2,1,1,0,1
U004734,24,0.764,Riyadh,0,2,0.8,41.4,1,1,2,1
U004735,67,0.269,Eastern,4,2,4.3,39.9,1,1,0,0
U004736,68,0.086,Makkah,1,2,2.7,29.7,1,1,1,0
U004737,53,0.569,Riyadh,0,4,0.9,32.2,1,1,1,0
U004738,51,0.728,Makkah,1,4,1.0,43.5,1,1,2,1
U004739,23,0.235,Riyadh,0,2,2.5,21.5,1,0,1,1
U004740,59,0.436,Hail,7,5,3.0,23.2,1,1,3,1
U004741,49,0.482,Al Bahah,11,0,4.0,44.0,1,0,0,1
U004742,63,0.355,Hail,7,5,0.1,24.7,1,1,3,1
U004743,39,0.58,Asir,5,3,3.5,17.0,1,1,2,1
U004744,43,0.221,Riyadh,0,0,1.7,6.5,1,0,0,1
U004745,31,0.359,Madinah,2,2,0.8,24.0,0,0,1,1
U004746,61,0.639,Madinah,2,6,2.3,29.0,1,0,0,1
U004747,56,0.788,Eastern,4,4,1.3,7.1,0,1,3,0
U004748,46,0.495,Makkah,1,6,1.9,52.1,1,1,1,0
U004749,50,0.175,Makkah,1,2,3.7,34.4,1,1,2,1
U004750,52,0.695,Makkah,1,4,0.0,22.5,1,1,1,1
U004751,55,0.561,Makkah,1,3,2.8,11.1,0,1,2,0
U004752,32,0.297,Najran,10,3,1.7,42.8,0,0,0,0
U004753,65,0.452,Asir,5,2,4.0,13.7,1,0,0,1
U004754,32,0.612,Makkah,1,2,0.4,3.4,0,0,0,1
U004755,53,0.584,Najran,10,2,2.1,27.6,0,0,0,0
U004756,37,0.668,Riyadh,0,3,1.6,13.1,1,1,1,1
U004757,54,0.434,Asir,5,5,1.3,24.6,1,0,1,1
U004758,23,0.302,Madinah,2,1,0.7,17.2,0,1,5,1
U004759,50,0.279,Jazan,9,4,2.7,6.5,1,0,0,1
U004760,32,0.519,Riyadh,0,3,0.3,18.3,1,0,2,1
U004761,24,0.765,Eastern,4,3,2.1,26.5,1,1,2,1
U004762,33,0.617,Al Jawf,12,3,2.9,58.5,1,0,0,0
U004763,34,0.747,Makkah,1,7,0.7,3.8,1,0,0,1
U004764,28,0.494,Makkah,1,1,1.3,7.1,1,0,2,1
U004765,53,0.382,Tabuk,6,4,0.1,21.4,1,1,1,0
U004766,41,0.515,Riyadh,0,1,1.5,22.3,0,0,0,1
U004767,25,0.334,Riyadh,0,1,1.0,16.8,0,0,0,0
U004768,68,0.545,Asir,5,4,1.5,17.9,0,1,2,1
U004769,55,0.137,Eastern,4,3,2.5,14.9,0,0,1,0
U004770,34,0.06,Qassim,3,4,3.4,19.4,1,0,2,1
U004771,45,0.664,Al Jawf,12,3,0.1,15.5,1,0,0,0
U004772,44,0.789,Makkah,1,4,0.0,1.1,1,0,1,1
U004773,50,0.303,Northern Borders,8,2,1.9,28.3,1,1,1,1
U004774,31,0.911,Hail,7,5,0.4,19.3,1,1,0,1
U004775,30,0.333,Makkah,1,2,0.0,30.0,1,0,0,0
U004776,43,0.437,Eastern,4,4,0.0,17.8,0,1,1,1
U004777,18,0.569,Eastern,4,4,0.8,26.2,0,0,0,1
U004778,55,0.38,Eastern,4,5,1.2,74.3,1,1,1,0
U004779,40,0.079,Madinah,2,2,5.2,11.3,0,1,3,1
U004780,24,0.702,Asir,5,3,3.0,24.2,1,1,1,0
U004781,50,0.515,Riyadh,0,2,2.3,5.9,0,0,1,1
U004782,60,0.401,Madinah,2,6,3.5,38.3,1,1,1,0
U004783,59,0.442,Riyadh,0,4,2.4,57.9,1,1,0,0
U004784,51,0.771,Makkah,1,6,1.3,34.2,1,1,1,0
U004785,47,0.249,Jazan,9,5,1.7,24.8,0,0,1,1
U004786,47,0.412,Riyadh,0,3,2.4,16.0,0,1,1,0
U004787,26,0.594,Makkah,1,2,0.0,14.8,1,1,0,0
U004788,37,0.783,Riyadh,0,7,0.6,7.5,1,0,0,1
U004789,59,0.099,Qassim,3,1,2.8,28.1,0,0,1,0
U004790,45,0.694,Makkah,1,4,0.3,4.3,1,1,0,0
U004791,68,0.233,Makkah,1,2,2.2,50.1,1,0,0,0
U004792,67,0.118,Riyadh,0,2,2.0,33.5,1,1,1,1
U004793,19,0.129,Eastern,4,2,4.5,34.8,1,1,0,0
U004794,63,0.528,Riyadh,0,2,3.5,23.6,1,1,2,0
U004795,23,0.613,Eastern,4,7,0.3,50.4,1,1,2,1
U004796,20,0.505,Asir,5,2,4.1,59.8,1,0,0,0
U004797,46,0.805,Jazan,9,4,1.7,48.6,1,0,0,1
U004798,51,0.749,Riyadh,0,7,1.8,21.1,1,1,1,1
U004799,64,0.799,Makkah,1,6,1.4,71.3,1,1,1,1
U004800,19,0.212,Makkah,1,1,2.4,35.7,1,0,3,1
U004801,39,0.245,Madinah,2,0,1.1,20.7,0,1,2,0
U004802,30,0.816,Asir,5,3,0.0,21.8,0,1,0,1
U004803,46,0.929,Qassim,3,3,0.0,36.0,1,1,1,1
U004804,50,0.266,Makkah,1,2,2.2,4.8,1,0,0,1
U004805,61,0.709,Eastern,4,2,1.3,32.7,1,0,0,1
U004806,30,0.619,Najran,10,4,1.3,40.3,1,1,1,1
U004807,39,0.438,Al Jawf,12,5,3.8,105.8,0,1,3,0
U004808,19,0.618,Eastern,4,3,1.9,47.6,1,1,2,1
U004809,61,0.687,Riyadh,0,1,3.2,27.0,1,1,2,1
U004810,31,0.591,Eastern,4,1,0.0,35.5,1,0,2,1
U004811,59,0.579,Jazan,9,4,1.6,20.8,1,0,1,0
U004812,32,0.961,Riyadh,0,3,0.0,21.0,0,1,1,1
U004813,67,0.528,Makkah,1,4,2.4,22.1,1,1,2,0
U004814,42,0.42,Makkah,1,1,1.8,26.6,0,0,0,0
U004815,63,0.11,Makkah,1,5,2.5,3.1,0,0,1,0
U004816,45,0.313,Madinah,2,1,2.7,20.2,1,1,2,1
U004817,46,0.608,Najran,10,0,1.7,25.9,1,1,3,1
U004818,31,0.541,Riyadh,0,3,0.9,58.3,1,1,1,1
U004819,60,0.735,Makkah,1,3,0.1,5.7,1,1,2,0
U004820,32,0.341,Eastern,4,0,1.5,64.1,1,0,2,0
U004821,50,0.43,Riyadh,0,3,1.0,2.5,1,0,0,1
U004822,31,0.777,Asir,5,4,1.4,37.7,1,1,2,1
U004823,40,0.347,Najran,10,3,2.5,37.6,1,0,4,1
U004824,42,0.49,Makkah,1,5,2.1,10.1,1,1,1,1
U004825,25,0.768,Eastern,4,2,2.2,15.8,1,1,0,0
U004826,36,0.877,Makkah,1,3,0.0,17.3,1,1,0,1
U004827,58,0.631,Asir,5,3,0.6,26.2,1,0,0,1
U004828,56,0.793,Riyadh,0,8,1.0,9.8,1,1,0,1
U004829,42,0.872,Eastern,4,4,0.0,43.6,1,1,1,1
U004830,68,0.355,Makkah,1,3,4.4,3.1,1,1,2,1
U004831,25,0.783,Qassim,3,1,0.8,81.3,1,1,0,0
U004832,66,0.287,Riyadh,0,3,0.9,16.6,0,0,0,0
U004833,30,0.268,Riyadh,0,1,2.1,10.0,1,0,1,1
U004834,63,0.404,Qassim,3,6,4.1,14.6,1,1,1,0
U004835,32,0.469,Najran,10,5,1.8,28.9,1,1,0,0
U004836,47,0.676,Al Jawf,12,6,0.0,24.4,1,1,2,1
U004837,32,0.632,Asir,5,6,1.8,14.7,1,1,1,1
U004838,20,0.425,Riyadh,0,6,4.3,21.1,1,1,0,0
U004839,42,0.446,Makkah,1,5,0.7,39.2,1,1,0,1
U004840,54,0.301,Hail,7,2,5.4,68.3,1,1,2,1
U004841,65,0.845,Riyadh,0,2,2.7,31.9,0,1,1,1
U004842,27,0.846,Tabuk,6,3,3.1,6.5,0,0,0,1
U004843,37,0.321,Asir,5,1,2.7,6.5,1,0,0,0
U004844,18,0.506,Eastern,4,4,2.7,63.1,1,1,0,1
U004845,68,0.564,Al Jawf,12,4,3.7,30.8,1,1,1,1
U004846,39,0.738,Eastern,4,3,3.8,27.9,1,0,1,1
U004847,21,0.759,Al Jawf,12,1,2.8,3.2,0,1,0,0
U004848,22,0.202,Al Jawf,12,5,3.3,16.8,1,1,1,1
U004849,29,0.103,Makkah,1,6,2.6,21.6,0,0,0,0
U004850,64,0.733,Makkah,1,8,1.6,20.5,1,0,1,1
U004851,56,0.257,Riyadh,0,1,3.4,27.9,1,0,0,0
U004852,67,0.41,Makkah,1,2,4.3,3.5,0,0,0,0
U004853,30,0.365,Riyadh,0,2,3.5,36.2,1,1,1,0
U004854,45,0.363,Riyadh,0,0,2.7,24.2,1,0,0,0
U004855,24,0.67,Makkah,1,7,2.8,4.1,1,1,0,1
U004856,42,0.676,Makkah,1,4,2.5,23.8,0,1,0,0
U004857,43,0.965,Riyadh,0,3,0.6,43.3,1,1,1,0
U004858,48,0.74,Najran,10,5,1.1,22.1,1,0,1,1
U004859,39,0.701,Eastern,4,4,1.9,10.2,0,0,4,1
U004860,34,0.253,Madinah,2,1,2.6,63.4,1,0,0,0
U004861,46,0.564,Riyadh,0,2,2.1,16.6,1,0,1,0
U004862,57,0.719,Northern Borders,8,2,2.9,10.1,0,0,0,1
U004863,37,0.283,Hail,7,0,3.0,50.7,1,0,0,0
U004864,29,0.74,Eastern,4,6,2.0,19.9,1,0,0,1
U004865,22,0.637,Northern Borders,8,5,0.9,16.6,1,1,3,1
U004866,62,0.563,Riyadh,0,5,2.3,34.5,1,0,0,1
U004867,64,0.349,Hail,7,2,2.3,3.4,1,0,0,1
U004868,20,0.583,Eastern,4,7,0.0,2.4,1,1,0,1
U004869,30,0.524,Eastern,4,4,1.2,8.1,1,0,1,1
U004870,41,0.181,Riyadh,0,4,1.6,1.3,1,0,0,0
U004871,35,0.434,Makkah,1,4,1.3,19.7,1,1,3,1
U004872,56,0.311,Tabuk,6,3,3.1,33.6,1,0,0,0
U004873,58,0.62,Asir,5,3,1.3,13.6,0,1,1,0
U004874,50,0.273,Hail,7,1,2.8,26.7,1,0,0,1
U004875,64,0.901,Asir,5,4,2.9,32.7,1,1,0,1
U004876,44,0.348,Jazan,9,7,3.0,10.4,1,0,1,0
U004877,65,0.666,Northern Borders,8,2,2.7,53.3,1,0,0,0
U004878,41,0.517,Makkah,1,1,0.8,25.6,1,0,0,1
U004879,24,0.136,Eastern,4,3,3.4,16.1,1,0,0,1
U004880,55,0.574,Makkah,1,3,1.0,7.6,1,1,0,1
U004881,61,0.449,Al Jawf,12,4,3.7,21.2,0,0,0,0
U004882,31,0.906,Makkah,1,4,0.0,30.0,0,1,3,1
U004883,23,0.351,Eastern,4,2,2.9,24.3,1,1,0,1
U004884,27,0.359,Eastern,4,1,4.0,10.7,1,0,1,1
U004885,36,0.722,Madinah,2,3,0.8,22.6,1,1,0,0
U004886,41,0.324,Asir,5,3,2.3,9.6,1,1,3,1
U004887,56,0.801,Makkah,1,5,0.9,11.4,1,1,1,1
U004888,35,0.718,Eastern,4,6,2.3,21.8,1,1,2,1
U004889,34,0.127,Eastern,4,5,3.0,21.2,1,0,0,0
U004890,25,0.499,Riyadh,0,3,2.1,11.5,1,0,0,0
U004891,29,0.605,Madinah,2,2,3.1,21.3,1,1,2,0
U004892,37,0.19,Eastern,4,4,2.4,20.0,1,0,0,0
U004893,31,0.243,Eastern,4,1,0.0,30.0,1,0,1,1
U004894,26,0.884,Madinah,2,6,1.7,45.3,1,1,1,1
U004895,34,0.391,Najran,10,2,2.6,25.1,1,1,2,1
U004896,19,0.372,Riyadh,0,2,2.5,46.8,0,0,0,0
U004897,20,0.427,Eastern,4,8,1.3,62.8,1,1,2,1
U004898,26,0.427,Jazan,9,1,0.6,15.3,0,0,0,1
U004899,23,0.745,Riyadh,0,4,1.2,7.2,1,0,0,1
U004900,65,0.778,Riyadh,0,2,1.8,53.6,1,0,0,0
U004901,32,0.432,Riyadh,0,2,1.8,13.8,1,1,1,0
U004902,21,0.786,Qassim,3,4,2.6,15.8,1,1,1,0
U004903,39,0.439,Jazan,9,5,3.8,25.8,1,0,1,1
U004904,59,0.117,Makkah,1,1,2.0,5.3,1,0,0,1
U004905,35,0.208,Riyadh,0,3,1.5,37.7,1,0,1,0
U004906,60,0.212,Eastern,4,2,1.9,3.3,1,1,2,0
U004907,49,0.791,Makkah,1,4,1.0,36.6,1,0,1,1
U004908,23,0.311,Eastern,4,4,3.4,12.1,1,1,1,0
U004909,52,0.407,Qassim,3,0,4.0,88.6,1,1,1,1
U004910,40,0.509,Jazan,9,6,1.8,45.5,1,1,0,1
U004911,34,0.386,Makkah,1,2,2.8,21.2,1,0,1,1
U004912,52,0.348,Madinah,2,1,3.6,21.0,0,0,2,1
U004913,68,0.302,Madinah,2,2,2.4,31.3,1,1,1,0
U004914,34,0.023,Makkah,1,2,2.2,1.9,0,0,2,1
U004915,46,0.209,Riyadh,0,2,0.8,24.3,1,0,0,0
U004916,29,0.121,Makkah,1,0,4.1,19.5,1,0,0,1
U004917,22,0.176,Riyadh,0,1,4.5,21.4,0,0,0,1
U004918,29,0.222,Jazan,9,2,2.4,17.8,1,0,2,0
U004919,48,0.869,Asir,5,5,0.5,50.7,1,1,1,1
U004920,60,0.335,Makkah,1,5,1.9,23.1,1,0,0,1
U004921,47,0.242,Eastern,4,2,1.6,18.8,1,0,0,0
U004922,19,0.496,Riyadh,0,3,2.7,10.8,1,0,0,0
U004923,69,0.745,Eastern,4,5,0.7,26.6,1,1,3,0
U004924,41,0.215,Jazan,9,0,1.2,40.4,1,0,1,1
U004925,41,0.765,Makkah,1,5,2.9,3.0,1,1,1,0
U004926,62,0.42,Madinah,2,2,3.8,8.1,1,0,2,0
U004927,66,0.305,Madinah,2,5,1.3,16.6,1,1,2,0
U004928,18,0.841,Tabuk,6,3,1.9,26.4,1,0,0,1
U004929,28,0.202,Eastern,4,3,4.1,3.2,1,0,0,0
U004930,60,0.747,Makkah,1,2,0.0,7.7,1,1,0,1
U004931,67,0.817,Makkah,1,6,0.3,26.7,1,1,1,1
U004932,44,0.215,Eastern,4,5,3.9,7.4,1,0,1,1
U004933,59,0.67,Eastern,4,4,0.5,19.4,1,1,3,1
U004934,28,0.378,Madinah,2,4,2.3,15.5,1,1,1,1
U004935,30,0.669,Asir,5,7,3.1,5.9,1,1,0,1
U004936,47,0.432,Hail,7,2,1.0,56.7,1,0,0,1
U004937,21,0.487,Al Jawf,12,6,2.1,14.1,1,1,1,1
U004938,45,0.221,Al Bahah,11,0,2.8,6.2,0,0,0,0
U004939,38,0.317,Makkah,1,0,0.7,16.3,1,0,0,0
U004940,36,0.172,Makkah,1,0,2.8,21.2,1,0,1,0
U004941,50,0.742,Eastern,4,1,4.4,15.8,0,0,0,0
U004942,29,0.422,Riyadh,0,3,1.8,8.9,1,0,0,1
U004943,41,0.477,Al Jawf,12,8,1.2,8.8,1,1,0,0
U004944,57,0.721,Qassim,3,1,1.5,7.2,1,1,1,0
U004945,57,0.574,Qassim,3,3,3.3,9.8,1,0,3,0
U004946,32,0.614,Tabuk,6,3,0.7,16.1,1,1,0,1
U004947,60,0.583,Riyadh,0,2,3.0,18.1,1,0,1,1
U004948,29,0.42,Tabuk,6,1,0.0,12.4,1,1,2,0
U004949,47,0.486,Eastern,4,5,1.3,12.8,1,0,1,1
U004950,52,0.748,Riyadh,0,3,2.8,24.9,1,1,0,1
U004951,26,0.562,Jazan,9,2,3.1,21.8,1,1,3,1
U004952,57,0.364,Northern Borders,8,0,3.6,27.0,1,0,0,1
U004953,67,0.256,Najran,10,3,2.0,53.5,1,0,1,1
U004954,40,0.725,Asir,5,2,2.0,8.9,1,1,1,1
U004955,46,0.432,Riyadh,0,4,0.9,63.7,1,0,0,0
U004956,41,0.444,Asir,5,1,1.2,1.7,1,0,2,1
U004957,30,0.542,Makkah,1,8,4.7,30.2,1,1,1,0
U004958,68,0.658,Riyadh,0,2,3.8,32.5,1,1,2,1
U004959,29,0.435,Riyadh,0,1,1.5,9.5,1,1,1,1
U004960,29,0.796,Riyadh,0,4,1.5,28.7,1,1,3,1
U004961,49,0.391,Jazan,9,2,3.0,36.5,1,0,0,0
U004962,24,0.062,Riyadh,0,2,2.7,20.8,1,0,0,0
U004963,26,0.824,Eastern,4,8,0.0,27.3,1,1,2,1
U004964,45,0.855,Riyadh,0,4,1.6,10.5,1,1,1,1
U004965,37,0.068,Riyadh,0,1,4.0,10.5,0,0,1,1
U004966,66,0.398,Eastern,4,1,1.9,21.2,1,0,1,0
U004967,34,0.955,Asir,5,7,1.1,30.9,1,1,2,1
U004968,59,0.506,Hail,7,6,2.9,19.9,0,1,1,1
U004969,27,0.546,Eastern,4,2,0.0,40.9,1,0,0,1
U004970,43,0.814,Hail,7,6,0.5,15.8,0,1,2,0
U004971,40,0.292,Asir,5,2,1.0,19.8,0,1,0,0
U004972,50,0.275,Qassim,3,3,0.0,47.7,1,1,3,1
U004973,39,0.877,Hail,7,4,0.0,27.5,1,1,3,1
U004974,25,0.203,Makkah,1,3,3.6,44.5,1,0,1,1
U004975,24,0.927,Eastern,4,3,0.7,8.4,1,1,0,1
U004976,48,0.716,Eastern,4,9,0.3,27.4,1,0,0,1
U004977,29,0.729,Makkah,1,6,0.0,37.3,1,1,1,1
U004978,45,0.248,Qassim,3,2,0.0,26.3,0,0,1,1
U004979,18,0.224,Makkah,1,0,2.4,19.3,1,1,2,0
U004980,54,0.667,Madinah,2,4,3.9,37.7,1,0,0,1
U004981,32,0.308,Riyadh,0,2,4.0,61.6,1,1,3,0
U004982,57,0.75,Riyadh,0,6,1.8,5.5,1,1,2,1
U004983,51,0.425,Qassim,3,3,3.5,8.3,0,0,0,0
U004984,39,0.34,Asir,5,4,2.4,18.6,1,0,0,0
U004985,37,0.763,Madinah,2,4,1.7,26.7,1,0,1,1
U004986,21,0.902,Asir,5,5,1.5,25.0,0,1,2,1
U004987,64,0.517,Makkah,1,1,3.5,50.5,1,0,1,0
U004988,31,0.687,Asir,5,5,0.3,36.4,1,1,1,1
U004989,51,0.306,Tabuk,6,1,3.0,11.0,1,1,0,0
U004990,51,0.902,Asir,5,6,1.1,37.6,1,1,0,1
U004991,60,0.561,Eastern,4,1,1.3,13.3,1,0,0,0
U004992,66,0.183,Makkah,1,0,1.0,36.1,1,0,0,0
U004993,25,0.41,Qassim,3,2,2.1,23.2,1,0,0,0
U004994,20,0.607,Hail,7,5,2.7,83.3,1,0,0,1
U004995,64,0.74,Riyadh,0,5,1.3,2.2,0,1,1,0
U004996,40,0.376,Qassim,3,2,2.8,15.5,1,0,1,1
U004997,25,0.743,Makkah,1,1,2.4,39.4,1,0,0,0
U004998,58,0.468,Madinah,2,2,4.1,16.1,1,0,0,1
U004999,24,0.176,Asir,5,2,2.3,10.5,0,0,4,1
U005000,28,0.706,Northern Borders,8,1,2.9,36.1,1,0,0,0
U005001,52,0.952,Riyadh,0,5,0.0,46.9,1,0,0,0
U005002,56,0.881,Jazan,9,1,0.0,23.6,1,1,0,0
U005003,42,0.421,Riyadh,0,4,1.6,4.9,1,1,0,1
U005004,64,0.268,Riyadh,0,1,1.6,10.7,0,1,2,0
U005005,31,0.437,Riyadh,0,0,2.5,58.6,1,0,1,1
U005006,39,0.392,Eastern,4,4,0.6,36.2,0,0,0,1
U005007,37,0.65,Eastern,4,7,0.0,28.3,1,1,0,0
U005008,66,0.456,Makkah,1,5,1.5,89.4,1,0,1,1
U005009,29,0.432,Al Jawf,12,3,0.0,1.0,1,0,0,1
U005010,47,0.179,Tabuk,6,2,2.2,18.5,0,0,1,0
U005011,39,0.111,Jazan,9,2,1.1,19.4,1,0,0,1
U005012,32,0.441,Eastern,4,3,4.1,20.2,1,0,1,1
U005013,65,0.405,Makkah,1,2,2.8,13.1,1,0,0,0
U005014,54,0.11,Riyadh,0,5,0.0,46.1,1,0,0,1
U005015,54,0.497,Makkah,1,4,1.6,25.0,1,0,0,0
U005016,42,0.135,Riyadh,0,1,3.3,21.4,0,0,0,0
U005017,30,0.794,Najran,10,5,1.3,18.3,1,1,0,0
U005018,31,0.385,Asir,5,3,0.4,12.9,1,0,1,0
U005019,50,0.289,Jazan,9,2,3.2,61.3,0,0,1,1
U005020,18,0.428,Riyadh,0,5,3.3,25.6,1,1,2,1
U005021,22,0.451,Al Bahah,11,3,0.2,54.3,1,0,0,0
U005022,44,0.768,Madinah,2,5,1.0,12.6,1,1,0,0
U005023,19,0.667,Riyadh,0,4,0.0,8.8,1,1,0,1
U005024,54,0.681,Asir,5,4,2.2,30.8,1,1,1,0
U005025,33,0.657,Makkah,1,3,2.1,25.5,1,0,0,0
U005026,32,0.659,Riyadh,0,8,1.4,38.3,1,0,0,1
U005027,43,0.117,Riyadh,0,0,1.7,30.7,1,0,0,1
U005028,61,0.507,Makkah,1,3,3.3,18.2,0,0,1,0
U005029,37,0.636,Asir,5,6,0.6,31.8,1,1,0,1
U005030,63,0.489,Riyadh,0,0,1.0,15.2,1,1,1,1
U005031,25,0.933,Riyadh,0,3,0.0,30.9,1,1,0,1
U005032,41,0.704,Tabuk,6,1,1.3,19.8,0,1,1,1
U005033,35,0.286,Makkah,1,2,2.7,11.4,0,0,1,0
U005034,48,0.417,Asir,5,5,1.9,36.2,1,0,0,1
U005035,62,0.647,Eastern,4,1,2.2,10.8,1,0,1,1
U005036,42,0.342,Riyadh,0,5,3.7,10.2,0,1,0,0
U005037,39,0.567,Asir,5,2,0.6,30.5,0,1,3,1
U005038,46,0.375,Al Jawf,12,2,0.5,25.6,0,0,1,0
U005039,29,0.219,Riyadh,0,0,3.3,6.1,0,0,1,1
U005040,18,0.422,Riyadh,0,4,4.0,5.9,1,1,0,0
U005041,27,0.439,Makkah,1,1,2.9,50.9,1,1,1,1
U005042,59,0.254,Hail,7,2,2.2,50.5,1,1,1,1
U005043,64,0.884,Makkah,1,5,0.9,23.9,1,1,1,1
U005044,62,0.209,Eastern,4,3,2.0,1.4,0,1,0,0
U005045,23,0.45,Jazan,9,0,2.7,38.5,1,1,0,0
U005046,47,0.58,Jazan,9,2,3.6,15.9,0,0,0,1
U005047,64,0.225,Makkah,1,1,2.2,16.3,0,0,0,1
U005048,60,0.483,Madinah,2,1,1.1,12.8,1,0,1,1
U005049,26,0.404,Eastern,4,3,2.2,11.7,0,1,1,1
U005050,41,0.337,Riyadh,0,1,0.9,10.4,1,1,0,0
U005051,37,0.071,Makkah,1,1,3.3,51.5,1,0,3,1
U005052,50,0.326,Riyadh,0,1,2.1,23.9,0,1,1,0
U005053,24,0.41,Jazan,9,1,1.3,37.8,1,0,0,1
U005054,61,0.815,Jazan,9,4,3.3,3.7,0,0,0,1
U005055,58,0.535,Qassim,3,2,3.5,5.9,0,1,0,0
U005056,42,0.32,Makkah,1,3,1.2,30.6,0,0,1,0
U005057,57,0.742,Eastern,4,4,1.3,15.1,1,0,1,1
U005058,59,0.259,Northern Borders,8,0,3.2,57.9,1,0,2,0
U005059,22,0.113,Makkah,1,5,2.5,25.3,1,0,0,1
U005060,54,0.489,Eastern,4,3,1.3,20.0,1,1,3,1
U005061,20,0.632,Riyadh,0,5,2.0,1.1,1,1,0,1
U005062,20,0.342,Makkah,1,3,1.3,29.8,1,1,1,1
U005063,34,0.427,Makkah,1,2,0.3,34.7,0,0,0,1
U005064,44,0.109,Makkah,1,3,2.1,19.1,0,0,1,1
U005065,45,0.086,Asir,5,5,2.8,14.1,0,0,1,0
U005066,54,0.473,Tabuk,6,4,1.2,75.6,1,1,1,1
U005067,68,0.421,Riyadh,0,4,4.6,8.5,1,0,0,0
U005068,60,0.418,Eastern,4,2,4.4,4.9,1,1,1,0
U005069,35,0.826,Jazan,9,4,0.8,3.2,1,1,0,1
U005070,27,0.596,Jazan,9,3,3.0,0.7,1,0,1,0
U005071,51,0.796,Makkah,1,4,0.4,17.2,1,1,4,1
U005072,36,0.718,Riyadh,0,3,0.0,39.0,1,1,1,1
U005073,59,0.425,Tabuk,6,2,0.9,16.6,1,1,0,0
U005074,43,0.772,Eastern,4,3,3.2,23.4,0,0,0,0
U005075,35,0.799,Makkah,1,9,0.8,6.4,1,0,1,1
U005076,58,0.627,Eastern,4,3,4.3,36.4,1,1,0,0
U005077,63,0.551,Eastern,4,5,1.2,24.3,1,1,1,0
U005078,58,0.212,Makkah,1,3,2.4,33.3,0,0,1,0
U005079,38,0.74,Al Bahah,11,4,2.2,28.5,1,1,1,0
U005080,47,0.771,Eastern,4,7,0.0,23.9,1,1,1,1
U005081,27,0.585,Makkah,1,5,0.6,8.8,1,1,0,1
U005082,50,0.201,Makkah,1,3,1.0,18.3,0,1,1,0
U005083,18,0.895,Al Jawf,12,4,0.3,4.5,1,1,0,1
U005084,19,0.522,Eastern,4,5,0.0,11.8,1,1,1,1
U005085,26,0.251,Hail,7,1,5.0,3.4,0,0,0,0
U005086,21,0.855,Makkah,1,5,0.9,5.7,1,0,0,1
U005087,52,0.342,Riyadh,0,3,2.6,24.5,1,1,3,1
U005088,56,0.583,Riyadh,0,4,2.8,35.2,1,0,0,0
U005089,42,0.798,Riyadh,0,3,1.1,60.5,1,1,0,1
U005090,26,0.62,Riyadh,0,6,0.5,16.8,0,1,2,1
U005091,26,0.242,Riyadh,0,2,1.6,15.1,1,0,0,0
U005092,27,0.512,Riyadh,0,4,2.3,11.3,1,0,0,0
U005093,34,0.788,Riyadh,0,5,1.6,14.6,1,1,0,1
U005094,20,0.337,Al Jawf,12,1,3.1,4.5,1,0,1,0
U005095,46,0.657,Riyadh,0,2,0.0,30.1,1,1,0,0
U005096,67,0.207,Riyadh,0,2,2.8,26.9,1,0,0,0
U005097,65,0.341,Makkah,1,2,1.8,34.1,1,0,0,0
U005098,18,0.12,Riyadh,0,1,4.7,21.5,1,1,0,0
U005099,62,0.566,Asir,5,4,2.4,20.3,1,0,2,0
U005100,39,0.547,Makkah,1,1,0.6,59.0,1,1,1,0
U005101,28,0.687,Madinah,2,2,0.2,29.4,1,1,1,0
U005102,54,0.318,Tabuk,6,3,1.1,16.1,1,1,1,0
U005103,34,0.446,Northern Borders,8,1,3.0,26.2,0,0,1,1
U005104,38,0.36,Makkah,1,5,2.9,11.3,0,0,1,0
U005105,25,0.679,Asir,5,3,1.1,31.6,1,1,3,0
U005106,20,0.147,Eastern,4,1,2.7,10.4,0,0,2,1
U005107,62,0.188,Tabuk,6,3,4.2,56.7,1,0,0,0
U005108,43,0.4,Makkah,1,2,1.9,74.5,1,0,1,1
U005109,41,0.358,Qassim,3,5,3.3,31.2,1,0,1,0
U005110,32,0.556,Eastern,4,5,0.8,4.7,0,1,2,1
U005111,27,0.504,Riyadh,0,4,1.2,5.9,1,0,1,0
U005112,38,0.537,Makkah,1,5,2.1,5.2,1,1,0,0
U005113,61,0.584,Riyadh,0,1,1.3,19.7,0,0,2,0
U005114,58,0.745,Eastern,4,4,4.5,8.8,1,1,0,1
U005115,41,0.323,Makkah,1,0,2.4,28.8,1,0,3,1
U005116,66,0.941,Eastern,4,2,0.0,13.3,1,1,4,0
U005117,58,0.253,Riyadh,0,0,3.9,13.4,0,1,0,0
U005118,23,0.325,Qassim,3,3,4.0,56.5,1,0,3,0
U005119,57,0.125,Eastern,4,2,2.9,10.0,0,0,0,1
U005120,45,0.558,Al Jawf,12,0,3.5,10.8,0,0,0,0
U005121,42,0.768,Makkah,1,9,3.0,13.5,0,0,1,1
U005122,65,0.714,Najran,10,2,1.8,22.8,1,0,1,1
U005123,52,0.073,Eastern,4,2,3.4,41.2,1,1,0,0
U005124,26,0.287,Jazan,9,1,2.7,4.8,1,0,1,1
U005125,63,0.218,Jazan,9,4,4.1,34.1,1,0,1,1
U005126,38,0.173,Riyadh,0,2,1.9,28.7,1,0,1,0
U005127,27,0.22,Riyadh,0,3,1.6,11.5,1,0,1,1
U005128,63,0.219,Makkah,1,5,2.6,54.1,0,1,2,0
U005129,35,0.873,Al Bahah,11,6,3.9,33.9,0,0,1,1
U005130,46,0.538,Qassim,3,5,1.7,22.1,0,1,0,1
U005131,35,0.672,Tabuk,6,5,1.5,41.9,1,1,0,0
U005132,58,0.844,Al Bahah,11,2,1.1,27.7,1,1,1,1
U005133,44,0.711,Eastern,4,4,0.7,28.9,1,0,0,1
U005134,33,0.172,Makkah,1,4,3.3,19.4,1,0,0,1
U005135,43,0.682,Makkah,1,0,2.7,59.8,1,0,0,1
U005136,63,0.797,Eastern,4,2,2.4,38.7,1,0,0,1
U005137,67,0.042,Makkah,1,6,4.4,46.3,0,0,1,0
U005138,32,0.6,Eastern,4,4,3.6,15.8,1,0,0,1
U005139,63,0.403,Eastern,4,1,2.4,9.4,0,0,0,0
U005140,19,0.3,Jazan,9,2,3.9,21.0,1,1,2,1
U005141,32,0.205,Riyadh,0,4,4.7,12.0,1,0,2,1
U005142,64,0.686,Northern Borders,8,6,1.3,5.3,1,0,0,1
U005143,66,0.146,Northern Borders,8,1,2.3,21.3,1,0,0,0
U005144,48,0.257,Eastern,4,2,0.1,32.7,1,0,1,0
U005145,32,0.663,Eastern,4,1,0.7,24.2,1,1,1,1
U005146,40,0.491,Makkah,1,2,0.1,18.8,1,1,0,1
U005147,28,0.411,Najran,10,7,1.5,8.5,0,0,1,1
U005148,36,0.177,Makkah,1,2,2.8,7.1,1,0,1,0
U005149,49,0.608,Hail,7,4,0.0,15.1,1,1,0,0
U005150,36,0.595,Madinah,2,5,0.9,37.5,1,0,0,0
U005151,37,0.725,Riyadh,0,3,0.5,39.6,1,1,2,1
U005152,35,0.858,Makkah,1,7,2.6,15.3,1,1,2,1
U005153,49,0.397,Madinah,2,4,2.8,14.0,1,0,2,0
U005154,65,0.059,Makkah,1,1,2.4,17.7,1,0,1,0
U005155,53,0.059,Eastern,4,0,4.3,40.9,1,0,0,0
U005156,21,0.54,Madinah,2,5,3.4,11.5,1,0,0,1
U005157,37,0.48,Makkah,1,1,1.0,34.0,1,0,1,1
U005158,67,0.183,Hail,7,2,3.2,23.0,1,0,0,0
U005159,53,0.843,Eastern,4,2,2.8,31.7,1,0,0,0
U005160,58,0.315,Asir,5,1,2.6,11.0,0,0,1,0
U005161,49,0.437,Eastern,4,1,2.7,2.8,0,0,0,0
U005162,69,0.207,Jazan,9,1,3.7,10.9,1,0,0,1
U005163,20,0.812,Al Jawf,12,0,0.0,15.9,1,0,0,1
U005164,58,0.676,Eastern,4,2,0.8,10.7,0,1,0,1
U005165,31,0.666,Riyadh,0,3,0.0,32.5,1,1,1,0
U005166,60,0.947,Riyadh,0,4,0.0,22.9,1,1,1,0
U005167,49,0.721,Al Jawf,12,2,2.8,13.9,1,0,0,1
U005168,42,0.613,Al Bahah,11,1,1.4,21.6,0,0,1,1
U005169,43,0.485,Riyadh,0,4,2.9,18.7,0,0,1,1
U005170,69,0.178,Eastern,4,3,0.3,19.1,1,0,1,0
U005171,67,0.537,Eastern,4,4,3.0,22.6,1,0,1,1
U005172,44,0.805,Asir,5,2,0.8,64.3,1,1,0,0
U005173,54,0.597,Makkah,1,7,2.2,21.5,1,1,0,1
U005174,21,0.462,Eastern,4,5,2.1,48.3,1,1,1,1
U005175,61,0.423,Qassim,3,2,3.4,5.3,1,0,1,0
U005176,41,0.85,Asir,5,6,0.7,16.6,1,0,0,1
U005177,58,0.341,Riyadh,0,5,3.5,30.1,1,0,0,1
U005178,39,0.685,Makkah,1,4,3.8,33.9,1,1,0,0
U005179,31,0.37,Riyadh,0,0,1.6,37.4,1,0,0,1
U005180,59,0.205,Makkah,1,4,2.8,41.6,1,1,1,1
U005181,63,0.311,Eastern,4,2,0.8,0.8,0,1,1,1
U005182,39,0.4,Makkah,1,2,5.3,28.1,0,0,2,0
U005183,55,0.286,Eastern,4,4,3.1,11.8,1,0,1,0
U005184,56,0.407,Al Jawf,12,2,3.6,43.0,1,0,0,0
U005185,18,0.585,Makkah,1,1,1.3,8.3,1,0,0,1
U005186,66,0.165,Eastern,4,1,1.5,8.8,0,0,1,0
U005187,36,0.558,Eastern,4,2,2.7,32.7,1,0,0,0
U005188,19,0.283,Makkah,1,3,1.5,38.1,1,1,4,0
U005189,66,0.285,Tabuk,6,1,2.1,21.0,1,1,0,0
U005190,31,0.811,Makkah,1,1,0.0,101.1,1,0,1,1
U005191,47,0.545,Madinah,2,4,2.6,30.1,1,0,1,0
U005192,67,0.558,Makkah,1,4,1.8,20.4,1,0,1,0
U005193,36,0.772,Eastern,4,2,3.2,19.1,1,1,0,1
U005194,65,0.423,Najran,10,2,0.1,35.6,1,1,0,1
U005195,64,0.25,Eastern,4,4,1.2,11.5,1,1,2,1
U005196,54,0.373,Qassim,3,3,2.4,57.5,1,0,0,0
U005197,43,0.538,Eastern,4,4,1.8,13.1,0,1,3,1
U005198,45,0.519,Qassim,3,3,2.4,15.9,1,1,0,0
U005199,60,0.793,Makkah,1,8,1.5,38.3,0,0,0,1
U005200,53,0.322,Eastern,4,2,2.8,15.1,0,0,0,0
U005201,47,0.377,Riyadh,0,2,2.6,7.8,1,1,2,1
U005202,40,0.357,Makkah,1,2,4.1,29.6,1,1,2,0
U005203,46,0.769,Najran,10,3,1.0,11.8,1,1,3,0
U005204,62,0.652,Asir,5,3,3.4,22.0,1,1,0,1
U005205,63,0.943,Qassim,3,4,2.9,28.2,1,1,1,1
U005206,55,0.928,Riyadh,0,4,1.3,17.1,1,1,1,0
U005207,43,0.376,Riyadh,0,5,3.7,19.0,1,1,0,1
U005208,63,0.486,Asir,5,5,0.6,44.6,1,0,0,1
U005209,52,0.871,Makkah,1,4,0.0,22.5,1,1,0,0
U005210,26,0.328,Tabuk,6,5,2.7,54.7,1,1,0,1
U005211,27,0.197,Riyadh,0,3,2.7,5.1,1,0,2,0
U005212,57,0.762,Qassim,3,4,1.3,26.3,1,0,2,1
U005213,26,0.176,Jazan,9,1,1.7,10.6,1,0,1,0
U005214,51,0.611,Makkah,1,3,2.8,36.9,1,1,0,1
U005215,45,0.28,Jazan,9,6,0.3,26.4,1,0,1,1
U005216,51,0.594,Riyadh,0,2,2.4,18.2,0,1,1,0
U005217,69,0.261,Eastern,4,3,2.3,6.2,0,0,0,1
U005218,52,0.22,Riyadh,0,1,0.0,47.0,1,0,0,1
U005219,50,0.68,Makkah,1,3,3.1,18.5,1,1,3,1
U005220,43,0.783,Jazan,9,3,2.8,44.0,1,0,2,1
U005221,47,0.409,Eastern,4,1,4.0,22.9,1,0,0,0
U005222,29,0.232,Riyadh,0,2,1.7,13.3,0,0,1,1
U005223,49,0.671,Najran,10,2,2.0,20.8,1,1,3,1
U005224,41,0.463,Eastern,4,2,0.0,25.4,0,0,1,0
U005225,44,0.812,Riyadh,0,3,3.1,28.6,1,1,2,1
U005226,66,0.642,Makkah,1,2,0.0,7.1,1,1,1,0
U005227,35,0.709,Eastern,4,2,2.3,2.5,1,0,0,1
U005228,44,0.826,Madinah,2,7,2.0,10.6,0,0,0,1
U005229,50,0.576,Qassim,3,3,2.0,27.2,1,1,1,1
U005230,44,0.319,Makkah,1,6,1.9,44.3,1,0,0,1
U005231,27,0.283,Eastern,4,2,0.9,37.7,1,0,1,0
U005232,56,0.093,Makkah,1,3,2.0,68.1,1,0,0,0
U005233,47,0.668,Riyadh,0,4,1.8,32.5,1,1,1,0
U005234,21,0.674,Madinah,2,4,1.3,47.6,1,1,1,1
U005235,31,0.569,Eastern,4,0,2.3,9.2,0,0,0,1
U005236,38,0.441,Tabuk,6,1,1.3,7.5,1,0,0,1
U005237,35,0.922,Riyadh,0,5,0.9,63.5,1,1,1,1
U005238,48,0.498,Eastern,4,2,2.1,6.2,1,1,0,0
U005239,49,0.481,Makkah,1,1,1.7,15.3,1,1,0,1
U005240,22,0.384,Al Bahah,11,2,1.3,2.9,1,0,0,1
U005241,30,0.358,Asir,5,3,2.3,1.8,0,0,0,1
U005242,52,0.702,Jazan,9,3,3.7,14.5,1,1,3,1
U005243,22,0.031,Riyadh,0,2,3.6,4.8,1,0,2,0
U005244,44,0.961,Eastern,4,7,0.0,33.3,1,0,1,1
U005245,57,0.671,Riyadh,0,1,2.6,11.1,1,0,0,1
U005246,66,0.692,Makkah,1,1,1.9,17.8,1,0,1,1
U005247,39,0.571,Jazan,9,1,3.8,34.8,1,0,0,0
U005248,29,0.521,Al Jawf,12,5,3.3,67.1,1,0,1,1
U005249,55,0.749,Najran,10,2,1.5,1.1,1,0,1,1
U005250,20,0.472,Madinah,2,5,5.0,16.3,1,0,2,1
U005251,19,0.16,Riyadh,0,1,2.5,18.0,1,0,0,1
U005252,69,0.661,Makkah,1,2,2.2,40.6,1,0,1,1
U005253,22,0.341,Makkah,1,4,3.2,17.5,1,1,0,1
U005254,61,0.38,Al Jawf,12,2,0.5,23.7,1,0,0,0
U005255,50,0.732,Makkah,1,4,0.6,34.8,1,0,0,0
U005256,46,0.524,Makkah,1,2,1.7,6.0,0,0,0,0
U005257,25,0.816,Al Jawf,12,2,1.4,13.4,0,1,2,1
U005258,36,0.455,Jazan,9,2,2.9,20.1,1,0,0,1
U005259,54,0.343,Eastern,4,2,3.1,8.9,1,0,0,1
U005260,57,0.395,Makkah,1,3,3.3,36.3,1,1,0,0
U005261,58,0.811,Makkah,1,4,1.4,15.7,1,1,1,1
U005262,24,0.853,Qassim,3,2,2.4,29.1,1,1,2,1
U005263,51,0.292,Riyadh,0,1,1.8,45.2,1,0,1,1
U005264,24,0.404,Asir,5,2,2.3,21.1,1,0,0,1
U005265,30,0.37,Makkah,1,3,1.0,8.9,1,1,2,0
U005266,43,0.751,Asir,5,5,0.0,20.7,1,1,0,1
U005267,68,0.323,Riyadh,0,2,1.3,17.6,0,0,1,1
U005268,58,0.681,Riyadh,0,8,2.3,17.2,0,0,0,1
U005269,41,0.849,Riyadh,0,3,0.6,20.3,0,1,0,1
U005270,39,0.79,Madinah,2,1,2.3,49.7,1,1,1,0
U005271,50,0.168,Asir,5,3,0.5,20.3,1,0,2,0
U005272,43,0.267,Makkah,1,1,2.1,4.6,0,0,1,1
U005273,45,0.367,Riyadh,0,3,1.3,27.0,1,0,1,1
U005274,51,0.561,Riyadh,0,2,2.6,21.7,1,0,0,1
U005275,50,0.263,Qassim,3,2,3.4,7.4,1,0,4,0
U005276,19,0.469,Riyadh,0,1,2.7,1.4,1,0,0,0
U005277,56,0.572,Madinah,2,1,3.2,6.4,1,1,4,1
U005278,33,0.969,Hail,7,5,0.0,60.8,1,0,0,1
U005279,31,0.589,Jazan,9,3,1.7,28.5,1,1,1,1
U005280,64,0.404,Asir,5,3,1.8,35.4,0,0,1,1
U005281,29,0.512,Madinah,2,2,1.7,16.3,1,1,1,0
U005282,34,0.702,Northern Borders,8,3,4.8,32.4,1,1,2,1
U005283,27,0.413,Northern Borders,8,7,1.7,6.6,0,1,1,0
U005284,61,0.562,Makkah,1,7,0.1,10.9,0,1,0,1
U005285,62,0.282,Jazan,9,4,2.5,27.2,1,0,3,1
U005286,18,0.313,Riyadh,0,2,1.3,17.5,1,1,1,0
U005287,21,0.674,Riyadh,0,1,3.5,33.0,0,1,1,1
U005288,55,0.71,Eastern,4,0,2.8,31.6,1,0,1,0
U005289,58,0.377,Riyadh,0,2,3.5,22.4,0,1,0,0
U005290,28,0.245,Tabuk,6,5,2.4,18.6,1,0,0,0
U005291,31,0.797,Asir,5,3,1.5,74.7,1,0,0,1
U005292,38,0.361,Eastern,4,2,1.7,22.4,1,0,0,0
U005293,42,0.262,Madinah,2,1,2.8,46.6,1,0,0,1
U005294,26,0.498,Riyadh,0,1,1.3,24.1,1,1,1,1
U005295,64,0.571,Al Jawf,12,6,0.9,57.0,1,1,3,1
U005296,53,0.178,Madinah,2,3,2.5,10.5,1,1,0,0
U005297,57,0.827,Hail,7,4,2.5,2.6,1,1,1,0
U005298,64,0.516,Riyadh,0,0,3.0,19.1,1,1,1,0
U005299,66,0.182,Riyadh,0,4,1.7,28.4,0,1,0,1
U005300,58,0.405,Asir,5,5,2.3,58.3,1,0,2,0
U005301,55,0.683,Makkah,1,1,3.1,4.9,1,1,0,0
U005302,41,0.736,Riyadh,0,4,1.9,8.3,1,0,0,1
U005303,60,0.73,Riyadh,0,7,0.0,49.2,1,1,0,1
U005304,60,0.725,Eastern,4,2,1.6,41.6,0,1,0,0
U005305,52,0.496,Makkah,1,1,3.4,7.5,1,0,0,1
U005306,37,0.34,Makkah,1,2,2.7,28.6,0,0,0,1
U005307,32,0.475,Makkah,1,4,1.2,12.9,1,0,3,1
U005308,33,0.661,Riyadh,0,2,2.3,28.2,1,0,1,1
U005309,52,0.196,Hail,7,1,1.5,34.2,1,1,1,0
U005310,62,0.535,Riyadh,0,2,0.3,14.1,1,0,1,0
U005311,26,0.427,Najran,10,2,3.9,30.0,1,1,0,1
U005312,26,0.164,Eastern,4,4,1.4,18.0,1,1,1,1
U005313,47,0.428,Eastern,4,2,1.6,26.5,1,0,0,1
U005314,69,0.938,Eastern,4,9,0.0,46.5,1,1,1,1
U005315,67,0.389,Makkah,1,4,0.1,3.3,1,0,0,0
U005316,35,0.356,Madinah,2,5,3.6,17.0,0,0,0,0
U005317,29,0.281,Jazan,9,5,2.6,30.4,1,0,1,0
U005318,52,0.581,Riyadh,0,1,3.1,36.0,1,0,0,1
U005319,62,0.57,Makkah,1,4,3.6,5.4,1,1,2,1
U005320,23,0.893,Jazan,9,5,2.9,43.7,1,1,0,1
U005321,46,0.288,Eastern,4,2,3.6,12.7,0,1,0,0
U005322,47,0.813,Eastern,4,2,0.8,23.1,0,1,2,1
U005323,32,0.932,Riyadh,0,3,1.2,88.3,1,1,1,1
U005324,57,0.422,Makkah,1,2,3.1,61.3,1,1,2,1
U005325,40,0.883,Riyadh,0,5,0.6,11.7,0,1,1,1
U005326,60,0.914,Najran,10,2,0.0,23.8,1,1,0,0
U005327,66,0.898,Qassim,3,3,0.2,6.3,1,1,0,0
U005328,41,0.735,Riyadh,0,7,0.0,7.5,1,0,1,1
U005329,50,0.568,Riyadh,0,5,2.5,16.4,1,1,2,0
U005330,66,0.558,Asir,5,4,1.2,33.5,1,1,1,1
U005331,59,0.482,Al Jawf,12,4,1.2,10.3,0,0,1,0
U005332,60,0.176,Jazan,9,1,3.4,43.2,1,0,0,0
U005333,46,0.051,Makkah,1,1,4.4,33.8,1,0,0,1
U005334,61,0.615,Riyadh,0,4,0.1,13.0,0,0,1,1
U005335,62,0.256,Eastern,4,2,4.8,27.7,0,0,0,0
U005336,49,0.233,Hail,7,1,3.6,45.3,1,0,0,1
U005337,45,0.429,Eastern,4,2,6.2,30.4,1,0,1,0
U005338,52,0.677,Makkah,1,2,0.4,45.0,1,0,1,0
U005339,44,0.627,Riyadh,0,7,1.4,28.9,1,0,0,1
U005340,60,0.345,Riyadh,0,2,3.7,2.7,1,0,0,0
U005341,50,0.613,Riyadh,0,4,1.2,18.6,1,1,0,1
U005342,55,0.325,Madinah,2,1,1.3,43.9,1,0,1,0
U005343,40,0.59,Makkah,1,2,0.9,26.0,0,0,0,0
U005344,36,0.477,Makkah,1,0,1.7,16.3,0,0,1,1
U005345,62,0.391,Riyadh,0,3,0.8,21.7,1,0,2,1
U005346,33,0.68,Al Bahah,11,3,0.9,77.9,1,1,0,0
U005347,44,0.556,Riyadh,0,1,2.6,9.5,0,0,2,1
U005348,25,0.626,Makkah,1,4,2.1,25.9,1,0,0,1
U005349,59,0.546,Madinah,2,3,2.1,8.6,1,1,0,1
U005350,23,0.48,Riyadh,0,7,2.0,12.6,0,0,1,1
U005351,67,0.36,Eastern,4,2,2.3,11.5,1,0,1,0
U005352,26,0.335,Riyadh,0,2,0.1,7.4,1,0,0,1
U005353,65,0.525,Makkah,1,7,0.9,26.7,1,1,1,1
U005354,40,0.654,Asir,5,4,0.2,32.2,1,0,0,1
U005355,24,0.863,Riyadh,0,3,0.0,32.5,1,1,1,0
U005356,49,0.786,Asir,5,7,2.3,17.0,1,1,3,1
U005357,39,0.373,Riyadh,0,3,3.4,42.4,1,1,2,1
U005358,61,0.118,Jazan,9,2,2.2,7.0,1,0,0,0
U005359,42,0.76,Madinah,2,5,0.0,18.8,1,1,2,1
U005360,68,0.338,Najran,10,2,5.5,48.2,1,1,0,0
U005361,38,0.45,Jazan,9,2,1.4,11.6,1,0,0,1
U005362,37,0.408,Northern Borders,8,3,1.5,7.3,1,1,1,1
U005363,26,0.708,Al Jawf,12,3,2.0,23.1,1,0,1,1
U005364,46,0.369,Makkah,1,5,1.7,21.9,1,1,1,0
U005365,31,0.711,Riyadh,0,6,0.1,39.7,1,1,1,1
U005366,55,0.68,Makkah,1,7,1.7,18.2,1,1,1,1
U005367,53,0.728,Asir,5,4,2.3,36.6,1,1,1,1
U005368,19,0.888,Riyadh,0,3,1.3,14.3,1,1,3,1
U005369,68,0.169,Makkah,1,5,2.4,7.8,0,0,0,0
U005370,61,0.648,Makkah,1,5,0.0,15.9,1,0,0,0
U005371,47,0.824,Riyadh,0,1,0.0,54.8,1,1,0,1
U005372,30,0.876,Makkah,1,5,1.1,28.9,1,1,2,1
U005373,20,0.519,Madinah,2,4,1.4,27.7,1,1,3,0
U005374,50,0.08,Eastern,4,0,2.8,6.0,1,0,0,1
U005375,56,0.497,Al Bahah,11,2,1.8,2.5,0,0,0,1
U005376,66,0.387,Jazan,9,3,3.1,14.4,1,0,0,0
U005377,25,0.978,Eastern,4,6,1.8,16.9,1,1,1,1
U005378,69,0.966,Qassim,3,5,1.1,23.0,1,1,1,1
U005379,60,0.437,Qassim,3,5,2.5,23.0,1,1,0,0
U005380,22,0.432,Riyadh,0,3,2.2,26.7,0,0,1,0
U005381,29,0.644,Makkah,1,3,2.5,24.6,1,0,1,0
U005382,19,0.533,Riyadh,0,0,3.2,13.9,1,0,0,0
U005383,53,0.417,Eastern,4,3,3.4,12.3,1,0,2,0
U005384,45,0.282,Tabuk,6,1,3.2,46.7,1,1,1,0
U005385,42,0.366,Riyadh,0,4,4.2,8.5,1,1,1,1
U005386,44,0.318,Asir,5,0,1.1,7.5,1,0,0,0
U005387,20,0.698,Najran,10,2,1.5,14.7,1,0,1,0
U005388,37,0.052,Eastern,4,4,3.4,33.2,0,1,3,0
U005389,65,0.083,Riyadh,0,3,2.3,20.1,1,0,0,1
U005390,63,0.746,Madinah,2,5,2.7,34.1,1,1,4,1
U005391,56,0.507,Riyadh,0,3,3.4,18.7,0,0,0,1
U005392,69,0.824,Makkah,1,2,2.2,69.6,1,1,2,1
U005393,22,0.387,Jazan,9,2,3.0,11.1,1,0,0,1
U005394,26,0.888,Najran,10,5,1.1,25.6,0,0,1,1
U005395,53,0.528,Makkah,1,6,3.5,56.7,1,0,1,1
U005396,55,0.438,Eastern,4,3,2.2,7.2,1,1,0,0
U005397,34,0.886,Madinah,2,5,1.2,70.4,1,0,0,1
U005398,36,0.577,Makkah,1,2,2.1,26.2,1,1,3,0
U005399,48,0.374,Riyadh,0,5,3.7,33.6,1,1,1,0
U005400,19,0.346,Asir,5,3,2.2,0.7,1,1,1,0
U005401,59,0.343,Riyadh,0,7,3.4,39.3,1,1,0,0
U005402,34,0.471,Eastern,4,6,1.7,28.5,1,1,1,1
U005403,36,0.672,Eastern,4,3,3.3,4.5,1,1,1,1
U005404,20,0.713,Makkah,1,3,1.1,15.6,1,1,1,1
U005405,45,0.254,Madinah,2,0,4.7,21.8,1,0,1,0
U005406,35,0.171,Qassim,3,0,2.8,2.8,0,0,0,1
U005407,24,0.471,Makkah,1,5,0.0,4.6,1,1,1,0
U005408,57,0.448,Riyadh,0,2,2.6,56.2,1,0,1,0
U005409,46,0.726,Riyadh,0,3,1.4,5.2,0,1,0,1
U005410,43,0.141,Asir,5,1,1.9,14.7,1,0,1,0
U005411,18,0.744,Eastern,4,7,0.9,20.6,1,1,0,0
U005412,27,0.619,Qassim,3,1,2.9,11.8,1,1,1,1
U005413,50,0.395,Makkah,1,5,3.6,5.9,1,1,1,1
U005414,44,0.287,Makkah,1,1,2.2,10.7,0,0,0,1
U005415,66,0.845,Makkah,1,2,0.0,15.4,1,1,0,0
U005416,69,0.353,Eastern,4,6,2.4,12.4,1,1,1,1
U005417,19,0.251,Makkah,1,1,1.7,1.8,1,0,0,0
U005418,46,0.563,Eastern,4,4,3.3,56.6,1,0,0,0
U005419,30,0.433,Eastern,4,2,2.0,33.8,1,1,4,1
U005420,59,0.936,Makkah,1,2,2.8,25.0,1,1,1,0
U005421,66,0.177,Al Bahah,11,1,2.5,34.7,0,0,0,1
U005422,25,0.758,Makkah,1,2,2.8,34.8,1,0,0,1
U005423,22,0.39,Eastern,4,4,2.3,54.1,1,1,1,1
U005424,45,0.541,Makkah,1,0,3.1,60.4,1,1,2,1
U005425,49,0.069,Makkah,1,2,0.7,12.8,1,0,1,1
U005426,31,0.732,Riyadh,0,5,1.0,23.1,1,1,3,1
U005427,48,0.264,Riyadh,0,2,1.2,35.4,1,0,2,0
U005428,39,0.412,Riyadh,0,2,4.7,49.0,1,0,0,1
U005429,66,0.384,Hail,7,5,2.1,25.8,1,0,0,0
U005430,27,0.448,Jazan,9,5,2.7,9.9,1,1,0,1
U005431,60,0.689,Jazan,9,3,1.8,33.8,1,0,0,0
U005432,66,0.663,Riyadh,0,6,2.4,13.6,1,1,0,0
U005433,59,0.232,Eastern,4,3,1.6,53.4,1,1,2,0
U005434,46,0.656,Makkah,1,2,2.8,8.9,1,0,0,0
U005435,37,0.756,Riyadh,0,3,0.2,32.9,1,0,1,1
U005436,38,0.257,Riyadh,0,4,2.0,44.0,1,0,0,1
U005437,54,0.353,Qassim,3,2,3.5,6.0,1,0,0,1
U005438,56,0.609,Qassim,3,2,2.9,13.8,1,0,1,1
U005439,18,0.372,Asir,5,2,1.9,23.2,1,1,1,1
U005440,28,0.716,Makkah,1,3,0.9,11.8,1,1,1,1
U005441,49,0.299,Makkah,1,3,3.4,5.0,1,0,1,1
U005442,44,0.468,Eastern,4,4,2.9,19.5,1,0,0,1
U005443,58,0.718,Eastern,4,3,0.9,18.5,1,1,3,1
U005444,62,0.85,Eastern,4,5,1.8,8.4,1,1,2,1
U005445,33,0.307,Makkah,1,2,3.1,27.0,1,0,0,0
U005446,62,0.766,Madinah,2,4,0.9,36.3,1,0,1,1
U005447,30,0.718,Madinah,2,3,1.0,10.4,0,0,0,0
U005448,22,0.236,Asir,5,3,4.1,12.7,1,0,0,0
U005449,51,0.646,Eastern,4,1,1.5,16.1,1,1,2,0
U005450,52,0.547,Asir,5,2,3.9,5.4,1,0,1,1
U005451,20,0.208,Riyadh,0,2,2.4,16.1,1,1,2,1
U005452,41,0.472,Riyadh,0,5,4.3,18.8,1,1,0,1
U005453,38,0.479,Makkah,1,2,2.2,16.5,1,0,0,1
U005454,47,0.335,Riyadh,0,3,2.0,8.9,1,0,0,0
U005455,59,0.304,Riyadh,0,0,3.8,30.6,0,0,1,1
U005456,51,0.292,Hail,7,1,0.3,25.4,1,1,1,0
U005457,46,0.226,Eastern,4,0,2.7,37.1,1,0,0,1
U005458,60,0.4,Eastern,4,1,1.0,35.2,1,0,0,0
U005459,67,0.66,Northern Borders,8,2,1.5,4.3,1,1,0,0
U005460,22,0.371,Jazan,9,2,3.5,48.6,1,1,4,1
U005461,48,0.552,Asir,5,1,1.9,46.3,1,0,0,1
U005462,19,0.196,Qassim,3,2,2.2,19.4,1,0,1,0
U005463,48,0.753,Qassim,3,5,1.2,20.4,1,0,0,0
U005464,68,0.158,Hail,7,1,3.6,1.8,0,0,1,0
U005465,53,0.779,Najran,10,2,1.1,14.7,1,0,1,0
U005466,60,0.809,Makkah,1,2,0.7,14.7,1,0,0,1
U005467,52,0.267,Makkah,1,2,3.0,23.7,1,1,0,1
U005468,44,0.386,Asir,5,1,3.0,24.1,0,1,0,0
U005469,49,0.801,Makkah,1,4,2.2,13.2,1,1,1,1
U005470,24,0.649,Al Bahah,11,4,1.4,13.0,1,0,1,1
U005471,51,0.462,Riyadh,0,0,2.3,11.4,1,0,0,0
U005472,53,0.473,Riyadh,0,4,1.7,76.4,1,1,3,1
U005473,51,0.502,Makkah,1,2,2.7,4.3,1,0,1,0
U005474,38,0.359,Makkah,1,5,3.7,18.2,1,0,1,1
U005475,69,0.686,Qassim,3,6,1.4,12.2,0,1,0,0
U005476,55,0.671,Eastern,4,3,0.7,11.6,1,0,0,0
U005477,26,0.154,Asir,5,2,1.3,10.1,1,1,0,1
U005478,49,0.674,Makkah,1,3,0.0,42.8,1,0,0,1
U005479,53,0.569,Riyadh,0,2,3.0,10.2,0,1,2,1
U005480,66,0.815,Jazan,9,5,2.7,13.6,1,1,1,1
U005481,24,0.136,Eastern,4,2,3.3,12.7,1,0,0,0
U005482,19,0.179,Najran,10,2,2.4,6.6,0,0,1,0
U005483,21,0.524,Riyadh,0,6,3.6,3.5,1,0,2,1
U005484,22,0.658,Makkah,1,3,1.5,26.5,1,1,1,0
U005485,25,0.184,Riyadh,0,4,2.0,31.6,0,0,1,1
U005486,46,0.694,Asir,5,4,0.6,57.2,1,0,0,1
U005487,43,0.213,Makkah,1,2,2.3,24.4,0,0,0,1
U005488,48,0.356,Asir,5,2,0.9,45.4,1,1,3,0
U005489,69,0.561,Eastern,4,6,0.0,13.5,0,1,0,1
U005490,58,0.621,Riyadh,0,2,1.5,4.0,1,1,2,1
U005491,38,0.637,Makkah,1,3,0.4,24.0,1,0,0,1
U005492,39,0.228,Najran,10,2,3.1,9.9,1,1,2,0
U005493,42,0.432,Hail,7,3,1.8,32.3,1,0,0,1
U005494,36,0.471,Eastern,4,3,2.0,52.0,1,1,2,0
U005495,40,0.551,Riyadh,0,2,2.4,50.0,1,0,2,0
U005496,46,0.566,Madinah,2,3,2.4,27.5,1,1,0,1
U005497,50,0.456,Riyadh,0,6,2.1,83.4,1,1,1,1
U005498,60,0.415,Makkah,1,0,2.1,41.6,1,0,0,0
U005499,61,0.706,Riyadh,0,4,0.0,35.2,1,1,2,0
U005500,39,0.383,Asir,5,2,3.4,1.7,1,0,1,1
U005501,52,0.754,Jazan,9,2,2.2,46.0,1,1,0,1
U005502,55,0.532,Riyadh,0,2,1.6,9.0,1,1,1,1
U005503,47,0.151,Eastern,4,3,3.6,18.8,1,0,0,0
U005504,28,0.569,Qassim,3,6,2.5,12.4,1,1,0,0
U005505,55,0.453,Riyadh,0,1,2.9,53.1,1,0,0,1
U005506,37,0.383,Tabuk,6,4,3.0,24.6,1,0,0,0
U005507,63,0.14,Eastern,4,3,5.7,21.7,1,0,1,1
U005508,68,0.839,Jazan,9,8,0.4,9.6,1,0,0,0
U005509,59,0.023,Makkah,1,2,2.9,12.7,0,0,2,0
U005510,59,0.655,Riyadh,0,1,1.7,6.7,0,0,0,0
U005511,26,0.416,Eastern,4,4,1.8,16.4,1,0,0,0
U005512,61,0.738,Najran,10,4,1.9,10.4,1,1,1,1
U005513,35,0.767,Madinah,2,3,1.3,66.7,0,1,1,1
U005514,54,0.653,Eastern,4,6,1.4,61.2,1,0,1,1
U005515,47,0.407,Riyadh,0,3,4.1,17.9,0,0,0,0
U005516,48,0.715,Eastern,4,2,0.3,9.4,1,1,2,1
U005517,31,0.561,Eastern,4,3,1.5,10.0,1,1,2,1
U005518,56,0.663,Jazan,9,3,1.7,47.9,1,0,1,0
U005519,31,0.605,Eastern,4,2,1.4,28.7,1,0,0,0
U005520,56,0.455,Riyadh,0,3,3.1,4.2,0,1,2,0
U005521,21,0.551,Northern Borders,8,4,4.2,33.5,1,1,0,0
U005522,20,0.527,Eastern,4,6,2.3,28.0,1,1,1,0
U005523,27,0.314,Eastern,4,5,1.9,5.3,1,0,1,1
U005524,62,0.847,Madinah,2,3,0.0,27.7,0,1,1,1
U005525,50,0.5,Makkah,1,3,2.9,9.3,1,0,1,0
U005526,46,0.743,Makkah,1,2,2.8,33.4,1,1,1,0
U005527,38,0.624,Riyadh,0,5,3.3,49.9,1,0,0,0
U005528,58,0.29,Riyadh,0,2,2.6,48.9,1,1,0,0
U005529,62,0.573,Riyadh,0,2,0.0,4.9,1,0,0,0
U005530,41,0.658,Al Bahah,11,5,1.2,65.9,1,1,2,1
U005531,32,0.288,Riyadh,0,1,3.0,18.0,1,0,0,1
U005532,24,0.636,Makkah,1,2,0.0,20.2,1,0,0,0
U005533,37,0.499,Eastern,4,1,1.1,32.5,0,0,1,1
U005534,24,0.492,Qassim,3,1,0.1,33.7,1,1,3,0
U005535,51,0.564,Riyadh,0,3,1.4,26.5,1,0,1,1
U005536,61,0.256,Riyadh,0,2,3.1,34.5,1,0,1,0
U005537,44,0.517,Eastern,4,3,4.3,32.7,1,0,0,0
U005538,18,0.328,Riyadh,0,1,1.4,15.1,1,0,2,0
U005539,24,0.761,Qassim,3,3,3.0,28.4,1,1,0,0
U005540,27,0.726,Eastern,4,4,0.6,36.8,1,1,0,1
U005541,29,0.741,Makkah,1,5,2.5,6.2,1,1,1,1
U005542,69,0.28,Eastern,4,4,1.4,7.2,0,1,0,0
U005543,27,0.227,Makkah,1,0,2.8,27.7,1,0,1,0
U005544,51,0.315,Makkah,1,1,0.4,8.1,0,0,1,1
U005545,35,0.111,Riyadh,0,3,2.5,7.0,1,1,1,0
U005546,43,0.073,Riyadh,0,2,3.7,6.8,1,0,1,0
U005547,36,0.263,Eastern,4,2,0.8,37.1,1,0,0,0
U005548,48,0.396,Jazan,9,2,0.0,26.4,0,0,0,1
U005549,47,0.121,Northern Borders,8,3,1.5,5.8,0,1,2,0
U005550,51,0.463,Makkah,1,4,3.6,11.4,1,1,1,0
U005551,37,0.39,Makkah,1,1,0.5,69.8,1,0,1,1
U005552,18,0.165,Riyadh,0,2,2.2,23.0,1,0,1,1
U005553,30,0.954,Qassim,3,3,3.8,47.1,1,1,3,1
U005554,68,0.828,Northern Borders,8,1,2.4,15.7,0,1,1,1
U005555,29,0.233,Eastern,4,3,0.4,9.9,0,0,1,0
U005556,44,0.791,Makkah,1,3,4.3,27.8,0,1,0,1
U005557,43,0.708,Najran,10,5,1.4,15.5,1,0,0,1
U005558,63,0.66,Makkah,1,2,2.2,30.1,1,1,2,0
U005559,37,0.458,Najran,10,3,2.7,31.3,0,1,1,1
U005560,30,0.669,Eastern,4,3,2.0,28.8,1,0,0,0
U005561,56,0.9,Tabuk,6,3,0.7,4.5,1,1,1,0
U005562,24,0.705,Al Jawf,12,4,0.8,23.9,1,0,0,1
U005563,20,0.341,Makkah,1,2,1.9,12.2,1,1,0,1
U005564,49,0.5,Riyadh,0,2,1.7,9.0,1,0,1,0
U005565,22,0.338,Makkah,1,1,1.8,6.5,1,0,1,0
U005566,53,0.788,Tabuk,6,3,0.0,25.3,1,0,2,1
U005567,67,0.369,Riyadh,0,1,1.8,7.1,1,0,0,1
U005568,31,0.419,Makkah,1,3,4.7,29.4,0,1,0,0
U005569,35,0.818,Qassim,3,5,0.0,9.6,1,1,2,0
U005570,24,0.132,Riyadh,0,3,3.7,6.9,0,0,1,0
U005571,58,0.784,Najran,10,1,0.6,6.6,1,1,0,1
U005572,52,0.382,Makkah,1,1,1.8,2.0,1,0,0,0
U005573,29,0.647,Makkah,1,6,0.2,42.6,1,1,0,1
U005574,18,0.257,Asir,5,3,1.0,23.4,1,1,1,1
U005575,62,0.149,Al Jawf,12,0,2.7,51.8,1,0,2,0
U005576,68,0.428,Jazan,9,4,2.7,14.4,0,1,1,0
U005577,44,0.574,Madinah,2,2,3.3,35.4,1,0,1,0
U005578,49,0.462,Riyadh,0,3,1.6,36.7,0,1,1,1
U005579,22,0.918,Riyadh,0,3,0.0,5.9,1,0,1,1
U005580,40,0.829,Eastern,4,7,1.1,10.6,1,1,1,1
U005581,53,0.208,Makkah,1,2,2.2,47.8,1,0,2,0
U005582,33,0.335,Najran,10,2,2.8,19.3,1,1,2,0
U005583,23,0.221,Eastern,4,4,2.1,18.1,0,0,1,1
U005584,51,0.803,Hail,7,4,2.4,11.2,1,0,0,0
U005585,31,0.514,Riyadh,0,4,3.5,13.8,0,0,0,1
U005586,25,0.116,Riyadh,0,1,3.5,35.4,1,1,0,0
U005587,52,0.834,Asir,5,1,1.7,17.7,1,1,0,1
U005588,43,0.603,Eastern,4,6,3.3,17.9,0,1,0,1
U005589,37,0.355,Hail,7,7,3.1,11.1,0,0,0,1
U005590,53,0.841,Riyadh,0,5,2.1,15.6,1,1,2,1
U005591,46,0.485,Eastern,4,2,3.7,58.2,1,0,0,1
U005592,41,0.484,Riyadh,0,1,4.4,12.3,0,0,1,0
U005593,47,0.286,Makkah,1,2,1.2,30.0,0,0,1,1
U005594,61,0.371,Jazan,9,1,3.9,40.9,1,0,0,0
U005595,47,0.803,Jazan,9,4,1.3,55.2,1,0,0,1
U005596,64,0.781,Riyadh,0,4,2.3,25.6,1,0,0,1
U005597,36,0.632,Makkah,1,6,0.0,6.8,1,1,0,0
U005598,36,0.808,Riyadh,0,6,1.1,26.1,1,1,0,1
U005599,64,0.762,Riyadh,0,1,5.4,3.3,1,1,1,1
U005600,35,0.159,Madinah,2,3,3.0,11.5,0,0,0,1
U005601,69,0.631,Asir,5,2,1.3,23.7,1,0,0,1
U005602,39,0.292,Tabuk,6,3,2.3,3.0,0,0,1,0
U005603,28,0.231,Eastern,4,3,2.4,38.0,1,0,0,1
U005604,19,0.256,Madinah,2,6,3.0,31.9,0,1,2,0
U005605,66,0.382,Qassim,3,3,4.3,7.3,1,0,0,1
U005606,51,0.484,Riyadh,0,1,5.1,13.1,1,0,0,0
U005607,34,0.992,Makkah,1,7,1.7,50.0,1,1,0,1
U005608,55,0.514,Makkah,1,3,0.9,21.2,1,1,3,1
U005609,20,0.308,Makkah,1,3,1.8,24.3,1,0,1,1
U005610,37,0.179,Makkah,1,0,1.1,29.4,1,0,3,1
U005611,65,0.211,Hail,7,3,1.8,40.8,1,0,1,0
U005612,19,0.675,Hail,7,3,1.4,17.6,1,0,2,1
U005613,36,0.742,Eastern,4,3,1.8,26.8,1,1,0,1
U005614,50,0.708,Eastern,4,2,2.9,28.9,1,0,0,1
U005615,68,0.268,Eastern,4,0,3.0,35.9,1,1,1,0
U005616,29,0.192,Madinah,2,4,1.0,9.2,0,0,3,1
U005617,30,0.372,Riyadh,0,2,3.0,28.8,1,0,1,1
U005618,29,0.218,Riyadh,0,2,1.1,19.5,0,0,1,1
U005619,63,0.178,Makkah,1,2,2.5,21.7,1,0,1,0
U005620,34,0.342,Tabuk,6,4,4.4,15.8,1,1,1,0
U005621,34,0.739,Asir,5,5,0.0,30.5,1,0,0,0
U005622,20,0.378,Eastern,4,2,2.5,16.7,1,0,2,1
U005623,53,0.236,Eastern,4,4,1.9,7.1,0,0,0,0
U005624,31,0.484,Riyadh,0,3,2.1,39.4,1,1,1,0
U005625,39,0.483,Riyadh,0,3,4.1,21.7,1,0,0,1
U005626,20,0.585,Riyadh,0,1,2.7,20.2,0,0,2,0
U005627,44,0.218,Riyadh,0,1,2.6,8.4,1,1,0,0
U005628,31,0.283,Riyadh,0,3,0.7,31.8,1,0,0,1
U005629,42,0.799,Riyadh,0,4,0.4,15.7,1,1,2,1
U005630,52,0.345,Riyadh,0,3,2.3,20.5,1,1,1,0
U005631,24,0.338,Al Jawf,12,3,1.9,18.6,1,0,0,0
U005632,55,0.5,Najran,10,2,2.8,14.6,1,1,2,1
U005633,59,0.798,Riyadh,0,6,0.1,37.2,1,1,1,0
U005634,30,0.974,Madinah,2,6,0.4,8.0,1,1,1,1
U005635,51,0.677,Eastern,4,11,1.9,6.6,1,1,1,1
U005636,63,0.687,Makkah,1,5,1.4,44.8,1,1,1,0
U005637,44,0.642,Madinah,2,8,0.6,35.2,1,1,2,0
U005638,26,0.518,Riyadh,0,5,2.6,4.0,1,1,0,1
U005639,43,0.355,Makkah,1,1,3.8,28.1,1,0,0,1
U005640,36,0.45,Makkah,1,4,2.8,16.7,1,0,1,1
U005641,49,0.375,Madinah,2,4,2.5,11.7,1,1,1,1
U005642,41,0.534,Makkah,1,3,0.2,3.8,0,1,0,1
U005643,35,0.699,Riyadh,0,1,2.0,28.0,1,1,0,1
U005644,46,0.62,Riyadh,0,5,3.8,55.2,1,0,0,1
U005645,53,0.424,Eastern,4,0,2.8,103.4,1,1,0,0
U005646,45,0.665,Makkah,1,3,1.6,20.3,1,1,3,1
U005647,48,0.25,Madinah,2,4,0.1,1.7,1,0,0,0
U005648,29,0.768,Makkah,1,4,2.0,5.6,1,1,0,1
U005649,43,0.554,Riyadh,0,4,2.2,3.6,0,1,3,0
U005650,25,0.62,Makkah,1,5,4.3,7.3,1,1,3,1
U005651,33,0.847,Makkah,1,4,1.8,25.1,1,1,2,0
U005652,51,0.352,Jazan,9,1,2.7,7.9,0,0,1,1
U005653,54,0.374,Qassim,3,3,2.2,17.4,1,0,0,0
U005654,64,0.512,Najran,10,5,2.4,16.0,1,1,1,1
U005655,28,0.734,Riyadh,0,4,1.3,8.0,1,1,0,1
U005656,55,0.32,Riyadh,0,0,2.4,8.7,1,0,0,0
U005657,58,0.571,Al Jawf,12,4,3.9,34.5,1,0,0,1
U005658,27,0.584,Makkah,1,3,2.6,14.3,1,0,0,1
U005659,37,0.801,Riyadh,0,1,4.1,3.5,1,1,0,1
U005660,19,0.264,Riyadh,0,2,2.3,28.9,1,0,0,1
U005661,30,0.205,Al Bahah,11,0,2.5,24.4,1,0,1,1
U005662,19,0.539,Tabuk,6,3,1.9,5.5,1,0,1,1
U005663,37,0.879,Riyadh,0,1,1.8,50.8,1,0,0,1
U005664,64,0.36,Makkah,1,5,3.7,22.7,1,1,1,1
U005665,39,0.587,Najran,10,6,0.0,6.3,0,1,0,0
U005666,64,0.522,Tabuk,6,1,0.7,10.6,0,1,0,1
U005667,25,0.312,Makkah,1,3,0.7,19.0,1,1,0,0
U005668,23,0.235,Riyadh,0,1,2.8,58.3,0,1,1,1
U005669,52,0.265,Eastern,4,5,3.0,5.1,1,0,0,0
U005670,63,0.379,Eastern,4,3,3.1,15.7,0,0,1,0
U005671,24,0.586,Riyadh,0,1,2.3,17.0,1,0,0,0
U005672,60,0.347,Eastern,4,2,0.4,7.1,1,0,0,0
U005673,35,0.284,Jazan,9,3,1.1,5.8,1,0,2,1
U005674,43,0.543,Asir,5,5,0.0,18.8,1,1,0,0
U005675,27,0.148,Makkah,1,0,2.1,5.6,0,0,2,1
U005676,25,0.273,Riyadh,0,1,4.3,29.4,1,0,1,0
U005677,69,0.179,Al Bahah,11,4,0.4,4.1,1,0,0,0
U005678,45,0.235,Riyadh,0,3,1.7,39.9,1,0,0,1
U005679,54,0.609,Eastern,4,6,2.6,4.6,1,1,0,1
U005680,33,0.654,Eastern,4,3,2.0,21.5,1,1,2,1
U005681,22,0.418,Makkah,1,4,2.2,40.2,0,0,0,1
U005682,21,0.89,Makkah,1,6,0.5,13.1,1,1,1,1
U005683,19,0.231,Madinah,2,0,1.0,13.6,1,0,1,1
U005684,51,0.612,Riyadh,0,4,1.9,22.1,1,0,0,0
U005685,63,0.829,Riyadh,0,5,0.0,27.4,1,1,5,1
U005686,62,0.364,Riyadh,0,3,1.9,24.3,1,0,0,1
U005687,57,0.398,Jazan,9,4,1.7,39.7,1,0,1,1
U005688,31,0.546,Qassim,3,1,3.2,51.0,1,1,3,1
U005689,45,0.361,Eastern,4,2,4.0,10.0,1,1,0,0
U005690,41,0.414,Madinah,2,1,1.4,13.2,1,1,0,1
U005691,34,0.487,Makkah,1,3,2.2,7.4,1,0,0,1
U005692,53,0.227,Eastern,4,1,3.0,18.3,1,0,0,0
U005693,42,0.337,Riyadh,0,2,3.2,2.8,0,0,0,0
U005694,45,0.358,Al Bahah,11,3,0.0,61.5,1,1,1,1
U005695,46,0.938,Eastern,4,6,2.9,9.2,1,0,0,1
U005696,58,0.433,Makkah,1,2,1.1,23.4,1,0,0,0
U005697,49,0.804,Riyadh,0,8,1.7,30.6,1,1,0,1
U005698,32,0.507,Asir,5,0,4.0,4.3,1,0,0,0
U005699,36,0.195,Riyadh,0,5,4.7,41.5,0,0,0,1
U005700,48,0.503,Riyadh,0,2,2.1,5.6,1,1,1,0
U005701,69,0.522,Hail,7,4,3.1,52.1,0,1,1,1
U005702,38,0.57,Makkah,1,3,3.5,25.0,0,0,0,1
U005703,48,0.049,Riyadh,0,2,3.6,33.5,1,0,1,0
U005704,69,0.857,Madinah,2,3,1.5,39.1,1,0,1,1
U005705,50,0.625,Eastern,4,3,2.4,49.0,1,0,1,1
U005706,60,0.402,Riyadh,0,2,2.3,29.9,1,0,0,1
U005707,30,0.625,Eastern,4,4,4.0,23.7,1,1,0,0
U005708,23,0.634,Riyadh,0,4,2.2,16.6,1,0,0,1
U005709,20,0.926,Riyadh,0,2,1.3,15.7,1,1,0,0
U005710,65,0.661,Makkah,1,5,2.6,9.7,1,1,0,1
U005711,44,0.468,Riyadh,0,2,1.7,10.7,0,1,1,1
U005712,51,0.851,Makkah,1,3,0.7,8.0,1,1,2,1
U005713,60,0.658,Al Jawf,12,3,2.9,2.5,0,1,1,1
U005714,25,0.695,Najran,10,3,3.5,13.1,1,0,0,1
U005715,18,0.198,Najran,10,2,2.3,107.0,1,0,2,1
U005716,56,0.719,Makkah,1,2,2.7,29.7,1,1,1,1
U005717,50,0.649,Makkah,1,1,0.4,7.2,1,0,2,1
U005718,49,0.431,Al Jawf,12,3,2.4,22.6,1,0,0,0
U005719,50,0.49,Riyadh,0,2,2.2,18.6,0,0,1,1
U005720,18,0.58,Qassim,3,3,2.6,26.6,1,1,1,1
U005721,57,0.623,Makkah,1,2,2.7,17.8,1,1,2,0
U005722,33,0.422,Makkah,1,1,0.2,34.4,1,0,1,1
U005723,53,0.33,Riyadh,0,0,0.6,17.1,1,0,2,1
U005724,35,0.237,Makkah,1,0,3.4,21.0,1,1,1,1
U005725,55,0.547,Jazan,9,9,1.6,107.4,1,1,0,1
U005726,48,0.843,Eastern,4,4,2.6,24.8,1,1,0,1
U005727,56,0.611,Eastern,4,6,1.4,29.1,1,1,2,1
U005728,33,0.45,Riyadh,0,7,2.4,9.8,1,0,0,0
U005729,46,0.594,Northern Borders,8,3,2.3,18.7,0,1,1,1
U005730,39,0.653,Makkah,1,5,3.3,12.0,1,0,0,1
U005731,32,0.732,Riyadh,0,2,1.6,7.4,1,1,0,1
U005732,42,0.69,Madinah,2,3,1.6,17.5,1,1,2,1
U005733,25,0.343,Makkah,1,3,4.0,7.5,1,0,0,1
U005734,34,0.588,Asir,5,3,1.1,8.2,1,0,1,0
U005735,40,0.526,Jazan,9,4,0.0,34.2,1,0,0,1
U005736,57,0.83,Jazan,9,3,3.7,24.1,1,0,0,1
U005737,18,0.402,Al Jawf,12,2,1.0,21.4,1,0,1,1
U005738,66,0.3,Hail,7,3,2.1,17.9,0,0,1,0
U005739,61,0.189,Eastern,4,3,3.3,16.1,1,0,1,1
U005740,29,0.308,Eastern,4,0,3.5,45.6,1,0,1,1
U005741,64,0.524,Madinah,2,2,1.8,19.6,1,0,1,0
U005742,51,0.378,Asir,5,2,3.0,33.1,1,1,2,0
U005743,19,0.25,Riyadh,0,2,4.3,43.5,1,0,3,1
U005744,57,0.565,Makkah,1,3,1.9,50.1,1,1,0,1
U005745,56,0.282,Riyadh,0,1,3.4,45.1,0,0,1,0
U005746,24,0.252,Riyadh,0,0,2.4,9.3,1,0,1,1
U005747,32,0.637,Eastern,4,0,1.7,6.5,1,1,1,1
U005748,67,0.277,Asir,5,3,3.8,37.5,1,0,0,1
U005749,23,0.426,Makkah,1,4,3.5,47.6,1,1,3,1
U005750,28,0.622,Al Jawf,12,3,1.0,17.0,0,0,0,1
U005751,42,0.571,Najran,10,2,4.6,11.1,1,0,0,1
U005752,67,0.576,Eastern,4,4,0.8,25.3,1,0,2,0
U005753,65,0.26,Eastern,4,2,3.8,18.5,1,1,2,0
U005754,24,0.881,Tabuk,6,5,3.3,38.8,1,1,0,1
U005755,40,0.576,Makkah,1,1,3.2,46.1,1,1,0,1
U005756,43,0.54,Riyadh,0,4,1.8,10.8,1,0,0,1
U005757,55,0.384,Jazan,9,2,1.3,2.1,1,1,2,1
U005758,38,0.756,Madinah,2,6,1.7,1.9,1,0,0,0
U005759,45,0.447,Qassim,3,4,2.2,19.5,1,0,0,1
U005760,61,0.348,Northern Borders,8,5,3.6,14.8,0,0,1,1
U005761,59,0.479,Eastern,4,5,0.0,12.0,0,1,3,1
U005762,22,0.162,Makkah,1,1,4.1,12.4,0,0,1,0
U005763,49,0.655,Makkah,1,4,2.3,9.7,1,0,1,0
U005764,30,0.338,Makkah,1,6,2.6,15.9,1,0,2,1
U005765,31,0.73,Asir,5,3,3.4,21.6,1,1,0,1
U005766,50,0.363,Qassim,3,2,0.9,19.0,1,0,0,0
U005767,27,0.632,Asir,5,8,1.2,88.5,0,0,1,0
U005768,61,0.345,Najran,10,2,1.1,23.0,1,0,1,1
U005769,19,0.451,Eastern,4,1,0.3,14.7,1,0,0,1
U005770,30,0.485,Makkah,1,0,3.8,10.8,1,1,2,0
U005771,36,0.411,Eastern,4,3,2.5,48.9,1,1,1,1
U005772,26,0.881,Eastern,4,5,1.5,1.4,1,1,0,1
U005773,48,0.208,Jazan,9,0,2.4,11.2,1,0,0,0
U005774,36,0.701,Makkah,1,2,1.9,37.2,1,1,0,1
U005775,43,0.821,Northern Borders,8,2,1.2,18.9,1,0,0,1
U005776,46,0.818,Makkah,1,5,0.0,22.4,1,1,1,1
U005777,59,0.498,Makkah,1,3,3.9,33.4,1,1,2,1
U005778,54,0.478,Eastern,4,1,2.1,5.7,1,0,0,0
U005779,20,0.193,Riyadh,0,2,3.6,33.1,1,0,1,1
U005780,63,0.65,Tabuk,6,2,2.0,4.1,1,0,0,0
U005781,28,0.426,Riyadh,0,1,2.7,78.9,1,1,1,1
U005782,56,0.443,Eastern,4,1,2.6,52.9,1,1,0,0
U005783,47,0.729,Al Bahah,11,1,1.8,10.7,1,1,0,1
U005784,29,0.005,Makkah,1,1,3.3,95.3,1,0,0,0
U005785,30,0.601,Riyadh,0,4,1.9,41.9,1,1,3,1
U005786,30,0.695,Asir,5,4,1.4,58.1,1,0,0,1
U005787,66,0.121,Eastern,4,0,3.7,21.5,1,0,0,0
U005788,27,0.884,Asir,5,4,4.8,41.0,1,1,2,1
U005789,55,0.496,Tabuk,6,1,2.8,25.1,1,0,0,0
U005790,29,0.092,Makkah,1,2,1.7,14.3,1,0,0,0
U005791,44,0.381,Madinah,2,4,0.2,12.1,1,1,1,0
U005792,44,0.391,Riyadh,0,3,1.0,11.0,1,0,0,1
U005793,38,0.366,Jazan,9,3,2.3,33.4,1,0,3,0
U005794,63,0.52,Riyadh,0,5,1.6,46.9,1,1,0,0
U005795,39,0.359,Makkah,1,3,1.8,31.8,1,1,1,1
U005796,63,0.455,Riyadh,0,1,3.0,20.6,1,0,0,1
U005797,68,0.648,Northern Borders,8,1,0.0,23.9,1,0,2,0
U005798,48,0.384,Madinah,2,5,2.4,6.4,1,1,3,0
U005799,32,0.418,Asir,5,1,2.6,10.5,1,0,1,0
U005800,66,0.184,Riyadh,0,0,4.1,19.1,0,0,0,1
U005801,69,0.392,Al Jawf,12,1,0.8,8.8,0,1,3,0
U005802,40,0.647,Al Jawf,12,5,0.6,21.9,1,1,1,1
U005803,37,0.239,Makkah,1,6,3.5,9.4,1,0,0,0
U005804,51,0.596,Madinah,2,5,2.1,40.5,0,1,1,1
U005805,32,0.213,Tabuk,6,2,5.7,48.9,1,0,0,1
U005806,60,0.176,Makkah,1,1,0.7,34.5,1,0,0,1
U005807,50,0.065,Riyadh,0,0,2.9,18.0,1,0,0,1
U005808,30,0.675,Tabuk,6,3,2.8,11.0,1,1,1,1
U005809,33,0.171,Eastern,4,0,1.2,23.7,1,0,2,1
U005810,37,0.205,Madinah,2,1,3.2,20.1,1,0,0,1
U005811,46,0.284,Riyadh,0,0,2.6,52.9,1,1,1,1
U005812,37,0.288,Riyadh,0,2,2.0,28.2,1,1,3,0
U005813,26,0.745,Riyadh,0,1,1.6,39.6,1,0,0,1
U005814,18,0.181,Eastern,4,0,2.4,17.3,0,1,0,0
U005815,27,0.602,Eastern,4,3,3.3,15.5,0,1,0,1
U005816,52,0.741,Eastern,4,7,3.3,14.6,1,1,0,1
U005817,63,0.938,Eastern,4,7,2.3,41.3,1,1,0,1
U005818,33,0.469,Riyadh,0,2,5.0,15.3,1,0,0,1
U005819,45,0.385,Riyadh,0,2,0.9,36.7,1,1,1,1
U005820,56,0.291,Madinah,2,2,3.2,9.3,1,0,0,0
U005821,42,0.696,Riyadh,0,4,1.3,6.3,1,1,0,1
U005822,19,0.481,Northern Borders,8,2,2.1,13.5,1,0,1,0
U005823,27,0.485,Makkah,1,2,3.0,15.1,1,0,2,0
U005824,35,0.63,Jazan,9,2,5.1,85.1,1,0,0,1
U005825,58,0.704,Riyadh,0,3,1.6,6.6,1,1,0,1
U005826,61,0.648,Qassim,3,7,1.6,17.3,1,1,2,1
U005827,51,0.735,Madinah,2,5,0.0,25.3,1,0,0,1
U005828,42,0.528,Riyadh,0,6,2.6,24.8,1,0,0,1
U005829,29,0.576,Makkah,1,2,2.9,2.6,1,0,2,1
U005830,42,0.281,Riyadh,0,6,3.7,46.8,1,1,0,1
U005831,66,0.678,Qassim,3,4,0.9,18.9,1,1,0,0
U005832,22,0.683,Qassim,3,5,3.2,1.7,1,1,0,1
U005833,26,0.269,Riyadh,0,2,3.6,30.9,1,0,1,1
U005834,23,0.213,Riyadh,0,5,2.3,8.5,1,0,1,1
U005835,63,0.479,Najran,10,2,1.3,12.6,1,1,0,0
U005836,25,0.462,Makkah,1,2,2.6,30.1,1,0,0,0
U005837,27,0.464,Makkah,1,1,3.7,25.4,1,0,2,1
U005838,56,0.335,Najran,10,3,1.4,21.6,1,0,0,0
U005839,43,0.498,Al Jawf,12,2,2.9,22.6,1,0,0,0
U005840,38,0.562,Makkah,1,2,3.7,19.2,1,1,0,1
U005841,41,0.688,Najran,10,7,2.0,16.1,1,0,0,1
U005842,54,0.374,Eastern,4,2,2.9,4.7,1,0,0,1
U005843,67,0.54,Makkah,1,2,2.4,13.1,1,1,0,1
U005844,56,0.213,Madinah,2,2,0.0,13.2,1,0,0,0
U005845,38,0.72,Riyadh,0,5,0.0,16.2,1,0,0,0
U005846,65,0.845,Riyadh,0,4,0.9,10.4,1,1,2,0
U005847,42,0.643,Jazan,9,6,0.0,14.3,1,1,2,1
U005848,21,0.265,Najran,10,3,2.2,11.8,1,1,0,1
U005849,45,0.381,Madinah,2,4,1.9,18.4,1,0,0,1
U005850,50,0.793,Asir,5,3,0.5,18.0,1,1,2,1
U005851,69,0.751,Makkah,1,5,0.6,57.7,1,1,3,1
U005852,34,0.273,Riyadh,0,7,3.2,5.6,0,0,1,1
U005853,67,0.286,Najran,10,3,5.0,7.3,0,0,1,0
U005854,25,0.703,Riyadh,0,6,3.0,40.8,1,1,1,1
U005855,54,0.436,Madinah,2,1,1.4,21.7,1,0,0,1
U005856,63,0.55,Jazan,9,4,0.0,18.1,1,0,0,1
U005857,46,0.084,Makkah,1,1,1.0,37.8,0,0,0,0
U005858,39,0.229,Madinah,2,3,1.0,24.0,0,0,2,1
U005859,44,0.606,Madinah,2,2,2.1,1.9,1,0,2,0
U005860,55,0.178,Qassim,3,1,3.1,24.5,1,0,1,0
U005861,42,0.319,Al Bahah,11,0,2.2,8.7,0,0,0,0
U005862,30,0.738,Qassim,3,3,0.3,11.0,1,1,1,1
U005863,48,0.707,Riyadh,0,6,3.2,21.3,1,1,0,1
U005864,28,0.233,Qassim,3,3,2.7,26.1,1,1,1,0
U005865,19,0.451,Riyadh,0,2,1.4,8.9,1,0,1,1
U005866,66,0.683,Eastern,4,3,1.9,29.0,1,0,1,1
U005867,62,0.411,Eastern,4,5,3.1,12.2,0,0,1,0
U005868,28,0.375,Riyadh,0,2,3.9,24.7,1,1,2,1
U005869,57,0.863,Riyadh,0,6,1.7,25.0,1,1,0,1
U005870,50,0.129,Asir,5,3,1.3,6.2,0,1,3,1
U005871,22,0.07,Tabuk,6,1,3.8,27.1,0,0,3,0
U005872,62,0.391,Qassim,3,3,2.4,10.9,1,1,0,0
U005873,52,0.68,Eastern,4,6,0.0,9.6,1,0,1,1
U005874,37,0.26,Al Jawf,12,4,4.4,11.5,1,0,0,0
U005875,67,0.524,Makkah,1,4,0.7,13.1,1,0,0,1
U005876,41,0.364,Eastern,4,6,4.1,16.5,1,1,2,1
U005877,69,0.411,Tabuk,6,2,5.1,17.9,1,0,0,1
U005878,39,0.326,Madinah,2,3,0.0,21.5,1,1,1,0
U005879,59,0.285,Al Bahah,11,1,2.7,35.3,1,0,0,0
U005880,62,0.074,Northern Borders,8,0,2.5,86.4,1,0,1,0
U005881,44,0.408,Makkah,1,2,2.5,15.4,1,0,1,0
U005882,50,0.034,Najran,10,4,3.0,8.4,1,1,1,0
U005883,49,0.714,Al Bahah,11,4,1.6,12.6,1,1,2,0
U005884,28,0.557,Makkah,1,2,1.5,20.4,1,0,0,1
U005885,46,0.37,Makkah,1,2,0.7,20.7,0,0,0,1
U005886,47,0.036,Northern Borders,8,4,2.3,68.8,1,1,2,0
U005887,52,0.661,Makkah,1,5,1.1,19.6,0,1,2,0
U005888,67,0.693,Jazan,9,5,0.8,46.0,1,0,0,0
U005889,40,0.408,Riyadh,0,2,1.9,13.7,1,0,1,1
U005890,33,0.686,Asir,5,1,0.0,7.9,1,1,0,1
U005891,27,0.731,Northern Borders,8,2,1.6,13.9,1,0,0,1
U005892,43,0.479,Eastern,4,2,1.2,30.0,1,0,0,0
U005893,61,0.367,Makkah,1,0,2.9,18.0,1,1,1,0
U005894,62,0.129,Jazan,9,1,0.0,30.5,1,1,1,0
U005895,32,0.722,Riyadh,0,1,1.8,87.9,1,1,0,0
U005896,57,0.227,Qassim,3,2,2.3,33.3,1,0,1,0
U005897,55,0.118,Riyadh,0,3,3.3,23.7,0,0,1,0
U005898,31,0.577,Makkah,1,3,1.3,34.3,1,0,0,0
U005899,58,0.624,Makkah,1,6,2.0,7.0,1,1,1,0
U005900,22,0.86,Eastern,4,5,1.5,22.1,1,1,2,1
U005901,36,0.234,Hail,7,3,3.4,9.3,1,0,0,1
U005902,65,0.15,Najran,10,1,2.0,36.3,1,1,3,1
U005903,50,0.883,Asir,5,3,0.5,18.1,1,1,0,0
U005904,42,0.51,Eastern,4,3,1.4,35.1,1,1,2,1
U005905,53,0.719,Jazan,9,0,3.3,0.5,1,0,0,1
U005906,53,0.356,Eastern,4,4,2.3,54.7,1,1,1,0
U005907,57,0.429,Al Bahah,11,3,1.1,18.6,1,0,1,1
U005908,66,0.242,Al Bahah,11,0,1.3,16.3,1,0,0,1
U005909,30,0.567,Riyadh,0,3,0.5,40.2,0,0,1,1
U005910,44,0.638,Eastern,4,3,2.0,8.4,1,0,2,1
U005911,49,0.536,Najran,10,2,0.5,33.5,1,0,0,1
U005912,67,0.463,Asir,5,7,1.8,30.0,1,0,0,1
U005913,53,0.609,Riyadh,0,3,1.8,12.2,1,1,2,1
U005914,69,0.508,Riyadh,0,3,2.4,16.8,1,0,0,0
U005915,55,0.246,Najran,10,2,2.7,21.0,1,0,0,0
U005916,55,0.203,Makkah,1,1,2.5,35.2,1,0,1,0
U005917,18,0.437,Tabuk,6,4,3.6,25.2,1,0,0,1
U005918,20,0.321,Asir,5,3,0.5,14.0,1,0,0,1
U005919,19,0.816,Riyadh,0,2,3.4,2.5,0,0,0,0
U005920,21,0.367,Makkah,1,2,1.7,13.8,0,0,0,1
U005921,60,0.597,Riyadh,0,9,1.6,29.3,1,1,4,1
U005922,31,0.486,Riyadh,0,0,1.5,1.4,1,1,0,1
U005923,66,0.28,Qassim,3,2,1.6,11.1,1,0,0,0
U005924,62,0.766,Riyadh,0,7,1.7,24.9,1,0,1,1
U005925,22,0.355,Riyadh,0,1,3.8,39.0,1,0,1,0
U005926,69,0.174,Makkah,1,2,1.9,43.4,1,1,0,0
U005927,61,0.451,Makkah,1,0,2.3,12.7,1,0,0,0
U005928,63,0.589,Asir,5,8,3.4,16.0,1,0,1,1
U005929,23,0.647,Makkah,1,5,0.5,9.3,1,0,0,1
U005930,34,0.773,Asir,5,1,2.6,22.5,0,1,0,0
U005931,24,0.388,Madinah,2,2,2.8,12.7,0,0,0,0
U005932,50,0.34,Makkah,1,1,1.7,2.5,1,0,0,1
U005933,29,0.698,Riyadh,0,3,1.3,4.5,1,0,0,1
U005934,52,0.638,Riyadh,0,2,2.7,10.8,0,0,0,1
U005935,63,0.359,Riyadh,0,1,1.5,11.2,1,0,2,1
U005936,26,0.866,Riyadh,0,1,1.1,4.5,1,1,2,1
U005937,64,0.535,Najran,10,2,0.0,20.7,1,0,0,0
U005938,23,0.651,Riyadh,0,2,0.6,18.6,1,0,0,0
U005939,63,0.866,Makkah,1,2,1.5,29.2,1,0,0,0
U005940,62,0.767,Al Bahah,11,1,4.7,28.0,1,1,2,0
U005941,62,0.609,Madinah,2,4,0.8,52.9,1,1,4,0
U005942,42,0.101,Makkah,1,3,1.2,25.5,0,0,0,1
U005943,43,0.329,Makkah,1,3,1.9,10.1,1,0,0,1
U005944,48,0.812,Makkah,1,6,1.8,36.0,1,1,1,1
U005945,42,0.591,Eastern,4,8,3.0,15.1,0,0,0,1
U005946,19,0.242,Asir,5,1,4.1,24.2,1,1,1,0
U005947,65,0.178,Riyadh,0,1,1.9,45.0,1,0,0,0
U005948,64,0.641,Makkah,1,4,0.9,40.4,1,0,0,0
U005949,63,0.824,Makkah,1,3,0.4,25.0,0,0,0,1
U005950,50,0.503,Riyadh,0,4,0.6,20.3,1,1,3,0
U005951,40,0.164,Hail,7,2,2.5,24.5,1,1,1,1
U005952,58,0.17,Riyadh,0,0,3.8,7.3,1,0,0,1
U005953,39,0.553,Riyadh,0,3,3.0,16.6,0,0,0,1
U005954,18,0.546,Qassim,3,3,1.4,33.2,1,0,0,1
U005955,54,0.373,Tabuk,6,1,2.0,23.5,0,0,2,1
U005956,36,0.132,Makkah,1,2,3.4,33.7,1,0,1,1
U005957,20,0.556,Al Jawf,12,3,0.0,17.7,1,1,0,1
U005958,42,0.422,Riyadh,0,0,0.4,30.9,1,0,0,0
U005959,51,0.735,Makkah,1,2,0.3,31.0,1,1,0,1
U005960,57,0.902,Riyadh,0,3,1.6,73.7,1,1,0,1
U005961,65,0.782,Eastern,4,5,1.4,11.9,1,0,2,1
U005962,61,0.858,Eastern,4,3,2.2,33.3,1,1,2,0
U005963,39,0.321,Riyadh,0,1,4.2,14.0,0,0,1,1
U005964,27,0.269,Jazan,9,4,1.3,7.1,0,1,1,1
U005965,59,0.539,Madinah,2,4,1.2,43.6,1,0,1,0
U005966,67,0.768,Eastern,4,3,1.7,6.7,1,1,0,0
U005967,65,0.465,Madinah,2,3,0.6,3.4,1,0,0,0
U005968,18,0.582,Riyadh,0,1,2.0,26.4,1,0,1,1
U005969,51,0.655,Madinah,2,4,3.2,46.7,1,1,0,1
U005970,28,0.258,Northern Borders,8,4,3.3,93.2,1,1,0,0
U005971,19,0.628,Riyadh,0,5,2.9,18.8,1,1,1,1
U005972,28,0.359,Riyadh,0,4,3.3,0.6,1,1,0,1
U005973,42,0.255,Eastern,4,2,1.9,16.1,1,0,1,0
U005974,46,0.388,Tabuk,6,3,1.4,60.7,1,0,0,0
U005975,32,0.456,Riyadh,0,1,3.1,12.8,1,0,0,1
U005976,22,0.471,Makkah,1,1,2.7,71.9,1,1,1,0
U005977,29,0.685,Riyadh,0,8,4.0,9.3,0,0,0,0
U005978,36,0.663,Madinah,2,3,0.2,8.4,0,0,2,1
U005979,26,0.8,Riyadh,0,4,0.7,17.6,1,0,1,0
U005980,68,0.708,Northern Borders,8,3,0.7,14.4,0,1,1,1
U005981,42,0.308,Makkah,1,3,1.4,9.0,1,0,2,0
U005982,42,0.332,Riyadh,0,2,3.7,25.0,1,1,3,1
U005983,64,0.623,Makkah,1,3,0.9,8.9,1,0,0,0
U005984,44,0.343,Riyadh,0,2,0.9,26.0,1,0,1,0
U005985,64,0.647,Hail,7,2,1.3,19.7,1,0,1,0
U005986,29,0.23,Hail,7,2,1.9,81.5,1,0,0,0
U005987,31,0.146,Asir,5,5,4.0,41.8,1,0,1,0
U005988,21,0.397,Riyadh,0,5,3.4,12.3,1,0,0,1
U005989,21,0.698,Jazan,9,3,1.4,8.6,1,1,0,0
U005990,52,0.425,Madinah,2,2,1.1,62.3,1,1,2,1
U005991,34,0.115,Riyadh,0,0,3.5,44.2,1,0,0,1
U005992,60,0.718,Makkah,1,4,1.4,15.2,1,1,3,1
U005993,43,0.907,Asir,5,5,1.8,34.6,1,0,0,1
U005994,48,0.625,Makkah,1,1,0.4,11.5,1,1,2,1
U005995,45,0.347,Riyadh,0,1,2.4,22.1,1,0,1,0
U005996,58,0.613,Eastern,4,1,3.0,20.6,1,0,0,1
U005997,45,0.428,Eastern,4,6,3.5,11.2,1,1,0,1
U005998,32,0.663,Riyadh,0,3,0.2,11.3,0,0,2,0
U005999,38,0.236,Al Jawf,12,0,3.3,45.1,1,0,1,0
U006000,18,0.414,Qassim,3,2,3.2,19.7,1,0,2,1
U006001,22,0.417,Al Jawf,12,3,1.9,13.4,1,0,0,0
U006002,51,0.524,Riyadh,0,3,2.1,6.6,0,0,0,1
U006003,66,0.785,Makkah,1,3,1.1,15.1,1,1,2,1
U006004,61,0.584,Al Jawf,12,5,2.4,11.5,1,1,0,1
U006005,55,0.326,Eastern,4,2,3.1,38.7,1,1,2,0
U006006,56,0.576,Eastern,4,5,0.9,16.1,1,1,2,0
U006007,64,0.721,Riyadh,0,8,2.8,8.4,1,1,1,1
U006008,23,0.611,Asir,5,2,2.8,1.2,1,1,0,1
U006009,25,0.278,Makkah,1,7,2.5,51.3,0,0,1,1
U006010,35,0.691,Eastern,4,5,2.5,18.8,1,1,1,1
U006011,44,0.808,Makkah,1,5,3.6,11.9,1,1,2,1
U006012,43,0.229,Eastern,4,1,2.8,14.4,0,0,0,0
U006013,50,0.322,Asir,5,3,0.0,7.8,0,0,1,1
U006014,32,0.627,Makkah,1,3,1.8,74.6,1,0,0,1
U006015,20,0.48,Jazan,9,3,2.4,5.4,1,1,0,1
U006016,45,0.165,Riyadh,0,3,3.3,12.2,0,1,2,1
U006017,32,0.284,Riyadh,0,3,4.0,11.8,1,0,1,0
U006018,30,0.635,Madinah,2,3,2.4,49.6,1,1,2,1
U006019,30,0.357,Makkah,1,6,1.3,14.2,1,1,0,1
U006020,39,0.776,Najran,10,1,1.6,20.0,1,0,0,1
U006021,24,0.535,Makkah,1,1,3.9,13.0,1,1,0,1
U006022,51,0.688,Riyadh,0,3,1.2,29.0,1,1,3,1
U006023,23,0.36,Hail,7,2,3.3,66.0,1,0,0,1
U006024,49,0.287,Riyadh,0,2,2.6,6.0,1,1,1,1
U006025,30,0.644,Jazan,9,4,2.1,27.5,1,1,0,1
U006026,67,0.557,Riyadh,0,4,2.6,8.2,1,0,0,0
U006027,47,0.574,Qassim,3,4,0.5,12.9,1,0,0,0
U006028,68,0.534,Northern Borders,8,3,1.1,11.3,1,0,0,0
U006029,68,0.35,Riyadh,0,2,2.6,19.6,1,1,3,1
U006030,56,0.072,Riyadh,0,2,4.3,13.6,1,0,0,0
U006031,41,0.554,Qassim,3,2,2.3,15.1,0,1,0,1
U006032,23,0.517,Al Jawf,12,4,1.6,7.3,1,1,0,1
U006033,37,0.563,Riyadh,0,4,0.8,23.3,1,1,1,1
U006034,21,0.934,Eastern,4,5,1.8,9.5,1,1,0,1
U006035,50,0.469,Eastern,4,5,1.7,15.6,0,1,1,1
U006036,48,0.809,Madinah,2,10,0.8,21.5,1,1,3,0
U006037,63,0.495,Riyadh,0,1,0.9,12.1,1,0,0,1
U006038,52,0.506,Riyadh,0,3,0.0,22.4,1,0,2,1
U006039,54,0.877,Al Bahah,11,4,5.1,9.3,1,0,0,1
U006040,30,0.282,Northern Borders,8,5,4.0,52.0,1,1,1,1
U006041,34,0.763,Eastern,4,6,0.9,21.0,1,0,1,1
U006042,44,0.464,Qassim,3,0,1.8,15.3,0,0,0,1
U006043,26,0.348,Eastern,4,3,1.6,25.8,1,1,0,1
U006044,66,0.222,Al Bahah,11,0,3.9,6.5,0,0,0,0
U006045,69,0.637,Riyadh,0,4,2.9,31.6,1,1,0,1
U006046,29,0.801,Jazan,9,5,3.5,30.7,1,1,0,1
U006047,55,0.204,Eastern,4,2,4.1,21.4,1,0,2,1
U006048,35,0.768,Makkah,1,4,1.4,17.6,1,1,1,0
U006049,56,0.225,Madinah,2,1,2.5,12.4,1,1,1,1
U006050,45,0.488,Makkah,1,1,2.0,16.6,1,0,0,0
U006051,58,0.669,Riyadh,0,3,2.3,44.2,1,1,0,1
U006052,23,0.617,Eastern,4,7,2.4,27.0,1,0,1,1
U006053,62,0.353,Makkah,1,3,0.9,30.0,1,1,3,1
U006054,65,0.411,Riyadh,0,2,4.7,2.0,0,1,1,1
U006055,39,0.809,Eastern,4,4,1.4,15.3,1,1,0,1
U006056,50,0.219,Madinah,2,2,4.1,24.9,0,0,0,1
U006057,52,0.822,Makkah,1,5,2.0,17.4,0,1,0,1
U006058,69,0.839,Eastern,4,2,0.7,36.8,1,0,0,0
U006059,63,0.852,Makkah,1,3,0.0,62.2,1,1,0,0
U006060,53,0.024,Hail,7,1,1.7,1.0,1,0,0,0
U006061,35,0.307,Qassim,3,3,1.9,9.5,0,1,1,0
U006062,40,0.109,Makkah,1,0,4.6,28.3,1,1,3,1
U006063,35,0.349,Al Bahah,11,3,2.5,28.2,1,1,2,1
U006064,62,0.075,Riyadh,0,2,3.6,5.1,1,1,0,1
U006065,63,0.161,Makkah,1,2,4.2,43.9,1,1,0,0
U006066,46,0.475,Madinah,2,5,1.3,12.5,1,1,1,1
U006067,47,0.867,Jazan,9,1,0.1,22.1,1,0,0,1
U006068,26,0.549,Riyadh,0,4,2.7,53.3,1,0,0,1
U006069,62,0.469,Riyadh,0,3,2.1,53.3,1,0,0,1
U006070,60,0.784,Jazan,9,3,2.1,32.1,1,1,2,1
U006071,50,0.656,Riyadh,0,2,1.3,25.5,1,0,0,0
U006072,45,0.589,Eastern,4,2,0.1,53.4,1,1,2,0
U006073,53,0.136,Eastern,4,0,2.5,8.6,1,1,2,0
U006074,25,0.527,Qassim,3,1,0.6,17.8,1,0,0,0
U006075,25,0.224,Eastern,4,0,4.2,41.1,1,0,1,1
U006076,18,0.264,Makkah,1,6,1.2,9.6,1,1,2,1
U006077,68,0.739,Riyadh,0,2,1.5,18.6,1,1,2,0
U006078,26,0.513,Riyadh,0,3,0.9,14.3,0,1,0,0
U006079,38,0.217,Riyadh,0,2,1.9,48.1,1,0,1,0
U006080,33,0.453,Madinah,2,2,3.3,42.1,1,0,0,0
U006081,48,0.617,Qassim,3,3,1.6,6.1,0,0,1,0
U006082,63,0.8,Najran,10,4,1.1,42.8,1,1,2,0
U006083,40,0.295,Makkah,1,3,1.0,17.6,1,1,1,1
U006084,54,0.483,Riyadh,0,3,2.2,13.1,1,0,0,1
U006085,39,0.467,Makkah,1,2,6.8,22.3,1,0,0,1
U006086,64,0.806,Eastern,4,7,0.6,24.1,1,0,0,1
U006087,49,0.512,Asir,5,1,2.8,16.4,1,0,3,0
U006088,33,0.858,Makkah,1,9,0.4,16.6,1,1,1,1
U006089,48,0.373,Eastern,4,5,2.3,39.9,0,1,1,1
U006090,51,0.404,Riyadh,0,2,2.7,12.9,1,0,1,1
U006091,47,0.567,Eastern,4,2,1.7,10.1,0,0,0,1
U006092,55,0.607,Eastern,4,6,1.2,10.7,1,0,2,1
U006093,47,0.689,Riyadh,0,5,0.9,19.5,1,0,1,1
U006094,68,0.458,Madinah,2,1,2.9,2.6,0,1,1,1
U006095,56,0.631,Riyadh,0,6,2.9,29.7,1,1,3,0
U006096,67,0.281,Riyadh,0,4,2.9,52.8,1,0,1,0
U006097,68,0.855,Northern Borders,8,2,4.3,9.2,1,0,0,0
U006098,59,0.48,Makkah,1,2,2.2,9.3,1,1,1,1
U006099,27,0.498,Jazan,9,1,1.3,63.5,0,0,0,1
U006100,40,0.486,Makkah,1,2,1.2,8.6,1,0,1,0
U006101,20,0.748,Makkah,1,4,0.4,9.4,1,1,2,1
U006102,57,0.62,Qassim,3,1,3.5,13.9,1,1,4,1
U006103,61,0.596,Asir,5,4,2.9,46.9,1,0,1,1
U006104,60,0.669,Eastern,4,3,3.2,3.7,1,0,1,1
U006105,24,0.339,Makkah,1,5,2.7,44.4,1,1,0,0
U006106,56,0.387,Madinah,2,2,2.2,23.0,1,0,1,0
U006107,53,0.574,Riyadh,0,6,1.0,24.3,1,0,1,1
U006108,69,0.566,Makkah,1,4,3.7,22.6,0,1,0,0
U006109,37,0.19,Al Bahah,11,3,5.1,32.9,1,0,1,1
U006110,27,0.36,Jazan,9,0,2.1,28.8,1,0,1,1
U006111,35,0.444,Eastern,4,1,3.2,17.8,1,1,0,1
U006112,21,0.507,Eastern,4,4,1.1,15.4,1,0,2,0
U006113,22,0.753,Hail,7,7,1.9,11.2,1,0,0,1
U006114,51,0.133,Makkah,1,2,3.6,9.8,1,0,0,1
U006115,69,0.856,Makkah,1,3,1.4,12.8,0,1,1,1
U006116,42,0.771,Asir,5,3,0.0,15.4,1,1,1,1
U006117,25,0.869,Eastern,4,6,3.7,38.6,1,1,1,1
U006118,51,0.494,Makkah,1,3,0.8,21.0,0,0,0,1
U006119,45,0.66,Makkah,1,4,0.4,23.9,0,0,2,0
U006120,30,0.593,Eastern,4,5,2.0,27.5,1,1,1,1
U006121,66,0.368,Madinah,2,2,3.6,5.6,0,1,0,0
U006122,64,0.765,Eastern,4,5,1.1,12.0,1,0,0,1
U006123,64,0.575,Qassim,3,6,0.0,20.9,0,0,0,0
U006124,45,0.095,Jazan,9,4,4.5,44.3,1,0,0,0
U006125,53,0.518,Riyadh,0,3,0.0,15.0,0,1,0,1
U006126,69,0.565,Riyadh,0,5,1.7,70.8,1,0,1,0
U006127,50,0.252,Riyadh,0,5,4.1,28.2,0,0,0,1
U006128,43,0.552,Riyadh,0,1,2.8,53.9,1,0,0,1
U006129,46,0.488,Najran,10,3,3.8,37.4,1,1,1,1
U006130,36,0.414,Asir,5,2,1.0,35.2,1,0,0,0
U006131,64,0.629,Eastern,4,3,2.1,35.7,0,0,2,0
U006132,18,0.575,Qassim,3,4,0.5,34.6,1,0,0,0
U006133,57,0.324,Qassim,3,1,2.6,53.7,1,0,0,0
U006134,25,0.501,Jazan,9,4,2.6,20.9,1,1,1,0
U006135,38,0.867,Qassim,3,1,2.6,102.3,1,1,2,0
U006136,40,0.245,Eastern,4,0,3.3,30.3,1,0,1,0
U006137,46,0.25,Makkah,1,4,3.6,29.8,1,1,3,0
U006138,67,0.287,Riyadh,0,2,2.2,32.7,0,0,1,0
U006139,23,0.36,Riyadh,0,6,2.3,2.3,1,1,3,1
U006140,30,0.727,Eastern,4,3,3.2,5.9,1,1,1,0
U006141,59,0.292,Jazan,9,2,2.1,21.4,0,1,3,0
U006142,32,0.593,Madinah,2,2,2.6,104.9,1,0,0,1
U006143,27,0.624,Makkah,1,1,2.6,33.9,1,0,1,1
U006144,43,0.351,Riyadh,0,4,2.2,28.3,0,1,1,0
U006145,48,0.281,Madinah,2,5,1.4,37.5,1,1,4,1
U006146,49,0.677,Riyadh,0,4,1.7,31.7,1,1,1,1
U006147,45,0.085,Eastern,4,2,3.6,23.5,0,0,0,0
U006148,65,0.523,Eastern,4,1,0.0,7.4,1,1,2,0
U006149,32,0.065,Eastern,4,1,3.6,27.3,1,0,0,0
U006150,30,0.114,Eastern,4,3,2.6,33.1,1,0,1,0
U006151,30,0.427,Makkah,1,1,1.5,11.7,1,0,1,1
U006152,28,0.423,Eastern,4,1,0.9,16.3,1,0,0,0
U006153,47,0.295,Makkah,1,5,2.0,16.6,0,1,3,0
U006154,40,0.756,Riyadh,0,2,2.7,24.1,1,1,0,0
U006155,62,0.68,Eastern,4,5,0.0,64.2,1,1,2,0
U006156,28,0.876,Eastern,4,3,0.6,9.8,1,1,3,0
U006157,36,0.411,Makkah,1,0,2.6,11.5,1,0,1,0
U006158,54,0.275,Makkah,1,3,3.1,18.4,0,1,1,1
U006159,39,0.589,Najran,10,2,1.4,13.3,1,0,0,1
U006160,51,0.631,Madinah,2,6,1.3,29.8,1,1,1,1
U006161,63,0.856,Makkah,1,3,2.0,19.6,1,1,3,1
U006162,57,0.6,Makkah,1,2,0.4,32.1,1,1,0,0
U006163,22,0.443,Eastern,4,5,3.4,1.5,1,0,1,0
U006164,56,0.863,Riyadh,0,3,1.0,29.7,1,0,0,1
U006165,54,0.689,Riyadh,0,5,0.0,23.3,1,1,0,1
U006166,27,0.204,Najran,10,1,2.8,57.2,1,0,0,0
U006167,61,0.494,Eastern,4,3,1.3,26.0,1,0,1,0
U006168,63,0.132,Makkah,1,1,2.8,16.2,0,0,0,0
U006169,60,0.548,Madinah,2,4,0.9,12.0,1,0,0,1
U006170,38,0.49,Riyadh,0,3,1.9,23.4,1,1,0,1
U006171,27,0.876,Makkah,1,0,1.6,30.8,1,1,0,1
U006172,40,0.466,Qassim,3,2,0.7,17.2,1,0,1,1
U006173,69,0.612,Tabuk,6,4,1.4,29.2,1,1,0,1
U006174,25,0.856,Eastern,4,3,0.7,11.8,0,1,1,1
U006175,19,0.563,Al Bahah,11,3,0.0,19.0,1,0,1,1
U006176,22,0.591,Riyadh,0,5,3.9,24.9,1,1,0,1
U006177,21,0.657,Makkah,1,1,1.0,14.5,1,0,0,0
U006178,35,0.604,Riyadh,0,4,3.5,21.0,1,1,1,1
U006179,30,0.231,Riyadh,0,1,1.9,11.7,0,1,0,0
U006180,48,0.445,Hail,7,4,2.0,37.3,0,0,1,0
U006181,45,0.336,Makkah,1,0,0.3,5.3,0,1,3,1
U006182,63,0.751,Hail,7,6,0.7,4.3,1,1,1,1
U006183,54,0.533,Riyadh,0,2,1.7,28.9,1,0,1,0
U006184,42,0.505,Eastern,4,6,2.1,12.8,1,1,1,0
U006185,19,0.801,Riyadh,0,3,1.7,17.4,1,1,1,1
U006186,57,0.185,Jazan,9,2,3.1,19.0,1,0,0,0
U006187,35,0.966,Hail,7,4,3.4,15.1,1,1,1,1
U006188,58,0.637,Hail,7,2,0.4,9.9,1,0,0,1
U006189,31,0.724,Asir,5,3,3.2,23.3,1,1,1,1
U006190,19,0.587,Makkah,1,2,3.3,52.8,1,1,0,1
U006191,57,0.307,Tabuk,6,4,0.0,32.8,1,0,0,1
U006192,62,0.899,Riyadh,0,2,0.6,8.3,1,1,0,1
U006193,66,0.512,Riyadh,0,3,0.4,19.1,1,0,1,0
U006194,55,0.724,Eastern,4,4,2.2,59.0,1,0,0,1
U006195,19,0.522,Makkah,1,4,0.7,19.7,1,1,2,1
U006196,52,0.174,Jazan,9,2,0.6,13.2,0,0,0,1
U006197,58,0.428,Asir,5,1,3.0,31.3,0,0,0,0
U006198,41,0.52,Al Bahah,11,1,1.0,14.8,0,0,1,1
U006199,40,0.712,Al Bahah,11,3,1.5,23.9,1,1,1,1
U006200,57,0.9,Eastern,4,2,0.9,21.8,1,1,1,1
U006201,49,0.551,Madinah,2,4,0.7,16.4,1,1,5,1
U006202,60,0.665,Hail,7,4,3.3,70.5,0,0,0,0
U006203,55,0.241,Jazan,9,1,4.3,27.2,0,1,2,0
U006204,67,0.242,Madinah,2,3,4.1,28.8,1,0,1,0
U006205,47,0.41,Riyadh,0,5,3.7,12.1,0,0,0,0
U006206,31,0.308,Riyadh,0,6,2.0,1.2,0,1,0,0
U006207,28,0.254,Makkah,1,2,4.2,29.9,1,0,1,0
U006208,44,0.722,Eastern,4,3,3.3,17.0,1,0,1,0
U006209,65,0.684,Eastern,4,0,0.2,34.2,1,0,0,1
U006210,27,0.702,Jazan,9,6,2.6,13.8,1,1,1,1
U006211,40,0.742,Najran,10,3,0.0,17.7,1,0,0,0
U006212,18,0.558,Eastern,4,3,2.3,4.0,1,0,1,1
U006213,25,0.589,Najran,10,3,2.1,2.4,1,0,2,1
U006214,47,0.33,Madinah,2,3,2.1,22.0,1,1,3,1
U006215,66,0.664,Asir,5,2,1.3,7.3,1,1,3,1
U006216,25,0.318,Al Bahah,11,1,2.4,13.0,1,1,0,1
U006217,29,0.751,Makkah,1,4,1.5,70.8,1,0,1,1
U006218,23,0.599,Makkah,1,4,0.4,12.7,1,1,1,0
U006219,42,0.555,Riyadh,0,6,2.7,31.5,1,1,2,1
U006220,27,0.519,Eastern,4,4,2.3,18.7,0,1,1,1
U006221,21,0.665,Jazan,9,3,2.5,13.4,0,0,0,1
U006222,34,0.449,Eastern,4,2,3.1,12.6,0,0,0,1
U006223,60,0.127,Hail,7,1,2.0,44.9,0,0,2,0
U006224,54,0.493,Qassim,3,2,1.9,4.4,1,1,1,0
U006225,51,0.583,Jazan,9,3,3.6,43.9,1,1,1,1
U006226,37,0.594,Makkah,1,2,3.0,6.8,0,1,1,0
U006227,51,0.714,Tabuk,6,2,2.8,39.0,1,1,1,0
U006228,34,0.568,Riyadh,0,2,1.4,12.4,1,0,0,1
U006229,22,0.543,Riyadh,0,3,2.4,33.9,1,0,0,0
U006230,22,0.198,Hail,7,0,3.0,40.6,1,0,0,0
U006231,42,0.376,Makkah,1,2,0.1,7.0,1,1,1,0
U006232,62,0.173,Madinah,2,3,3.0,46.8,1,0,0,1
U006233,45,0.02,Riyadh,0,5,4.0,30.1,0,0,0,1
U006234,51,0.965,Madinah,2,8,0.0,7.5,1,1,1,1
U006235,45,0.415,Jazan,9,4,1.5,27.6,0,1,0,0
U006236,56,0.564,Makkah,1,1,2.9,15.0,0,0,0,0
U006237,43,0.464,Makkah,1,0,0.0,51.9,0,0,0,1
U006238,62,0.946,Jazan,9,2,1.1,38.5,1,1,1,1
U006239,34,0.601,Eastern,4,4,1.3,21.1,0,1,5,1
U006240,29,0.7,Tabuk,6,6,2.4,23.0,1,1,1,1
U006241,55,0.221,Eastern,4,3,0.8,69.1,1,0,0,1
U006242,18,0.523,Asir,5,3,3.7,26.7,1,0,0,1
U006243,60,0.291,Najran,10,1,3.1,31.6,0,1,0,0
U006244,25,0.672,Al Bahah,11,7,2.6,8.9,1,1,1,0
U006245,41,0.474,Makkah,1,3,4.3,36.2,0,0,0,0
U006246,45,0.313,Asir,5,5,2.9,12.1,1,0,0,0
U006247,19,0.833,Riyadh,0,2,1.2,21.7,1,0,0,0
U006248,34,0.256,Tabuk,6,1,2.3,16.1,0,1,0,0
U006249,34,0.473,Jazan,9,1,1.7,37.0,1,1,1,1
U006250,39,0.78,Riyadh,0,5,3.3,23.5,0,1,1,1
U006251,67,0.497,Tabuk,6,8,2.6,78.5,1,1,0,0
U006252,51,0.944,Riyadh,0,3,0.6,72.0,1,1,1,1
U006253,23,0.762,Asir,5,3,3.1,42.4,1,0,1,0
U006254,69,0.31,Najran,10,2,0.0,22.8,1,0,0,0
U006255,25,0.238,Riyadh,0,3,0.3,43.6,1,0,0,1
U006256,66,0.226,Riyadh,0,3,2.6,43.6,1,1,0,0
U006257,32,0.359,Eastern,4,4,2.8,23.9,1,1,0,0
U006258,34,0.398,Eastern,4,2,4.1,36.8,1,1,1,1
U006259,21,0.599,Riyadh,0,1,1.8,10.6,1,1,3,1
U006260,48,0.413,Makkah,1,3,3.1,2.5,0,1,1,1
U006261,25,0.756,Eastern,4,5,1.5,23.0,1,1,0,1
U006262,65,0.859,Makkah,1,3,2.5,14.1,0,0,0,1
U006263,61,0.164,Makkah,1,1,4.2,11.4,1,1,3,0
U006264,33,0.207,Eastern,4,1,0.1,3.9,0,1,1,1
U006265,61,0.551,Madinah,2,1,3.8,72.8,1,1,1,0
U006266,53,0.204,Al Jawf,12,1,2.0,21.2,1,1,2,1
U006267,44,0.262,Riyadh,0,1,2.2,41.2,1,0,1,0
U006268,23,0.941,Asir,5,3,0.0,7.8,1,1,1,1
U006269,42,0.548,Madinah,2,4,1.4,21.6,1,1,3,1
U006270,44,0.224,Riyadh,0,5,1.7,7.9,1,0,0,0
U006271,45,0.261,Riyadh,0,1,1.3,14.8,1,0,1,1
U006272,37,0.461,Qassim,3,1,3.5,16.7,1,0,0,1
U006273,27,0.452,Jazan,9,4,1.8,20.6,1,1,0,1
U006274,55,0.151,Makkah,1,3,2.4,35.8,1,1,3,0
U006275,24,0.274,Asir,5,3,3.1,46.3,1,1,0,0
U006276,53,0.516,Madinah,2,3,2.9,8.0,1,0,0,0
U006277,33,0.35,Makkah,1,1,0.9,42.7,1,1,0,0
U006278,63,0.641,Hail,7,6,0.6,9.9,0,1,0,1
U006279,56,0.323,Madinah,2,2,4.2,13.9,1,0,1,1
U006280,49,0.158,Eastern,4,4,3.2,20.7,1,0,0,1
U006281,64,0.401,Makkah,1,3,2.9,21.3,0,0,1,1
U006282,26,0.409,Riyadh,0,4,1.7,10.3,1,1,2,1
U006283,50,0.456,Riyadh,0,2,0.2,10.8,1,0,0,1
U006284,46,0.561,Riyadh,0,8,0.2,9.8,1,1,1,0
U006285,66,0.548,Riyadh,0,3,0.8,12.1,1,0,0,1
U006286,40,0.257,Makkah,1,0,2.1,37.4,1,0,0,0
U006287,23,0.399,Madinah,2,2,1.3,5.4,1,1,2,0
U006288,60,0.378,Hail,7,4,1.3,15.9,0,0,0,1
U006289,45,0.032,Makkah,1,1,6.1,8.3,1,0,0,0
U006290,25,0.76,Makkah,1,4,2.7,33.9,0,1,2,0
U006291,27,0.69,Riyadh,0,2,0.3,36.4,1,1,2,1
U006292,23,0.364,Makkah,1,1,1.8,47.8,1,0,0,0
U006293,66,0.345,Makkah,1,3,1.6,13.0,0,0,1,1
U006294,65,0.429,Asir,5,4,1.0,17.5,1,0,0,1
U006295,63,0.736,Jazan,9,5,2.8,17.9,1,1,0,1
U006296,54,0.395,Riyadh,0,2,0.7,17.7,1,1,1,0
U006297,37,0.877,Makkah,1,2,1.0,7.6,1,0,0,0
U006298,47,0.67,Riyadh,0,4,2.3,8.0,1,0,1,0
U006299,24,0.847,Al Jawf,12,6,2.0,27.8,1,1,0,1
U006300,22,0.552,Riyadh,0,0,1.5,17.0,1,0,0,0
U006301,40,0.736,Jazan,9,3,0.4,16.8,1,1,1,1
U006302,50,0.459,Hail,7,3,0.9,5.2,1,1,1,0
U006303,63,0.839,Riyadh,0,4,1.3,1.1,1,1,3,1
U006304,45,0.617,Makkah,1,1,2.9,12.7,1,1,0,1
U006305,19,0.946,Madinah,2,6,0.2,7.8,1,1,0,1
U006306,50,0.371,Eastern,4,4,3.1,9.8,1,1,0,1
U006307,33,0.369,Tabuk,6,5,1.4,31.6,1,1,2,1
U006308,35,0.47,Hail,7,1,2.8,19.2,0,0,0,1
U006309,53,0.656,Eastern,4,3,2.1,13.1,1,1,1,1
U006310,35,0.573,Eastern,4,2,0.4,45.3,1,1,0,1
U006311,23,0.797,Qassim,3,4,1.1,7.5,1,1,3,1
U006312,58,0.414,Madinah,2,4,2.9,1.9,1,0,0,1
U006313,54,0.624,Makkah,1,2,2.1,20.6,1,1,0,1
U006314,18,0.396,Riyadh,0,3,1.7,18.8,1,1,2,0
U006315,31,0.185,Qassim,3,0,3.5,56.2,1,1,3,0
U006316,44,0.738,Makkah,1,2,0.0,15.0,1,0,0,1
U006317,27,0.755,Al Jawf,12,3,2.2,29.9,1,1,1,1
U006318,21,0.714,Northern Borders,8,2,1.6,30.0,1,0,0,1
U006319,42,0.035,Riyadh,0,0,1.5,32.4,1,0,1,1
U006320,65,0.405,Jazan,9,0,3.2,21.6,1,0,2,0
U006321,24,0.606,Eastern,4,4,4.1,28.5,1,1,0,1
U006322,18,0.642,Makkah,1,3,1.9,15.9,1,1,1,0
U006323,57,0.168,Riyadh,0,3,4.5,15.0,1,0,0,1
U006324,69,0.691,Eastern,4,4,0.0,50.4,1,0,0,0
U006325,66,0.276,Madinah,2,4,4.6,40.5,0,1,1,0
U006326,32,0.147,Jazan,9,1,2.2,28.7,1,0,1,0
U006327,18,0.369,Eastern,4,3,1.0,32.0,1,1,1,1
U006328,69,0.541,Hail,7,2,1.9,7.1,0,0,2,0
U006329,21,0.593,Riyadh,0,2,3.1,23.8,0,1,2,1
U006330,26,0.246,Hail,7,1,3.0,11.5,1,0,0,0
U006331,40,0.671,Madinah,2,1,4.1,24.9,1,1,0,1
U006332,69,0.832,Makkah,1,3,1.7,42.7,1,0,0,0
U006333,28,0.839,Makkah,1,4,2.1,32.4,1,1,2,0
U006334,25,0.273,Makkah,1,3,3.9,18.2,1,0,0,0
U006335,44,0.224,Riyadh,0,2,2.6,11.3,1,0,1,0
U006336,21,0.696,Riyadh,0,3,0.9,10.7,0,1,2,1
U006337,44,0.446,Riyadh,0,2,3.6,21.5,1,1,1,0
U006338,51,0.789,Riyadh,0,4,1.3,19.0,1,1,0,0
U006339,63,0.274,Madinah,2,3,1.8,2.3,1,0,1,0
U006340,21,0.338,Makkah,1,3,3.7,9.4,1,0,0,1
U006341,49,0.672,Tabuk,6,3,0.7,56.1,1,0,0,1
U006342,26,0.221,Riyadh,0,0,2.7,7.5,1,1,0,0
U006343,65,0.16,Riyadh,0,2,3.1,29.5,1,1,4,0
U006344,53,0.612,Asir,5,7,0.8,34.2,1,0,0,1
U006345,52,0.738,Makkah,1,4,3.0,11.2,1,1,0,1
U006346,18,0.466,Eastern,4,0,0.6,14.2,1,0,2,1
U006347,62,0.389,Madinah,2,7,1.7,13.5,1,1,2,0
U006348,18,0.201,Riyadh,0,2,2.4,8.2,1,0,0,0
U006349,67,0.767,Qassim,3,5,0.8,19.0,1,1,3,1
U006350,35,0.927,Makkah,1,4,0.8,11.5,1,0,2,1
U006351,43,0.491,Riyadh,0,6,0.9,61.4,1,1,0,0
U006352,37,0.333,Riyadh,0,2,1.5,24.5,1,0,1,0
U006353,28,0.512,Hail,7,4,2.9,12.4,1,1,2,1
U006354,36,0.676,Riyadh,0,5,1.8,10.6,0,1,1,1
U006355,61,0.797,Madinah,2,5,1.8,10.0,1,1,3,1
U006356,46,0.661,Jazan,9,4,1.4,9.4,1,0,2,1
U006357,53,0.131,Hail,7,2,2.5,7.9,1,1,3,0
U006358,36,0.548,Riyadh,0,5,1.2,53.7,1,1,1,1
U006359,22,0.652,Northern Borders,8,0,1.2,5.1,1,0,0,0
U006360,51,0.691,Asir,5,7,2.1,17.4,0,1,3,1
U006361,53,0.237,Riyadh,0,0,3.1,3.1,1,1,0,1
U006362,58,0.738,Riyadh,0,2,3.3,20.0,1,1,2,1
U006363,69,0.307,Eastern,4,3,3.3,45.6,1,0,0,1
U006364,31,0.719,Najran,10,3,2.5,21.7,1,0,1,0
U006365,33,0.386,Makkah,1,6,1.6,35.8,1,0,0,0
U006366,51,0.219,Riyadh,0,0,2.8,6.6,1,0,0,0
U006367,31,0.401,Northern Borders,8,2,0.9,5.0,0,1,0,1
U006368,56,0.509,Makkah,1,4,0.4,3.5,1,0,1,1
U006369,48,0.445,Asir,5,4,3.1,31.6,1,0,2,1
U006370,21,0.928,Tabuk,6,0,1.8,4.5,1,0,1,1
U006371,48,0.238,Riyadh,0,1,4.4,19.5,0,0,0,0
U006372,66,0.826,Jazan,9,3,3.0,9.4,0,1,2,1
U006373,34,0.182,Riyadh,0,1,4.0,7.5,0,0,1,0
U006374,35,0.618,Makkah,1,5,0.0,20.3,1,1,1,1
U006375,29,0.118,Makkah,1,2,2.9,18.0,0,1,3,0
U006376,23,0.337,Riyadh,0,3,4.5,6.7,1,0,0,1
U006377,31,0.193,Asir,5,1,3.6,48.3,1,1,1,0
U006378,49,0.246,Eastern,4,1,3.9,12.0,1,1,1,1
U006379,35,0.524,Eastern,4,3,3.7,45.2,1,0,1,0
U006380,47,0.675,Qassim,3,2,1.0,14.2,1,1,3,1
U006381,21,0.43,Makkah,1,6,2.1,11.2,0,0,2,1
U006382,33,0.585,Najran,10,5,0.0,71.1,1,1,1,1
U006383,38,0.872,Najran,10,7,1.8,5.1,1,1,2,0
U006384,57,0.323,Eastern,4,3,0.0,55.2,1,0,4,1
U006385,34,0.396,Madinah,2,2,2.0,22.5,1,0,0,0
U006386,34,0.952,Qassim,3,3,2.9,36.1,1,1,1,1
U006387,33,0.665,Riyadh,0,4,1.4,16.1,1,1,0,1
U006388,38,0.309,Makkah,1,1,1.4,11.7,1,1,0,0
U006389,56,0.827,Riyadh,0,3,1.7,24.4,1,1,0,1
U006390,68,0.59,Riyadh,0,4,0.7,24.5,1,0,0,0
U006391,50,0.289,Riyadh,0,0,2.1,11.2,0,1,1,0
U006392,36,0.629,Makkah,1,3,3.4,43.4,0,0,1,1
U006393,19,0.433,Jazan,9,4,1.4,12.8,1,0,3,1
U006394,55,0.803,Riyadh,0,5,2.9,26.4,1,1,1,1
U006395,29,0.394,Asir,5,3,1.6,4.8,1,0,0,1
U006396,60,0.087,Qassim,3,2,2.6,24.6,1,0,0,1
U006397,39,0.842,Najran,10,4,1.9,36.1,1,1,2,1
U006398,49,0.427,Asir,5,3,2.2,18.4,1,0,2,0
U006399,34,0.333,Riyadh,0,3,3.1,42.9,1,1,1,1
U006400,40,0.439,Riyadh,0,3,1.9,7.7,1,1,0,0
U006401,51,0.793,Asir,5,5,0.2,7.7,1,1,1,1
U006402,32,0.513,Riyadh,0,3,0.2,43.8,1,0,0,0
U006403,53,0.27,Eastern,4,1,2.2,35.5,1,0,0,0
U006404,25,0.28,Northern Borders,8,6,2.7,50.1,1,1,1,1
U006405,46,0.583,Northern Borders,8,1,4.3,16.1,1,0,0,0
U006406,64,0.623,Eastern,4,1,1.3,28.2,0,1,0,1
U006407,32,0.155,Al Jawf,12,4,2.2,15.3,0,0,0,1
U006408,24,0.776,Riyadh,0,2,1.9,4.8,1,0,0,1
U006409,69,0.203,Riyadh,0,1,2.4,27.8,1,1,0,0
U006410,27,0.446,Riyadh,0,3,2.5,22.5,1,0,0,0
U006411,28,0.485,Makkah,1,1,2.0,20.4,1,0,1,1
U006412,68,0.233,Riyadh,0,3,0.8,15.7,1,1,2,0
U006413,41,0.711,Jazan,9,2,2.6,28.0,1,0,0,0
U006414,63,0.719,Riyadh,0,6,1.9,5.7,1,0,0,1
U006415,49,0.637,Riyadh,0,5,0.0,40.1,1,1,0,1
U006416,28,0.4,Riyadh,0,2,3.3,16.4,1,1,1,1
U006417,52,0.487,Jazan,9,7,0.6,14.1,1,0,0,0
U006418,19,0.479,Jazan,9,3,2.6,19.9,0,0,2,1
U006419,58,0.458,Eastern,4,8,3.7,1.4,0,0,1,0
U006420,51,0.315,Asir,5,1,4.7,8.5,1,1,1,1
U006421,37,0.887,Riyadh,0,3,0.9,18.9,1,0,0,1
U006422,57,0.263,Makkah,1,3,4.4,10.0,1,0,1,0
U006423,51,0.346,Makkah,1,0,5.3,17.4,1,1,1,1
U006424,35,0.347,Riyadh,0,3,1.5,54.7,1,0,0,1
U006425,54,0.443,Al Jawf,12,4,2.1,24.0,1,1,1,0
U006426,35,0.566,Makkah,1,2,1.4,8.9,1,1,0,0
U006427,31,0.379,Riyadh,0,3,3.6,2.8,1,0,0,1
U006428,51,0.272,Riyadh,0,3,3.3,30.2,1,1,2,0
U006429,23,0.693,Eastern,4,2,0.0,29.2,1,1,2,1
U006430,58,0.75,Jazan,9,1,3.0,10.8,1,0,1,0
U006431,68,0.583,Riyadh,0,3,1.7,55.0,1,1,0,1
U006432,46,0.6,Asir,5,1,2.2,4.0,1,1,2,1
U006433,24,0.535,Jazan,9,4,2.2,102.8,1,1,2,0
U006434,40,0.42,Madinah,2,3,1.0,9.1,0,0,1,1
U006435,64,0.813,Northern Borders,8,7,0.4,23.5,1,1,3,0
U006436,53,0.443,Eastern,4,0,3.7,49.9,1,0,0,1
U006437,42,0.405,Makkah,1,2,1.6,24.4,0,0,0,1
U006438,37,0.095,Tabuk,6,2,2.0,29.5,1,0,0,0
U006439,69,0.65,Al Bahah,11,1,1.4,18.8,1,1,3,1
U006440,38,0.678,Asir,5,6,1.9,32.9,1,1,2,1
U006441,56,0.63,Makkah,1,7,2.4,18.0,1,1,0,0
U006442,50,0.931,Eastern,4,5,1.7,29.7,1,1,1,1
U006443,39,0.893,Makkah,1,2,0.0,27.1,1,0,0,1
U006444,60,0.849,Makkah,1,8,0.9,4.6,1,1,1,1
U006445,50,0.333,Riyadh,0,3,2.0,55.7,0,0,1,1
U006446,50,0.408,Eastern,4,3,2.5,0.5,0,0,0,0
U006447,60,0.841,Qassim,3,4,0.0,10.4,1,0,0,1
U006448,31,0.413,Riyadh,0,0,2.0,35.8,1,0,0,1
U006449,58,0.481,Qassim,3,2,1.3,24.4,1,1,1,1
U006450,50,0.574,Riyadh,0,1,0.0,13.1,1,0,1,1
U006451,26,0.655,Qassim,3,1,0.6,17.7,1,0,0,0
U006452,60,0.382,Eastern,4,4,1.9,8.9,1,0,0,1
U006453,55,0.303,Eastern,4,2,2.2,15.6,1,0,0,1
U006454,22,0.511,Riyadh,0,8,2.8,18.1,1,0,1,1
U006455,23,0.773,Asir,5,2,0.6,32.4,1,0,0,1
U006456,28,0.61,Eastern,4,1,0.8,10.1,1,0,0,1
U006457,69,0.515,Riyadh,0,5,1.8,15.7,1,1,0,1
U006458,52,0.343,Riyadh,0,0,1.5,9.8,1,0,1,0
U006459,55,0.62,Tabuk,6,9,1.0,6.8,0,0,0,0
U006460,25,0.529,Najran,10,2,2.2,37.2,1,1,0,1
U006461,27,0.541,Riyadh,0,5,1.4,10.6,1,1,1,1
U006462,33,0.605,Asir,5,0,2.9,8.8,0,0,0,0
U006463,19,0.449,Makkah,1,0,2.2,16.9,1,0,0,0
U006464,18,0.83,Hail,7,3,0.7,3.3,1,1,0,0
U006465,68,0.621,Makkah,1,3,0.3,25.6,1,0,0,1
U006466,29,0.668,Eastern,4,4,0.3,11.3,0,0,0,0
U006467,18,0.471,Eastern,4,1,0.7,18.6,1,0,1,0
U006468,33,0.494,Riyadh,0,1,3.4,8.1,0,0,0,1
U006469,60,0.491,Makkah,1,2,2.1,68.1,1,1,0,0
U006470,58,0.576,Asir,5,3,1.9,42.2,1,1,2,1
U006471,47,0.607,Makkah,1,5,2.8,24.8,1,1,3,1
U006472,48,0.916,Eastern,4,5,1.3,4.3,1,1,1,1
U006473,43,0.401,Makkah,1,0,1.5,36.9,1,0,1,0
U006474,38,0.192,Eastern,4,1,3.2,55.9,1,0,1,1
U006475,30,0.721,Riyadh,0,1,1.8,84.1,1,0,0,1
U006476,35,0.058,Hail,7,2,3.5,11.0,1,0,3,0
U006477,47,0.286,Najran,10,3,2.3,21.8,1,0,0,1
U006478,66,0.391,Asir,5,6,1.6,83.3,1,1,0,1
U006479,49,0.733,Eastern,4,7,2.2,27.9,0,1,1,1
U006480,63,0.271,Qassim,3,0,3.3,16.3,0,0,2,0
U006481,22,0.419,Riyadh,0,3,2.4,18.0,1,1,0,0
U006482,61,0.448,Riyadh,0,3,2.7,14.3,1,1,1,0
U006483,31,0.568,Madinah,2,4,0.0,21.5,1,1,1,0
U006484,36,0.468,Makkah,1,1,2.9,19.0,1,0,1,1
U006485,47,0.285,Qassim,3,4,3.6,29.0,1,1,1,0
U006486,61,0.695,Al Jawf,12,1,3.1,28.1,1,0,1,0
U006487,23,0.307,Makkah,1,7,0.5,17.0,1,0,3,1
U006488,21,0.207,Riyadh,0,1,2.3,6.4,1,1,0,0
U006489,25,0.546,Eastern,4,3,0.9,22.0,0,0,1,1
U006490,37,0.488,Eastern,4,2,0.7,16.5,1,1,1,1
U006491,60,0.267,Makkah,1,1,0.8,4.7,0,0,4,0
U006492,20,0.212,Makkah,1,0,0.9,32.9,1,0,0,0
U006493,53,0.616,Eastern,4,3,3.5,36.3,1,1,2,1
U006494,30,0.491,Eastern,4,4,5.5,24.0,0,0,1,1
U006495,34,0.852,Eastern,4,1,0.2,2.9,1,0,2,1
U006496,25,0.294,Makkah,1,3,4.4,13.9,1,0,0,0
U006497,68,0.323,Hail,7,1,4.0,10.9,1,0,0,0
U006498,66,0.494,Tabuk,6,4,3.3,52.4,1,0,1,1
U006499,45,0.532,Riyadh,0,3,3.9,27.6,1,1,4,1
U006500,57,0.21,Makkah,1,5,2.6,39.1,1,1,1,1
U006501,46,0.491,Riyadh,0,4,1.1,37.9,1,0,0,0
U006502,56,0.432,Riyadh,0,2,0.6,78.2,1,0,0,0
U006503,20,0.342,Al Bahah,11,1,1.8,30.4,0,0,0,1
U006504,35,0.218,Al Bahah,11,2,3.7,12.1,1,0,2,1
U006505,69,0.565,Madinah,2,1,1.5,15.2,1,1,1,1
U006506,56,0.065,Makkah,1,1,2.9,59.0,1,0,1,0
U006507,54,0.48,Eastern,4,4,1.1,32.4,1,1,1,0
U006508,21,0.083,Makkah,1,1,2.4,25.5,1,0,0,0
U006509,67,0.693,Qassim,3,7,0.7,39.8,1,1,1,1
U006510,44,0.6,Eastern,4,5,1.3,11.6,1,1,0,0
U006511,28,0.287,Eastern,4,2,3.5,42.0,1,1,1,1
U006512,20,0.301,Asir,5,3,2.9,0.5,1,1,2,0
U006513,43,0.255,Eastern,4,2,4.1,14.2,1,0,1,0
U006514,56,0.325,Makkah,1,4,1.9,8.3,1,0,4,0
U006515,38,0.655,Makkah,1,6,1.2,7.2,1,1,1,1
U006516,68,0.22,Qassim,3,1,1.3,38.3,1,1,1,0
U006517,26,0.8,Makkah,1,4,0.9,17.5,1,0,1,1
U006518,24,0.557,Riyadh,0,2,2.8,10.0,0,1,3,1
U006519,35,0.405,Makkah,1,5,5.5,54.2,1,1,1,1
U006520,43,0.363,Asir,5,1,1.7,68.2,1,0,1,1
U006521,34,0.455,Makkah,1,1,1.5,31.3,1,0,0,0
U006522,53,0.906,Asir,5,5,0.0,22.0,1,0,0,1
U006523,36,0.136,Makkah,1,5,3.2,2.0,1,0,2,1
U006524,41,0.623,Makkah,1,5,1.3,39.2,1,1,0,1
U006525,37,0.712,Riyadh,0,5,0.7,21.3,1,1,2,1
U006526,66,0.784,Eastern,4,6,2.4,29.8,1,1,1,1
U006527,51,0.549,Qassim,3,4,2.4,11.7,1,0,0,1
U006528,45,0.365,Jazan,9,3,4.0,20.5,1,1,0,0
U006529,36,0.565,Jazan,9,3,2.2,32.7,1,1,0,0
U006530,65,0.865,Riyadh,0,2,0.8,34.7,1,0,0,0
U006531,61,0.654,Riyadh,0,6,1.6,7.0,1,0,1,1
U006532,41,0.826,Asir,5,2,0.0,34.3,1,1,1,0
U006533,66,0.616,Riyadh,0,2,0.7,13.6,0,0,1,0
U006534,49,0.278,Makkah,1,4,5.0,39.9,1,0,0,0
U006535,36,0.162,Makkah,1,2,1.8,30.2,1,1,0,1
U006536,40,0.568,Al Jawf,12,3,2.1,5.8,1,0,1,1
U006537,24,0.499,Tabuk,6,4,1.7,10.8,1,0,0,0
U006538,23,0.239,Madinah,2,1,2.9,40.6,1,0,1,0
U006539,42,0.203,Riyadh,0,2,3.0,45.3,1,0,0,0
U006540,34,0.438,Riyadh,0,3,2.1,9.7,0,1,3,1
U006541,68,0.256,Riyadh,0,4,3.7,22.5,1,1,1,1
U006542,60,0.822,Asir,5,2,0.7,31.6,1,0,0,0
U006543,56,0.263,Hail,7,2,1.7,33.2,0,1,0,0
U006544,61,0.445,Riyadh,0,4,4.7,11.0,0,0,3,1
U006545,65,0.119,Madinah,2,2,3.2,33.5,1,0,1,1
U006546,40,0.38,Eastern,4,1,1.5,16.9,1,0,1,0
U006547,57,0.777,Eastern,4,6,1.3,39.6,1,1,0,0
U006548,42,0.322,Makkah,1,6,1.3,41.2,0,1,0,1
U006549,28,0.875,Northern Borders,8,7,2.0,24.5,1,1,2,1
U006550,50,0.219,Makkah,1,3,1.6,34.8,1,1,0,1
U006551,58,0.155,Qassim,3,3,1.1,11.0,0,1,1,0
U006552,21,0.374,Hail,7,3,4.1,5.3,1,0,0,1
U006553,49,0.733,Makkah,1,3,0.5,18.2,1,1,0,1
U006554,19,0.711,Madinah,2,8,0.8,23.3,1,1,3,1
U006555,35,0.523,Qassim,3,3,2.0,15.1,1,0,0,0
U006556,30,0.221,Asir,5,6,3.3,19.0,1,0,0,1
U006557,47,0.56,Asir,5,5,3.1,33.8,1,1,4,1
U006558,40,0.193,Eastern,4,1,2.1,46.8,1,0,0,0
U006559,36,0.365,Al Jawf,12,4,4.3,17.2,0,0,0,0
U006560,50,0.621,Riyadh,0,4,1.8,8.8,1,1,3,1
U006561,29,0.391,Makkah,1,2,2.1,96.0,1,0,1,0
U006562,68,0.154,Riyadh,0,3,2.8,23.7,1,0,1,1
U006563,46,0.267,Eastern,4,2,4.7,12.8,1,0,1,1
U006564,22,0.505,Riyadh,0,2,1.9,4.7,1,1,0,0
U006565,21,0.285,Madinah,2,3,1.1,10.6,1,0,0,1
U006566,24,0.827,Riyadh,0,5,1.3,28.5,1,1,1,1
U006567,47,0.051,Eastern,4,1,3.4,59.8,1,0,0,1
U006568,68,0.271,Makkah,1,1,2.4,45.2,1,0,2,0
U006569,18,0.478,Eastern,4,5,2.1,9.7,1,0,0,1
U006570,45,0.451,Hail,7,7,2.3,1.1,1,1,0,1
U006571,46,0.618,Makkah,1,4,1.0,8.9,1,1,1,0
U006572,37,0.937,Asir,5,9,2.6,43.1,1,1,0,1
U006573,50,0.557,Asir,5,5,0.0,102.6,1,1,0,1
U006574,58,0.661,Eastern,4,4,2.1,2.5,1,0,2,1
U006575,21,0.326,Makkah,1,2,1.5,15.6,0,0,2,1
U006576,66,0.547,Al Bahah,11,1,1.9,24.5,1,0,0,1
U006577,54,0.416,Madinah,2,1,3.5,23.3,1,0,0,0
U006578,62,0.027,Makkah,1,1,3.7,24.0,1,0,0,1
U006579,24,0.493,Riyadh,0,3,1.4,25.7,1,0,0,1
U006580,68,0.113,Makkah,1,4,4.4,32.4,1,1,2,0
U006581,40,0.148,Jazan,9,2,2.5,23.5,1,1,2,1
U006582,42,0.684,Jazan,9,5,1.1,32.0,1,0,0,0
U006583,41,0.728,Najran,10,4,0.8,24.8,1,0,0,0
U006584,49,0.428,Jazan,9,3,2.7,24.4,1,0,1,1
U006585,25,0.103,Riyadh,0,5,1.8,17.1,1,0,1,1
U006586,21,0.59,Eastern,4,5,3.9,23.9,1,1,1,1
U006587,34,0.359,Riyadh,0,3,3.8,12.9,1,1,1,0
U006588,47,0.168,Makkah,1,2,1.0,35.6,1,0,0,0
U006589,65,0.599,Asir,5,4,1.4,19.4,1,1,0,0
U006590,54,0.76,Makkah,1,5,1.9,9.2,0,1,0,1
U006591,48,0.368,Tabuk,6,2,2.8,10.4,1,1,1,1
U006592,56,0.523,Tabuk,6,4,0.9,5.7,0,1,1,1
U006593,51,0.645,Makkah,1,2,2.3,5.6,1,0,0,0
U006594,26,0.392,Riyadh,0,4,0.9,41.4,1,0,2,0
U006595,42,0.578,Riyadh,0,7,0.5,13.4,1,1,0,1
U006596,33,0.866,Riyadh,0,4,0.5,62.4,1,1,2,1
U006597,53,0.473,Jazan,9,2,0.4,20.6,1,0,0,1
U006598,53,0.249,Madinah,2,1,3.0,31.1,1,1,2,0
U006599,53,0.439,Riyadh,0,3,3.0,16.3,1,0,0,0
U006600,63,0.39,Eastern,4,2,1.1,14.8,0,0,0,0
U006601,37,0.674,Riyadh,0,4,2.7,6.0,0,0,0,0
U006602,26,0.157,Riyadh,0,4,4.6,25.5,1,1,0,1
U006603,26,0.03,Eastern,4,0,2.3,23.5,1,0,0,1
U006604,18,0.593,Makkah,1,2,0.8,5.5,1,0,0,1
U006605,56,0.818,Madinah,2,2,2.0,9.3,1,1,1,0
U006606,51,0.418,Hail,7,3,3.1,71.8,1,1,1,0
U006607,58,0.574,Riyadh,0,3,4.4,29.9,1,1,0,0
U006608,63,0.692,Qassim,3,4,2.3,15.9,1,0,1,0
U006609,65,0.319,Riyadh,0,3,2.4,57.4,1,0,1,1
U006610,47,0.544,Madinah,2,6,2.4,13.9,0,1,1,1
U006611,24,0.854,Al Jawf,12,4,1.4,86.3,1,1,2,1
U006612,31,0.618,Riyadh,0,2,0.8,3.2,1,1,2,0
U006613,57,0.87,Eastern,4,1,0.4,6.9,0,1,0,1
U006614,35,0.402,Najran,10,3,3.3,28.7,0,1,0,1
U006615,51,0.853,Riyadh,0,1,1.2,22.1,1,1,0,0
U006616,65,0.498,Riyadh,0,2,2.8,23.5,1,1,1,1
U006617,44,0.181,Riyadh,0,0,3.8,17.5,0,0,1,0
U006618,58,0.798,Riyadh,0,2,0.8,12.7,1,0,1,0
U006619,20,0.055,Makkah,1,2,2.9,42.7,1,0,1,1
U006620,47,0.809,Madinah,2,6,2.2,26.6,1,1,1,1
U006621,33,0.556,Riyadh,0,7,0.3,11.0,1,1,2,1
U006622,69,0.255,Jazan,9,0,2.1,11.9,1,0,2,1
U006623,57,0.553,Najran,10,3,2.9,21.3,1,1,0,0
U006624,58,0.802,Eastern,4,3,2.0,7.9,1,0,1,1
U006625,66,0.723,Asir,5,2,0.0,24.9,1,0,0,1
U006626,59,0.225,Eastern,4,1,4.0,41.9,0,0,0,1
U006627,33,0.703,Al Jawf,12,5,0.0,21.8,0,1,1,0
U006628,63,0.247,Riyadh,0,3,3.9,20.9,0,0,1,1
U006629,49,0.488,Makkah,1,0,1.7,13.2,1,1,3,1
U006630,56,0.425,Makkah,1,1,1.8,47.7,1,1,1,1
U006631,40,0.089,Riyadh,0,3,3.7,20.9,1,0,1,1
U006632,19,0.747,Eastern,4,6,1.3,15.1,1,0,0,1
U006633,37,0.563,Jazan,9,1,1.7,31.3,1,0,0,1
U006634,64,0.507,Riyadh,0,3,1.7,51.9,1,1,2,1
U006635,61,0.352,Jazan,9,2,1.6,14.8,1,0,1,1
U006636,32,0.225,Riyadh,0,4,3.1,22.9,1,0,3,1
U006637,40,0.655,Makkah,1,0,0.8,15.5,1,1,0,1
U006638,29,0.897,Jazan,9,4,2.5,3.6,1,0,0,1
U006639,24,0.58,Madinah,2,2,2.6,9.7,1,1,0,0
U006640,38,0.744,Eastern,4,4,1.1,24.3,1,1,1,1
U006641,32,0.099,Riyadh,0,0,2.3,9.6,0,0,0,1
U006642,61,0.627,Makkah,1,3,3.0,21.8,1,0,1,0
U006643,24,0.542,Riyadh,0,7,0.9,22.9,1,1,2,1
U006644,43,0.83,Jazan,9,4,0.3,19.0,1,1,2,0
U006645,64,0.879,Riyadh,0,9,0.5,41.4,1,0,0,0
U006646,27,0.879,Asir,5,7,2.0,25.5,1,0,0,1
U006647,62,0.602,Riyadh,0,7,1.8,25.2,1,1,2,0
U006648,69,0.748,Eastern,4,3,0.4,16.7,1,1,1,1
U006649,51,0.904,Makkah,1,4,1.7,16.6,1,0,1,1
U006650,39,0.219,Al Bahah,11,2,3.1,13.7,1,0,3,0
U006651,44,0.948,Makkah,1,5,2.1,9.6,1,1,2,1
U006652,64,0.271,Makkah,1,4,1.1,37.7,0,0,0,1
U006653,46,0.441,Makkah,1,2,1.8,30.2,1,0,2,1
U006654,41,0.725,Madinah,2,3,1.0,18.3,0,1,1,1
U006655,37,0.512,Riyadh,0,4,1.9,16.3,1,0,1,1
U006656,39,0.1,Riyadh,0,0,2.3,34.3,0,0,2,0
U006657,55,0.507,Hail,7,4,1.4,31.3,1,1,2,1
U006658,44,0.546,Najran,10,2,2.3,18.6,1,1,2,0
U006659,36,0.355,Eastern,4,0,4.2,19.3,1,0,0,0
U006660,23,0.528,Makkah,1,4,3.1,22.3,1,0,0,1
U006661,31,0.439,Riyadh,0,4,3.3,3.9,0,0,0,1
U006662,53,0.307,Najran,10,1,2.6,11.5,0,1,1,1
U006663,43,0.756,Riyadh,0,2,3.1,29.6,1,1,3,1
U006664,40,0.65,Asir,5,4,0.8,14.3,1,1,4,1
U006665,22,0.823,Asir,5,2,2.4,23.6,1,0,0,1
U006666,59,0.824,Al Jawf,12,8,2.4,11.9,1,1,2,1
U006667,26,0.263,Jazan,9,4,3.8,29.8,1,0,0,0
U006668,54,0.739,Riyadh,0,1,1.1,20.6,1,1,2,0
U006669,69,0.469,Eastern,4,2,1.6,38.9,1,0,0,1
U006670,45,0.798,Riyadh,0,4,1.5,32.5,1,1,1,1
U006671,28,0.611,Al Jawf,12,0,0.8,32.7,1,0,2,1
U006672,21,0.18,Makkah,1,0,4.0,1.3,0,0,0,0
U006673,57,0.42,Eastern,4,2,1.7,50.5,1,1,3,0
U006674,37,0.633,Riyadh,0,7,3.7,15.5,1,1,0,1
U006675,53,0.225,Qassim,3,2,1.5,9.7,0,0,1,0
U006676,65,0.444,Makkah,1,2,0.4,11.1,1,0,1,1
U006677,29,0.54,Eastern,4,5,2.7,33.9,1,1,1,1
U006678,36,0.17,Eastern,4,4,0.3,38.8,1,0,0,1
U006679,56,0.186,Northern Borders,8,2,3.2,17.6,1,0,0,1
U006680,38,0.407,Makkah,1,4,2.4,65.4,1,0,0,1
U006681,65,0.295,Eastern,4,1,2.0,55.9,1,1,0,0
U006682,60,0.213,Al Jawf,12,2,1.7,23.1,1,0,0,1
U006683,55,0.7,Jazan,9,3,0.3,1.9,0,0,0,0
U006684,51,0.508,Jazan,9,6,0.7,2.8,1,1,1,1
U006685,41,0.455,Makkah,1,2,1.9,9.3,1,0,0,1
U006686,44,0.853,Qassim,3,0,1.0,20.3,1,1,1,1
U006687,19,0.548,Riyadh,0,1,3.8,36.6,1,0,0,1
U006688,34,0.766,Qassim,3,9,1.0,26.7,1,0,0,1
U006689,32,0.363,Makkah,1,3,1.6,90.5,1,0,2,1
U006690,69,0.422,Makkah,1,1,3.1,21.4,1,0,0,0
U006691,29,0.23,Riyadh,0,3,2.6,4.2,1,0,1,1
U006692,56,0.239,Riyadh,0,3,3.4,8.7,1,0,2,1
U006693,44,0.476,Qassim,3,3,0.1,24.9,1,1,3,0
U006694,21,0.891,Riyadh,0,5,1.7,23.8,1,0,0,1
U006695,55,0.483,Qassim,3,6,2.2,13.3,0,1,2,1
U006696,58,0.737,Riyadh,0,5,1.1,7.4,1,0,0,1
U006697,48,0.722,Riyadh,0,5,1.7,4.7,1,1,1,1
U006698,35,0.415,Hail,7,3,3.0,74.4,1,0,0,0
U006699,44,0.078,Tabuk,6,1,5.1,21.4,1,1,0,0
U006700,30,0.329,Asir,5,2,3.6,10.8,1,1,2,1
U006701,38,0.395,Riyadh,0,3,2.7,15.0,1,0,0,1
U006702,63,0.525,Eastern,4,2,3.2,45.0,1,1,1,0
U006703,45,0.445,Eastern,4,3,3.1,14.8,1,0,1,1
U006704,35,0.374,Al Bahah,11,1,2.6,28.8,0,0,2,1
U006705,57,0.487,Makkah,1,3,3.5,8.7,0,0,0,0
U006706,34,0.949,Riyadh,0,1,1.0,13.5,1,0,0,0
U006707,34,0.323,Najran,10,1,0.9,11.2,0,0,0,1
U006708,57,0.262,Jazan,9,6,2.6,2.7,1,0,0,1
U006709,61,0.263,Riyadh,0,4,4.9,12.7,1,0,0,0
U006710,47,0.257,Qassim,3,1,0.8,43.0,1,0,0,0
U006711,67,0.569,Riyadh,0,6,3.4,44.2,1,0,0,1
U006712,63,0.395,Tabuk,6,8,3.2,16.4,0,1,1,1
U006713,46,0.334,Makkah,1,3,0.9,29.6,0,0,0,0
U006714,29,0.579,Riyadh,0,3,2.7,27.1,1,1,0,1
U006715,63,0.288,Makkah,1,3,4.4,18.6,0,1,0,1
U006716,48,0.76,Makkah,1,2,0.3,7.9,1,1,1,1
U006717,19,0.833,Eastern,4,2,2.2,5.1,1,1,2,1
U006718,31,0.366,Eastern,4,3,3.3,4.9,1,0,0,1
U006719,45,0.236,Eastern,4,3,1.3,59.0,1,0,2,1
U006720,20,0.53,Makkah,1,3,0.8,12.3,1,1,0,1
U006721,29,0.403,Riyadh,0,2,0.4,16.7,1,1,2,1
U006722,30,0.525,Makkah,1,0,2.1,58.1,1,1,2,1
U006723,26,0.571,Riyadh,0,5,2.2,97.6,1,0,0,1
U006724,67,0.74,Madinah,2,4,3.1,42.6,1,1,1,1
U006725,66,0.467,Riyadh,0,0,1.3,3.6,1,1,0,1
U006726,22,0.92,Jazan,9,0,0.5,12.2,1,1,1,1
U006727,24,0.906,Eastern,4,3,2.6,7.7,0,1,1,1
U006728,55,0.576,Hail,7,5,0.7,7.7,0,1,0,0
U006729,56,0.643,Riyadh,0,1,1.1,26.8,1,0,0,0
U006730,57,0.44,Eastern,4,5,1.9,18.6,1,0,2,0
U006731,28,0.326,Riyadh,0,2,2.7,23.5,1,1,0,0
U006732,36,0.515,Makkah,1,5,1.4,71.1,1,0,1,0
U006733,37,0.37,Makkah,1,2,0.0,16.3,0,1,3,1
U006734,18,0.156,Tabuk,6,3,1.3,15.6,1,0,1,1
U006735,25,0.457,Qassim,3,1,0.0,15.8,1,0,0,0
U006736,36,0.306,Riyadh,0,0,2.9,31.0,1,1,1,1
U006737,64,0.755,Eastern,4,1,0.5,13.2,1,0,0,0
U006738,30,0.533,Al Bahah,11,5,0.5,5.3,1,1,2,0
U006739,25,0.887,Eastern,4,3,2.1,44.9,1,1,2,1
U006740,44,0.527,Madinah,2,3,1.8,13.7,1,1,0,1
U006741,28,0.66,Riyadh,0,2,2.3,15.1,1,1,2,1
U006742,57,0.617,Asir,5,2,2.0,31.4,1,1,2,0
U006743,30,0.389,Hail,7,0,1.5,17.0,1,1,2,1
U006744,64,0.401,Eastern,4,3,2.2,35.3,0,1,2,0
U006745,30,0.34,Najran,10,1,2.5,52.8,1,0,0,1
U006746,32,0.676,Makkah,1,2,2.1,9.5,1,0,1,0
U006747,53,0.785,Makkah,1,1,0.0,88.5,1,0,3,0
U006748,62,0.46,Eastern,4,4,0.0,8.8,1,0,0,0
U006749,49,0.268,Riyadh,0,2,1.5,9.5,1,0,1,0
U006750,69,0.465,Makkah,1,2,2.7,7.5,1,0,1,1
U006751,66,0.592,Makkah,1,0,0.1,54.0,1,1,1,0
U006752,63,0.56,Najran,10,1,4.2,24.4,1,0,0,0
U006753,67,0.425,Makkah,1,4,1.2,13.2,1,1,1,1
U006754,30,0.271,Madinah,2,1,1.8,25.4,1,0,0,0
U006755,29,0.429,Eastern,4,3,0.0,32.0,1,1,3,1
U006756,69,0.544,Eastern,4,0,1.6,14.5,1,1,3,0
U006757,68,0.807,Riyadh,0,4,2.1,29.4,1,1,1,1
U006758,19,0.384,Riyadh,0,3,1.0,11.4,1,1,0,0
U006759,67,0.19,Riyadh,0,2,2.8,25.7,0,0,1,0
U006760,41,0.607,Makkah,1,7,1.4,69.6,1,1,0,1
U006761,67,0.334,Qassim,3,4,0.0,29.8,0,0,0,1
U006762,46,0.208,Northern Borders,8,3,4.8,22.3,1,0,1,0
U006763,33,0.58,Northern Borders,8,2,3.3,39.5,1,0,1,0
U006764,63,0.487,Jazan,9,5,0.2,17.9,0,1,1,0
U006765,61,0.461,Makkah,1,2,1.8,32.2,1,1,2,1
U006766,66,0.457,Eastern,4,4,1.5,10.3,1,1,0,1
U006767,41,0.128,Madinah,2,2,0.4,6.7,1,1,0,1
U006768,65,0.63,Asir,5,4,0.0,29.1,1,1,1,1
U006769,36,0.24,Najran,10,3,2.5,7.4,1,1,1,1
U006770,19,0.797,Tabuk,6,6,2.9,23.5,1,1,2,1
U006771,38,0.485,Asir,5,3,2.9,39.4,0,1,1,1
U006772,62,0.382,Riyadh,0,2,3.0,59.1,1,0,1,0
U006773,38,0.512,Riyadh,0,1,2.2,15.8,1,1,1,0
U006774,27,0.9,Makkah,1,4,0.0,24.3,0,0,1,1
U006775,53,0.036,Makkah,1,0,2.2,21.9,1,0,0,0
U006776,36,0.493,Najran,10,4,2.6,6.8,1,1,1,0
U006777,45,0.578,Riyadh,0,5,2.0,10.9,1,1,3,1
U006778,47,0.704,Riyadh,0,5,4.1,35.7,1,1,1,1
U006779,57,0.538,Hail,7,1,1.4,61.0,1,0,1,0
U006780,33,0.776,Eastern,4,5,0.4,5.1,1,1,1,1
U006781,37,0.277,Makkah,1,4,1.4,8.4,0,0,0,1
U006782,22,0.814,Northern Borders,8,4,2.3,2.6,0,1,1,1
U006783,69,0.814,Najran,10,5,0.0,8.9,1,1,0,1
U006784,44,0.639,Riyadh,0,4,2.0,16.0,1,0,0,0
U006785,18,0.386,Al Bahah,11,4,1.5,15.6,1,1,2,1
U006786,36,0.126,Makkah,1,2,4.4,34.6,1,0,0,0
U006787,32,0.522,Asir,5,2,1.8,19.1,1,0,1,1
U006788,29,0.952,Riyadh,0,4,0.8,16.7,1,0,0,1
U006789,52,0.482,Riyadh,0,2,2.3,9.1,0,1,1,0
U006790,21,0.837,Asir,5,2,0.0,9.0,1,1,1,1
U006791,66,0.365,Riyadh,0,3,1.9,14.9,0,0,0,1
U006792,69,0.296,Eastern,4,4,1.3,12.4,1,0,1,1
U006793,62,0.704,Riyadh,0,8,3.3,15.5,1,1,2,1
U006794,67,0.909,Hail,7,3,1.3,9.0,1,1,2,1
U006795,52,0.76,Qassim,3,3,1.8,7.8,1,1,2,1
U006796,50,0.587,Riyadh,0,3,1.0,38.5,1,1,0,1
U006797,25,0.777,Eastern,4,3,3.5,63.8,1,1,1,0
U006798,42,0.325,Eastern,4,1,2.8,8.5,1,0,0,1
U006799,27,0.239,Eastern,4,2,3.3,27.2,0,1,3,1
U006800,41,0.409,Eastern,4,1,3.7,22.2,0,0,0,0
U006801,54,0.261,Makkah,1,1,1.8,5.9,1,0,2,0
U006802,27,0.42,Makkah,1,4,0.0,22.7,1,0,1,1
U006803,33,0.577,Eastern,4,1,1.6,42.2,1,0,0,1
U006804,58,0.328,Eastern,4,1,2.2,14.5,1,0,0,0
U006805,68,0.417,Jazan,9,4,2.8,9.0,1,0,0,0
U006806,64,0.404,Eastern,4,2,2.1,28.7,1,0,1,1
U006807,57,0.49,Eastern,4,2,3.1,2.2,0,1,0,0
U006808,51,0.639,Eastern,4,3,2.4,10.8,1,0,0,1
U006809,60,0.909,Eastern,4,6,3.0,25.1,1,1,1,1
U006810,22,0.314,Makkah,1,1,1.6,29.6,1,0,2,1
U006811,29,0.561,Riyadh,0,3,2.9,22.8,1,1,0,1
U006812,49,0.092,Makkah,1,2,3.6,56.4,0,0,0,0
U006813,68,0.496,Eastern,4,4,0.3,23.7,1,0,0,1
U006814,58,0.676,Madinah,2,1,1.9,51.2,1,1,0,1
U006815,20,0.549,Riyadh,0,4,2.8,39.7,1,0,2,0
U006816,25,0.418,Riyadh,0,3,2.3,36.9,1,0,1,0
U006817,55,0.611,Al Jawf,12,6,2.2,40.7,1,1,2,1
U006818,60,0.454,Makkah,1,4,3.3,33.4,1,0,0,1
U006819,55,0.446,Makkah,1,5,2.9,27.6,1,1,1,1
U006820,23,0.379,Al Bahah,11,2,4.1,10.9,1,1,1,1
U006821,49,0.639,Riyadh,0,1,2.5,16.2,1,1,1,1
U006822,60,0.202,Makkah,1,2,0.0,33.0,1,1,2,0
U006823,27,0.407,Al Bahah,11,5,2.2,13.4,1,0,1,1
U006824,49,0.229,Makkah,1,3,2.4,3.6,1,0,0,1
U006825,23,0.825,Madinah,2,4,0.2,7.8,0,0,0,1
U006826,35,0.517,Makkah,1,1,1.9,7.6,0,1,1,1
U006827,51,0.513,Eastern,4,4,3.0,16.9,1,0,1,1
U006828,27,0.574,Jazan,9,3,1.4,40.6,1,0,0,1
U006829,50,0.552,Riyadh,0,0,1.0,20.7,1,0,0,0
U006830,42,0.504,Makkah,1,5,2.9,65.0,1,0,3,1
U006831,29,0.61,Riyadh,0,4,0.0,25.6,1,1,0,1
U006832,41,0.612,Eastern,4,4,2.1,21.5,1,1,3,1
U006833,25,0.459,Asir,5,5,1.9,38.7,1,1,3,0
U006834,29,0.436,Makkah,1,2,2.7,16.8,1,1,1,0
U006835,20,0.461,Asir,5,4,0.7,12.7,1,0,0,0
U006836,69,0.231,Riyadh,0,2,0.8,12.9,1,0,0,1
U006837,50,0.299,Najran,10,1,0.9,37.9,1,0,1,1
U006838,51,0.343,Eastern,4,2,2.6,59.4,1,0,0,1
U006839,35,0.271,Jazan,9,2,0.5,39.4,1,1,2,0
U006840,26,0.572,Makkah,1,4,0.7,32.5,1,0,0,1
U006841,63,0.949,Eastern,4,5,0.3,42.9,1,1,3,1
U006842,18,0.405,Qassim,3,3,3.4,24.8,1,1,1,1
U006843,40,0.196,Makkah,1,1,3.9,27.6,1,0,0,0
U006844,50,0.211,Riyadh,0,1,1.6,45.4,1,0,0,0
U006845,44,0.309,Makkah,1,0,3.8,29.7,1,0,2,0
U006846,52,0.526,Madinah,2,3,2.3,17.0,1,1,0,0
U006847,27,0.655,Makkah,1,3,1.4,15.1,0,0,2,1
U006848,26,0.765,Eastern,4,6,2.1,11.9,1,1,1,0
U006849,62,0.686,Madinah,2,1,1.2,33.8,1,1,1,0
U006850,65,0.668,Al Bahah,11,2,0.6,4.0,0,0,0,1
U006851,22,0.597,Makkah,1,3,0.0,30.0,1,0,1,1
U006852,23,0.39,Asir,5,2,1.7,7.1,1,0,1,0
U006853,66,0.356,Riyadh,0,0,2.8,19.3,0,0,0,0
U006854,53,0.86,Al Jawf,12,4,2.4,23.8,1,0,0,0
U006855,36,0.301,Asir,5,3,2.8,11.3,1,0,2,0
U006856,46,0.87,Eastern,4,5,0.6,6.9,1,1,1,1
U006857,56,0.32,Riyadh,0,4,3.1,12.0,0,0,0,1
U006858,44,0.716,Asir,5,7,0.7,15.6,1,1,3,1
U006859,52,0.361,Makkah,1,1,2.3,29.4,0,0,0,0
U006860,19,0.806,Makkah,1,4,0.2,16.9,1,1,3,1
U006861,63,0.306,Makkah,1,3,2.5,50.9,1,1,0,0
U006862,31,0.927,Riyadh,0,1,0.6,37.1,1,1,2,1
U006863,26,0.177,Makkah,1,3,2.0,22.5,1,0,2,1
U006864,21,0.401,Asir,5,3,2.0,29.7,1,0,2,0
U006865,35,0.388,Makkah,1,2,3.2,18.4,1,1,2,1
U006866,49,0.537,Hail,7,1,3.2,32.2,1,0,2,1
U006867,38,0.642,Madinah,2,4,0.0,66.6,1,1,2,0
U006868,56,0.413,Riyadh,0,2,2.4,19.0,1,1,0,0
U006869,48,0.623,Makkah,1,2,1.0,11.4,0,1,3,1
U006870,42,0.417,Makkah,1,2,1.5,25.5,1,0,0,1
U006871,48,0.668,Northern Borders,8,3,0.0,18.0,1,1,0,1
U006872,28,0.714,Eastern,4,2,0.9,15.7,1,0,1,0
U006873,22,0.195,Makkah,1,1,2.7,26.3,1,1,0,1
U006874,24,0.44,Riyadh,0,1,0.8,8.1,1,0,1,1
U006875,43,0.497,Eastern,4,1,3.1,32.2,1,1,3,0
U006876,21,0.752,Eastern,4,4,2.6,13.9,1,1,2,1
U006877,62,0.846,Makkah,1,5,1.6,3.4,1,0,0,1
U006878,50,0.189,Asir,5,2,3.0,14.4,1,1,1,0
U006879,40,0.493,Makkah,1,1,0.3,30.5,1,0,1,1
U006880,58,0.496,Madinah,2,4,5.6,3.9,0,1,2,1
U006881,25,0.72,Riyadh,0,2,2.0,29.7,1,1,1,0
U006882,59,0.435,Qassim,3,6,2.3,58.1,1,0,1,0
U006883,28,0.453,Qassim,3,4,3.0,93.0,1,0,1,1
U006884,34,0.623,Eastern,4,5,0.0,5.0,1,1,2,1
U006885,36,0.955,Asir,5,10,2.1,15.0,1,1,0,1
U006886,65,0.406,Riyadh,0,0,2.1,34.8,1,0,1,0
U006887,42,0.81,Eastern,4,3,1.2,8.5,1,0,0,0
U006888,19,0.14,Al Bahah,11,4,3.3,43.1,1,0,1,0
U006889,54,0.679,Madinah,2,3,0.0,32.8,1,1,1,1
U006890,49,0.532,Eastern,4,3,1.3,13.1,1,1,0,1
U006891,46,0.316,Riyadh,0,1,2.8,26.1,1,0,1,1
U006892,60,0.389,Al Jawf,12,4,2.0,126.4,1,0,0,0
U006893,66,0.34,Makkah,1,0,1.1,5.1,1,1,1,0
U006894,39,0.877,Madinah,2,1,0.7,33.9,1,0,1,0
U006895,36,0.038,Eastern,4,3,2.4,51.7,1,0,0,1
U006896,69,0.554,Riyadh,0,3,0.1,34.5,1,0,0,0
U006897,25,0.447,Al Bahah,11,5,2.8,23.6,0,0,0,0
U006898,24,0.844,Riyadh,0,4,1.4,15.1,1,1,1,1
U006899,25,0.685,Qassim,3,2,1.1,14.5,1,0,1,1
U006900,39,0.064,Hail,7,2,2.5,9.9,0,1,2,1
U006901,60,0.432,Makkah,1,5,2.0,25.8,1,1,3,1
U006902,61,0.952,Riyadh,0,6,0.9,28.3,1,1,0,1
U006903,53,0.224,Makkah,1,3,3.5,8.4,1,0,0,0
U006904,56,0.62,Riyadh,0,6,2.0,10.9,0,1,0,1
U006905,68,0.548,Riyadh,0,3,2.5,80.0,1,0,1,1
U006906,33,0.288,Riyadh,0,0,3.3,11.6,1,0,1,0
U006907,40,0.533,Riyadh,0,1,1.4,11.8,1,0,0,0
U006908,61,0.22,Riyadh,0,2,2.9,10.8,1,0,0,0
U006909,58,0.209,Riyadh,0,2,6.2,22.1,1,0,0,0
U006910,66,0.597,Asir,5,5,2.9,20.8,1,1,4,1
U006911,62,0.417,Madinah,2,5,1.1,22.3,1,0,1,1
U006912,34,0.17,Al Jawf,12,2,3.1,16.9,1,0,1,0
U006913,32,0.602,Qassim,3,5,0.5,11.9,1,0,0,0
U006914,55,0.438,Al Jawf,12,3,1.2,10.4,0,1,2,0
U006915,66,0.607,Madinah,2,7,3.5,5.7,1,1,0,1
U006916,63,0.167,Jazan,9,3,2.1,17.8,1,0,2,1
U006917,55,0.339,Eastern,4,4,1.3,13.9,0,1,1,0
U006918,46,0.553,Eastern,4,3,0.0,35.5,1,0,0,1
U006919,59,0.387,Makkah,1,3,1.1,21.3,0,0,1,1
U006920,60,0.287,Al Jawf,12,1,2.6,17.6,1,0,0,1
U006921,46,0.66,Makkah,1,6,0.9,2.8,1,0,1,1
U006922,47,0.339,Asir,5,6,2.1,10.1,1,0,1,0
U006923,39,0.976,Makkah,1,4,2.0,14.9,1,1,2,1
U006924,18,0.789,Riyadh,0,4,1.8,4.1,1,1,0,0
U006925,43,0.652,Hail,7,4,2.0,43.2,0,1,3,1
U006926,53,0.361,Riyadh,0,2,2.7,9.5,1,0,1,0
U006927,45,0.124,Madinah,2,3,4.0,17.8,0,0,1,1
U006928,28,0.56,Asir,5,9,2.6,49.0,1,1,1,1
U006929,29,0.711,Riyadh,0,7,3.7,26.3,1,0,2,1
U006930,43,0.527,Madinah,2,4,2.0,48.9,1,1,0,0
U006931,49,0.669,Makkah,1,4,2.9,26.8,1,0,0,1
U006932,22,0.481,Najran,10,2,1.6,31.0,1,1,1,1
U006933,19,0.632,Tabuk,6,5,2.9,45.3,1,0,0,1
U006934,38,0.764,Eastern,4,3,2.2,15.7,1,0,1,0
U006935,40,0.757,Riyadh,0,3,2.2,11.6,1,0,2,0
U006936,46,0.565,Makkah,1,5,1.8,18.9,1,1,3,1
U006937,40,0.571,Riyadh,0,1,1.6,17.9,1,1,0,0
U006938,29,0.524,Eastern,4,6,0.1,7.5,0,1,2,1
U006939,63,0.202,Tabuk,6,6,4.1,38.7,1,1,0,0
U006940,43,0.599,Riyadh,0,3,3.7,9.6,1,1,2,1
U006941,62,0.347,Asir,5,6,2.3,32.1,0,0,2,1
U006942,26,0.451,Riyadh,0,5,2.8,6.4,1,1,0,1
U006943,21,0.055,Eastern,4,2,3.2,10.4,1,0,0,0
U006944,64,0.673,Madinah,2,1,0.0,39.7,0,0,0,1
U006945,33,0.536,Jazan,9,2,2.4,49.9,1,1,1,0
U006946,60,0.292,Madinah,2,1,2.1,11.6,1,0,2,0
U006947,35,0.722,Riyadh,0,8,1.3,40.0,0,1,1,1
U006948,29,0.606,Riyadh,0,2,1.8,1.6,1,0,1,0
U006949,31,0.252,Makkah,1,4,3.8,11.3,0,0,1,0
U006950,42,0.47,Asir,5,5,0.0,31.1,1,0,1,1
U006951,59,0.04,Jazan,9,0,2.1,11.9,1,0,1,0
U006952,21,0.494,Makkah,1,4,1.2,15.2,1,1,0,1
U006953,56,0.275,Riyadh,0,5,1.9,16.5,1,1,1,1
U006954,63,0.603,Eastern,4,2,1.3,30.1,1,0,0,1
U006955,45,0.206,Riyadh,0,0,2.4,18.7,1,0,1,1
U006956,47,0.663,Qassim,3,3,2.4,38.5,0,0,0,0
U006957,48,0.255,Asir,5,2,1.3,10.8,1,1,3,0
U006958,18,0.357,Najran,10,1,3.0,7.1,0,1,2,1
U006959,49,0.381,Madinah,2,5,2.9,5.9,0,1,0,1
U006960,65,0.495,Eastern,4,5,3.7,49.0,1,0,0,0
U006961,34,0.447,Asir,5,6,1.5,63.0,0,1,0,0
U006962,24,0.739,Riyadh,0,5,2.0,15.4,1,1,1,1
U006963,27,0.499,Jazan,9,2,1.7,44.4,1,0,0,0
U006964,66,0.574,Najran,10,4,0.6,29.4,1,0,1,1
U006965,30,0.864,Northern Borders,8,0,2.4,4.2,0,1,2,1
U006966,22,0.364,Tabuk,6,0,1.2,15.3,0,0,2,0
U006967,43,0.057,Qassim,3,0,1.1,10.1,1,0,0,0
U006968,53,0.202,Al Jawf,12,2,2.8,19.0,1,1,2,1
U006969,68,0.853,Makkah,1,4,1.2,150.0,1,1,1,1
U006970,69,0.817,Makkah,1,6,2.6,22.0,1,0,1,1
U006971,59,0.643,Madinah,2,1,1.2,22.6,1,1,2,1
U006972,41,0.443,Eastern,4,3,3.4,16.1,1,1,0,1
U006973,42,0.563,Makkah,1,5,3.7,18.1,1,1,1,1
U006974,55,0.172,Northern Borders,8,2,3.1,17.6,0,1,1,1
U006975,38,0.684,Riyadh,0,2,0.0,34.0,1,1,1,0
U006976,20,0.243,Eastern,4,3,4.7,31.1,0,1,2,1
U006977,68,0.169,Eastern,4,3,1.0,3.6,0,1,1,0
U006978,56,0.034,Asir,5,4,4.2,2.8,0,0,0,0
U006979,61,0.381,Eastern,4,4,2.2,34.7,1,0,0,0
U006980,18,0.84,Eastern,4,0,1.4,17.2,1,0,0,1
U006981,65,0.7,Hail,7,5,2.7,49.5,1,1,0,1
U006982,38,0.439,Makkah,1,3,1.2,20.4,1,0,0,0
U006983,55,0.517,Riyadh,0,4,1.4,6.8,1,0,1,1
U006984,49,0.296,Jazan,9,4,2.5,26.4,0,0,0,0
U006985,36,0.513,Makkah,1,2,2.9,4.2,1,1,0,1
U006986,35,0.107,Makkah,1,1,0.0,14.3,1,0,0,0
U006987,37,0.122,Makkah,1,3,2.2,26.6,1,1,1,0
U006988,53,0.33,Al Jawf,12,3,1.4,41.8,1,0,0,1
U006989,68,0.5,Riyadh,0,3,0.4,30.5,0,0,1,1
U006990,51,0.38,Makkah,1,2,5.8,25.6,1,0,0,0
U006991,69,0.635,Jazan,9,7,1.9,40.8,1,1,0,1
U006992,65,0.54,Makkah,1,3,0.0,19.8,1,1,1,0
U006993,57,0.151,Eastern,4,1,3.3,18.3,0,1,2,1
U006994,65,0.719,Eastern,4,2,0.6,78.2,1,1,3,0
U006995,21,0.483,Riyadh,0,4,0.0,6.3,1,0,1,0
U006996,19,0.886,Asir,5,7,0.0,37.3,1,1,2,1
U006997,53,0.62,Madinah,2,5,0.0,25.8,0,0,0,1
U006998,56,0.666,Riyadh,0,2,0.8,0.7,0,0,1,0
U006999,30,0.307,Riyadh,0,2,1.4,38.6,0,1,1,1
U007000,52,0.642,Eastern,4,3,3.3,1.4,1,1,2,1
U007001,60,0.552,Najran,10,1,2.5,24.1,1,0,0,1
U007002,31,0.566,Riyadh,0,5,2.2,55.6,1,1,2,1
U007003,35,0.428,Makkah,1,2,2.1,32.8,1,0,2,1
U007004,51,0.61,Eastern,4,1,1.4,12.0,1,0,1,1
U007005,53,0.794,Riyadh,0,7,0.9,19.5,1,0,0,0
U007006,31,0.232,Makkah,1,6,2.1,82.8,1,0,1,0
U007007,40,0.297,Riyadh,0,2,3.0,17.6,1,0,0,1
U007008,26,0.428,Eastern,4,2,3.2,7.6,1,0,0,0
U007009,62,0.205,Northern Borders,8,1,3.8,26.7,1,0,0,0
U007010,21,0.639,Riyadh,0,4,0.5,12.9,1,1,1,0
U007011,69,0.577,Qassim,3,1,0.0,11.6,1,0,0,1
U007012,26,0.331,Makkah,1,2,3.2,36.4,1,1,3,1
U007013,30,0.348,Jazan,9,2,1.0,15.5,1,0,1,0
U007014,38,0.157,Makkah,1,0,1.8,12.8,0,0,1,0
U007015,55,0.245,Makkah,1,1,3.0,7.1,1,0,0,1
U007016,36,0.541,Riyadh,0,1,0.6,24.7,1,0,0,1
U007017,19,0.411,Riyadh,0,0,2.7,25.8,1,0,0,1
U007018,28,0.887,Qassim,3,5,1.8,3.7,1,1,2,1
U007019,38,0.724,Al Bahah,11,3,1.1,15.4,1,1,2,1
U007020,45,0.235,Najran,10,0,3.0,48.8,1,0,1,1
U007021,60,0.36,Makkah,1,2,2.4,3.2,0,1,3,0
U007022,45,0.771,Eastern,4,3,1.1,23.7,0,1,2,1
U007023,31,0.493,Asir,5,2,2.0,19.2,1,0,3,1
U007024,39,0.814,Eastern,4,0,1.5,12.9,1,1,0,1
U007025,47,0.378,Hail,7,2,0.8,27.5,0,0,0,1
U007026,61,0.751,Al Bahah,11,3,2.5,34.4,1,1,1,0
U007027,37,0.573,Riyadh,0,1,4.1,5.0,1,0,0,1
U007028,52,0.14,Riyadh,0,3,4.0,10.7,0,0,1,0
U007029,39,0.137,Madinah,2,3,2.1,11.3,1,0,1,1
U007030,53,0.661,Makkah,1,8,3.3,39.5,1,1,3,1
U007031,66,0.185,Riyadh,0,1,4.1,39.2,1,0,1,0
U007032,55,0.455,Northern Borders,8,1,4.2,67.8,1,1,2,0
U007033,42,0.264,Madinah,2,0,3.0,60.3,1,0,1,1
U007034,54,0.291,Riyadh,0,0,0.5,5.9,1,0,0,0
U007035,67,0.775,Riyadh,0,6,0.7,57.5,1,1,2,1
U007036,43,0.233,Qassim,3,1,1.1,2.6,0,1,2,0
U007037,60,0.426,Qassim,3,0,2.0,70.9,1,0,1,1
U007038,41,0.451,Qassim,3,3,2.0,13.9,1,1,2,1
U007039,35,0.716,Makkah,1,3,2.3,28.9,1,1,1,0
U007040,56,0.802,Tabuk,6,5,1.3,5.3,1,1,0,1
U007041,39,0.846,Jazan,9,7,0.7,16.7,0,1,1,1
U007042,18,0.579,Riyadh,0,5,0.1,19.0,0,0,0,0
U007043,27,0.629,Makkah,1,3,0.8,13.6,1,1,2,1
U007044,52,0.728,Hail,7,5,3.0,13.8,1,1,0,1
U007045,38,0.723,Jazan,9,2,0.3,20.7,1,0,0,0
U007046,22,0.211,Riyadh,0,1,3.1,5.3,0,0,0,1
U007047,32,0.266,Al Bahah,11,2,1.9,14.9,1,1,1,1
U007048,21,0.238,Madinah,2,2,2.1,24.8,1,0,1,0
U007049,69,0.344,Riyadh,0,3,2.9,17.7,1,1,1,1
U007050,47,0.844,Riyadh,0,2,0.9,12.5,1,1,2,1
U007051,44,0.406,Asir,5,3,3.6,14.1,1,1,1,0
U007052,36,0.68,Riyadh,0,2,1.2,17.7,1,1,2,1
U007053,48,0.194,Makkah,1,1,1.0,19.7,1,0,0,0
U007054,29,0.281,Qassim,3,2,0.8,24.7,1,0,0,0
U007055,68,0.378,Makkah,1,3,1.0,15.9,1,0,1,1
U007056,32,0.579,Makkah,1,1,2.5,48.7,1,1,2,1
U007057,68,0.126,Tabuk,6,1,3.6,13.8,0,1,0,0
U007058,49,0.183,Makkah,1,3,2.2,36.2,1,0,0,0
U007059,32,0.554,Makkah,1,4,3.2,11.3,1,1,0,0
U007060,55,0.665,Eastern,4,4,0.2,19.9,0,1,2,0
U007061,45,0.742,Riyadh,0,2,4.1,50.8,1,1,2,1
U007062,25,0.436,Jazan,9,2,1.4,64.5,1,1,1,1
U007063,34,0.483,Riyadh,0,1,1.9,3.1,1,1,0,0
U007064,61,0.49,Riyadh,0,1,1.7,27.1,1,0,0,0
U007065,67,0.228,Jazan,9,1,3.7,61.6,1,0,1,0
U007066,60,0.5,Riyadh,0,4,1.7,76.4,1,0,0,1
U007067,45,0.422,Riyadh,0,3,0.5,9.7,1,1,2,1
U007068,64,0.844,Eastern,4,4,3.6,22.3,1,1,1,1
U007069,52,0.738,Eastern,4,5,1.8,30.4,1,1,0,1
U007070,27,0.092,Eastern,4,3,3.8,36.0,1,0,0,0
U007071,25,0.448,Qassim,3,4,1.9,14.3,1,0,1,1
U007072,29,0.882,Eastern,4,3,3.8,28.8,1,0,0,1
U007073,38,0.089,Hail,7,1,4.1,12.5,0,0,2,1
U007074,65,0.259,Riyadh,0,1,3.8,46.3,0,0,0,0
U007075,32,0.936,Riyadh,0,5,2.9,4.5,1,1,2,1
U007076,62,0.377,Makkah,1,2,2.7,10.7,1,0,1,0
U007077,59,0.025,Makkah,1,0,4.8,17.5,1,0,0,1
U007078,23,0.262,Riyadh,0,1,2.0,75.3,1,0,0,1
U007079,64,0.347,Eastern,4,1,4.2,7.9,1,0,0,0
U007080,43,0.772,Eastern,4,2,2.4,22.9,1,1,0,1
U007081,67,0.18,Al Bahah,11,3,2.9,18.3,0,0,0,1
U007082,54,0.463,Eastern,4,2,1.7,12.0,0,0,1,1
U007083,64,0.563,Madinah,2,5,0.0,33.3,1,1,0,1
U007084,31,0.322,Eastern,4,2,3.9,23.6,1,0,0,1
U007085,55,0.577,Jazan,9,1,0.1,29.9,1,0,2,0
U007086,35,0.207,Makkah,1,1,2.8,5.2,1,0,1,0
U007087,36,0.481,Makkah,1,2,1.1,11.3,1,1,1,1
U007088,61,0.492,Riyadh,0,7,2.3,88.6,1,0,0,1
U007089,66,0.281,Riyadh,0,3,3.6,14.0,1,0,2,1
U007090,64,0.504,Eastern,4,2,1.3,17.8,1,0,0,1
U007091,28,0.307,Hail,7,3,3.1,14.4,1,0,1,0
U007092,37,0.265,Najran,10,7,2.2,24.1,1,0,0,0
U007093,20,0.978,Makkah,1,6,0.5,5.7,1,1,1,1
U007094,34,0.313,Eastern,4,0,1.8,14.6,1,0,2,1
U007095,41,0.605,Riyadh,0,4,3.0,5.6,1,1,0,0
U007096,64,0.679,Riyadh,0,1,1.5,62.6,0,1,1,1
U007097,30,0.808,Makkah,1,7,2.5,31.8,1,1,3,1
U007098,68,0.273,Makkah,1,2,3.0,9.2,1,0,1,1
U007099,61,0.104,Hail,7,0,1.9,17.3,0,0,0,0
U007100,58,0.922,Makkah,1,0,1.8,20.4,1,0,0,0
U007101,59,0.732,Riyadh,0,0,0.4,33.1,0,0,1,1
U007102,68,0.557,Al Jawf,12,2,0.3,44.9,1,0,0,0
U007103,56,0.734,Eastern,4,4,2.2,7.0,1,1,0,1
U007104,19,0.087,Tabuk,6,1,3.0,7.9,1,0,0,1
U007105,42,0.778,Makkah,1,4,0.0,11.1,0,1,1,0
U007106,63,0.818,Asir,5,2,3.3,38.9,1,0,0,1
U007107,50,0.779,Riyadh,0,2,2.7,37.4,1,1,2,0
U007108,43,0.216,Jazan,9,1,2.6,12.9,1,0,1,0
U007109,36,0.516,Madinah,2,2,5.0,43.8,1,1,0,1
U007110,54,0.272,Eastern,4,3,1.8,3.1,1,1,0,1
U007111,31,0.461,Asir,5,3,1.9,19.2,1,1,1,0
U007112,51,0.465,Madinah,2,3,3.1,28.8,1,1,0,1
U007113,23,0.228,Eastern,4,0,2.6,23.0,1,1,1,1
U007114,22,0.494,Makkah,1,3,2.5,31.8,1,1,3,1
U007115,47,0.27,Riyadh,0,3,1.2,4.7,0,0,0,1
U007116,40,0.895,Makkah,1,1,2.0,16.1,0,1,0,0
U007117,22,0.497,Makkah,1,4,4.3,10.6,1,1,0,1
U007118,61,0.303,Jazan,9,5,3.3,4.1,1,0,0,1
U007119,31,0.859,Riyadh,0,7,0.2,18.7,1,1,1,1
U007120,51,0.41,Riyadh,0,4,1.6,11.0,1,0,4,1
U007121,66,0.239,Makkah,1,3,2.8,9.1,0,1,2,0
U007122,44,0.248,Eastern,4,5,1.0,24.7,1,1,2,1
U007123,25,0.727,Eastern,4,4,2.2,24.1,1,1,1,1
U007124,47,0.397,Makkah,1,4,1.4,21.9,1,0,0,0
U007125,58,0.487,Al Bahah,11,5,3.3,34.4,1,0,1,0
U007126,46,0.095,Riyadh,0,2,3.9,42.5,1,0,1,1
U007127,44,0.308,Makkah,1,1,0.6,22.6,1,0,0,0
U007128,21,0.933,Eastern,4,4,1.1,25.7,1,0,0,0
U007129,39,0.811,Makkah,1,2,0.9,23.9,0,1,1,1
U007130,20,0.21,Eastern,4,2,1.5,40.7,1,0,1,1
U007131,64,0.649,Makkah,1,7,0.4,2.5,0,0,0,1
U007132,66,0.389,Makkah,1,1,4.3,50.1,1,0,1,1
U007133,56,0.94,Makkah,1,1,0.0,34.7,1,0,1,1
U007134,25,0.568,Northern Borders,8,3,1.1,12.0,1,0,0,1
U007135,25,0.45,Jazan,9,1,2.7,10.8,1,1,1,0
U007136,31,0.691,Makkah,1,4,0.0,48.9,0,1,0,1
U007137,43,0.682,Makkah,1,5,0.3,27.4,1,1,1,0
U007138,48,0.094,Eastern,4,1,3.5,66.9,1,0,1,0
U007139,39,0.35,Eastern,4,2,3.2,24.8,1,0,2,1
U007140,38,0.299,Makkah,1,3,2.5,16.0,1,1,1,0
U007141,59,0.2,Al Jawf,12,1,2.0,34.2,1,0,0,0
U007142,19,0.151,Makkah,1,0,2.1,17.2,1,0,1,0
U007143,47,0.389,Madinah,2,3,3.0,36.1,0,0,0,1
U007144,27,0.341,Madinah,2,3,3.2,40.3,1,1,2,1
U007145,60,0.326,Qassim,3,4,2.8,24.0,0,0,1,0
U007146,41,0.698,Riyadh,0,5,0.0,19.4,1,0,0,0
U007147,26,0.265,Jazan,9,3,2.5,7.0,1,0,0,1
U007148,67,0.347,Asir,5,2,0.3,6.1,1,0,1,0
U007149,39,0.768,Makkah,1,6,0.0,19.0,1,1,4,1
U007150,24,0.81,Najran,10,4,2.2,16.9,0,1,0,1
U007151,26,0.349,Makkah,1,1,1.7,18.2,0,0,0,1
U007152,52,0.656,Riyadh,0,4,1.0,56.3,1,1,1,1
U007153,65,0.174,Al Bahah,11,0,2.3,23.8,0,1,0,0
U007154,26,0.331,Riyadh,0,4,3.8,26.6,1,0,1,1
U007155,58,0.282,Asir,5,1,1.6,6.0,0,0,1,0
U007156,33,0.699,Makkah,1,1,3.0,18.3,1,0,0,0
U007157,47,0.661,Qassim,3,1,1.2,17.5,0,0,1,1
U007158,21,0.416,Riyadh,0,3,3.0,21.0,1,0,1,0
U007159,44,0.257,Riyadh,0,1,2.7,23.3,1,0,0,0
U007160,22,0.78,Madinah,2,1,0.0,26.4,1,1,1,1
U007161,44,0.413,Madinah,2,2,0.5,30.9,1,0,1,1
U007162,49,0.436,Asir,5,0,2.1,21.0,1,0,1,0
U007163,69,0.159,Eastern,4,1,2.2,16.4,1,0,1,1
U007164,35,0.607,Hail,7,2,0.0,9.6,0,0,0,0
U007165,44,0.602,Najran,10,1,3.5,3.4,1,0,0,1
U007166,52,0.668,Northern Borders,8,1,1.1,58.7,0,1,1,1
U007167,46,0.495,Tabuk,6,6,1.0,41.2,1,1,2,1
U007168,41,0.565,Riyadh,0,2,2.8,32.8,1,0,1,0
U007169,45,0.397,Riyadh,0,3,3.9,38.0,1,0,1,0
U007170,28,0.077,Riyadh,0,0,6.1,12.7,0,0,0,1
U007171,33,0.355,Qassim,3,2,2.3,21.0,1,1,0,0
U007172,48,0.399,Eastern,4,2,1.2,40.0,1,0,0,0
U007173,29,0.061,Eastern,4,2,4.5,8.7,1,0,1,1
U007174,18,0.528,Madinah,2,4,2.7,7.7,1,1,1,1
U007175,28,0.768,Asir,5,4,1.3,4.4,1,1,1,1
U007176,27,0.521,Makkah,1,2,2.2,62.4,0,1,1,1
U007177,49,0.64,Riyadh,0,2,0.6,14.4,1,0,0,0
U007178,54,0.441,Riyadh,0,4,1.2,19.0,1,0,0,1
U007179,22,0.712,Qassim,3,4,3.6,22.1,1,1,2,0
U007180,33,0.11,Asir,5,3,2.7,42.7,1,0,0,1
U007181,20,0.568,Hail,7,4,2.2,23.5,1,1,1,0
U007182,69,0.386,Northern Borders,8,4,3.1,66.2,1,0,0,1
U007183,37,0.762,Riyadh,0,3,2.5,23.5,1,0,1,0
U007184,39,0.536,Riyadh,0,5,3.5,41.8,1,0,0,1
U007185,31,0.354,Riyadh,0,3,1.9,0.6,1,0,0,0
U007186,40,0.409,Eastern,4,5,2.1,26.1,1,1,0,0
U007187,39,0.565,Makkah,1,2,0.0,51.5,1,1,0,0
U007188,42,0.801,Tabuk,6,4,0.2,6.8,1,1,0,0
U007189,36,0.893,Makkah,1,4,0.6,110.0,1,0,0,1
U007190,47,0.337,Northern Borders,8,2,1.3,13.7,1,1,1,0
U007191,57,0.888,Eastern,4,1,1.2,3.6,1,0,0,0
U007192,67,0.241,Eastern,4,1,3.6,38.8,1,1,1,0
U007193,53,0.685,Makkah,1,4,1.7,5.1,1,0,1,1
U007194,46,0.538,Riyadh,0,2,2.5,8.0,0,0,0,0
U007195,39,0.066,Qassim,3,0,3.8,9.2,0,0,2,0
U007196,58,0.145,Riyadh,0,1,4.0,49.5,1,0,1,1
U007197,29,0.404,Makkah,1,2,3.1,12.2,1,1,1,0
U007198,31,0.862,Northern Borders,8,1,0.0,17.7,1,0,0,0
U007199,63,0.46,Makkah,1,4,2.3,19.0,1,0,0,1
U007200,21,0.549,Makkah,1,4,3.6,27.9,1,0,0,1
U007201,27,0.465,Eastern,4,2,3.6,21.1,1,1,0,0
U007202,43,0.726,Eastern,4,4,2.5,15.1,1,1,2,1
U007203,22,0.405,Riyadh,0,2,1.3,10.1,1,0,0,1
U007204,59,0.649,Asir,5,4,2.3,9.8,1,1,5,1
U007205,60,0.316,Asir,5,3,0.9,54.6,1,1,1,0
U007206,34,0.279,Makkah,1,3,2.4,11.7,1,0,1,0
U007207,25,0.135,Makkah,1,1,2.2,26.5,0,0,0,0
U007208,41,0.742,Riyadh,0,4,1.1,11.8,1,1,2,1
U007209,51,0.939,Al Bahah,11,3,2.9,50.0,1,0,0,1
U007210,52,0.627,Riyadh,0,5,1.7,12.9,0,1,0,1
U007211,56,0.911,Najran,10,3,2.0,34.5,1,0,0,0
U007212,57,0.562,Makkah,1,6,4.0,6.7,0,1,2,1
U007213,68,0.278,Makkah,1,1,3.6,19.9,1,1,1,0
U007214,29,0.908,Eastern,4,4,1.8,7.0,1,1,1,0
U007215,69,0.407,Al Bahah,11,7,2.0,32.5,1,0,1,0
U007216,37,0.258,Eastern,4,1,3.1,45.5,1,0,0,0
U007217,54,0.664,Al Bahah,11,2,2.3,23.3,1,0,1,0
U007218,21,0.564,Makkah,1,3,1.4,7.2,1,0,1,0
U007219,60,0.406,Riyadh,0,3,3.9,22.9,1,0,1,0
U007220,51,0.256,Riyadh,0,3,1.9,49.5,1,0,2,1
U007221,40,0.806,Riyadh,0,4,2.7,9.7,1,1,1,0
U007222,29,0.757,Riyadh,0,6,2.2,11.9,1,1,0,1
U007223,35,0.513,Eastern,4,1,2.5,13.5,0,1,0,1
U007224,65,0.837,Asir,5,3,1.3,9.0,1,1,0,1
U007225,69,0.501,Najran,10,1,1.8,34.0,1,1,2,0
U007226,64,0.884,Asir,5,4,4.0,28.9,1,0,0,1
U007227,28,0.662,Riyadh,0,1,0.7,33.5,1,0,0,1
U007228,51,0.534,Riyadh,0,4,1.0,4.3,1,0,1,1
U007229,23,0.793,Riyadh,0,5,0.8,31.3,1,1,1,1
U007230,19,0.359,Eastern,4,4,3.3,30.2,0,0,0,1
U007231,25,0.243,Eastern,4,3,3.8,25.8,1,1,3,1
U007232,45,0.528,Riyadh,0,5,2.8,5.3,1,1,0,0
U007233,51,0.249,Eastern,4,3,2.2,1.6,1,0,1,0
U007234,42,0.56,Eastern,4,9,2.2,35.8,1,0,0,1
U007235,41,0.549,Riyadh,0,3,2.8,28.3,1,1,2,1
U007236,34,0.608,Riyadh,0,2,2.7,10.9,1,0,0,0
U007237,22,0.564,Makkah,1,6,1.6,33.5,1,0,1,1
U007238,41,0.911,Riyadh,0,3,0.8,18.9,1,0,0,1
U007239,20,0.536,Makkah,1,5,3.9,16.9,1,1,1,0
U007240,20,0.451,Najran,10,3,2.4,12.4,1,0,0,0
U007241,65,0.663,Makkah,1,5,1.8,32.1,1,1,1,1
U007242,47,0.37,Makkah,1,2,1.7,33.9,1,0,0,0
U007243,49,0.911,Makkah,1,5,0.4,25.2,1,1,0,1
U007244,45,0.873,Makkah,1,6,1.0,23.6,0,1,2,1
U007245,59,0.649,Madinah,2,5,2.9,36.7,1,1,3,0
U007246,46,0.458,Riyadh,0,3,0.5,11.5,0,1,0,0
U007247,66,0.916,Eastern,4,3,1.8,2.0,0,0,0,1
U007248,39,0.602,Riyadh,0,7,2.1,83.4,1,1,1,1
U007249,24,0.032,Riyadh,0,1,2.2,9.6,1,0,0,1
U007250,26,0.573,Jazan,9,2,3.2,44.1,1,1,1,1
U007251,24,0.133,Al Jawf,12,2,2.3,32.6,1,0,0,0
U007252,42,0.503,Tabuk,6,4,1.1,10.4,0,1,0,0
U007253,60,0.639,Riyadh,0,1,1.8,14.7,0,0,1,1
U007254,18,0.633,Riyadh,0,0,2.8,33.4,1,1,1,0
U007255,38,0.242,Asir,5,3,2.1,50.9,1,0,1,0
U007256,25,0.581,Asir,5,7,0.0,13.2,1,1,0,1
U007257,50,0.158,Eastern,4,1,3.3,13.0,1,1,1,1
U007258,67,0.144,Eastern,4,1,6.0,7.4,0,0,2,0
U007259,46,0.716,Asir,5,3,0.9,58.5,0,0,0,0
U007260,52,0.468,Eastern,4,2,0.5,35.4,1,1,3,1
U007261,64,0.67,Riyadh,0,4,2.5,2.7,1,0,0,1
U007262,37,0.697,Riyadh,0,2,0.6,1.4,1,1,1,1
U007263,46,0.218,Makkah,1,3,3.6,24.7,1,1,2,0
U007264,29,0.586,Makkah,1,4,2.9,18.2,1,1,0,0
U007265,29,0.351,Riyadh,0,2,1.8,21.7,0,0,0,1
U007266,66,0.781,Makkah,1,3,2.5,16.7,1,0,0,0
U007267,62,0.589,Riyadh,0,3,2.4,18.5,0,0,0,1
U007268,44,0.923,Makkah,1,2,0.0,48.8,1,1,2,0
U007269,66,0.204,Tabuk,6,5,2.5,19.3,1,0,1,1
U007270,56,0.485,Makkah,1,0,2.2,5.0,1,0,1,1
U007271,59,0.313,Makkah,1,1,2.8,27.3,0,0,1,1
U007272,51,0.454,Makkah,1,2,2.9,51.8,1,1,3,1
U007273,36,0.332,Makkah,1,0,1.7,8.2,0,1,3,0
U007274,40,0.33,Makkah,1,2,3.5,2.9,1,0,0,0
U007275,32,0.574,Eastern,4,1,2.4,11.8,0,0,1,1
U007276,44,0.83,Tabuk,6,3,1.4,61.6,1,1,0,1
U007277,60,0.288,Asir,5,3,2.8,9.7,0,1,0,1
U007278,24,0.42,Riyadh,0,1,3.9,8.3,0,0,0,0
U007279,37,0.475,Madinah,2,4,0.9,40.5,1,0,1,1
U007280,52,0.839,Qassim,3,4,2.3,9.1,1,1,0,1
U007281,44,0.592,Northern Borders,8,2,2.9,30.7,1,0,1,1
U007282,40,0.456,Eastern,4,1,3.4,22.4,1,1,4,1
U007283,19,0.486,Madinah,2,4,2.3,15.3,1,1,1,1
U007284,57,0.383,Makkah,1,7,1.8,22.4,1,1,1,0
U007285,65,0.824,Riyadh,0,2,0.7,14.9,0,0,0,1
U007286,66,0.244,Hail,7,1,0.4,25.3,1,0,0,0
U007287,52,0.19,Riyadh,0,2,2.7,2.4,1,0,1,1
U007288,27,0.175,Najran,10,0,2.0,9.5,1,1,1,0
U007289,24,0.524,Makkah,1,7,1.6,2.4,1,0,1,1
U007290,33,0.37,Eastern,4,2,1.9,14.6,1,1,2,0
U007291,23,0.418,Asir,5,4,2.1,45.4,1,1,0,1
U007292,63,0.474,Eastern,4,3,1.9,92.5,1,1,1,1
U007293,43,0.44,Najran,10,8,1.1,6.1,0,0,0,1
U007294,69,0.706,Asir,5,5,2.5,13.8,1,1,0,1
U007295,58,0.328,Jazan,9,1,2.9,4.2,1,1,0,0
U007296,20,0.387,Tabuk,6,5,0.8,20.1,1,1,0,1
U007297,24,0.626,Al Bahah,11,1,0.6,61.6,1,1,1,1
U007298,40,0.013,Riyadh,0,1,3.3,21.3,1,0,0,1
U007299,19,0.413,Makkah,1,4,2.5,31.4,1,1,2,1
U007300,40,0.279,Makkah,1,2,3.1,15.3,0,0,1,0
U007301,57,0.585,Makkah,1,2,1.8,57.4,1,0,2,0
U007302,27,0.926,Eastern,4,4,0.0,5.5,0,1,1,1
U007303,38,0.356,Riyadh,0,2,3.4,42.5,1,0,2,0
U007304,61,0.868,Riyadh,0,2,2.1,35.7,1,1,0,1
U007305,58,0.299,Northern Borders,8,1,1.8,20.4,1,0,0,0
U007306,39,0.45,Makkah,1,1,0.3,11.5,1,1,3,1
U007307,27,0.425,Qassim,3,1,2.1,13.7,1,1,0,1
U007308,24,0.693,Eastern,4,5,2.8,5.6,1,0,1,1
U007309,68,0.526,Asir,5,4,0.7,44.0,1,0,1,0
U007310,55,0.263,Asir,5,1,2.7,14.1,1,1,0,0
U007311,49,0.721,Jazan,9,4,0.3,17.3,1,1,1,1
U007312,66,0.42,Makkah,1,2,1.4,20.8,1,1,4,0
U007313,53,0.602,Riyadh,0,4,1.6,11.9,1,1,0,1
U007314,23,0.553,Asir,5,2,0.2,16.5,1,0,0,1
U007315,38,0.613,Eastern,4,3,2.4,5.2,1,1,0,0
U007316,21,0.877,Al Jawf,12,2,1.5,17.8,1,0,0,0
U007317,42,0.799,Northern Borders,8,6,1.8,22.8,1,1,1,0
U007318,68,0.455,Eastern,4,2,2.9,37.1,1,1,2,1
U007319,21,0.621,Tabuk,6,2,1.4,33.5,0,0,1,1
U007320,53,0.227,Eastern,4,0,2.4,12.2,1,0,0,1
U007321,35,0.271,Makkah,1,3,2.6,16.5,1,1,1,0
U007322,24,0.561,Al Jawf,12,0,1.9,30.2,1,1,1,0
U007323,22,0.486,Tabuk,6,1,4.4,80.6,1,0,0,0
U007324,44,0.506,Hail,7,0,3.4,23.5,1,1,0,0
U007325,61,0.283,Madinah,2,1,3.2,5.2,1,0,0,0
U007326,18,0.185,Madinah,2,1,1.8,3.5,1,1,0,1
U007327,37,0.309,Makkah,1,4,2.0,50.6,1,1,1,0
U007328,32,0.653,Al Jawf,12,4,3.5,5.8,1,1,2,1
U007329,34,0.837,Makkah,1,4,2.0,13.2,1,1,3,1
U007330,67,0.435,Jazan,9,2,1.0,1.4,1,1,1,1
U007331,32,0.515,Qassim,3,3,2.5,21.4,1,0,0,0
U007332,69,0.881,Makkah,1,4,4.0,29.6,1,1,2,1
U007333,27,0.412,Makkah,1,4,1.3,22.3,0,1,0,1
U007334,46,0.516,Madinah,2,3,0.7,6.2,1,0,1,1
U007335,58,0.624,Riyadh,0,4,2.8,19.1,1,0,0,1
U007336,48,0.423,Madinah,2,3,4.0,36.6,1,1,0,0
U007337,65,0.306,Eastern,4,1,4.1,4.3,1,0,0,1
U007338,21,0.565,Eastern,4,2,4.0,47.5,1,1,1,1
U007339,47,0.486,Jazan,9,1,1.0,16.7,1,0,0,0
U007340,30,0.506,Riyadh,0,3,2.2,23.0,1,0,0,1
U007341,65,0.637,Makkah,1,3,2.9,9.3,1,1,1,0
U007342,32,0.201,Asir,5,2,4.4,48.4,0,0,0,0
U007343,20,0.176,Makkah,1,4,2.2,18.7,1,1,1,0
U007344,57,0.256,Eastern,4,1,4.6,27.5,1,0,1,0
U007345,57,0.561,Eastern,4,3,1.8,52.2,1,0,0,0
U007346,25,0.655,Eastern,4,6,3.6,4.7,1,0,0,1
U007347,57,0.802,Makkah,1,5,3.9,16.4,1,1,2,1
U007348,38,0.629,Eastern,4,3,0.8,43.7,1,1,0,1
U007349,24,0.571,Riyadh,0,5,2.7,15.7,1,0,0,1
U007350,43,0.52,Riyadh,0,3,1.4,3.1,1,0,0,0
U007351,33,0.177,Asir,5,1,4.4,32.4,1,0,0,0
U007352,55,0.283,Asir,5,6,2.5,29.9,1,0,1,1
U007353,24,0.523,Makkah,1,6,2.3,14.7,1,1,1,0
U007354,51,0.821,Hail,7,7,0.9,2.2,1,1,1,0
U007355,25,0.439,Eastern,4,6,2.2,14.9,1,0,1,1
U007356,61,0.044,Jazan,9,2,3.2,4.9,0,0,0,0
U007357,35,0.703,Makkah,1,4,1.4,59.0,1,0,1,0
U007358,63,0.712,Riyadh,0,1,3.0,16.7,1,1,3,1
U007359,48,0.688,Eastern,4,3,2.4,46.1,1,1,1,1
U007360,18,0.71,Makkah,1,3,0.4,56.3,1,0,0,0
U007361,31,0.757,Northern Borders,8,4,2.8,10.6,1,1,0,1
U007362,34,0.175,Riyadh,0,0,1.3,19.1,1,0,0,0
U007363,51,0.253,Riyadh,0,2,2.3,52.0,0,0,2,0
U007364,37,0.985,Riyadh,0,5,0.0,37.6,0,1,2,1
U007365,55,0.265,Riyadh,0,1,1.5,40.2,1,0,0,0
U007366,55,0.477,Makkah,1,5,3.5,41.0,1,1,4,0
U007367,68,0.794,Riyadh,0,3,1.1,17.7,1,1,1,1
U007368,44,0.234,Najran,10,0,2.9,7.9,1,0,0,0
U007369,51,0.244,Makkah,1,0,3.8,4.0,0,0,1,1
U007370,37,0.198,Riyadh,0,2,3.6,10.5,1,0,0,0
U007371,22,0.634,Jazan,9,2,3.1,63.5,1,0,0,0
U007372,20,0.712,Eastern,4,3,1.4,7.6,1,0,0,1
U007373,29,0.544,Riyadh,0,9,2.4,11.8,1,1,1,1
U007374,33,0.211,Makkah,1,0,2.9,10.6,1,1,2,1
U007375,65,0.172,Riyadh,0,3,2.8,11.5,0,0,0,0
U007376,23,0.219,Tabuk,6,2,3.8,29.1,1,0,3,0
U007377,60,0.68,Riyadh,0,5,1.7,22.2,1,1,2,1
U007378,69,0.858,Riyadh,0,3,2.1,67.2,1,0,1,0
U007379,22,0.474,Madinah,2,2,2.0,16.9,1,0,3,0
U007380,32,0.46,Riyadh,0,2,2.7,24.9,1,1,1,1
U007381,53,0.098,Makkah,1,1,0.6,2.2,1,0,0,0
U007382,42,0.416,Qassim,3,3,0.5,18.1,1,0,1,0
U007383,60,0.398,Jazan,9,3,3.8,37.4,1,0,0,1
U007384,62,0.523,Riyadh,0,4,4.2,14.9,1,1,0,1
U007385,26,0.333,Makkah,1,0,1.9,51.3,1,0,1,0
U007386,42,0.557,Riyadh,0,2,3.0,100.1,1,1,2,1
U007387,27,0.372,Eastern,4,1,3.4,20.8,1,0,0,1
U007388,26,0.737,Jazan,9,1,0.0,10.3,1,1,1,1
U007389,55,0.483,Tabuk,6,4,2.2,35.0,1,1,0,1
U007390,30,0.567,Jazan,9,3,1.4,3.3,0,1,0,1
U007391,59,0.459,Eastern,4,4,0.6,42.4,1,1,1,0
U007392,49,0.044,Riyadh,0,4,2.5,22.1,1,0,1,0
U007393,37,0.654,Riyadh,0,1,4.2,13.3,0,1,1,1
U007394,47,0.567,Eastern,4,1,0.8,26.2,1,0,0,1
U007395,29,0.272,Qassim,3,2,1.3,8.5,1,0,0,1
U007396,26,0.285,Eastern,4,1,2.0,29.1,1,0,0,0
U007397,22,0.492,Jazan,9,3,2.8,29.1,1,0,1,0
U007398,50,0.087,Qassim,3,3,0.4,74.8,1,0,1,0
U007399,19,0.603,Eastern,4,4,2.7,15.3,1,1,0,0
U007400,29,0.256,Eastern,4,2,2.4,16.2,1,0,0,0
U007401,67,0.809,Eastern,4,8,3.5,1.8,1,1,1,1
U007402,25,0.38,Jazan,9,1,4.0,28.3,1,0,0,1
U007403,44,0.242,Riyadh,0,2,2.8,15.9,1,0,1,0
U007404,67,0.41,Tabuk,6,2,0.6,5.8,0,0,0,0
U007405,40,0.53,Tabuk,6,5,1.8,19.4,1,1,3,1
U007406,24,0.515,Makkah,1,2,0.0,101.2,1,1,0,1
U007407,64,0.324,Riyadh,0,5,1.2,18.7,1,1,1,1
U007408,47,0.667,Najran,10,3,1.8,30.6,1,1,1,1
U007409,46,0.608,Makkah,1,6,0.6,35.7,0,0,1,1
U007410,26,0.153,Makkah,1,1,3.0,2.3,1,0,0,1
U007411,47,0.319,Riyadh,0,3,4.6,7.6,1,0,0,0
U007412,18,0.575,Makkah,1,5,0.4,14.1,1,1,0,1
U007413,58,0.719,Qassim,3,8,0.0,63.1,1,1,0,1
U007414,38,0.379,Eastern,4,1,1.1,27.7,1,0,1,1
U007415,41,0.687,Makkah,1,2,2.5,58.0,1,1,3,1
U007416,52,0.695,Makkah,1,4,1.0,42.0,1,0,0,1
U007417,39,0.407,Riyadh,0,1,3.6,8.3,1,0,1,0
U007418,45,0.718,Makkah,1,4,2.9,18.7,1,1,2,0
U007419,33,0.182,Al Bahah,11,0,1.4,27.5,1,0,0,1
U007420,67,0.408,Madinah,2,2,3.5,8.1,0,0,1,0
U007421,50,0.53,Riyadh,0,4,3.0,36.6,1,1,2,1
U007422,53,0.173,Al Bahah,11,2,3.9,4.9,0,0,0,0
U007423,65,0.464,Tabuk,6,3,1.5,8.1,1,1,1,0
U007424,44,0.473,Tabuk,6,2,4.3,2.5,1,0,1,0
U007425,45,0.686,Riyadh,0,3,1.0,57.4,1,1,0,1
U007426,31,0.263,Riyadh,0,0,5.3,18.2,1,0,1,0
U007427,56,0.445,Jazan,9,0,0.3,50.1,1,0,1,1
U007428,20,0.866,Al Jawf,12,8,1.5,9.4,1,0,0,1
U007429,19,0.788,Eastern,4,4,0.0,3.9,1,0,0,1
U007430,58,0.565,Riyadh,0,4,1.2,51.2,0,1,0,0
U007431,55,0.22,Makkah,1,3,3.2,12.0,1,0,1,0
U007432,48,0.595,Qassim,3,3,2.3,12.2,1,1,0,1
U007433,41,0.741,Riyadh,0,3,0.9,9.4,1,0,0,1
U007434,21,0.453,Riyadh,0,3,1.5,37.1,1,0,1,0
U007435,33,0.064,Makkah,1,0,4.8,42.6,1,0,0,1
U007436,37,0.579,Northern Borders,8,6,3.1,6.8,0,1,2,1
U007437,26,0.651,Makkah,1,5,0.0,24.2,1,0,0,1
U007438,37,0.826,Hail,7,1,1.5,7.9,1,0,1,1
U007439,43,0.426,Madinah,2,5,1.6,32.5,1,1,3,0
U007440,27,0.266,Northern Borders,8,2,3.3,26.3,1,0,0,0
U007441,57,0.499,Riyadh,0,4,5.2,3.8,0,0,0,1
U007442,59,0.547,Madinah,2,0,0.7,70.5,1,1,0,1
U007443,20,0.405,Eastern,4,3,1.6,26.8,1,1,0,1
U007444,50,0.308,Jazan,9,3,4.3,62.9,1,1,0,0
U007445,44,0.122,Riyadh,0,2,2.7,39.7,1,0,0,1
U007446,64,0.415,Eastern,4,4,2.4,3.7,1,1,0,1
U007447,51,0.696,Riyadh,0,2,3.4,31.6,1,1,0,0
U007448,56,0.386,Eastern,4,4,4.2,42.9,1,1,0,0
U007449,46,0.46,Najran,10,4,0.0,33.4,0,1,0,1
U007450,64,0.215,Makkah,1,1,2.5,47.3,1,0,0,0
U007451,38,0.062,Eastern,4,2,4.0,7.1,1,0,1,0
U007452,24,0.196,Riyadh,0,2,4.4,63.6,1,1,3,1
U007453,57,0.404,Makkah,1,2,1.3,32.7,0,0,0,0
U007454,24,0.418,Makkah,1,1,2.3,18.6,1,0,0,1
U007455,19,0.529,Najran,10,0,0.8,37.6,1,1,0,0
U007456,33,0.46,Eastern,4,2,2.1,4.1,0,1,3,1
U007457,45,0.14,Makkah,1,0,3.7,12.9,1,0,1,0
U007458,48,0.545,Eastern,4,4,0.0,44.3,1,0,0,1
U007459,55,0.359,Riyadh,0,3,2.2,10.8,0,1,4,1
U007460,43,0.435,Riyadh,0,2,4.1,34.4,0,0,1,1
U007461,37,0.323,Eastern,4,2,1.8,49.3,1,1,2,0
U007462,52,0.643,Riyadh,0,6,0.0,34.3,1,1,0,0
U007463,68,0.758,Makkah,1,2,2.2,47.3,0,0,0,1
U007464,44,0.348,Eastern,4,3,4.4,15.9,0,0,0,0
U007465,54,0.945,Eastern,4,6,0.2,18.1,0,1,1,1
U007466,29,0.577,Riyadh,0,4,1.6,21.3,1,1,1,1
U007467,60,0.346,Riyadh,0,5,3.0,11.5,1,1,2,1
U007468,44,0.537,Eastern,4,3,1.9,22.9,1,0,1,0
U007469,26,0.358,Makkah,1,5,2.9,16.4,1,0,0,1
U007470,34,0.32,Eastern,4,2,2.8,2.0,1,0,0,0
U007471,42,0.129,Eastern,4,0,2.1,44.6,1,0,0,0
U007472,60,0.64,Riyadh,0,6,3.0,33.6,1,1,0,1
U007473,58,0.686,Riyadh,0,4,2.0,11.4,1,1,1,1
U007474,31,0.217,Makkah,1,1,3.7,11.3,0,1,2,1
U007475,42,0.728,Makkah,1,10,3.7,47.7,1,1,0,1
U007476,64,0.69,Makkah,1,4,3.9,11.7,1,1,3,1
U007477,37,0.415,Makkah,1,3,1.9,9.0,1,0,1,1
U007478,69,0.868,Qassim,3,4,0.0,18.3,1,0,0,0
U007479,23,0.429,Riyadh,0,2,0.9,37.4,1,0,0,1
U007480,66,0.302,Makkah,1,3,2.2,39.2,1,1,1,0
U007481,39,0.605,Makkah,1,3,2.6,45.3,1,1,2,1
U007482,45,0.083,Makkah,1,2,4.5,15.8,0,0,2,0
U007483,59,0.877,Makkah,1,6,0.0,3.1,1,1,2,1
U007484,56,0.66,Eastern,4,4,0.6,12.3,1,1,1,0
U007485,54,0.92,Eastern,4,6,2.2,17.3,1,0,0,1
U007486,46,0.108,Hail,7,1,4.3,86.2,1,0,2,0
U007487,37,0.507,Najran,10,5,0.7,55.0,1,1,1,1
U007488,37,0.559,Makkah,1,1,2.9,38.2,1,1,2,1
U007489,47,0.359,Riyadh,0,7,3.4,33.2,1,0,2,1
U007490,68,0.545,Tabuk,6,3,3.0,23.4,1,0,0,1
U007491,61,0.313,Qassim,3,3,3.0,4.3,1,1,1,0
U007492,63,0.345,Makkah,1,7,0.0,73.7,0,0,1,1
U007493,52,0.448,Makkah,1,4,3.1,24.2,1,1,0,1
U007494,60,0.459,Riyadh,0,2,2.0,21.8,1,1,2,1
U007495,63,0.812,Northern Borders,8,2,2.0,10.7,0,1,0,0
U007496,61,0.465,Asir,5,1,0.1,24.7,1,1,1,0
U007497,20,0.916,Riyadh,0,2,1.7,13.3,1,0,0,1
U007498,52,0.737,Madinah,2,3,2.6,35.9,1,1,1,1
U007499,33,0.735,Makkah,1,2,4.1,36.6,1,1,0,0
U007500,60,0.09,Makkah,1,4,4.1,89.5,1,0,0,0
U007501,36,0.699,Qassim,3,2,0.5,5.5,0,0,0,1
U007502,55,0.269,Riyadh,0,2,3.2,7.9,1,0,2,0
U007503,48,0.805,Makkah,1,5,2.6,1.2,1,1,2,1
U007504,35,0.523,Riyadh,0,2,3.8,40.6,1,0,1,1
U007505,66,0.725,Riyadh,0,4,1.4,28.9,1,0,0,0
U007506,61,0.198,Qassim,3,1,2.3,18.2,0,0,1,0
U007507,37,0.097,Makkah,1,1,2.1,39.4,1,0,0,0
U007508,29,0.608,Riyadh,0,4,1.8,25.8,1,1,0,1
U007509,49,0.621,Riyadh,0,3,0.9,12.5,1,1,1,1
U007510,35,0.813,Riyadh,0,3,1.7,11.1,1,1,3,1
U007511,52,0.509,Northern Borders,8,1,3.2,28.5,1,0,3,1
U007512,29,0.786,Riyadh,0,2,3.5,46.7,0,1,1,1
U007513,42,0.618,Tabuk,6,1,1.2,88.0,1,0,1,0
U007514,22,0.398,Al Bahah,11,2,1.2,6.3,1,0,0,1
U007515,45,0.179,Eastern,4,2,4.6,9.2,0,0,1,0
U007516,26,0.19,Riyadh,0,2,5.1,28.2,1,0,2,1
U007517,18,0.458,Makkah,1,2,3.2,18.2,1,1,2,1
U007518,36,0.631,Makkah,1,7,2.8,15.9,1,0,0,1
U007519,63,0.806,Jazan,9,4,1.5,6.5,1,0,1,1
U007520,24,0.642,Qassim,3,4,1.5,5.9,1,0,0,1
U007521,68,0.802,Jazan,9,2,3.6,27.9,1,0,1,0
U007522,36,0.684,Tabuk,6,4,0.5,16.9,1,1,0,1
U007523,67,0.897,Makkah,1,8,0.7,14.2,1,1,0,1
U007524,34,0.479,Riyadh,0,4,2.4,37.3,0,1,0,0
U007525,49,0.332,Eastern,4,0,1.1,4.7,1,0,2,0
U007526,66,0.239,Jazan,9,3,2.6,41.9,1,0,3,1
U007527,58,0.693,Riyadh,0,2,1.8,49.6,1,1,0,1
U007528,32,0.283,Eastern,4,3,1.6,37.1,0,0,0,1
U007529,47,0.43,Madinah,2,1,2.4,27.6,1,0,1,1
U007530,60,0.58,Eastern,4,0,3.8,33.5,1,0,3,1
U007531,67,0.512,Asir,5,1,3.9,25.0,1,0,1,0
U007532,46,0.505,Madinah,2,3,0.4,25.2,1,1,2,1
U007533,55,0.326,Northern Borders,8,0,0.8,23.4,1,0,0,0
U007534,52,0.211,Madinah,2,3,1.3,39.2,0,0,1,0
U007535,41,0.75,Hail,7,3,1.0,59.1,1,0,0,1
U007536,64,0.181,Makkah,1,3,1.3,27.2,1,0,1,0
U007537,18,0.275,Hail,7,1,1.6,38.0,1,1,1,0
U007538,28,0.34,Eastern,4,1,0.8,15.9,1,1,2,1
U007539,40,0.647,Qassim,3,5,1.1,45.5,1,0,0,1
U007540,58,0.424,Riyadh,0,2,3.2,5.5,0,1,1,1
U007541,36,0.137,Asir,5,5,3.5,37.4,1,1,0,0
U007542,18,0.286,Riyadh,0,5,2.6,20.3,1,0,0,1
U007543,67,0.349,Riyadh,0,4,1.3,9.6,0,1,0,0
U007544,46,0.615,Makkah,1,7,2.6,24.9,1,1,2,1
U007545,27,0.598,Qassim,3,2,2.5,21.1,0,1,6,1
U007546,36,0.344,Makkah,1,1,0.4,47.3,1,0,0,1
U007547,63,0.675,Madinah,2,1,3.0,12.9,1,1,0,0
U007548,39,0.383,Asir,5,3,3.9,10.8,1,0,2,1
U007549,61,0.317,Madinah,2,1,3.0,22.3,1,0,2,0
U007550,59,0.516,Najran,10,3,1.6,36.7,1,0,0,1
U007551,54,0.369,Riyadh,0,2,0.5,11.8,1,0,0,1
U007552,24,0.448,Asir,5,3,2.5,14.6,1,0,1,0
U007553,65,0.618,Jazan,9,1,0.9,23.3,1,1,0,0
U007554,22,0.741,Tabuk,6,6,1.5,27.0,1,1,0,1
U007555,57,0.416,Riyadh,0,3,1.2,7.4,1,0,0,1
U007556,28,0.688,Riyadh,0,2,0.8,4.4,1,0,1,1
U007557,58,0.306,Eastern,4,0,5.3,15.6,1,0,0,0
U007558,53,0.847,Makkah,1,4,1.0,0.7,1,1,0,1
U007559,68,0.349,Riyadh,0,2,0.8,9.5,1,0,1,0
U007560,64,0.692,Riyadh,0,6,0.0,4.1,1,0,0,0
U007561,24,0.427,Asir,5,4,2.5,16.2,1,0,0,1
U007562,68,0.482,Riyadh,0,5,2.1,15.6,1,1,0,1
U007563,26,0.275,Riyadh,0,0,0.6,29.9,1,0,0,1
U007564,58,0.273,Makkah,1,2,2.3,14.0,1,0,1,1
U007565,31,0.795,Riyadh,0,6,2.9,27.9,1,0,0,1
U007566,20,0.329,Al Bahah,11,1,1.8,9.0,0,1,0,0
U007567,47,0.276,Riyadh,0,3,1.9,7.8,1,1,0,0
U007568,28,0.237,Hail,7,3,1.5,39.6,1,1,0,1
U007569,59,0.535,Eastern,4,2,3.4,30.6,0,0,1,0
U007570,31,0.38,Najran,10,2,0.4,9.4,1,0,0,1
U007571,66,0.583,Makkah,1,5,0.0,19.7,1,0,2,1
U007572,59,0.775,Eastern,4,3,0.5,39.6,1,1,1,1
U007573,52,0.362,Riyadh,0,3,3.5,4.6,1,1,2,1
U007574,42,0.517,Makkah,1,4,3.9,62.0,1,1,2,0
U007575,33,0.642,Eastern,4,4,2.3,2.9,0,1,1,1
U007576,34,0.758,Makkah,1,0,0.7,23.1,1,0,0,1
U007577,27,0.772,Makkah,1,1,2.1,14.3,1,0,0,0
U007578,19,0.478,Jazan,9,1,3.7,28.4,1,0,1,1
U007579,20,0.519,Riyadh,0,4,0.0,8.5,1,1,1,1
U007580,50,0.712,Najran,10,1,0.1,8.3,1,0,1,1
U007581,57,0.535,Eastern,4,4,1.9,46.4,1,0,0,0
U007582,43,0.855,Riyadh,0,6,2.9,19.0,1,0,0,1
U007583,25,0.459,Qassim,3,1,3.4,24.1,1,1,0,0
U007584,61,0.679,Madinah,2,4,1.8,39.2,1,1,3,1
U007585,37,0.465,Riyadh,0,2,1.3,35.9,1,1,0,0
U007586,67,0.437,Makkah,1,5,0.8,10.8,1,1,1,1
U007587,41,0.634,Qassim,3,2,0.2,5.5,0,1,1,1
U007588,49,0.354,Riyadh,0,3,2.5,17.2,1,1,0,1
U007589,32,0.637,Eastern,4,4,0.1,35.0,1,0,1,1
U007590,67,0.548,Makkah,1,3,2.9,35.2,0,0,1,1
U007591,50,0.896,Makkah,1,4,1.9,21.4,1,0,0,1
U007592,23,0.386,Makkah,1,2,2.5,23.4,1,0,1,0
U007593,39,0.565,Asir,5,2,1.8,18.8,1,1,1,0
U007594,42,0.288,Riyadh,0,1,4.3,17.1,1,0,1,1
U007595,61,0.714,Asir,5,1,2.3,8.2,1,0,0,0
U007596,57,0.654,Makkah,1,8,2.7,2.7,0,1,4,1
U007597,67,0.31,Riyadh,0,0,1.1,53.7,1,0,1,1
U007598,59,0.189,Riyadh,0,2,2.1,21.0,1,0,1,1
U007599,41,0.826,Tabuk,6,3,1.8,13.9,1,1,2,1
U007600,24,0.683,Al Jawf,12,6,1.6,28.0,0,1,2,1
U007601,51,0.277,Makkah,1,2,4.7,3.5,1,0,0,1
U007602,60,0.064,Makkah,1,2,1.7,4.6,1,0,0,0
U007603,27,0.434,Makkah,1,2,2.5,12.1,1,0,0,1
U007604,40,0.621,Madinah,2,1,0.6,14.9,1,0,0,0
U007605,25,0.719,Makkah,1,3,0.0,29.2,1,1,1,0
U007606,23,0.468,Riyadh,0,6,1.0,23.1,1,1,2,0
U007607,30,0.3,Makkah,1,2,1.5,38.5,1,0,1,1
U007608,51,0.475,Eastern,4,1,3.3,40.3,1,0,0,1
U007609,22,0.591,Riyadh,0,0,0.2,7.6,1,0,0,1
U007610,45,0.664,Jazan,9,7,1.2,10.1,1,0,0,1
U007611,55,0.503,Makkah,1,3,2.3,10.4,1,1,1,1
U007612,43,0.863,Makkah,1,7,1.3,37.0,1,0,1,1
U007613,59,0.574,Asir,5,4,3.5,23.9,1,1,3,1
U007614,54,0.036,Najran,10,3,4.0,10.2,0,1,0,0
U007615,19,0.401,Al Jawf,12,5,2.0,39.9,1,1,3,1
U007616,35,0.817,Jazan,9,7,0.3,20.7,1,1,0,1
U007617,23,0.74,Qassim,3,5,2.0,37.2,1,0,1,1
U007618,65,0.834,Eastern,4,6,0.0,46.0,1,1,1,0
U007619,34,0.492,Tabuk,6,3,0.7,20.0,1,0,0,1
U007620,65,0.702,Jazan,9,2,1.7,10.9,1,1,1,0
U007621,60,0.564,Riyadh,0,5,2.7,17.5,0,1,3,1
U007622,53,0.394,Eastern,4,3,1.1,29.8,1,0,0,0
U007623,31,0.745,Madinah,2,3,0.0,14.5,0,1,1,1
U007624,28,0.884,Qassim,3,2,0.6,24.4,1,0,0,0
U007625,20,0.224,Madinah,2,2,0.1,17.1,1,0,0,0
U007626,63,0.243,Eastern,4,2,1.9,18.7,1,1,5,0
U007627,53,0.282,Eastern,4,6,1.8,23.6,1,0,0,0
U007628,38,0.333,Makkah,1,3,3.4,19.3,0,0,1,1
U007629,66,0.116,Riyadh,0,1,2.8,20.5,0,0,1,0
U007630,68,0.288,Makkah,1,2,3.4,15.5,1,1,2,0
U007631,28,0.751,Eastern,4,4,1.5,13.7,1,1,2,0
U007632,66,0.41,Makkah,1,2,1.4,16.1,0,0,1,0
U007633,22,0.679,Makkah,1,4,2.6,14.5,1,1,0,0
U007634,46,0.597,Eastern,4,5,0.0,20.2,1,0,2,0
U007635,46,0.429,Tabuk,6,3,3.3,24.4,1,0,3,0
U007636,18,0.696,Riyadh,0,4,0.6,5.2,1,1,1,0
U007637,26,0.279,Tabuk,6,4,4.6,17.6,1,0,1,1
U007638,34,0.412,Makkah,1,1,2.1,14.4,1,0,1,1
U007639,51,0.511,Al Bahah,11,3,2.0,22.2,1,1,0,1
U007640,57,0.042,Qassim,3,1,3.4,12.5,1,0,0,1
U007641,61,0.406,Madinah,2,7,2.2,21.3,1,1,1,1
U007642,18,0.638,Makkah,1,3,1.6,26.9,1,1,0,1
U007643,30,0.51,Eastern,4,1,1.9,1.8,1,1,0,1
U007644,67,0.686,Al Jawf,12,2,2.5,28.8,1,1,1,1
U007645,51,0.836,Riyadh,0,3,1.6,21.6,1,0,0,1
U007646,38,0.266,Makkah,1,5,2.7,17.5,1,1,0,0
U007647,27,0.667,Northern Borders,8,5,0.2,8.0,1,1,0,1
U007648,54,0.562,Makkah,1,3,2.0,24.4,0,0,0,0
U007649,57,0.269,Riyadh,0,5,3.2,14.2,1,0,0,1
U007650,39,0.535,Eastern,4,2,3.2,21.8,1,0,0,1
U007651,30,0.738,Asir,5,3,1.2,13.3,0,1,2,0
U007652,68,0.814,Riyadh,0,2,1.3,6.4,1,1,0,0
U007653,20,0.494,Eastern,4,4,1.6,36.5,0,0,2,1
U007654,36,0.683,Jazan,9,2,0.6,48.7,1,1,0,1
U007655,60,0.339,Madinah,2,3,2.4,34.1,1,0,0,1
U007656,19,0.952,Riyadh,0,4,0.2,3.6,1,0,0,1
U007657,28,0.686,Makkah,1,4,1.9,28.9,1,1,0,1
U007658,34,0.966,Riyadh,0,5,2.3,38.1,1,0,0,1
U007659,49,0.636,Madinah,2,2,0.4,20.6,1,1,3,1
U007660,66,0.149,Riyadh,0,3,1.9,23.6,1,0,1,0
U007661,39,0.553,Al Bahah,11,4,2.5,1.7,0,1,0,0
U007662,29,0.013,Riyadh,0,1,4.5,56.7,1,0,1,1
U007663,65,0.796,Eastern,4,6,1.9,25.5,1,1,1,0
U007664,51,0.86,Eastern,4,3,0.7,34.2,1,1,1,1
U007665,67,0.857,Riyadh,0,4,1.8,57.1,1,1,0,1
U007666,33,0.491,Riyadh,0,0,0.8,4.7,1,0,1,1
U007667,44,0.697,Eastern,4,8,2.6,25.1,1,1,1,1
U007668,67,0.562,Eastern,4,3,2.6,3.7,1,1,1,1
U007669,35,0.445,Makkah,1,4,1.8,21.5,1,1,2,1
U007670,39,0.636,Makkah,1,8,2.5,61.2,1,0,1,0
U007671,61,0.241,Al Jawf,12,2,2.4,29.9,1,1,0,0
U007672,35,0.498,Makkah,1,4,1.9,18.6,1,1,2,1
U007673,24,0.184,Al Bahah,11,0,3.3,4.0,1,0,0,0
U007674,51,0.944,Riyadh,0,5,0.7,17.0,1,1,0,1
U007675,51,0.326,Riyadh,0,5,2.4,35.6,1,0,3,0
U007676,32,0.197,Madinah,2,4,4.3,50.0,0,0,0,1
U007677,55,0.5,Makkah,1,1,3.4,36.9,1,0,1,0
U007678,30,0.592,Makkah,1,2,0.0,47.8,1,1,0,1
U007679,69,0.585,Eastern,4,1,0.7,7.0,1,0,2,1
U007680,35,0.544,Jazan,9,1,2.0,14.5,1,1,1,1
U007681,59,0.581,Hail,7,1,1.5,42.3,1,0,0,1
U007682,29,0.383,Eastern,4,2,2.3,10.7,1,0,1,1
U007683,50,0.554,Riyadh,0,2,1.8,6.2,1,0,2,1
U007684,63,0.331,Riyadh,0,2,2.1,20.7,0,0,0,1
U007685,36,0.374,Asir,5,3,1.9,10.5,1,0,2,0
U007686,61,0.698,Makkah,1,4,0.8,26.0,1,0,2,1
U007687,52,0.614,Hail,7,0,2.7,9.9,1,0,0,0
U007688,58,0.358,Al Jawf,12,2,2.6,32.5,1,0,1,0
U007689,54,0.448,Qassim,3,2,1.9,15.3,1,1,1,1
U007690,64,0.4,Eastern,4,7,3.1,9.4,0,1,2,1
U007691,38,0.94,Riyadh,0,6,1.0,27.6,1,1,2,1
U007692,23,0.974,Eastern,4,4,1.6,38.0,1,1,1,1
U007693,27,0.355,Asir,5,6,4.6,38.9,0,1,2,1
U007694,36,0.689,Eastern,4,1,3.6,15.9,1,0,0,1
U007695,46,0.715,Makkah,1,1,2.8,5.4,0,0,1,0
U007696,32,0.764,Makkah,1,3,0.0,12.2,1,1,0,1
U007697,62,0.341,Riyadh,0,4,3.2,12.6,1,1,1,0
U007698,29,0.577,Riyadh,0,3,4.0,6.4,1,1,1,1
U007699,66,0.585,Jazan,9,2,2.6,20.4,1,1,2,1
U007700,69,0.506,Eastern,4,2,4.1,28.9,0,0,0,0
U007701,25,0.688,Riyadh,0,3,1.0,7.9,1,0,0,1
U007702,65,0.665,Makkah,1,4,1.5,20.3,1,0,0,1
U007703,50,0.577,Al Jawf,12,2,1.7,20.7,1,1,0,1
U007704,21,0.068,Al Jawf,12,1,1.5,32.3,1,0,1,0
U007705,27,0.443,Riyadh,0,4,4.0,18.5,1,0,0,0
U007706,50,0.1,Makkah,1,2,4.4,24.5,1,1,4,0
U007707,23,0.106,Makkah,1,0,3.6,14.0,0,0,1,0
U007708,69,0.754,Eastern,4,5,0.0,21.9,1,1,2,0
U007709,27,0.199,Qassim,3,2,2.1,35.7,0,0,1,1
U007710,69,0.704,Asir,5,3,0.0,4.2,1,0,2,0
U007711,33,0.3,Tabuk,6,1,3.0,15.4,0,1,2,0
U007712,34,0.528,Eastern,4,1,0.0,12.6,1,1,2,1
U007713,45,0.545,Qassim,3,4,0.8,41.4,1,1,0,1
U007714,47,0.668,Najran,10,5,0.6,33.7,1,1,2,1
U007715,59,0.656,Makkah,1,6,1.9,18.1,1,1,0,0
U007716,51,0.532,Makkah,1,5,0.7,16.9,1,0,1,1
U007717,54,0.676,Riyadh,0,3,1.0,13.1,1,1,0,0
U007718,27,0.623,Makkah,1,3,4.1,10.9,1,0,1,1
U007719,54,0.396,Jazan,9,5,2.0,56.9,1,0,0,0
U007720,22,0.751,Eastern,4,7,1.4,37.2,1,1,0,0
U007721,54,0.592,Riyadh,0,3,2.2,5.4,1,0,1,1
U007722,36,0.275,Makkah,1,2,2.2,3.6,0,0,1,1
U007723,26,0.429,Hail,7,2,2.6,8.6,1,0,0,1
U007724,67,0.678,Madinah,2,2,2.2,40.4,1,0,0,0
U007725,22,0.913,Makkah,1,2,1.8,2.7,1,1,6,1
U007726,54,0.541,Makkah,1,2,1.8,94.1,1,0,1,1
U007727,38,0.801,Madinah,2,2,1.0,31.8,1,1,2,0
U007728,62,0.426,Riyadh,0,3,2.6,36.5,1,0,1,1
U007729,62,0.828,Eastern,4,2,1.3,16.0,0,1,3,0
U007730,52,0.414,Makkah,1,1,5.0,59.3,1,1,0,0
U007731,39,0.293,Eastern,4,1,3.4,7.1,1,0,0,0
U007732,60,0.167,Riyadh,0,3,3.7,27.9,0,1,5,0
U007733,29,0.19,Makkah,1,1,3.6,43.8,1,0,0,0
U007734,25,0.788,Tabuk,6,7,1.5,13.5,1,1,3,1
U007735,46,0.586,Tabuk,6,3,3.6,18.3,1,1,1,1
U007736,20,0.253,Jazan,9,3,0.9,6.4,0,1,0,0
U007737,38,0.372,Eastern,4,0,2.0,9.1,1,0,2,1
U007738,26,0.479,Eastern,4,3,3.3,15.2,1,0,3,0
U007739,55,0.262,Eastern,4,4,2.6,16.2,1,0,0,0
U007740,23,0.425,Makkah,1,3,1.0,96.6,1,1,2,1
U007741,28,0.618,Madinah,2,2,4.0,5.0,0,1,2,1
U007742,59,0.655,Riyadh,0,5,2.9,20.1,1,1,1,1
U007743,56,0.213,Makkah,1,1,1.8,34.5,1,1,3,1
U007744,38,0.351,Riyadh,0,1,3.2,16.0,1,1,1,1
U007745,48,0.257,Qassim,3,2,2.2,18.9,0,1,2,1
U007746,40,0.184,Asir,5,3,1.5,10.6,1,0,1,1
U007747,35,0.065,Riyadh,0,0,0.5,8.7,0,0,1,0
U007748,19,0.09,Hail,7,2,5.2,20.5,1,0,0,0
U007749,50,0.297,Eastern,4,0,4.3,8.8,0,0,0,0
U007750,63,0.697,Al Jawf,12,3,0.9,11.8,1,0,0,0
U007751,38,0.352,Riyadh,0,3,3.0,22.7,0,1,1,1
U007752,20,0.306,Riyadh,0,1,2.4,13.0,1,1,1,1
U007753,41,0.46,Makkah,1,1,1.0,7.8,1,0,2,1
U007754,27,0.36,Madinah,2,2,0.7,40.8,0,0,0,0
U007755,62,0.531,Makkah,1,0,1.7,8.9,1,1,1,1
U007756,52,0.411,Riyadh,0,1,1.3,14.6,1,1,2,0
U007757,58,0.523,Madinah,2,3,3.0,18.3,1,1,3,1
U007758,49,0.439,Makkah,1,0,2.7,13.8,1,1,1,0
U007759,54,0.759,Madinah,2,5,1.7,13.8,1,1,1,1
U007760,45,0.795,Makkah,1,4,2.5,21.1,0,0,0,1
U007761,50,0.198,Riyadh,0,0,1.7,8.1,0,1,2,0
U007762,28,0.288,Makkah,1,1,4.1,32.2,1,0,0,0
U007763,47,0.926,Jazan,9,5,2.2,6.1,1,0,0,0
U007764,27,0.862,Makkah,1,1,3.1,29.6,1,1,1,1
U007765,41,0.489,Eastern,4,1,3.9,12.6,1,0,1,1
U007766,58,0.636,Tabuk,6,3,2.3,20.2,1,0,0,0
U007767,44,0.574,Makkah,1,1,1.5,23.2,1,0,1,1
U007768,66,0.381,Makkah,1,1,2.4,13.4,0,0,0,1
U007769,67,0.573,Eastern,4,2,2.2,21.8,1,0,0,1
U007770,52,0.665,Makkah,1,3,3.4,41.8,1,0,0,0
U007771,35,0.343,Riyadh,0,2,3.1,3.6,1,0,0,1
U007772,60,0.545,Eastern,4,8,1.3,9.9,1,0,2,1
U007773,54,0.431,Qassim,3,5,4.1,17.6,1,1,2,0
U007774,29,0.504,Makkah,1,6,1.2,17.5,1,1,2,1
U007775,56,0.327,Makkah,1,2,3.0,20.1,1,1,2,0
U007776,45,0.317,Makkah,1,5,4.2,18.9,1,0,0,1
U007777,58,0.162,Jazan,9,1,4.8,10.3,1,0,0,0
U007778,59,0.195,Riyadh,0,2,2.3,29.1,1,0,1,0
U007779,41,0.78,Eastern,4,7,3.1,20.2,1,1,3,0
U007780,57,0.815,Riyadh,0,2,0.0,19.1,1,1,1,1
U007781,51,0.224,Asir,5,2,3.4,31.7,1,1,3,1
U007782,59,0.87,Makkah,1,3,1.1,38.7,1,0,0,1
U007783,58,0.37,Al Jawf,12,4,2.4,22.2,1,1,2,1
U007784,23,0.536,Makkah,1,2,1.0,10.2,0,0,0,0
U007785,33,0.486,Northern Borders,8,5,0.8,30.6,0,1,4,1
U007786,47,0.226,Makkah,1,4,0.8,7.1,0,1,2,0
U007787,43,0.093,Northern Borders,8,1,2.3,39.0,1,0,1,0
U007788,54,0.622,Riyadh,0,3,1.2,4.0,1,1,1,1
U007789,27,0.81,Riyadh,0,2,0.9,53.3,1,1,1,1
U007790,31,0.604,Madinah,2,3,2.4,19.3,1,0,0,1
U007791,57,0.362,Makkah,1,1,3.4,46.7,1,0,0,1
U007792,65,0.42,Najran,10,0,2.8,28.6,1,0,0,0
U007793,23,0.336,Eastern,4,6,4.7,2.1,1,1,1,0
U007794,33,0.152,Madinah,2,1,4.6,63.3,1,0,1,0
U007795,46,0.708,Riyadh,0,1,2.2,24.3,1,0,0,0
U007796,33,0.377,Jazan,9,2,3.8,15.0,1,0,2,1
U007797,37,0.812,Eastern,4,3,4.6,26.5,1,1,0,1
U007798,37,0.192,Makkah,1,1,4.1,15.3,1,0,0,1
U007799,54,0.498,Madinah,2,2,1.2,10.7,1,0,0,1
U007800,67,0.427,Makkah,1,1,2.5,9.0,1,0,0,0
U007801,63,0.241,Asir,5,2,3.2,8.0,1,1,1,0
U007802,18,0.546,Eastern,4,1,2.3,25.7,1,0,1,1
U007803,67,0.375,Riyadh,0,2,0.0,72.9,1,0,1,1
U007804,21,0.821,Makkah,1,1,0.1,5.5,1,1,1,1
U007805,63,0.739,Eastern,4,1,2.9,20.4,1,0,0,0
U007806,59,0.216,Makkah,1,3,3.5,21.8,1,0,1,0
U007807,57,0.376,Asir,5,3,2.1,5.2,1,1,0,1
U007808,34,0.517,Northern Borders,8,0,3.2,35.5,1,1,2,1
U007809,22,0.436,Eastern,4,7,0.9,34.5,1,1,1,1
U007810,36,0.522,Madinah,2,0,2.9,10.9,1,0,0,0
U007811,29,0.412,Al Jawf,12,3,2.8,59.4,1,1,2,1
U007812,50,0.171,Riyadh,0,0,1.8,33.0,0,0,0,0
U007813,62,0.356,Eastern,4,1,3.4,20.5,0,0,1,1
U007814,23,0.472,Qassim,3,5,1.2,22.2,1,0,1,1
U007815,40,0.371,Asir,5,3,2.1,32.2,0,1,1,0
U007816,37,0.728,Makkah,1,1,1.6,15.7,1,1,2,0
U007817,42,0.47,Eastern,4,0,2.8,9.6,1,0,0,1
U007818,69,0.576,Jazan,9,3,0.6,11.3,1,1,0,0
U007819,53,0.052,Qassim,3,2,0.4,8.2,0,0,2,0
U007820,65,0.855,Riyadh,0,7,0.5,43.8,1,1,0,1
U007821,33,0.274,Makkah,1,0,3.5,22.0,1,1,1,1
U007822,59,0.617,Makkah,1,2,0.3,12.6,1,0,1,0
U007823,46,0.459,Madinah,2,3,3.3,57.5,1,0,0,1
U007824,47,0.112,Eastern,4,2,3.9,34.2,1,0,0,0
U007825,37,0.443,Najran,10,4,1.1,11.4,0,0,3,1
U007826,59,0.752,Riyadh,0,7,2.8,21.6,1,0,0,1
U007827,68,0.345,Asir,5,2,1.7,44.0,1,0,0,1
U007828,50,0.843,Madinah,2,1,1.4,12.4,1,1,0,0
U007829,20,0.292,Jazan,9,4,0.8,20.8,1,1,1,1
U007830,59,0.012,Asir,5,1,3.2,5.0,0,0,0,1
U007831,35,0.135,Al Bahah,11,2,3.1,13.3,1,1,1,1
U007832,18,0.675,Makkah,1,3,0.3,7.9,1,1,0,1
U007833,19,0.695,Makkah,1,3,3.1,76.4,1,1,0,1
U007834,38,0.207,Riyadh,0,2,1.2,20.2,1,0,0,0
U007835,59,0.57,Riyadh,0,3,2.4,6.2,0,0,2,0
U007836,42,0.863,Asir,5,4,1.8,38.4,1,0,0,0
U007837,21,0.281,Northern Borders,8,3,2.9,26.0,1,0,0,0
U007838,22,0.219,Jazan,9,1,1.8,16.8,1,1,0,1
U007839,68,0.495,Makkah,1,1,2.4,17.4,1,0,1,1
U007840,28,0.463,Northern Borders,8,2,2.5,24.4,1,1,0,1
U007841,33,0.361,Al Bahah,11,8,4.0,20.5,1,0,0,1
U007842,40,0.769,Riyadh,0,1,0.0,26.3,0,0,2,0
U007843,59,0.518,Hail,7,3,2.1,37.0,1,0,0,1
U007844,37,0.836,Madinah,2,5,0.8,22.6,1,0,0,1
U007845,62,0.84,Najran,10,4,2.5,1.0,1,1,0,1
U007846,46,0.253,Makkah,1,3,2.3,34.9,1,0,1,0
U007847,69,0.821,Madinah,2,5,2.1,20.6,1,1,1,1
U007848,66,0.491,Riyadh,0,5,2.1,53.7,1,1,2,1
U007849,36,0.687,Al Bahah,11,6,0.6,2.6,1,1,1,1
U007850,34,0.295,Makkah,1,5,2.0,2.0,1,0,1,1
U007851,31,0.456,Eastern,4,3,1.2,7.2,0,0,1,1
U007852,34,0.618,Riyadh,0,2,0.8,29.3,1,0,0,1
U007853,23,0.422,Madinah,2,1,0.7,21.1,1,0,0,1
U007854,42,0.393,Jazan,9,1,2.5,23.0,1,0,0,1
U007855,28,0.945,Riyadh,0,3,0.5,13.9,1,1,3,1
U007856,67,0.395,Asir,5,4,2.5,16.8,1,0,1,1
U007857,21,0.113,Riyadh,0,3,2.3,18.0,1,0,0,0
U007858,59,0.641,Madinah,2,2,3.4,7.2,1,0,1,1
U007859,19,0.404,Eastern,4,2,1.7,31.1,0,1,1,1
U007860,64,0.636,Makkah,1,4,3.8,30.2,1,1,0,1
U007861,55,0.241,Makkah,1,1,1.7,3.6,1,0,0,0
U007862,67,0.548,Eastern,4,4,3.0,45.7,1,1,0,0
U007863,30,0.319,Makkah,1,4,0.5,11.5,1,0,1,1
U007864,24,0.306,Riyadh,0,3,2.7,44.1,1,1,0,1
U007865,49,0.447,Makkah,1,2,2.6,31.1,0,0,1,1
U007866,68,0.587,Makkah,1,1,3.0,48.9,1,0,1,1
U007867,27,0.631,Makkah,1,4,0.0,13.9,1,1,0,1
U007868,46,0.572,Asir,5,2,3.2,14.9,1,1,2,0
U007869,63,0.652,Tabuk,6,7,1.7,17.6,1,1,3,1
U007870,49,0.06,Makkah,1,0,4.4,15.4,0,0,2,0
U007871,50,0.637,Eastern,4,4,0.0,21.3,0,1,1,1
U007872,38,0.383,Riyadh,0,1,2.9,10.9,0,1,0,1
U007873,67,0.236,Riyadh,0,0,2.1,49.6,1,0,2,0
U007874,49,0.693,Riyadh,0,5,0.8,13.7,1,1,1,1
U007875,60,0.391,Makkah,1,4,2.1,75.8,1,1,2,1
U007876,40,0.772,Jazan,9,2,0.0,16.2,1,1,1,1
U007877,32,0.733,Makkah,1,2,0.9,26.8,1,1,1,0
U007878,54,0.852,Eastern,4,7,1.9,43.8,0,1,1,1
U007879,31,0.353,Madinah,2,1,2.7,26.5,1,0,1,0
U007880,69,0.453,Makkah,1,4,3.7,60.4,1,1,2,1
U007881,41,0.824,Eastern,4,2,2.0,7.7,1,0,0,1
U007882,57,0.483,Madinah,2,3,2.2,15.3,1,1,2,1
U007883,48,0.533,Najran,10,2,0.0,41.8,0,1,0,1
U007884,42,0.501,Madinah,2,6,1.8,35.8,1,1,0,0
U007885,40,0.877,Qassim,3,2,0.7,4.2,0,1,2,1
U007886,26,0.693,Riyadh,0,4,1.6,21.3,1,1,0,1
U007887,20,0.789,Jazan,9,5,0.6,42.9,1,1,0,1
U007888,23,0.838,Al Jawf,12,6,0.7,16.3,1,1,0,1
U007889,58,0.272,Riyadh,0,2,0.8,23.0,1,0,2,0
U007890,36,0.796,Qassim,3,2,3.3,10.2,1,1,2,0
U007891,66,0.79,Makkah,1,5,3.3,11.7,1,1,2,1
U007892,61,0.192,Makkah,1,0,1.4,8.4,1,0,1,1
U007893,68,0.703,Al Jawf,12,4,0.1,20.3,0,0,0,1
U007894,22,0.454,Eastern,4,2,2.2,26.5,1,1,3,1
U007895,60,0.679,Riyadh,0,2,2.1,26.8,0,1,0,1
U007896,32,0.371,Riyadh,0,4,2.6,17.7,0,0,3,1
U007897,25,0.126,Riyadh,0,2,3.7,23.3,1,0,1,1
U007898,68,0.32,Eastern,4,0,2.9,30.5,0,1,2,0
U007899,68,0.604,Hail,7,3,1.7,17.1,1,1,1,1
U007900,42,0.407,Eastern,4,2,3.3,10.3,1,0,1,1
U007901,51,0.352,Madinah,2,4,4.1,17.1,0,0,0,1
U007902,67,0.666,Qassim,3,6,3.3,3.7,1,0,1,1
U007903,39,0.4,Hail,7,3,0.8,37.9,1,0,0,0
U007904,37,0.805,Riyadh,0,4,0.0,23.4,1,0,0,0
U007905,61,0.491,Tabuk,6,1,1.9,34.4,1,1,0,0
U007906,33,0.018,Eastern,4,1,3.4,4.5,0,0,1,1
U007907,22,0.2,Riyadh,0,1,2.3,18.5,1,0,0,0
U007908,33,0.608,Al Jawf,12,1,0.6,8.3,1,0,1,0
U007909,21,0.855,Riyadh,0,0,0.8,68.9,1,0,0,1
U007910,28,0.232,Riyadh,0,2,3.8,23.9,0,1,2,1
U007911,54,0.088,Riyadh,0,1,3.7,10.6,0,0,1,0
U007912,20,0.68,Qassim,3,4,1.6,46.0,1,0,0,0
U007913,51,0.558,Riyadh,0,2,2.3,4.1,0,1,1,1
U007914,64,0.407,Riyadh,0,2,1.4,26.0,1,1,1,1
U007915,28,0.138,Jazan,9,1,1.8,9.0,1,0,0,0
U007916,56,0.837,Eastern,4,5,1.7,30.0,1,1,1,1
U007917,50,0.826,Hail,7,6,2.3,11.2,1,1,0,1
U007918,48,0.169,Jazan,9,2,3.5,5.9,0,0,1,0
U007919,51,0.093,Eastern,4,2,1.5,4.3,1,0,2,0
U007920,26,0.582,Makkah,1,6,2.4,13.0,1,1,0,1
U007921,53,0.23,Northern Borders,8,2,3.8,45.1,1,0,0,0
U007922,64,0.45,Makkah,1,2,2.8,45.5,1,1,1,1
U007923,40,0.417,Eastern,4,0,2.5,11.1,1,1,1,1
U007924,68,0.301,Makkah,1,2,0.0,60.6,1,0,1,1
U007925,40,0.361,Makkah,1,0,2.2,21.6,1,0,0,0
U007926,22,0.611,Eastern,4,3,0.0,4.7,0,1,1,0
U007927,36,0.591,Northern Borders,8,1,3.9,20.0,1,1,0,1
U007928,45,0.145,Makkah,1,1,2.6,7.4,1,0,0,1
U007929,61,0.882,Qassim,3,8,0.0,16.0,1,1,1,0
U007930,43,0.129,Jazan,9,0,4.1,36.9,1,1,2,0
U007931,18,0.165,Eastern,4,3,2.3,15.9,0,0,2,0
U007932,21,0.306,Riyadh,0,1,5.3,22.5,1,1,2,0
U007933,26,0.487,Najran,10,4,1.6,14.0,0,1,1,1
U007934,44,0.397,Jazan,9,2,0.9,5.4,0,0,0,1
U007935,44,0.565,Makkah,1,5,3.4,44.4,1,1,1,1
U007936,48,0.786,Makkah,1,5,2.1,10.7,0,1,1,1
U007937,38,0.431,Riyadh,0,3,3.4,51.3,1,1,1,0
U007938,59,0.284,Makkah,1,2,2.0,16.6,1,0,1,0
U007939,67,0.139,Al Jawf,12,3,2.4,17.6,0,0,0,1
U007940,48,0.36,Riyadh,0,2,2.6,50.4,1,0,0,0
U007941,65,0.595,Asir,5,2,2.3,40.4,1,1,0,0
U007942,69,0.527,Asir,5,1,3.0,20.7,1,1,2,1
U007943,36,0.356,Eastern,4,1,2.3,9.6,1,0,0,0
U007944,47,0.658,Madinah,2,1,2.8,17.1,1,0,0,1
U007945,36,0.517,Al Jawf,12,2,2.4,5.6,0,0,1,1
U007946,49,0.164,Northern Borders,8,2,2.1,5.6,1,0,1,0
U007947,37,0.301,Makkah,1,0,0.9,4.0,1,1,0,0
U007948,36,0.824,Riyadh,0,0,1.0,22.2,0,0,1,0
U007949,38,0.324,Riyadh,0,0,2.9,3.0,0,0,0,0
U007950,45,0.479,Eastern,4,0,1.9,85.5,1,0,0,1
U007951,36,0.623,Madinah,2,2,2.3,16.3,1,1,3,1
U007952,55,0.596,Makkah,1,7,1.5,16.3,1,1,1,1
U007953,52,0.693,Qassim,3,3,3.0,8.4,1,0,0,0
U007954,29,0.476,Qassim,3,3,4.2,17.5,1,0,0,0
U007955,45,0.721,Madinah,2,3,1.5,6.7,1,1,0,1
U007956,35,0.744,Riyadh,0,4,0.0,13.7,1,1,0,0
U007957,32,0.963,Hail,7,3,0.0,19.6,1,1,2,1
U007958,65,0.359,Riyadh,0,3,3.2,28.4,0,0,2,1
U007959,63,0.451,Riyadh,0,3,3.8,16.6,1,1,0,0
U007960,21,0.707,Makkah,1,3,1.6,6.9,1,1,1,0
U007961,36,0.616,Makkah,1,6,2.3,9.7,1,1,1,1
U007962,31,0.86,Riyadh,0,4,0.1,9.9,1,0,0,1
U007963,43,0.586,Riyadh,0,3,4.4,27.2,1,1,2,0
U007964,51,0.176,Makkah,1,4,0.0,6.7,0,0,0,0
U007965,31,0.906,Eastern,4,3,0.0,16.8,1,1,0,0
U007966,40,0.625,Riyadh,0,6,0.0,10.9,1,1,3,1
U007967,57,0.371,Makkah,1,3,0.4,11.4,1,0,0,1
U007968,25,0.771,Riyadh,0,4,1.1,14.8,1,1,0,0
U007969,46,0.809,Qassim,3,1,1.6,51.4,1,0,0,1
U007970,68,0.215,Al Bahah,11,3,2.6,15.5,1,0,1,0
U007971,44,0.348,Jazan,9,4,1.9,15.5,1,0,0,0
U007972,51,0.651,Riyadh,0,5,4.8,14.5,1,1,1,1
U007973,53,0.408,Riyadh,0,2,2.7,19.6,1,1,0,1
U007974,64,0.199,Eastern,4,2,2.3,12.2,0,0,0,0
U007975,64,0.745,Riyadh,0,6,0.0,9.7,1,0,0,1
U007976,30,0.413,Makkah,1,2,2.1,15.5,0,0,0,1
U007977,61,0.313,Eastern,4,1,1.7,23.6,1,0,1,1
U007978,53,0.706,Riyadh,0,1,2.6,9.5,1,0,3,1
U007979,50,0.292,Tabuk,6,1,1.9,38.7,1,1,0,1
U007980,54,0.34,Northern Borders,8,1,1.9,63.7,1,0,0,0
U007981,42,0.543,Riyadh,0,1,1.5,18.3,1,1,1,1
U007982,32,0.456,Tabuk,6,3,2.5,17.5,1,0,0,1
U007983,64,0.463,Makkah,1,7,2.0,10.9,0,0,0,1
U007984,58,0.227,Eastern,4,3,3.1,34.6,1,0,0,0
U007985,57,0.268,Makkah,1,0,2.2,13.3,1,0,1,1
U007986,43,0.654,Riyadh,0,2,2.3,14.3,1,1,1,1
U007987,64,0.834,Makkah,1,3,0.0,47.4,1,1,3,1
U007988,36,0.447,Riyadh,0,3,2.2,37.9,1,1,1,0
U007989,27,0.606,Asir,5,4,1.4,44.5,1,0,0,0
U007990,31,0.218,Northern Borders,8,2,2.6,18.5,1,0,0,1
U007991,53,0.177,Madinah,2,5,0.0,14.5,1,1,0,1
U007992,53,0.646,Makkah,1,0,3.2,36.4,1,1,0,0
U007993,19,0.3,Asir,5,2,2.9,12.3,1,0,1,0
U007994,22,0.946,Najran,10,5,2.8,7.4,1,1,4,1
U007995,42,0.862,Riyadh,0,4,2.0,31.4,1,1,2,1
U007996,65,0.6,Jazan,9,1,3.0,37.3,1,0,0,0
U007997,40,0.569,Riyadh,0,4,2.0,12.3,1,1,3,1
U007998,21,0.243,Riyadh,0,0,2.7,18.5,1,0,0,0
U007999,58,0.14,Makkah,1,0,2.1,32.3,1,1,3,0
U008000,37,0.47,Asir,5,4,4.3,22.4,1,0,0,1
U008001,69,0.323,Riyadh,0,4,3.3,4.1,1,1,0,1
U008002,68,0.471,Makkah,1,4,0.4,19.2,1,1,2,1
U008003,22,0.109,Riyadh,0,2,2.1,25.0,1,0,0,1
U008004,44,0.82,Makkah,1,3,2.7,26.8,1,1,0,0
U008005,65,0.413,Riyadh,0,2,2.1,23.2,1,0,0,1
U008006,52,0.624,Qassim,3,6,2.5,31.0,1,1,4,0
U008007,44,0.247,Hail,7,3,2.6,16.4,1,0,0,0
U008008,47,0.235,Riyadh,0,1,2.6,37.7,1,0,1,1
U008009,40,0.638,Makkah,1,4,1.5,13.8,0,0,0,0
U008010,27,0.858,Asir,5,3,0.1,40.8,1,1,0,1
U008011,42,0.665,Eastern,4,3,1.4,41.3,1,1,0,0
U008012,55,0.894,Riyadh,0,4,0.0,9.0,1,1,1,0
U008013,57,0.733,Riyadh,0,2,0.5,38.0,1,0,0,0
U008014,26,0.374,Northern Borders,8,2,2.2,5.3,1,0,0,0
U008015,28,0.482,Qassim,3,5,1.4,9.1,1,1,2,1
U008016,18,0.481,Eastern,4,3,0.8,12.9,1,1,2,0
U008017,19,0.461,Riyadh,0,1,3.5,28.8,0,0,0,1
U008018,41,0.521,Jazan,9,2,1.8,33.8,1,1,0,1
U008019,64,0.707,Riyadh,0,4,0.7,8.9,0,1,1,1
U008020,30,0.521,Qassim,3,2,1.9,63.3,1,1,1,0
U008021,53,0.598,Riyadh,0,3,2.8,22.8,0,1,0,0
U008022,63,0.47,Qassim,3,2,3.1,6.3,0,1,1,1
U008023,66,0.426,Riyadh,0,2,2.3,8.1,0,1,1,1
U008024,29,0.38,Makkah,1,4,2.1,14.8,1,0,0,1
U008025,61,0.366,Riyadh,0,2,2.1,15.3,1,1,0,0
U008026,23,0.753,Jazan,9,1,0.0,25.1,0,0,2,1
U008027,41,0.391,Riyadh,0,2,4.2,13.5,0,0,0,0
U008028,51,0.408,Asir,5,2,1.8,8.7,1,0,1,1
U008029,47,0.58,Riyadh,0,5,3.6,8.5,1,0,0,0
U008030,25,0.791,Asir,5,1,0.9,33.8,1,1,0,1
U008031,30,0.594,Makkah,1,4,1.0,18.4,1,0,0,1
U008032,19,0.473,Madinah,2,2,2.6,40.8,1,1,0,0
U008033,34,0.943,Makkah,1,6,1.4,66.9,1,1,0,1
U008034,66,0.364,Makkah,1,2,4.4,3.4,1,0,0,1
U008035,23,0.333,Riyadh,0,3,2.8,7.7,1,0,1,0
U008036,55,0.296,Riyadh,0,1,2.0,14.0,0,0,0,0
U008037,39,0.877,Makkah,1,4,1.7,56.3,1,1,0,1
U008038,28,0.466,Makkah,1,2,1.3,1.7,1,0,1,0
U008039,68,0.629,Al Bahah,11,3,1.8,20.2,0,1,2,0
U008040,26,0.662,Jazan,9,5,2.4,22.5,1,1,1,0
U008041,18,0.767,Jazan,9,5,4.6,25.7,1,1,3,1
U008042,56,0.737,Najran,10,6,1.4,68.6,1,1,1,0
U008043,24,0.356,Riyadh,0,6,1.5,30.1,1,0,0,1
U008044,58,0.916,Najran,10,4,0.3,16.2,1,0,1,1
U008045,65,0.815,Madinah,2,2,1.7,19.7,1,1,0,1
U008046,58,0.58,Riyadh,0,3,1.4,34.2,1,0,0,0
U008047,51,0.407,Madinah,2,2,1.2,23.2,0,0,1,1
U008048,28,0.502,Riyadh,0,3,3.9,58.0,1,1,5,1
U008049,39,0.642,Eastern,4,3,4.4,13.2,1,0,0,1
U008050,26,0.665,Al Jawf,12,4,1.9,24.0,1,1,0,1
U008051,33,0.267,Eastern,4,1,3.1,24.6,1,1,1,1
U008052,37,0.115,Najran,10,2,1.1,48.5,1,0,2,0
U008053,58,0.389,Makkah,1,2,3.2,27.8,1,0,0,1
U008054,64,0.331,Hail,7,1,0.0,4.2,0,0,1,1
U008055,65,0.202,Najran,10,2,2.9,3.6,1,0,0,0
U008056,55,0.274,Madinah,2,2,1.5,44.5,1,0,0,0
U008057,28,0.185,Najran,10,4,3.5,7.3,1,0,0,1
U008058,21,0.577,Makkah,1,5,1.8,56.7,1,0,0,1
U008059,59,0.394,Eastern,4,2,1.9,20.1,1,1,2,1
U008060,44,0.526,Riyadh,0,4,2.1,36.4,1,0,0,1
U008061,51,0.618,Makkah,1,5,3.3,16.9,1,1,2,0
U008062,36,0.443,Riyadh,0,1,3.5,41.8,1,1,1,1
U008063,31,0.681,Riyadh,0,3,0.9,49.0,1,1,0,1
U008064,45,0.613,Eastern,4,2,0.5,8.1,1,0,1,0
U008065,41,0.694,Eastern,4,3,2.8,7.5,1,1,1,1
U008066,55,0.958,Makkah,1,7,3.6,5.8,1,1,1,1
U008067,53,0.757,Riyadh,0,2,3.3,35.2,0,1,0,1
U008068,66,0.583,Asir,5,4,1.9,45.1,0,1,0,1
U008069,55,0.442,Makkah,1,2,1.7,25.1,0,1,2,0
U008070,18,0.728,Tabuk,6,2,0.6,2.5,0,0,0,1
U008071,69,0.333,Madinah,2,5,3.1,60.4,1,1,2,1
U008072,62,0.502,Tabuk,6,3,1.7,17.4,1,1,4,0
U008073,47,0.493,Riyadh,0,4,0.0,23.2,1,0,1,1
U008074,44,0.45,Hail,7,0,1.9,16.1,1,1,0,1
U008075,44,0.909,Riyadh,0,5,3.1,28.2,1,1,0,1
U008076,47,0.711,Asir,5,8,1.6,7.2,1,1,3,1
U008077,20,0.527,Asir,5,7,0.9,22.4,1,1,0,1
U008078,32,0.408,Riyadh,0,5,2.1,28.5,1,0,1,1
U008079,46,0.634,Riyadh,0,3,2.9,70.4,0,0,0,0
U008080,44,0.333,Qassim,3,2,1.9,13.6,0,0,0,1
U008081,48,0.607,Riyadh,0,3,1.1,18.0,1,1,3,0
U008082,58,0.926,Riyadh,0,4,0.5,22.8,1,1,0,1
U008083,19,0.212,Makkah,1,4,2.3,16.2,1,1,2,1
U008084,54,0.473,Qassim,3,2,2.5,1.8,0,1,1,0
U008085,31,0.343,Madinah,2,6,1.8,36.8,1,0,0,1
U008086,24,0.385,Qassim,3,2,1.0,58.8,0,1,1,1
U008087,22,0.811,Eastern,4,3,3.4,22.1,1,1,0,0
U008088,57,0.583,Riyadh,0,4,0.0,21.8,1,1,1,0
U008089,63,0.648,Makkah,1,3,0.0,34.9,1,0,0,1
U008090,53,0.38,Riyadh,0,3,0.0,34.9,1,0,1,0
U008091,22,0.778,Eastern,4,6,1.0,35.4,1,1,1,1
U008092,41,0.026,Riyadh,0,1,4.1,16.3,1,0,0,0
U008093,63,0.194,Riyadh,0,3,1.2,61.3,0,0,1,0
U008094,20,0.405,Eastern,4,1,1.4,19.9,0,0,0,1
U008095,53,0.245,Eastern,4,2,3.8,3.9,0,0,0,0
U008096,42,0.684,Qassim,3,5,3.4,5.7,0,1,0,1
U008097,66,0.312,Riyadh,0,3,2.8,90.7,1,0,0,0
U008098,29,0.403,Madinah,2,4,0.7,21.7,1,1,0,0
U008099,59,0.242,Qassim,3,4,2.4,35.7,1,0,0,0
U008100,45,0.575,Makkah,1,2,1.0,12.0,1,0,1,0
U008101,48,0.533,Makkah,1,4,0.4,3.8,1,1,0,0
U008102,20,0.523,Makkah,1,4,3.4,5.1,1,1,0,1
U008103,19,0.439,Eastern,4,5,1.6,9.9,1,1,1,1
U008104,48,0.331,Riyadh,0,3,2.6,19.2,1,0,0,0
U008105,30,0.827,Riyadh,0,7,1.2,4.5,1,1,1,1
U008106,27,0.545,Makkah,1,4,2.5,28.0,1,0,0,0
U008107,34,0.787,Madinah,2,5,1.4,33.0,1,1,0,1
U008108,19,0.169,Jazan,9,2,0.4,9.2,1,0,0,1
U008109,41,0.548,Asir,5,4,3.5,21.8,0,1,0,1
U008110,35,0.598,Al Bahah,11,2,2.4,34.7,1,0,0,1
U008111,36,0.507,Jazan,9,3,1.1,81.6,1,0,1,1
U008112,49,0.341,Eastern,4,1,1.2,2.8,1,0,0,0
U008113,58,0.818,Asir,5,2,0.0,40.2,1,1,1,1
U008114,68,0.159,Riyadh,0,1,2.3,17.2,1,0,0,0
U008115,52,0.6,Makkah,1,4,3.9,9.1,1,0,1,0
U008116,55,0.484,Qassim,3,4,3.4,66.9,1,1,0,1
U008117,36,0.385,Riyadh,0,0,3.3,9.3,1,0,2,0
U008118,41,0.03,Riyadh,0,3,2.9,12.2,1,0,1,0
U008119,67,0.772,Makkah,1,4,1.8,21.2,1,0,2,1
U008120,65,0.353,Makkah,1,2,3.5,28.6,1,0,0,1
U008121,52,0.792,Jazan,9,7,1.5,32.4,1,0,0,0
U008122,18,0.47,Najran,10,2,3.0,21.1,1,0,0,1
U008123,61,0.442,Makkah,1,2,1.7,11.3,1,0,0,0
U008124,22,0.284,Makkah,1,6,2.7,3.0,0,0,1,1
U008125,32,0.149,Eastern,4,3,3.5,35.5,1,0,0,1
U008126,54,0.748,Eastern,4,5,2.9,19.9,1,1,1,1
U008127,53,0.208,Qassim,3,4,1.2,48.0,1,0,1,0
U008128,68,0.39,Riyadh,0,3,2.5,9.8,0,0,0,1
U008129,22,0.993,Madinah,2,0,3.7,10.8,1,1,0,1
U008130,50,0.284,Makkah,1,3,2.2,19.5,1,1,0,0
U008131,40,0.189,Northern Borders,8,3,4.0,24.1,0,1,2,0
U008132,52,0.162,Madinah,2,2,3.4,16.2,1,0,0,1
U008133,64,0.602,Qassim,3,5,1.7,10.8,1,1,0,1
U008134,60,0.175,Hail,7,4,3.5,3.9,1,1,0,0
U008135,27,0.35,Riyadh,0,6,2.1,7.6,0,0,1,1
U008136,44,0.485,Riyadh,0,1,2.5,10.2,0,0,2,0
U008137,26,0.554,Makkah,1,5,2.7,22.8,1,0,2,1
U008138,34,0.414,Madinah,2,3,3.3,66.9,1,1,0,1
U008139,42,0.59,Riyadh,0,1,1.9,14.5,1,0,0,0
U008140,37,0.409,Riyadh,0,4,1.3,18.4,1,0,0,0
U008141,62,0.642,Riyadh,0,5,1.5,23.2,1,0,0,1
U008142,59,0.799,Makkah,1,3,3.0,24.6,1,0,3,1
U008143,68,0.433,Eastern,4,1,3.0,8.6,0,0,1,0
U008144,33,0.41,Eastern,4,3,0.0,12.8,1,1,2,1
U008145,50,0.704,Riyadh,0,3,1.9,19.1,1,0,0,0
U008146,31,0.487,Jazan,9,2,3.6,8.7,1,0,0,1
U008147,24,0.37,Riyadh,0,4,1.0,96.2,1,0,1,1
U008148,30,0.575,Makkah,1,5,2.0,53.3,1,1,1,1
U008149,63,0.704,Makkah,1,4,1.2,19.5,1,1,2,1
U008150,27,0.863,Makkah,1,4,2.0,22.8,1,0,1,1
U008151,29,0.284,Al Jawf,12,4,1.5,14.2,1,1,2,1
U008152,47,0.594,Riyadh,0,2,1.5,9.5,1,1,2,1
U008153,46,0.795,Asir,5,3,1.9,13.0,1,1,2,1
U008154,39,0.544,Riyadh,0,2,2.7,37.9,1,0,1,0
U008155,68,0.195,Riyadh,0,1,2.8,7.0,1,0,1,0
U008156,46,0.903,Riyadh,0,3,1.8,44.3,1,0,0,1
U008157,35,0.668,Eastern,4,4,0.0,4.2,1,0,0,0
U008158,18,0.535,Makkah,1,3,1.9,15.3,1,1,1,0
U008159,59,0.658,Riyadh,0,1,2.2,39.1,1,0,0,1
U008160,35,0.317,Riyadh,0,5,2.5,71.8,1,1,0,1
U008161,60,0.604,Eastern,4,2,2.2,4.3,1,1,2,1
U008162,50,0.766,Eastern,4,1,0.0,27.0,1,0,0,0
U008163,51,0.558,Asir,5,3,3.6,13.6,1,1,1,0
U008164,61,0.308,Najran,10,3,2.5,28.3,1,0,1,1
U008165,39,0.256,Makkah,1,3,3.6,8.3,1,0,2,1
U008166,39,0.764,Hail,7,3,2.0,20.0,0,1,3,1
U008167,36,0.467,Riyadh,0,2,1.8,30.1,1,1,0,0
U008168,35,0.441,Madinah,2,2,3.5,45.3,1,0,2,1
U008169,67,0.344,Riyadh,0,2,2.6,38.2,1,0,0,1
U008170,53,0.557,Riyadh,0,5,1.2,51.4,1,1,0,0
U008171,65,0.2,Makkah,1,2,3.2,8.5,1,0,0,1
U008172,23,0.747,Riyadh,0,6,3.0,18.0,1,1,1,1
U008173,23,0.752,Makkah,1,4,2.1,12.5,1,1,2,1
U008174,64,0.374,Riyadh,0,4,0.0,19.2,1,0,0,1
U008175,23,0.266,Tabuk,6,2,1.5,39.9,1,1,4,1
U008176,35,0.871,Makkah,1,4,2.5,23.7,1,1,2,1
U008177,20,0.489,Riyadh,0,6,3.5,21.7,1,1,4,1
U008178,46,0.388,Riyadh,0,3,2.2,33.8,1,0,2,1
U008179,21,0.595,Jazan,9,3,0.6,53.5,1,0,0,0
U008180,23,0.358,Riyadh,0,1,2.4,11.8,0,0,2,0
U008181,66,0.457,Eastern,4,3,1.6,21.0,0,1,2,1
U008182,36,0.475,Hail,7,3,2.6,13.3,1,1,1,1
U008183,56,0.929,Eastern,4,5,1.9,16.3,1,1,2,1
U008184,69,0.577,Eastern,4,2,3.4,23.8,1,0,0,0
U008185,56,0.614,Eastern,4,3,2.8,20.8,0,0,0,0
U008186,41,0.267,Eastern,4,3,3.4,21.7,1,0,1,1
U008187,30,0.637,Northern Borders,8,2,1.5,3.0,1,1,1,1
U008188,56,0.593,Makkah,1,3,2.9,22.4,1,1,3,0
U008189,65,0.421,Riyadh,0,2,1.3,22.7,1,0,0,0
U008190,33,0.764,Qassim,3,2,0.3,19.7,1,1,1,1
U008191,58,0.589,Asir,5,5,1.5,13.4,1,1,0,1
U008192,34,0.336,Asir,5,4,3.2,30.4,1,1,1,1
U008193,35,0.595,Eastern,4,4,2.1,17.8,1,0,0,1
U008194,29,0.834,Jazan,9,4,0.0,23.6,1,0,0,0
U008195,51,0.443,Makkah,1,2,1.9,26.0,0,1,3,1
U008196,37,0.471,Al Bahah,11,4,2.0,38.6,1,1,0,1
U008197,66,0.361,Eastern,4,0,2.6,38.3,1,0,1,1
U008198,64,0.863,Asir,5,7,4.4,21.2,1,1,1,1
U008199,45,0.665,Makkah,1,3,1.2,51.5,1,1,1,0
U008200,65,0.469,Riyadh,0,5,3.3,5.9,1,0,0,1
U008201,36,0.25,Makkah,1,3,2.8,8.1,0,0,0,0
U008202,33,0.257,Riyadh,0,1,2.4,34.4,1,0,1,1
U008203,23,0.325,Makkah,1,2,2.8,18.1,1,0,0,1
U008204,34,0.823,Makkah,1,4,0.0,21.9,1,1,0,1
U008205,59,0.477,Najran,10,5,3.5,22.9,1,0,0,1
U008206,38,0.406,Northern Borders,8,1,0.4,19.2,1,0,1,1
U008207,59,0.206,Makkah,1,4,4.6,36.7,1,1,0,0
U008208,31,0.158,Eastern,4,3,0.0,8.6,0,0,1,1
U008209,52,0.006,Tabuk,6,2,3.8,34.8,0,0,1,0
U008210,46,0.213,Makkah,1,4,3.6,48.5,1,0,2,1
U008211,67,0.431,Tabuk,6,2,2.9,6.5,0,0,0,1
U008212,24,0.592,Makkah,1,2,3.0,26.7,1,1,3,0
U008213,23,0.834,Asir,5,4,0.8,46.1,1,0,1,1
U008214,45,0.617,Riyadh,0,5,2.3,28.3,1,1,1,1
U008215,39,0.366,Makkah,1,2,2.0,6.5,1,0,1,0
U008216,19,0.387,Qassim,3,3,2.6,39.6,1,0,0,1
U008217,49,0.34,Tabuk,6,3,2.1,35.9,1,0,3,0
U008218,23,0.294,Al Jawf,12,3,2.2,61.7,1,0,1,0
U008219,55,0.318,Riyadh,0,2,3.6,20.6,1,0,1,1
U008220,45,0.22,Najran,10,6,2.9,47.8,1,1,1,0
U008221,44,0.529,Riyadh,0,2,0.3,35.3,1,0,0,0
U008222,36,0.791,Eastern,4,8,0.2,23.7,1,1,0,1
U008223,62,0.623,Riyadh,0,6,0.6,29.3,1,0,1,0
U008224,56,0.169,Eastern,4,0,1.9,3.0,0,1,2,1
U008225,47,0.62,Riyadh,0,3,2.5,10.3,1,0,1,0
U008226,47,0.56,Eastern,4,2,2.0,27.4,1,0,2,1
U008227,37,0.186,Eastern,4,0,3.2,9.7,1,0,1,0
U008228,49,0.599,Al Bahah,11,0,3.9,39.1,1,1,2,1
U008229,22,0.365,Hail,7,3,1.7,12.0,1,0,0,0
U008230,58,0.454,Qassim,3,3,0.0,15.5,0,1,0,0
U008231,68,0.243,Makkah,1,4,3.1,67.2,1,0,0,1
U008232,55,0.041,Northern Borders,8,2,3.3,25.5,0,1,1,1
U008233,41,0.474,Riyadh,0,2,1.2,19.8,1,1,0,1
U008234,57,0.292,Riyadh,0,4,2.9,1.0,1,0,1,1
U008235,27,0.474,Eastern,4,3,0.4,1.4,1,0,1,1
U008236,67,0.468,Madinah,2,3,1.6,6.0,1,0,0,1
U008237,63,0.184,Tabuk,6,4,2.2,36.3,1,0,1,1
U008238,34,0.527,Hail,7,2,0.0,30.8,0,1,0,1
U008239,67,0.3,Qassim,3,3,2.4,15.0,0,0,2,1
U008240,27,0.696,Qassim,3,1,0.8,4.2,1,1,3,0
U008241,27,0.491,Makkah,1,3,1.7,56.3,1,1,1,1
U008242,43,0.431,Madinah,2,4,3.2,58.3,1,1,3,0
U008243,67,0.112,Najran,10,3,0.8,19.9,1,0,0,1
U008244,65,0.366,Riyadh,0,2,3.5,49.7,1,0,0,1
U008245,18,0.789,Makkah,1,5,0.8,23.6,1,1,0,1
U008246,61,0.419,Makkah,1,0,3.0,37.9,0,0,1,1
U008247,43,0.978,Riyadh,0,8,0.2,40.3,1,0,0,1
U008248,23,0.709,Riyadh,0,4,2.3,25.5,1,0,0,1
U008249,63,0.637,Riyadh,0,2,0.5,6.3,1,0,0,1
U008250,51,0.197,Eastern,4,1,2.4,65.9,1,0,1,0
U008251,18,0.722,Eastern,4,3,4.4,35.9,1,1,2,0
U008252,69,0.644,Qassim,3,1,2.8,18.2,1,1,1,0
U008253,33,0.295,Eastern,4,4,2.8,13.1,1,0,0,0
U008254,24,0.75,Jazan,9,4,1.6,15.4,1,1,2,1
U008255,35,0.808,Eastern,4,6,2.0,17.5,0,1,0,1
U008256,63,0.132,Al Jawf,12,4,3.4,28.1,1,0,0,0
U008257,60,0.639,Makkah,1,2,0.0,21.8,1,1,0,1
U008258,32,0.154,Riyadh,0,5,2.0,14.6,0,0,0,1
U008259,32,0.503,Eastern,4,4,1.6,14.2,1,1,1,1
U008260,55,0.334,Makkah,1,4,2.5,17.1,1,0,1,1
U008261,55,0.747,Makkah,1,4,3.1,7.3,1,1,2,1
U008262,19,0.29,Asir,5,1,3.1,19.4,1,1,0,0
U008263,46,0.573,Riyadh,0,7,0.0,36.5,1,1,0,1
U008264,66,0.802,Asir,5,1,0.0,8.9,1,1,2,1
U008265,27,0.311,Riyadh,0,1,1.2,13.4,1,0,0,1
U008266,54,0.883,Madinah,2,5,4.4,27.0,1,1,1,0
U008267,27,0.485,Asir,5,6,4.0,28.5,1,1,1,1
U008268,25,0.424,Al Jawf,12,4,3.4,33.2,1,1,1,1
U008269,49,0.351,Riyadh,0,3,1.6,16.4,1,0,0,0
U008270,23,0.57,Northern Borders,8,5,0.4,14.2,1,0,0,1
U008271,57,0.388,Eastern,4,2,0.0,14.6,1,0,0,1
U008272,54,0.546,Qassim,3,4,0.0,18.8,1,0,1,0
U008273,56,0.645,Makkah,1,3,0.8,29.8,1,1,1,1
U008274,51,0.27,Riyadh,0,1,3.2,16.2,1,0,0,0
U008275,51,0.195,Jazan,9,0,1.8,1.7,1,0,1,1
U008276,36,0.785,Tabuk,6,9,3.2,36.1,1,1,1,1
U008277,45,0.211,Makkah,1,1,2.6,49.3,1,0,1,1
U008278,26,0.202,Madinah,2,3,1.5,19.8,0,0,2,1
U008279,44,0.59,Riyadh,0,5,1.0,18.1,1,1,1,0
U008280,61,0.422,Makkah,1,1,1.6,42.6,1,0,0,1
U008281,53,0.244,Riyadh,0,4,2.0,23.2,1,0,0,0
U008282,37,0.655,Tabuk,6,5,0.6,10.8,1,1,0,1
U008283,36,0.239,Tabuk,6,0,1.8,68.5,1,0,0,1
U008284,31,0.415,Riyadh,0,3,1.3,12.4,0,0,0,0
U008285,34,0.363,Riyadh,0,1,2.9,20.1,1,0,2,0
U008286,62,0.249,Riyadh,0,1,3.3,40.9,1,0,1,0
U008287,53,0.328,Riyadh,0,2,3.2,15.1,1,0,1,0
U008288,39,0.184,Qassim,3,2,2.7,23.8,1,0,1,0
U008289,28,0.384,Eastern,4,6,2.5,7.5,0,1,2,1
U008290,18,0.805,Eastern,4,4,2.2,18.7,1,0,0,1
U008291,25,0.305,Riyadh,0,1,2.7,20.5,1,0,1,1
U008292,51,0.139,Riyadh,0,0,2.7,10.2,0,0,1,0
U008293,28,0.942,Makkah,1,4,1.3,87.2,1,1,2,1
U008294,46,0.692,Eastern,4,8,2.6,11.1,0,1,1,1
U008295,46,0.389,Eastern,4,2,2.2,34.0,1,1,1,1
U008296,28,0.286,Riyadh,0,1,1.9,26.9,0,0,0,0
U008297,53,0.573,Makkah,1,7,1.7,7.5,1,1,1,1
U008298,19,0.258,Riyadh,0,3,1.6,28.4,0,1,4,1
U008299,18,0.809,Eastern,4,2,1.1,12.0,1,0,1,1
U008300,38,0.233,Makkah,1,2,2.2,27.7,1,0,0,0
U008301,69,0.708,Qassim,3,3,0.7,18.7,1,1,2,1
U008302,69,0.192,Qassim,3,2,2.3,33.9,1,0,1,1
U008303,26,0.555,Riyadh,0,3,0.6,20.8,1,0,0,1
U008304,40,0.408,Asir,5,1,0.6,47.2,1,0,0,0
U008305,34,0.455,Makkah,1,2,0.4,18.8,1,1,2,1
U008306,36,0.775,Riyadh,0,5,0.8,25.2,1,1,1,1
U008307,55,0.448,Eastern,4,5,1.7,7.6,0,0,0,1
U008308,43,0.64,Riyadh,0,1,1.8,8.3,1,1,0,0
U008309,36,0.732,Makkah,1,3,0.0,9.6,0,1,2,1
U008310,29,0.528,Makkah,1,3,1.1,8.4,1,0,0,0
U008311,65,0.693,Makkah,1,3,1.6,6.3,0,0,0,0
U008312,41,0.263,Tabuk,6,1,1.9,7.7,1,0,1,0
U008313,67,0.339,Al Jawf,12,4,1.1,22.1,1,0,1,1
U008314,33,0.569,Eastern,4,3,1.8,30.7,1,1,1,1
U008315,63,0.217,Al Jawf,12,0,2.7,24.0,1,0,1,0
U008316,22,0.826,Makkah,1,4,2.6,31.7,1,1,0,1
U008317,19,0.417,Makkah,1,4,1.5,24.8,1,0,2,0
U008318,62,0.533,Madinah,2,3,3.1,19.0,1,0,0,1
U008319,25,0.692,Riyadh,0,5,2.4,23.1,1,0,2,1
U008320,22,0.471,Riyadh,0,6,1.6,39.0,1,1,0,1
U008321,19,0.331,Jazan,9,3,0.8,22.7,1,1,1,1
U008322,22,0.889,Makkah,1,6,3.0,15.5,1,0,1,1
U008323,55,0.52,Riyadh,0,2,3.2,25.7,1,1,0,0
U008324,24,0.35,Eastern,4,4,2.5,34.5,0,0,0,0
U008325,20,0.544,Riyadh,0,1,1.4,20.9,1,1,4,0
U008326,66,0.968,Eastern,4,5,3.4,8.6,1,1,0,0
U008327,62,0.277,Najran,10,3,2.3,25.7,1,0,0,1
U008328,63,0.386,Riyadh,0,1,0.0,4.9,1,0,0,0
U008329,33,0.694,Hail,7,5,1.0,30.9,1,0,0,1
U008330,51,0.385,Madinah,2,2,3.3,13.4,0,0,1,1
U008331,30,0.372,Eastern,4,2,2.9,75.6,1,0,0,1
U008332,50,0.529,Asir,5,9,1.1,13.5,1,1,0,0
U008333,60,0.161,Asir,5,4,4.0,15.3,1,0,0,1
U008334,38,0.117,Riyadh,0,1,1.2,42.4,1,1,1,0
U008335,65,0.811,Riyadh,0,3,0.9,13.0,1,0,0,1
U008336,61,0.2,Eastern,4,2,2.2,29.6,0,0,0,0
U008337,59,0.09,Madinah,2,0,4.7,14.6,0,0,2,0
U008338,29,0.187,Eastern,4,2,2.2,10.3,1,0,1,1
U008339,28,0.266,Riyadh,0,2,2.4,10.8,1,0,2,0
U008340,56,0.398,Riyadh,0,1,3.3,14.0,0,0,0,0
U008341,27,0.372,Riyadh,0,2,2.9,14.6,1,1,1,0
U008342,38,0.534,Asir,5,3,2.2,14.9,1,1,1,0
U008343,34,0.262,Qassim,3,0,2.1,49.4,1,0,0,0
U008344,40,0.04,Makkah,1,1,0.9,13.4,1,0,2,1
U008345,31,0.368,Makkah,1,2,2.0,9.4,1,0,0,0
U008346,48,0.704,Makkah,1,7,0.7,24.1,1,1,2,0
U008347,42,0.539,Hail,7,5,0.0,51.6,1,1,1,1
U008348,65,0.979,Jazan,9,8,1.0,10.1,1,1,1,0
U008349,66,0.545,Makkah,1,3,1.7,30.7,1,1,1,0
U008350,19,0.339,Riyadh,0,3,3.8,16.8,1,0,0,0
U008351,32,0.345,Riyadh,0,2,1.7,15.6,1,1,0,1
U008352,38,0.258,Qassim,3,4,0.3,27.4,0,0,0,0
U008353,43,0.633,Madinah,2,3,2.1,42.8,1,1,1,1
U008354,47,0.319,Madinah,2,3,2.9,3.4,1,1,1,1
U008355,29,0.198,Makkah,1,2,2.7,12.9,1,0,1,1
U008356,28,0.491,Riyadh,0,4,2.3,26.4,1,0,1,0
U008357,64,0.356,Eastern,4,1,2.3,27.4,0,0,1,1
U008358,28,0.508,Riyadh,0,5,5.6,9.3,1,1,3,1
U008359,24,0.755,Makkah,1,4,1.1,30.0,1,1,1,1
U008360,19,0.164,Hail,7,1,2.0,1.6,1,0,0,1
U008361,69,0.326,Riyadh,0,5,0.1,22.2,1,1,4,1
U008362,35,0.631,Al Jawf,12,3,2.4,37.5,1,0,0,1
U008363,41,0.833,Makkah,1,6,0.4,8.2,1,1,1,1
U008364,44,0.225,Riyadh,0,3,1.9,55.0,1,0,0,0
U008365,37,0.596,Makkah,1,1,2.1,3.0,1,0,0,1
U008366,19,0.458,Eastern,4,2,1.9,24.4,1,1,0,1
U008367,51,0.562,Qassim,3,5,4.6,33.4,1,1,1,1
U008368,65,0.488,Makkah,1,6,5.5,25.9,1,1,3,0
U008369,68,0.833,Eastern,4,6,0.0,15.4,1,1,3,1
U008370,20,0.365,Eastern,4,4,0.0,5.9,1,1,1,1
U008371,33,0.462,Riyadh,0,5,3.8,24.9,1,1,0,1
U008372,55,0.914,Asir,5,5,0.0,1.6,1,1,0,1
U008373,54,0.607,Eastern,4,3,1.9,25.8,0,0,0,1
U008374,60,0.613,Makkah,1,7,1.6,16.6,1,1,3,1
U008375,35,0.376,Riyadh,0,1,5.8,6.2,0,0,2,0
U008376,57,0.734,Eastern,4,5,0.5,9.6,1,1,1,1
U008377,53,0.681,Makkah,1,6,2.0,6.9,0,1,2,0
U008378,35,0.202,Makkah,1,1,4.0,22.9,1,0,1,0
U008379,49,0.883,Northern Borders,8,4,1.6,19.4,1,1,0,1
U008380,51,0.424,Riyadh,0,6,0.0,15.5,1,1,2,1
U008381,36,0.227,Madinah,2,3,2.1,27.2,0,0,0,0
U008382,58,0.048,Makkah,1,0,3.2,8.7,1,0,0,1
U008383,69,0.602,Makkah,1,2,1.9,13.1,1,1,0,0
U008384,38,0.632,Riyadh,0,7,1.2,32.4,0,1,2,0
U008385,21,0.706,Jazan,9,4,0.0,39.9,1,1,1,0
U008386,46,0.537,Makkah,1,6,2.0,28.8,0,1,0,1
U008387,65,0.15,Madinah,2,2,2.6,6.6,0,0,0,0
U008388,51,0.598,Al Jawf,12,9,1.3,37.4,1,0,1,1
U008389,69,0.49,Riyadh,0,6,3.0,34.5,0,0,0,1
U008390,39,0.067,Riyadh,0,3,1.5,10.6,1,0,0,1
U008391,23,0.264,Madinah,2,5,4.5,9.5,0,1,1,1
U008392,67,0.681,Eastern,4,0,0.1,32.9,1,0,0,1
U008393,55,0.428,Riyadh,0,5,0.2,22.3,1,1,4,1
U008394,37,0.675,Al Jawf,12,2,6.6,13.8,1,1,2,0
U008395,62,0.83,Asir,5,8,1.4,4.9,1,1,1,1
U008396,62,0.556,Makkah,1,2,0.0,26.8,1,0,1,0
U008397,31,0.768,Riyadh,0,2,0.3,14.3,1,1,1,1
U008398,58,0.287,Northern Borders,8,2,2.5,28.4,1,1,2,0
U008399,21,0.252,Asir,5,2,1.7,52.9,1,1,3,1
U008400,56,0.704,Najran,10,2,3.7,9.9,1,1,3,1
U008401,39,0.216,Najran,10,2,2.2,5.0,1,0,0,0
U008402,59,0.707,Jazan,9,4,0.7,71.9,1,1,0,1
U008403,57,0.699,Riyadh,0,4,1.3,21.6,1,1,3,0
U008404,38,0.859,Makkah,1,4,2.7,6.9,1,1,2,1
U008405,36,0.504,Makkah,1,4,0.0,2.9,1,0,0,1
U008406,36,0.378,Makkah,1,1,1.5,32.4,1,0,0,1
U008407,19,0.171,Najran,10,0,2.8,53.6,1,0,1,1
U008408,34,0.818,Eastern,4,4,1.9,24.6,1,1,0,0
U008409,31,0.612,Najran,10,2,0.3,31.8,0,0,0,1
U008410,20,0.355,Riyadh,0,3,3.2,9.3,0,1,0,1
U008411,23,0.374,Al Jawf,12,2,4.4,52.1,1,0,0,1
U008412,65,0.725,Madinah,2,2,1.2,30.2,1,1,0,1
U008413,30,0.745,Madinah,2,3,0.9,49.6,1,1,0,1
U008414,44,0.198,Qassim,3,3,2.9,7.2,1,0,1,0
U008415,28,0.786,Riyadh,0,8,0.0,29.8,1,0,0,1
U008416,37,0.842,Asir,5,5,0.0,11.3,1,0,1,1
U008417,43,0.409,Riyadh,0,1,3.2,60.8,1,0,0,0
U008418,62,0.371,Asir,5,4,2.5,29.6,0,1,2,1
U008419,35,0.918,Riyadh,0,4,0.0,27.5,1,1,1,0
U008420,36,0.299,Riyadh,0,4,2.4,39.0,1,0,0,0
U008421,23,0.356,Eastern,4,4,2.2,8.8,0,0,1,1
U008422,42,0.147,Eastern,4,1,4.3,85.7,1,0,2,0
U008423,39,0.564,Riyadh,0,2,0.0,43.9,1,1,1,0
U008424,64,0.824,Riyadh,0,5,2.9,5.9,1,1,1,1
U008425,37,0.815,Riyadh,0,6,2.8,43.8,1,0,1,1
U008426,68,0.519,Jazan,9,6,0.8,42.1,1,0,2,1
U008427,56,0.531,Makkah,1,8,2.2,43.5,1,1,1,0
U008428,52,0.64,Al Bahah,11,7,0.0,28.4,1,1,2,0
U008429,44,0.797,Makkah,1,3,1.3,69.6,1,1,2,1
U008430,23,0.844,Jazan,9,4,0.6,10.6,0,1,0,1
U008431,18,0.61,Eastern,4,3,0.9,13.2,1,1,1,0
U008432,37,0.262,Makkah,1,2,3.5,30.2,1,0,2,1
U008433,40,0.733,Eastern,4,4,0.6,39.7,1,1,2,0
U008434,59,0.762,Riyadh,0,5,0.8,30.1,1,1,2,1
U008435,63,0.094,Eastern,4,3,2.1,20.2,0,0,0,1
U008436,65,0.538,Madinah,2,3,0.6,73.4,1,1,2,1
U008437,31,0.435,Eastern,4,3,1.4,40.0,1,1,2,1
U008438,62,0.611,Asir,5,3,1.6,57.9,1,0,0,1
U008439,38,0.682,Al Bahah,11,6,4.2,8.4,0,1,2,1
U008440,48,0.082,Riyadh,0,0,4.0,39.4,1,0,0,0
U008441,66,0.418,Hail,7,3,2.1,52.7,1,0,0,0
U008442,62,0.542,Riyadh,0,3,2.7,12.0,1,1,2,1
U008443,63,0.657,Makkah,1,2,2.0,2.4,1,1,1,0
U008444,22,0.425,Makkah,1,1,4.1,33.7,1,0,0,0
U008445,67,0.235,Jazan,9,1,2.7,12.6,1,0,1,0
U008446,61,0.089,Madinah,2,1,3.2,9.5,1,0,1,0
U008447,34,0.809,Northern Borders,8,7,1.7,10.4,1,0,0,1
U008448,61,0.228,Eastern,4,1,2.8,31.1,1,1,1,1
U008449,34,0.756,Eastern,4,5,0.3,10.5,1,1,2,1
U008450,55,0.5,Eastern,4,3,4.0,75.7,1,1,1,1
U008451,18,0.538,Eastern,4,5,3.2,13.1,1,1,2,1
U008452,36,0.372,Al Bahah,11,1,2.2,9.2,1,1,1,1
U008453,60,0.472,Riyadh,0,3,1.9,32.7,1,1,2,0
U008454,48,0.447,Makkah,1,4,0.3,12.3,1,0,1,1
U008455,18,0.5,Makkah,1,3,0.0,58.2,1,1,1,1
U008456,19,0.173,Madinah,2,6,2.2,61.2,1,0,0,0
U008457,40,0.621,Riyadh,0,2,1.6,29.3,1,0,2,0
U008458,43,0.394,Najran,10,2,4.0,11.8,0,0,0,1
U008459,62,0.754,Madinah,2,2,0.0,14.4,1,1,0,1
U008460,37,0.67,Riyadh,0,4,0.2,53.6,1,1,1,1
U008461,69,0.632,Makkah,1,6,0.7,29.0,1,1,0,1
U008462,31,0.107,Riyadh,0,4,1.2,14.5,1,0,1,1
U008463,69,0.956,Jazan,9,5,0.5,19.7,0,1,0,1
U008464,63,0.311,Makkah,1,2,2.6,48.2,1,1,2,0
U008465,45,0.613,Riyadh,0,3,2.7,31.2,0,1,1,0
U008466,19,0.409,Makkah,1,2,0.3,35.7,1,0,1,0
U008467,23,0.584,Riyadh,0,4,4.3,35.3,1,1,5,1
U008468,56,0.22,Riyadh,0,2,3.6,71.9,1,0,0,1
U008469,46,0.633,Makkah,1,2,0.5,17.7,0,0,1,0
U008470,34,0.75,Asir,5,3,0.3,21.3,1,0,0,1
U008471,30,0.633,Hail,7,5,0.8,38.7,1,0,0,1
U008472,37,0.658,Makkah,1,3,3.9,10.2,0,0,2,1
U008473,24,0.458,Eastern,4,1,2.9,18.7,1,0,1,1
U008474,22,0.874,Riyadh,0,7,2.1,13.9,1,0,0,1
U008475,49,0.416,Riyadh,0,1,3.8,13.8,1,0,1,1
U008476,63,0.663,Najran,10,1,1.6,50.7,1,0,1,1
U008477,36,0.568,Asir,5,3,1.0,42.1,1,0,0,1
U008478,64,0.142,Eastern,4,2,1.8,39.0,1,0,1,0
U008479,67,0.469,Najran,10,4,2.3,27.6,1,1,1,1
U008480,32,0.876,Riyadh,0,0,0.3,3.7,1,0,1,0
U008481,35,0.69,Eastern,4,5,3.0,16.7,1,1,3,1
U008482,54,0.505,Makkah,1,0,1.6,42.5,1,0,0,1
U008483,50,0.755,Najran,10,3,0.0,8.4,0,1,1,1
U008484,48,0.629,Eastern,4,2,1.0,22.3,1,0,1,0
U008485,47,0.315,Riyadh,0,1,3.1,19.7,1,1,1,1
U008486,62,0.725,Asir,5,1,2.0,8.0,1,0,1,0
U008487,65,0.063,Qassim,3,4,3.3,16.6,0,1,0,0
U008488,61,0.921,Makkah,1,5,0.0,19.7,1,1,1,1
U008489,52,0.568,Qassim,3,0,2.7,38.8,1,0,1,0
U008490,61,0.472,Makkah,1,1,0.0,29.6,1,1,0,0
U008491,44,0.262,Riyadh,0,3,4.3,25.3,1,0,1,1
U008492,48,0.256,Asir,5,6,2.8,27.7,1,1,0,1
U008493,42,0.277,Jazan,9,5,2.6,48.0,1,0,1,0
U008494,64,0.421,Asir,5,2,0.3,39.6,1,1,0,0
U008495,61,0.257,Madinah,2,2,3.4,13.3,0,1,1,0
U008496,52,0.769,Madinah,2,3,3.1,8.5,1,1,3,0
U008497,27,0.631,Makkah,1,3,2.3,49.9,1,1,1,1
U008498,49,0.449,Jazan,9,5,1.0,25.3,1,0,0,1
U008499,50,0.736,Tabuk,6,3,2.3,9.4,1,0,0,1
U008500,46,0.894,Hail,7,3,0.0,10.9,1,0,0,1
U008501,53,0.94,Madinah,2,5,0.6,20.3,1,1,2,1
U008502,43,0.403,Eastern,4,4,4.6,8.6,1,1,1,0
U008503,37,0.366,Eastern,4,3,3.0,8.5,1,0,0,0
U008504,39,0.287,Madinah,2,2,4.5,40.0,1,0,0,1
U008505,23,0.331,Al Jawf,12,3,4.5,23.5,0,1,0,1
U008506,65,0.264,Makkah,1,1,2.8,27.6,1,0,1,1
U008507,58,0.704,Jazan,9,3,1.8,49.9,1,0,0,1
U008508,20,0.9,Riyadh,0,6,2.0,10.2,1,1,1,1
U008509,54,0.422,Eastern,4,2,0.0,14.0,1,0,3,1
U008510,27,0.8,Asir,5,1,2.0,39.1,1,1,1,1
U008511,48,0.219,Al Jawf,12,2,2.7,32.8,1,1,0,1
U008512,44,0.215,Makkah,1,4,4.9,27.5,1,1,0,1
U008513,36,0.246,Makkah,1,2,2.9,19.7,1,0,2,0
U008514,41,0.61,Makkah,1,4,2.5,9.2,0,1,0,1
U008515,64,0.34,Jazan,9,3,3.1,6.4,1,0,0,1
U008516,54,0.553,Makkah,1,2,3.8,37.2,1,1,0,1
U008517,62,0.865,Jazan,9,3,0.0,26.9,1,1,0,1
U008518,33,0.471,Eastern,4,4,0.3,35.3,1,1,1,0
U008519,65,0.61,Eastern,4,3,0.8,17.1,1,1,2,1
U008520,36,0.741,Najran,10,2,2.5,6.4,1,1,1,1
U008521,69,0.534,Madinah,2,3,1.7,5.5,0,0,2,0
U008522,54,0.609,Makkah,1,4,1.5,28.9,1,1,0,0
U008523,35,0.456,Madinah,2,1,1.9,54.3,1,1,0,0
U008524,67,0.699,Riyadh,0,9,0.5,12.0,1,1,0,1
U008525,38,0.688,Jazan,9,4,1.7,15.7,1,0,0,1
U008526,33,0.608,Eastern,4,6,2.4,7.8,1,1,0,1
U008527,40,0.453,Eastern,4,6,2.4,16.3,0,1,0,1
U008528,34,0.793,Jazan,9,5,2.5,66.1,1,0,1,1
U008529,47,0.404,Al Jawf,12,3,2.7,33.1,1,1,2,1
U008530,65,0.597,Eastern,4,2,0.4,47.1,1,0,0,1
U008531,23,0.607,Madinah,2,4,3.6,25.5,0,1,2,1
U008532,56,0.948,Al Bahah,11,6,1.9,7.3,1,1,0,1
U008533,22,0.292,Makkah,1,3,2.1,21.0,1,1,1,1
U008534,20,0.739,Makkah,1,2,2.8,17.6,1,1,2,1
U008535,65,0.669,Tabuk,6,4,1.8,12.0,1,1,0,0
U008536,50,0.363,Riyadh,0,3,2.7,10.6,1,0,2,1
U008537,53,0.521,Qassim,3,4,2.5,40.2,1,0,0,1
U008538,44,0.142,Eastern,4,2,3.7,6.9,1,0,0,1
U008539,35,0.17,Qassim,3,2,1.6,19.4,1,0,0,0
U008540,29,0.637,Eastern,4,2,0.0,29.0,1,0,0,0
U008541,28,0.609,Hail,7,1,1.9,27.4,1,0,0,0
U008542,58,0.526,Riyadh,0,4,2.9,17.9,1,1,1,0
U008543,27,0.413,Al Bahah,11,1,3.1,17.7,1,1,1,0
U008544,31,0.562,Riyadh,0,2,1.3,25.1,1,0,1,1
U008545,25,0.282,Madinah,2,1,3.2,19.6,1,1,0,1
U008546,46,0.419,Makkah,1,3,2.7,43.4,1,1,0,1
U008547,34,0.192,Hail,7,1,3.9,33.2,1,0,0,0
U008548,24,0.445,Asir,5,3,2.1,39.9,1,0,0,0
U008549,32,0.141,Riyadh,0,1,2.3,58.9,1,1,2,0
U008550,58,0.753,Riyadh,0,3,1.3,14.2,1,0,0,1
U008551,45,0.126,Riyadh,0,3,3.5,48.3,0,0,3,1
U008552,64,0.099,Tabuk,6,0,4.3,22.9,1,1,3,0
U008553,59,0.252,Makkah,1,2,2.7,5.5,0,0,0,0
U008554,22,0.098,Eastern,4,1,2.6,14.0,1,0,1,0
U008555,50,0.349,Tabuk,6,3,3.0,18.8,0,0,1,0
U008556,56,0.344,Al Jawf,12,4,1.1,7.8,1,1,1,0
U008557,44,0.706,Makkah,1,4,0.1,10.9,1,1,2,0
U008558,56,0.502,Eastern,4,5,2.1,22.5,1,1,4,0
U008559,33,0.636,Asir,5,5,1.3,14.0,1,1,1,0
U008560,34,0.64,Eastern,4,3,1.4,50.8,1,0,0,1
U008561,67,0.412,Eastern,4,3,2.7,17.8,1,1,2,1
U008562,42,0.244,Makkah,1,2,2.2,4.3,1,0,0,0
U008563,23,0.46,Eastern,4,3,2.5,15.2,1,1,0,0
U008564,30,0.113,Makkah,1,2,1.9,37.1,1,1,3,1
U008565,64,0.179,Najran,10,0,2.9,20.5,0,0,2,0
U008566,40,0.377,Asir,5,0,2.8,41.0,1,0,0,0
U008567,41,0.156,Makkah,1,5,2.2,12.2,1,0,1,1
U008568,48,0.627,Riyadh,0,0,1.4,32.5,1,0,0,1
U008569,67,0.74,Eastern,4,3,1.0,13.3,1,1,2,1
U008570,32,0.456,Al Bahah,11,3,2.5,16.4,1,0,1,0
U008571,47,0.694,Asir,5,5,1.4,14.2,1,1,0,0
U008572,45,0.46,Riyadh,0,3,1.6,10.6,1,0,0,1
U008573,41,0.85,Asir,5,3,0.5,5.9,1,1,0,1
U008574,54,0.345,Tabuk,6,4,2.4,4.2,1,0,1,0
U008575,44,0.276,Makkah,1,3,1.6,20.9,0,0,0,0
U008576,55,0.638,Riyadh,0,3,0.0,30.8,1,0,1,1
U008577,31,0.663,Makkah,1,3,0.0,38.1,1,0,0,0
U008578,30,0.615,Asir,5,1,0.1,66.6,1,1,2,1
U008579,31,0.807,Asir,5,4,3.4,5.5,1,1,1,0
U008580,45,0.522,Riyadh,0,1,2.9,47.2,0,1,3,1
U008581,27,0.588,Madinah,2,3,2.6,24.8,1,0,1,0
U008582,32,0.417,Eastern,4,2,3.8,11.1,1,0,1,0
U008583,39,0.089,Makkah,1,4,1.9,1.9,0,0,0,1
U008584,44,0.495,Makkah,1,6,0.0,59.0,1,1,1,0
U008585,23,0.282,Makkah,1,0,1.9,50.4,1,0,0,0
U008586,56,0.656,Riyadh,0,0,1.6,23.8,1,1,1,0
U008587,35,0.162,Riyadh,0,1,1.8,9.8,1,0,1,1
U008588,43,0.757,Makkah,1,2,1.5,6.6,0,1,0,0
U008589,33,0.601,Makkah,1,4,1.9,30.2,1,0,0,1
U008590,60,0.706,Riyadh,0,1,1.2,21.3,1,0,1,1
U008591,50,0.376,Eastern,4,1,0.0,38.3,1,0,0,1
U008592,46,0.328,Hail,7,3,1.8,70.9,1,0,1,1
U008593,63,0.645,Riyadh,0,5,4.0,31.9,1,0,1,0
U008594,67,0.737,Jazan,9,5,1.0,8.1,0,1,4,1
U008595,51,0.487,Jazan,9,0,3.7,8.9,0,0,0,1
U008596,61,0.552,Eastern,4,4,3.2,13.2,1,1,1,1
U008597,50,0.157,Riyadh,0,3,1.2,31.6,1,0,1,0
U008598,40,0.835,Al Jawf,12,0,0.6,52.7,0,0,0,0
U008599,44,0.702,Jazan,9,4,2.9,13.5,1,1,0,1
U008600,64,0.79,Makkah,1,5,0.0,18.1,1,1,0,0
U008601,62,0.793,Qassim,3,10,1.0,12.6,1,1,1,1
U008602,58,0.216,Eastern,4,1,2.3,24.6,0,0,0,0
U008603,26,0.623,Makkah,1,2,0.0,19.8,1,0,0,1
U008604,38,0.692,Madinah,2,4,2.3,14.8,1,0,4,1
U008605,55,0.474,Makkah,1,2,1.0,20.0,1,0,0,0
U008606,27,0.289,Tabuk,6,2,2.4,13.8,1,0,0,1
U008607,66,0.186,Riyadh,0,2,3.6,10.5,0,0,0,0
U008608,69,0.215,Al Jawf,12,2,4.8,32.2,0,1,0,1
U008609,59,0.428,Jazan,9,2,0.1,7.0,1,0,0,1
U008610,67,0.426,Makkah,1,3,3.6,23.7,1,1,2,1
U008611,40,0.127,Madinah,2,1,1.3,0.9,1,0,0,0
U008612,42,0.796,Qassim,3,3,1.9,12.3,1,0,0,0
U008613,31,0.688,Makkah,1,5,3.3,1.4,0,1,3,1
U008614,21,0.31,Riyadh,0,3,0.3,17.6,1,0,0,1
U008615,37,0.586,Najran,10,2,2.0,75.0,1,0,1,1
U008616,36,0.441,Al Bahah,11,2,0.6,28.5,1,0,1,1
U008617,46,0.142,Makkah,1,3,0.0,20.9,1,1,1,0
U008618,62,0.722,Northern Borders,8,2,2.0,54.9,1,1,1,1
U008619,46,0.461,Jazan,9,3,2.9,17.7,1,0,1,0
U008620,26,0.14,Qassim,3,1,1.6,31.3,1,0,0,1
U008621,20,0.334,Makkah,1,6,3.2,31.9,1,1,1,1
U008622,52,0.198,Makkah,1,2,1.4,6.7,1,0,2,1
U008623,54,0.037,Madinah,2,4,1.8,52.2,0,1,1,0
U008624,25,0.774,Riyadh,0,5,2.6,48.6,1,0,0,1
U008625,44,0.509,Riyadh,0,4,2.1,34.1,1,0,0,1
U008626,56,0.727,Madinah,2,2,1.7,66.0,1,1,3,1
U008627,64,0.233,Eastern,4,2,2.7,20.4,1,1,0,0
U008628,25,0.574,Riyadh,0,2,0.0,59.1,1,1,2,1
U008629,62,0.746,Makkah,1,4,1.8,13.5,1,1,2,1
U008630,38,0.487,Makkah,1,1,2.0,5.4,0,0,0,1
U008631,33,0.593,Riyadh,0,3,0.0,66.4,1,1,1,1
U008632,20,0.438,Northern Borders,8,4,2.5,19.0,1,1,0,1
U008633,64,0.354,Riyadh,0,3,2.2,19.2,1,1,0,1
U008634,37,0.707,Riyadh,0,1,0.0,56.8,1,0,0,1
U008635,60,0.592,Riyadh,0,1,1.1,1.9,1,0,1,1
U008636,36,0.898,Makkah,1,7,1.0,36.8,1,1,1,1
U008637,54,0.774,Asir,5,4,0.8,14.1,1,1,0,0
U008638,32,0.785,Northern Borders,8,2,1.5,6.9,1,1,1,1
U008639,60,0.511,Qassim,3,2,3.4,16.9,0,0,0,0
U008640,43,0.327,Makkah,1,2,3.9,25.0,1,0,1,0
U008641,43,0.262,Asir,5,3,3.7,12.8,1,1,1,0
U008642,24,0.575,Al Jawf,12,4,0.0,37.4,1,0,1,1
U008643,55,0.381,Hail,7,2,1.9,26.0,1,0,1,0
U008644,33,0.251,Tabuk,6,1,2.3,7.0,1,0,0,0
U008645,26,0.424,Riyadh,0,2,2.4,20.9,1,1,0,1
U008646,35,0.507,Eastern,4,3,2.6,10.8,1,0,0,1
U008647,37,0.61,Jazan,9,3,2.1,33.9,0,1,0,1
U008648,29,0.397,Riyadh,0,2,1.1,7.3,1,0,0,0
U008649,62,0.865,Makkah,1,2,2.6,27.1,1,1,1,0
U008650,40,0.806,Eastern,4,4,0.1,30.9,1,0,1,0
U008651,42,0.277,Makkah,1,4,0.9,30.0,1,0,1,1
U008652,18,0.285,Eastern,4,1,4.9,74.8,1,1,2,0
U008653,25,0.539,Riyadh,0,1,4.1,17.1,1,0,0,0
U008654,34,0.678,Tabuk,6,2,1.1,32.0,1,1,1,0
U008655,45,0.413,Madinah,2,7,0.8,19.8,0,1,3,1
U008656,65,0.468,Riyadh,0,1,1.8,26.8,1,0,2,0
U008657,40,0.428,Asir,5,2,1.2,23.0,1,0,0,0
U008658,66,0.894,Jazan,9,6,0.5,22.4,1,1,0,1
U008659,63,0.331,Al Jawf,12,6,2.2,27.2,1,0,2,1
U008660,20,0.711,Qassim,3,4,0.7,1.1,1,1,1,1
U008661,51,0.623,Riyadh,0,3,3.3,16.0,1,0,2,0
U008662,36,0.322,Riyadh,0,5,1.0,27.5,1,0,1,1
U008663,68,0.403,Asir,5,0,3.7,12.3,0,0,0,0
U008664,59,0.617,Riyadh,0,4,1.7,9.5,1,0,0,0
U008665,37,0.538,Northern Borders,8,4,1.4,28.1,1,0,2,1
U008666,20,0.836,Makkah,1,3,0.9,24.8,1,1,3,1
U008667,19,0.563,Makkah,1,1,1.2,14.5,1,0,2,1
U008668,54,0.079,Riyadh,0,1,3.5,18.8,1,0,1,0
U008669,41,0.448,Riyadh,0,1,1.5,33.1,1,1,1,1
U008670,19,0.524,Riyadh,0,4,2.4,17.9,1,1,3,0
U008671,52,0.144,Qassim,3,2,1.9,31.0,1,0,0,1
U008672,61,0.16,Riyadh,0,1,1.8,92.5,1,0,3,1
U008673,60,0.427,Madinah,2,4,6.0,15.0,1,1,1,1
U008674,67,0.139,Tabuk,6,3,3.6,40.8,1,0,0,0
U008675,55,0.757,Riyadh,0,6,2.2,4.3,0,0,1,0
U008676,18,0.457,Riyadh,0,3,1.7,34.8,1,1,0,0
U008677,26,0.409,Qassim,3,2,2.0,30.4,1,0,0,0
U008678,55,0.37,Riyadh,0,3,1.7,45.1,1,0,0,0
U008679,42,0.239,Tabuk,6,4,3.2,9.1,1,0,1,1
U008680,58,0.892,Makkah,1,2,2.0,7.5,1,1,3,0
U008681,67,0.482,Riyadh,0,4,1.4,8.7,1,0,0,0
U008682,21,0.387,Makkah,1,1,2.9,18.8,0,1,1,0
U008683,51,0.619,Riyadh,0,4,0.2,28.2,1,1,0,0
U008684,30,0.77,Riyadh,0,4,2.9,14.9,1,0,0,0
U008685,38,0.278,Asir,5,3,0.6,2.0,1,0,1,0
U008686,40,0.311,Asir,5,0,3.1,21.1,1,0,0,0
U008687,37,0.452,Eastern,4,2,5.6,13.1,1,1,0,0
U008688,63,0.508,Asir,5,4,3.6,25.1,1,0,1,1
U008689,69,0.383,Eastern,4,2,3.6,52.2,1,0,2,0
U008690,21,0.611,Qassim,3,3,0.2,35.7,1,0,1,0
U008691,59,0.668,Riyadh,0,2,2.3,30.5,1,1,2,1
U008692,49,0.496,Asir,5,5,0.1,49.3,0,0,0,0
U008693,36,0.581,Makkah,1,3,0.8,23.0,1,1,0,0
U008694,23,0.653,Eastern,4,3,2.9,9.1,1,0,1,1
U008695,66,0.393,Madinah,2,5,3.0,27.7,1,1,0,1
U008696,35,0.689,Northern Borders,8,4,3.7,6.0,1,1,1,1
U008697,22,0.347,Riyadh,0,2,2.9,52.6,1,1,1,0
U008698,35,0.246,Eastern,4,3,5.8,10.9,1,1,2,1
U008699,45,0.672,Eastern,4,1,3.1,3.2,1,0,0,0
U008700,41,0.242,Makkah,1,2,2.7,9.4,1,0,1,1
U008701,67,0.882,Tabuk,6,3,1.5,19.8,1,0,0,0
U008702,56,0.812,Tabuk,6,4,0.6,64.8,1,0,1,0
U008703,27,0.796,Riyadh,0,6,0.9,17.9,1,1,4,1
U008704,57,0.639,Makkah,1,2,2.4,23.5,1,0,0,0
U008705,19,0.444,Madinah,2,2,4.8,55.6,1,0,1,1
U008706,52,0.132,Eastern,4,2,2.6,6.6,1,1,2,0
U008707,69,0.534,Eastern,4,4,0.3,1.8,1,0,0,0
U008708,49,0.176,Riyadh,0,1,1.6,8.0,1,0,0,0
U008709,65,0.152,Riyadh,0,1,1.4,14.4,1,0,1,0
U008710,69,0.295,Madinah,2,4,4.6,13.0,1,0,0,1
U008711,42,0.531,Makkah,1,2,1.3,28.5,1,0,0,0
U008712,23,0.428,Makkah,1,5,5.3,28.5,1,1,1,0
U008713,37,0.131,Eastern,4,2,4.6,13.2,1,0,1,0
U008714,26,0.656,Madinah,2,4,2.3,33.9,1,1,1,0
U008715,44,0.689,Riyadh,0,6,2.8,20.7,1,1,1,1
U008716,21,0.427,Riyadh,0,6,1.8,20.8,1,0,0,1
U008717,56,0.243,Najran,10,0,2.1,74.6,0,0,1,0
U008718,40,0.433,Makkah,1,5,1.4,9.3,1,0,0,1
U008719,25,0.523,Makkah,1,5,1.0,42.4,1,0,0,1
U008720,35,0.159,Riyadh,0,2,2.7,19.3,1,0,1,0
U008721,25,0.631,Riyadh,0,1,0.0,7.7,1,1,3,1
U008722,30,0.606,Hail,7,3,1.2,38.7,1,1,1,1
U008723,61,0.761,Eastern,4,6,0.0,26.0,1,0,0,1
U008724,40,0.419,Northern Borders,8,2,2.1,25.0,1,1,2,0
U008725,42,0.253,Eastern,4,1,4.0,18.1,1,1,2,1
U008726,35,0.596,Makkah,1,3,2.5,10.6,1,0,0,1
U008727,51,0.362,Eastern,4,3,0.8,1.9,0,1,4,0
U008728,22,0.247,Makkah,1,1,2.3,21.6,1,0,0,0
U008729,26,0.087,Riyadh,0,0,3.8,17.3,1,0,1,0
U008730,46,0.775,Makkah,1,4,0.3,13.8,1,1,1,0
U008731,48,0.908,Makkah,1,5,0.8,21.9,1,1,0,1
U008732,40,0.713,Eastern,4,5,2.3,10.2,1,0,3,1
U008733,59,0.274,Eastern,4,4,0.5,3.0,0,1,1,1
U008734,66,0.697,Madinah,2,2,0.1,26.2,1,0,0,1
U008735,36,0.517,Madinah,2,2,4.4,18.5,1,1,0,1
U008736,21,0.404,Jazan,9,4,3.2,23.0,0,1,1,1
U008737,68,0.558,Riyadh,0,2,1.6,9.2,1,1,3,1
U008738,28,0.798,Riyadh,0,4,0.9,9.1,1,1,1,1
U008739,35,0.414,Riyadh,0,4,3.2,3.3,1,0,1,0
U008740,18,0.468,Makkah,1,1,2.4,7.9,1,0,0,1
U008741,43,0.282,Al Jawf,12,1,1.0,45.0,1,0,1,0
U008742,56,0.612,Makkah,1,4,0.9,51.4,1,0,1,1
U008743,60,0.375,Riyadh,0,1,2.8,5.7,1,0,2,0
U008744,68,0.696,Makkah,1,6,1.6,27.4,0,1,1,0
U008745,40,0.63,Makkah,1,6,3.4,14.6,1,0,0,0
U008746,46,0.524,Eastern,4,4,2.2,18.9,1,1,1,0
U008747,56,0.833,Makkah,1,5,0.0,11.7,1,1,0,1
U008748,28,0.685,Riyadh,0,1,1.6,19.8,0,0,0,0
U008749,42,0.572,Eastern,4,3,0.0,18.4,1,1,0,0
U008750,42,0.637,Tabuk,6,3,4.1,22.4,1,0,1,1
U008751,63,0.634,Riyadh,0,4,2.0,50.8,1,1,0,0
U008752,57,0.583,Tabuk,6,5,0.0,45.7,1,1,3,1
U008753,49,0.474,Riyadh,0,3,3.4,18.1,1,1,0,0
U008754,43,0.606,Eastern,4,3,1.5,35.2,1,1,0,1
U008755,53,0.089,Asir,5,2,3.0,15.0,0,1,0,0
U008756,32,0.415,Eastern,4,1,1.8,31.8,1,0,1,1
U008757,18,0.834,Riyadh,0,5,0.9,45.2,1,1,0,0
U008758,57,0.899,Najran,10,6,1.5,39.7,1,1,1,1
U008759,26,0.344,Riyadh,0,4,2.9,12.7,1,0,1,1
U008760,25,0.576,Riyadh,0,3,0.7,25.0,1,0,0,0
U008761,24,0.279,Makkah,1,4,2.5,8.7,1,0,1,1
U008762,48,0.357,Riyadh,0,1,2.9,33.6,1,1,0,1
U008763,25,0.771,Asir,5,2,3.2,4.2,1,0,2,0
U008764,45,0.523,Makkah,1,2,1.1,19.4,1,1,0,0
U008765,35,0.565,Makkah,1,10,0.6,19.2,1,1,0,1
U008766,63,0.608,Makkah,1,4,0.2,23.8,1,0,0,0
U008767,41,0.558,Riyadh,0,6,1.9,76.1,1,0,1,0
U008768,23,0.258,Eastern,4,1,1.9,13.2,1,0,0,1
U008769,69,0.229,Madinah,2,1,0.9,17.8,1,0,0,1
U008770,48,0.545,Eastern,4,3,4.9,16.4,0,0,0,0
U008771,24,0.445,Riyadh,0,0,2.7,14.1,1,0,1,1
U008772,30,0.357,Riyadh,0,6,3.6,17.4,1,1,2,1
U008773,63,0.818,Asir,5,7,1.2,51.6,1,0,0,1
U008774,43,0.7,Makkah,1,5,2.4,3.3,1,1,1,0
U008775,68,0.127,Riyadh,0,1,5.4,26.5,1,0,2,0
U008776,35,0.575,Makkah,1,2,1.8,4.2,1,0,0,1
U008777,51,0.623,Asir,5,6,2.6,6.1,1,1,2,1
U008778,43,0.588,Qassim,3,4,1.4,32.7,1,0,0,1
U008779,59,0.243,Tabuk,6,2,4.8,29.9,1,0,0,0
U008780,62,0.453,Hail,7,3,4.2,46.7,1,0,0,1
U008781,62,0.451,Madinah,2,5,2.5,16.9,1,0,1,0
U008782,37,0.054,Qassim,3,1,1.5,22.7,1,0,1,0
U008783,47,0.441,Asir,5,4,2.1,22.6,0,0,1,0
U008784,61,0.728,Najran,10,4,1.3,24.9,0,1,1,1
U008785,53,0.306,Makkah,1,2,2.5,13.9,1,0,0,0
U008786,18,0.156,Asir,5,1,2.0,9.8,0,0,0,0
U008787,61,0.38,Eastern,4,4,2.9,13.2,1,1,0,0
U008788,47,0.051,Riyadh,0,2,2.8,17.7,0,0,1,0
U008789,26,0.27,Makkah,1,3,4.1,18.5,1,0,1,0
U008790,36,0.515,Makkah,1,3,2.1,41.2,1,0,3,1
U008791,51,0.584,Riyadh,0,3,1.9,17.5,1,0,0,1
U008792,61,0.898,Al Bahah,11,1,2.5,6.5,0,0,0,0
U008793,65,0.442,Eastern,4,4,2.9,55.2,1,0,0,1
U008794,32,0.49,Eastern,4,2,1.4,16.4,0,0,1,0
U008795,20,0.836,Makkah,1,4,2.9,5.8,1,0,1,1
U008796,26,0.537,Riyadh,0,2,2.8,25.2,0,1,0,1
U008797,54,0.526,Northern Borders,8,4,2.2,23.1,1,1,0,0
U008798,41,0.621,Qassim,3,4,1.6,37.8,1,0,0,1
U008799,29,0.892,Najran,10,7,3.0,7.3,1,1,3,0
U008800,52,0.307,Riyadh,0,1,0.5,29.4,1,0,0,1
U008801,25,0.41,Riyadh,0,3,2.3,17.3,1,1,0,1
U008802,45,0.868,Makkah,1,1,0.0,9.4,0,0,0,0
U008803,43,0.489,Northern Borders,8,5,0.0,42.4,1,1,1,1
U008804,53,0.38,Makkah,1,1,2.7,11.4,1,0,2,0
U008805,49,0.231,Riyadh,0,3,2.2,13.2,1,1,3,1
U008806,37,0.474,Qassim,3,3,2.2,7.8,1,0,1,1
U008807,60,0.052,Makkah,1,1,1.1,22.9,0,0,1,0
U008808,51,0.391,Qassim,3,2,3.2,11.9,1,0,0,0
U008809,49,0.346,Riyadh,0,1,2.1,6.9,0,0,0,0
U008810,62,0.597,Riyadh,0,1,3.1,9.5,1,1,2,1
U008811,59,0.548,Eastern,4,5,2.0,7.8,1,0,0,0
U008812,51,0.205,Makkah,1,1,2.0,60.8,1,0,0,0
U008813,52,0.386,Riyadh,0,2,2.4,24.2,1,0,3,1
U008814,54,0.57,Makkah,1,0,1.4,19.7,1,0,0,0
U008815,32,0.384,Qassim,3,4,0.9,41.2,1,1,0,1
U008816,44,0.786,Makkah,1,3,0.6,17.2,1,1,2,0
U008817,58,0.38,Riyadh,0,2,0.7,26.9,1,1,1,0
U008818,30,0.295,Hail,7,2,1.9,13.6,1,1,0,1
U008819,45,0.594,Riyadh,0,6,2.9,57.9,1,1,0,0
U008820,36,0.305,Eastern,4,3,3.9,4.4,0,1,0,1
U008821,30,0.4,Madinah,2,1,3.3,24.4,1,1,2,1
U008822,62,0.246,Riyadh,0,0,2.8,22.1,1,1,1,0
U008823,44,0.671,Asir,5,2,0.9,66.5,1,0,0,0
U008824,42,0.156,Riyadh,0,2,3.9,49.6,0,0,1,1
U008825,37,0.821,Makkah,1,5,0.8,21.3,1,1,1,1
U008826,50,0.412,Eastern,4,4,2.0,41.0,1,1,3,1
U008827,24,0.414,Riyadh,0,2,4.3,6.7,1,0,0,1
U008828,19,0.558,Makkah,1,4,0.4,17.4,0,1,1,1
U008829,32,0.334,Makkah,1,1,3.8,44.2,1,0,0,0
U008830,23,0.41,Northern Borders,8,5,4.5,41.8,1,1,2,1
U008831,48,0.424,Al Jawf,12,2,3.2,24.0,1,0,0,1
U008832,49,0.064,Hail,7,2,3.0,17.2,1,0,0,0
U008833,52,0.851,Madinah,2,5,3.0,20.1,0,0,1,0
U008834,59,0.465,Al Bahah,11,4,2.9,5.6,1,1,2,1
U008835,54,0.392,Riyadh,0,3,2.1,44.8,1,1,0,1
U008836,26,0.656,Tabuk,6,3,0.7,22.4,1,0,3,1
U008837,32,0.268,Madinah,2,2,0.9,49.9,1,0,1,0
U008838,37,0.683,Eastern,4,3,2.1,24.0,0,1,1,0
U008839,43,0.231,Hail,7,1,3.9,49.9,1,1,2,1
U008840,40,0.483,Riyadh,0,5,0.8,14.0,1,0,1,1
U008841,21,0.411,Riyadh,0,2,3.2,20.7,1,0,0,1
U008842,61,0.462,Qassim,3,4,4.4,17.9,0,1,1,0
U008843,57,0.348,Riyadh,0,3,3.2,6.8,0,0,1,1
U008844,63,0.495,Hail,7,2,1.7,7.4,1,1,0,0
U008845,49,0.558,Makkah,1,3,1.9,43.2,1,0,1,1
U008846,66,0.862,Madinah,2,1,1.1,7.3,1,0,0,1
U008847,65,0.152,Asir,5,0,2.4,16.6,1,0,1,1
U008848,30,0.503,Makkah,1,2,1.3,6.6,0,0,2,0
U008849,24,0.089,Makkah,1,2,1.0,9.9,1,0,0,0
U008850,62,0.597,Qassim,3,3,3.0,21.5,1,0,0,0
U008851,63,0.862,Eastern,4,2,3.9,19.5,0,0,0,0
U008852,40,0.454,Eastern,4,6,3.7,17.7,1,0,2,0
U008853,36,0.585,Qassim,3,2,0.9,20.9,1,1,2,1
U008854,60,0.917,Makkah,1,5,3.4,24.7,0,1,2,1
U008855,68,0.89,Eastern,4,3,1.1,3.6,1,1,4,1
U008856,37,0.854,Eastern,4,3,0.4,23.1,1,0,1,0
U008857,53,0.981,Madinah,2,3,1.3,48.9,1,1,3,1
U008858,34,0.208,Asir,5,3,2.7,20.1,0,1,0,0
U008859,38,0.441,Riyadh,0,4,0.0,24.0,1,1,3,1
U008860,51,0.495,Makkah,1,0,0.7,13.0,0,0,0,1
U008861,67,0.606,Riyadh,0,1,0.0,12.0,1,0,0,1
U008862,19,0.489,Al Jawf,12,2,2.6,14.0,1,1,0,1
U008863,20,0.272,Riyadh,0,3,2.0,6.7,1,0,0,0
U008864,33,0.457,Riyadh,0,1,1.8,7.1,1,0,0,0
U008865,69,0.471,Riyadh,0,3,2.0,24.7,1,0,0,0
U008866,55,0.431,Makkah,1,1,3.2,23.5,0,0,0,1
U008867,58,0.342,Makkah,1,2,3.7,21.0,1,0,0,0
U008868,24,0.628,Makkah,1,2,0.3,52.2,1,1,2,0
U008869,20,0.484,Najran,10,4,1.4,16.3,1,1,1,1
U008870,23,0.364,Madinah,2,3,2.0,28.8,1,1,1,0
U008871,64,0.522,Makkah,1,0,0.6,61.5,1,1,1,1
U008872,56,0.113,Madinah,2,0,1.6,1.5,0,0,0,1
U008873,46,0.563,Makkah,1,3,3.1,22.2,0,0,0,0
U008874,57,0.942,Eastern,4,4,1.6,7.0,0,1,2,1
U008875,61,0.217,Riyadh,0,3,3.1,27.4,1,0,2,1
U008876,37,0.921,Madinah,2,2,2.7,5.5,0,1,0,1
U008877,64,0.76,Najran,10,1,1.7,14.0,1,0,0,1
U008878,68,0.533,Madinah,2,3,2.7,24.4,1,1,1,1
U008879,48,0.355,Makkah,1,1,0.0,48.2,1,0,1,0
U008880,36,0.644,Najran,10,1,2.6,26.1,1,0,0,1
U008881,35,0.61,Eastern,4,5,2.1,6.4,1,0,1,1
U008882,45,0.315,Eastern,4,4,1.3,23.7,1,1,2,0
U008883,28,0.287,Madinah,2,1,2.5,20.8,1,1,3,1
U008884,62,0.187,Eastern,4,1,2.5,19.5,0,0,0,0
U008885,22,0.594,Al Jawf,12,10,1.9,58.0,1,1,0,1
U008886,38,0.379,Makkah,1,3,2.2,21.3,1,0,0,0
U008887,27,0.327,Makkah,1,2,3.3,49.3,0,0,0,1
U008888,32,0.023,Makkah,1,1,2.1,18.4,1,0,0,1
U008889,41,0.417,Riyadh,0,4,1.3,7.0,0,0,0,1
U008890,63,0.428,Riyadh,0,1,1.6,6.9,1,0,1,0
U008891,37,0.458,Eastern,4,3,1.4,10.7,1,0,0,0
U008892,53,0.424,Madinah,2,1,3.0,22.7,1,0,2,1
U008893,53,0.788,Makkah,1,2,0.0,14.2,0,1,0,0
U008894,49,0.847,Asir,5,4,0.0,12.7,0,0,0,1
U008895,35,0.259,Riyadh,0,1,1.7,16.4,1,0,0,1
U008896,34,0.624,Hail,7,5,2.9,5.3,1,0,0,1
U008897,18,0.373,Jazan,9,4,2.5,29.9,1,0,0,1
U008898,60,0.047,Tabuk,6,1,4.3,29.1,1,0,0,0
U008899,31,0.235,Makkah,1,1,1.4,6.0,0,0,1,0
U008900,65,0.751,Qassim,3,2,2.6,17.3,1,0,1,1
U008901,19,0.504,Eastern,4,4,0.6,32.3,1,0,0,1
U008902,57,0.867,Riyadh,0,7,2.4,35.7,1,1,0,0
U008903,30,0.52,Eastern,4,2,3.5,8.9,0,1,1,0
U008904,18,0.758,Jazan,9,2,1.0,25.0,1,1,1,0
U008905,24,0.164,Eastern,4,4,2.6,32.1,1,0,1,0
U008906,37,0.422,Riyadh,0,4,4.4,30.2,0,0,1,1
U008907,44,0.86,Eastern,4,5,1.5,66.3,1,1,2,1
U008908,23,0.137,Eastern,4,3,2.4,14.1,0,0,2,1
U008909,19,0.781,Qassim,3,5,0.0,10.2,1,1,0,1
U008910,30,0.664,Eastern,4,4,1.5,27.7,1,0,1,1
U008911,56,0.596,Riyadh,0,3,2.6,19.2,1,1,5,1
U008912,26,0.714,Jazan,9,3,0.0,2.5,1,1,2,1
U008913,51,0.974,Qassim,3,7,0.0,3.9,1,1,1,1
U008914,68,0.712,Asir,5,4,0.9,4.6,1,1,3,1
U008915,45,0.172,Eastern,4,4,1.6,13.2,1,0,1,0
U008916,24,0.222,Madinah,2,3,1.8,21.0,1,0,0,1
U008917,49,0.233,Al Bahah,11,0,2.9,46.1,1,0,0,0
U008918,55,0.677,Makkah,1,4,3.8,26.9,1,0,0,1
U008919,69,0.189,Makkah,1,0,2.1,38.0,1,0,0,0
U008920,39,0.793,Eastern,4,3,1.8,39.3,0,1,1,1
U008921,57,0.872,Makkah,1,2,1.0,37.5,1,1,1,1
U008922,46,0.56,Riyadh,0,4,4.2,49.6,1,1,2,1
U008923,31,0.454,Makkah,1,7,2.9,6.5,1,1,3,1
U008924,64,0.438,Makkah,1,1,1.8,15.1,0,0,1,0
U008925,34,0.454,Eastern,4,4,2.2,14.4,1,0,0,0
U008926,30,0.66,Makkah,1,1,2.1,64.3,1,0,0,0
U008927,48,0.571,Riyadh,0,5,3.8,21.0,1,1,2,0
U008928,25,0.402,Riyadh,0,3,0.7,32.1,1,0,0,1
U008929,23,0.606,Qassim,3,7,1.7,7.1,1,0,1,1
U008930,64,0.588,Makkah,1,5,0.5,70.0,1,0,0,0
U008931,23,0.387,Riyadh,0,2,1.2,25.1,1,1,0,0
U008932,31,0.477,Al Bahah,11,1,2.1,10.1,1,0,0,1
U008933,27,0.245,Riyadh,0,3,2.9,32.0,0,0,1,0
U008934,34,0.462,Madinah,2,2,1.7,68.8,1,1,1,1
U008935,27,0.381,Najran,10,3,3.6,24.8,1,1,3,1
U008936,60,0.118,Riyadh,0,2,1.6,19.9,1,0,0,0
U008937,52,0.704,Makkah,1,1,1.3,30.6,0,0,1,1
U008938,32,0.958,Riyadh,0,5,0.0,28.9,1,1,2,1
U008939,40,0.713,Eastern,4,3,0.1,24.6,1,1,1,0
U008940,45,0.08,Makkah,1,5,3.2,8.3,1,1,3,1
U008941,31,0.788,Riyadh,0,3,0.7,10.5,0,1,1,1
U008942,31,0.509,Jazan,9,6,2.3,10.8,1,1,1,0
U008943,18,0.675,Riyadh,0,6,1.4,28.6,0,1,1,1
U008944,45,0.104,Makkah,1,3,3.1,5.3,0,0,0,0
U008945,46,0.656,Makkah,1,2,1.8,50.1,1,1,0,1
U008946,23,0.545,Eastern,4,3,0.1,13.3,0,0,1,1
U008947,19,0.717,Najran,10,5,1.6,21.9,1,1,1,1
U008948,47,0.105,Makkah,1,4,2.2,41.5,1,0,0,1
U008949,54,0.782,Makkah,1,2,0.2,22.6,1,1,1,1
U008950,66,0.634,Makkah,1,1,1.8,30.9,1,0,1,1
U008951,59,0.518,Al Bahah,11,7,1.5,7.6,0,1,1,1
U008952,24,0.781,Makkah,1,0,1.0,34.8,1,0,1,0
U008953,65,0.352,Riyadh,0,1,2.9,5.8,0,0,1,1
U008954,29,0.741,Riyadh,0,6,1.5,9.4,1,0,1,1
U008955,39,0.568,Asir,5,3,2.4,64.0,1,0,3,1
U008956,28,0.456,Makkah,1,2,3.8,14.0,1,0,1,0
U008957,56,0.332,Eastern,4,1,3.0,6.0,1,0,0,0
U008958,22,0.495,Eastern,4,2,3.1,13.2,1,1,3,1
U008959,53,0.358,Hail,7,3,3.0,9.6,1,0,0,1
U008960,40,0.646,Al Jawf,12,2,2.0,9.2,1,0,0,0
U008961,31,0.017,Makkah,1,0,2.8,35.8,1,0,0,1
U008962,28,0.41,Qassim,3,2,3.3,30.2,1,0,1,0
U008963,38,0.368,Eastern,4,1,2.7,26.1,1,1,1,1
U008964,42,0.329,Eastern,4,3,3.1,14.7,1,0,1,1
U008965,36,0.445,Tabuk,6,4,0.2,14.9,0,0,0,0
U008966,18,0.646,Northern Borders,8,3,2.2,9.8,1,1,5,0
U008967,26,0.394,Madinah,2,3,4.1,28.5,1,1,1,0
U008968,34,0.488,Makkah,1,5,0.1,12.2,0,1,2,1
U008969,22,0.514,Eastern,4,2,2.0,13.8,1,0,0,1
U008970,54,0.825,Riyadh,0,4,0.7,13.3,0,1,0,1
U008971,44,0.796,Makkah,1,4,0.3,43.5,1,1,0,0
U008972,38,0.51,Northern Borders,8,2,3.3,21.2,1,0,2,1
U008973,50,0.472,Eastern,4,4,3.4,20.1,1,1,0,1
U008974,55,0.802,Makkah,1,3,1.8,25.2,1,1,3,1
U008975,38,0.528,Riyadh,0,3,1.9,51.2,1,1,1,0
U008976,35,0.147,Madinah,2,0,2.6,20.2,1,0,1,0
U008977,26,0.889,Al Bahah,11,2,0.0,5.8,1,1,3,1
U008978,40,0.613,Makkah,1,0,3.3,33.4,1,0,0,1
U008979,21,0.108,Tabuk,6,2,4.0,17.8,1,0,0,1
U008980,21,0.081,Eastern,4,1,1.2,2.7,0,0,0,1
U008981,43,0.053,Asir,5,0,3.3,18.0,1,0,0,0
U008982,26,0.168,Makkah,1,3,3.6,29.6,1,1,1,1
U008983,25,0.664,Eastern,4,5,0.7,24.0,1,1,0,0
U008984,48,0.674,Eastern,4,4,0.6,14.6,0,1,2,1
U008985,39,0.503,Makkah,1,1,3.6,6.4,1,1,0,1
U008986,53,0.132,Makkah,1,1,2.2,64.6,1,0,1,0
U008987,40,0.351,Eastern,4,1,3.4,34.9,1,0,0,0
U008988,48,0.625,Jazan,9,3,1.9,17.0,1,1,3,1
U008989,46,0.603,Riyadh,0,4,2.6,17.5,1,0,0,1
U008990,20,0.71,Jazan,9,7,1.3,18.4,0,1,0,1
U008991,28,0.188,Asir,5,1,1.4,19.0,1,0,1,0
U008992,21,0.866,Al Bahah,11,1,1.7,53.3,1,1,0,1
U008993,62,0.379,Makkah,1,4,2.2,45.7,1,0,0,1
U008994,18,0.53,Eastern,4,5,2.7,11.2,0,1,4,1
U008995,67,0.384,Riyadh,0,1,2.1,17.2,1,0,0,0
U008996,22,0.481,Riyadh,0,6,3.2,8.0,0,1,2,1
U008997,56,0.392,Makkah,1,1,1.9,19.2,1,1,3,1
U008998,60,0.33,Tabuk,6,3,3.9,60.9,1,0,0,0
U008999,24,0.481,Jazan,9,0,2.3,11.2,1,1,0,0
U009000,35,0.703,Makkah,1,5,4.6,22.6,1,1,0,1
U009001,65,0.651,Riyadh,0,2,3.5,91.1,1,1,2,1
U009002,23,0.884,Makkah,1,8,1.0,15.2,1,1,1,1
U009003,61,0.254,Eastern,4,1,1.1,3.7,1,0,1,0
U009004,41,0.409,Riyadh,0,3,0.8,6.2,0,0,0,1
U009005,56,0.308,Eastern,4,1,0.0,20.2,0,0,1,0
U009006,27,0.681,Asir,5,1,1.3,6.8,1,0,0,1
U009007,28,0.642,Eastern,4,3,3.1,25.2,1,1,0,1
U009008,44,0.638,Riyadh,0,2,2.2,30.3,1,1,0,0
U009009,43,0.314,Makkah,1,2,3.3,42.4,1,0,1,1
U009010,33,0.62,Qassim,3,3,4.7,41.9,1,1,3,1
U009011,60,0.826,Riyadh,0,3,1.2,9.5,1,1,1,1
U009012,57,0.657,Eastern,4,2,1.0,18.3,1,0,0,1
U009013,23,0.839,Riyadh,0,5,2.6,20.4,1,0,0,1
U009014,47,0.552,Makkah,1,4,2.5,22.3,0,1,3,1
U009015,34,0.351,Riyadh,0,2,1.4,14.5,1,0,0,1
U009016,28,0.481,Riyadh,0,1,3.4,6.2,0,0,0,1
U009017,47,0.518,Makkah,1,1,1.7,36.3,1,1,1,1
U009018,28,0.464,Eastern,4,1,1.6,4.9,1,1,0,1
U009019,38,0.666,Riyadh,0,4,3.5,21.3,1,1,0,1
U009020,41,0.044,Madinah,2,1,2.4,7.0,0,0,0,0
U009021,48,0.863,Riyadh,0,6,1.6,49.0,1,1,0,1
U009022,46,0.554,Asir,5,4,2.3,21.5,1,0,0,1
U009023,64,0.484,Riyadh,0,4,3.3,24.5,1,1,1,0
U009024,27,0.43,Al Bahah,11,4,1.1,14.4,0,1,0,1
U009025,44,0.445,Makkah,1,5,0.6,5.9,1,0,0,0
U009026,59,0.887,Makkah,1,2,1.1,15.0,1,1,5,1
U009027,39,0.162,Eastern,4,1,3.5,31.0,1,0,1,1
U009028,40,0.332,Jazan,9,1,4.6,15.6,1,1,0,1
U009029,34,0.2,Riyadh,0,1,3.0,18.5,1,0,0,0
U009030,46,0.744,Asir,5,1,1.2,17.3,1,1,2,1
U009031,28,0.453,Riyadh,0,2,1.3,20.5,1,0,2,1
U009032,29,0.576,Riyadh,0,3,0.0,18.0,1,1,1,0
U009033,25,0.197,Eastern,4,3,4.2,16.2,0,0,0,0
U009034,28,0.438,Eastern,4,4,2.1,42.8,1,0,1,0
U009035,34,0.224,Makkah,1,1,2.0,35.9,1,0,1,1
U009036,33,0.264,Jazan,9,2,2.7,40.8,1,1,1,1
U009037,48,0.597,Makkah,1,3,2.0,15.0,1,1,1,1
U009038,18,0.282,Jazan,9,0,5.5,28.7,0,0,0,1
U009039,25,0.659,Qassim,3,3,3.4,27.0,1,1,0,1
U009040,23,0.637,Riyadh,0,7,3.1,30.5,1,0,3,1
U009041,52,0.835,Al Jawf,12,5,2.4,10.1,0,1,2,1
U009042,45,0.401,Jazan,9,1,1.4,13.9,0,0,0,0
U009043,48,0.141,Eastern,4,1,2.0,31.8,1,0,0,1
U009044,26,0.651,Eastern,4,2,0.2,30.2,1,0,0,0
U009045,45,0.593,Hail,7,1,0.9,45.2,1,1,1,0
U009046,24,0.536,Madinah,2,2,2.9,21.6,1,1,1,1
U009047,62,0.132,Jazan,9,3,3.8,24.6,0,0,0,0
U009048,63,0.632,Riyadh,0,1,1.6,18.7,1,1,2,1
U009049,19,0.796,Eastern,4,7,3.0,8.2,1,1,0,1
U009050,55,0.108,Riyadh,0,0,1.6,55.2,1,0,0,1
U009051,31,0.494,Riyadh,0,9,3.1,24.7,1,1,1,0
U009052,57,0.386,Makkah,1,2,1.6,2.9,0,0,0,1
U009053,64,0.474,Riyadh,0,2,1.2,1.9,1,0,1,0
U009054,24,0.468,Riyadh,0,4,0.5,20.6,1,0,0,0
U009055,25,0.289,Makkah,1,3,1.4,27.9,1,1,1,0
U009056,36,0.892,Madinah,2,5,2.0,24.6,1,1,1,1
U009057,44,0.642,Riyadh,0,5,2.3,4.3,1,1,3,0
U009058,35,0.588,Riyadh,0,6,2.8,17.7,1,1,2,1
U009059,30,0.141,Madinah,2,2,2.8,11.9,0,0,0,0
U009060,40,0.317,Makkah,1,4,1.9,33.6,1,0,2,1
U009061,54,0.587,Najran,10,6,2.2,17.1,1,1,0,0
U009062,69,0.376,Jazan,9,1,3.4,30.8,0,0,1,1
U009063,65,0.757,Riyadh,0,4,1.8,19.3,1,1,1,1
U009064,45,0.348,Eastern,4,1,0.4,36.3,1,1,0,1
U009065,28,0.31,Eastern,4,2,2.6,21.2,0,1,2,0
U009066,50,0.864,Makkah,1,1,0.2,13.8,1,1,2,1
U009067,33,0.515,Riyadh,0,2,3.1,34.9,1,0,0,1
U009068,68,0.9,Tabuk,6,2,1.2,15.0,0,1,1,1
U009069,29,0.723,Makkah,1,1,0.0,42.4,1,1,1,0
U009070,43,0.657,Makkah,1,5,3.0,15.7,0,1,2,0
U009071,34,0.585,Makkah,1,2,2.2,23.2,1,0,1,0
U009072,62,0.507,Madinah,2,3,3.5,6.7,1,0,0,1
U009073,18,0.724,Makkah,1,7,2.9,7.3,1,1,1,1
U009074,24,0.181,Riyadh,0,3,2.9,5.2,1,0,0,0
U009075,18,0.07,Eastern,4,2,2.5,6.7,1,0,2,0
U009076,39,0.594,Riyadh,0,7,1.3,17.9,0,1,2,1
U009077,49,0.653,Riyadh,0,1,1.1,30.7,1,0,0,0
U009078,56,0.774,Madinah,2,2,2.3,10.1,1,1,0,1
U009079,19,0.428,Madinah,2,2,0.7,10.1,1,0,0,1
U009080,42,0.802,Makkah,1,3,2.7,29.3,1,1,1,1
U009081,18,0.576,Asir,5,2,3.2,33.0,1,1,1,1
U009082,42,0.495,Eastern,4,1,1.9,10.8,1,0,1,1
U009083,37,0.749,Najran,10,5,1.6,20.1,0,1,1,1
U009084,64,0.706,Makkah,1,3,2.2,41.2,1,1,0,0
U009085,55,0.446,Eastern,4,5,2.8,14.5,1,0,2,1
U009086,39,0.359,Qassim,3,7,3.5,28.8,1,1,2,1
U009087,31,0.362,Al Bahah,11,1,2.6,20.5,0,0,1,1
U009088,45,0.54,Riyadh,0,2,1.4,34.4,1,1,3,0
U009089,44,0.245,Riyadh,0,4,1.1,16.2,0,0,0,0
U009090,42,0.5,Al Bahah,11,2,2.8,6.3,1,0,0,0
U009091,54,0.497,Eastern,4,3,1.4,43.9,1,1,0,0
U009092,22,0.44,Tabuk,6,1,2.8,22.3,1,1,0,1
U009093,22,0.419,Riyadh,0,4,1.7,13.3,1,1,1,0
U009094,20,0.258,Eastern,4,0,3.1,29.5,1,0,0,1
U009095,57,0.133,Eastern,4,1,3.7,28.1,1,0,0,0
U009096,28,0.414,Eastern,4,4,3.6,27.9,1,1,1,1
U009097,29,0.757,Riyadh,0,1,2.0,38.5,1,1,0,0
U009098,61,0.54,Makkah,1,2,0.6,18.8,1,1,3,0
U009099,22,0.496,Makkah,1,4,1.9,18.9,1,1,0,0
U009100,47,0.357,Eastern,4,1,1.7,25.8,0,1,4,1
U009101,39,0.451,Najran,10,0,0.8,33.6,0,0,0,0
U009102,56,0.099,Eastern,4,3,3.1,26.3,1,0,0,0
U009103,44,0.745,Qassim,3,11,4.1,23.4,1,1,0,1
U009104,49,0.174,Makkah,1,2,4.4,77.7,1,1,3,1
U009105,29,0.285,Makkah,1,5,2.9,9.6,0,0,1,0
U009106,69,0.36,Riyadh,0,2,3.3,15.7,1,1,0,0
U009107,45,0.337,Riyadh,0,1,2.3,12.5,0,0,0,1
U009108,24,0.288,Al Jawf,12,2,2.1,15.6,1,0,0,1
U009109,37,0.673,Al Jawf,12,1,2.3,17.1,1,0,0,1
U009110,66,0.847,Riyadh,0,4,0.0,16.1,1,1,0,1
U009111,43,0.644,Eastern,4,2,0.0,8.5,0,1,1,1
U009112,57,0.306,Madinah,2,1,3.3,15.3,1,0,0,0
U009113,52,0.467,Eastern,4,4,0.7,13.2,1,1,0,0
U009114,30,0.143,Makkah,1,3,2.0,15.6,0,0,0,1
U009115,51,0.204,Qassim,3,2,2.8,0.6,0,0,1,0
U009116,48,0.488,Riyadh,0,2,2.7,29.3,1,0,0,1
U009117,47,0.868,Eastern,4,5,2.3,10.7,1,0,0,1
U009118,44,0.23,Makkah,1,3,2.4,9.4,1,0,0,0
U009119,54,0.792,Eastern,4,7,1.8,61.9,1,1,1,1
U009120,46,0.633,Hail,7,3,3.5,23.0,1,0,0,0
U009121,20,0.36,Eastern,4,3,3.2,42.0,1,1,0,0
U009122,37,0.732,Riyadh,0,4,0.0,19.1,1,0,0,1
U009123,60,0.597,Eastern,4,5,3.3,42.5,1,1,1,1
U009124,60,0.503,Makkah,1,1,1.3,34.1,1,0,0,0
U009125,39,0.67,Makkah,1,5,2.6,3.9,1,0,0,0
U009126,41,0.097,Jazan,9,2,1.8,27.0,1,0,1,0
U009127,38,0.398,Jazan,9,2,1.3,16.4,0,0,0,1
U009128,64,0.585,Al Bahah,11,6,3.7,2.1,0,1,0,0
U009129,18,0.189,Riyadh,0,3,2.0,34.4,1,0,1,0
U009130,44,0.626,Tabuk,6,3,0.7,22.7,0,0,0,1
U009131,58,0.494,Al Jawf,12,6,4.4,18.3,1,1,2,1
U009132,52,0.525,Eastern,4,4,2.6,8.3,1,0,1,1
U009133,48,0.773,Qassim,3,2,0.6,1.8,1,0,1,1
U009134,28,0.758,Madinah,2,5,2.6,9.3,1,1,0,0
U009135,46,0.427,Riyadh,0,3,1.4,46.5,1,0,2,1
U009136,51,0.399,Riyadh,0,4,3.1,18.3,1,1,0,0
U009137,59,0.303,Al Jawf,12,5,1.2,56.2,1,0,1,1
U009138,67,0.842,Riyadh,0,4,0.9,20.3,1,0,0,1
U009139,35,0.517,Makkah,1,1,3.9,71.7,1,0,0,1
U009140,26,0.572,Riyadh,0,5,2.4,37.7,1,1,0,1
U009141,34,0.366,Riyadh,0,2,3.1,8.3,1,0,1,0
U009142,26,0.234,Qassim,3,3,2.7,7.8,1,1,0,0
U009143,20,0.485,Riyadh,0,2,3.8,15.8,1,0,0,1
U009144,63,0.718,Makkah,1,6,2.1,28.1,1,1,1,1
U009145,34,0.412,Qassim,3,3,1.4,24.8,1,0,0,1
U009146,33,0.624,Jazan,9,5,2.3,4.0,1,1,1,1
U009147,63,0.662,Riyadh,0,0,1.6,14.9,1,1,1,1
U009148,31,0.476,Eastern,4,3,1.4,10.5,1,0,0,1
U009149,45,0.326,Makkah,1,1,2.7,13.0,1,0,1,0
U009150,28,0.808,Asir,5,8,0.0,14.0,1,1,1,1
U009151,22,0.758,Makkah,1,6,1.0,9.0,1,0,0,1
U009152,20,0.558,Madinah,2,0,4.4,2.4,1,0,1,1
U009153,40,0.228,Madinah,2,2,3.7,12.7,1,0,0,1
U009154,30,0.326,Eastern,4,2,2.0,15.2,1,0,1,1
U009155,38,0.452,Jazan,9,5,2.8,5.7,0,0,3,1
U009156,34,0.257,Makkah,1,1,3.6,36.8,1,0,0,1
U009157,21,0.569,Al Jawf,12,5,4.3,34.2,1,0,1,1
U009158,53,0.472,Eastern,4,3,3.5,15.1,0,0,0,0
U009159,47,0.972,Hail,7,4,0.0,35.0,1,1,2,1
U009160,33,0.522,Riyadh,0,5,3.5,6.0,1,1,1,1
U009161,27,0.81,Makkah,1,2,1.1,21.6,1,0,0,1
U009162,22,0.906,Makkah,1,5,0.2,19.0,0,0,0,0
U009163,20,0.376,Makkah,1,4,5.3,6.6,1,1,3,1
U009164,66,0.324,Makkah,1,1,1.9,4.8,1,0,0,0
U009165,24,0.647,Makkah,1,4,3.0,7.0,1,1,0,1
U009166,50,0.276,Makkah,1,2,5.1,41.9,1,0,1,1
U009167,39,0.272,Makkah,1,1,2.1,13.5,1,0,1,0
U009168,62,0.468,Eastern,4,2,3.9,10.7,1,0,1,0
U009169,36,0.347,Makkah,1,0,2.7,31.7,0,0,0,0
U009170,63,0.507,Al Bahah,11,1,3.5,50.3,1,1,1,0
U009171,68,0.747,Riyadh,0,3,1.3,12.3,1,0,0,0
U009172,62,0.662,Najran,10,3,2.2,2.0,1,0,1,0
U009173,66,0.355,Madinah,2,1,3.1,10.4,0,1,1,1
U009174,30,0.441,Asir,5,8,4.5,8.7,1,0,2,1
U009175,57,0.258,Makkah,1,3,2.9,31.2,1,0,1,0
U009176,64,0.251,Eastern,4,1,2.8,9.3,0,1,1,1
U009177,62,0.694,Makkah,1,0,3.2,11.2,1,0,0,0
U009178,43,0.689,Makkah,1,3,2.6,32.4,1,0,0,1
U009179,69,0.214,Hail,7,2,1.8,73.5,1,0,1,1
U009180,36,0.674,Riyadh,0,2,3.4,9.0,0,0,1,1
U009181,31,0.095,Eastern,4,4,2.5,6.7,1,1,0,0
U009182,65,0.82,Makkah,1,6,3.3,14.8,1,0,0,1
U009183,65,0.633,Asir,5,4,2.0,5.8,0,1,1,0
U009184,19,0.516,Jazan,9,1,4.2,24.7,1,1,2,1
U009185,68,0.454,Madinah,2,5,1.1,9.9,1,1,3,0
U009186,55,0.295,Madinah,2,3,3.7,7.6,1,0,0,1
U009187,20,0.387,Eastern,4,3,1.9,17.2,1,1,2,0
U009188,59,0.884,Riyadh,0,6,0.5,33.3,1,1,1,1
U009189,20,0.451,Hail,7,0,3.4,33.4,1,0,1,1
U009190,42,0.715,Makkah,1,4,0.8,19.2,1,1,2,0
U009191,54,0.905,Eastern,4,5,1.3,55.9,1,1,3,1
U009192,56,0.578,Najran,10,2,3.7,39.0,1,0,1,1
U009193,35,0.71,Riyadh,0,5,2.2,3.0,1,0,1,0
U009194,58,0.838,Northern Borders,8,3,2.5,14.6,1,1,1,0
U009195,34,0.186,Riyadh,0,3,1.1,16.1,1,0,1,1
U009196,22,0.529,Tabuk,6,3,2.5,10.6,1,0,0,1
U009197,69,0.098,Riyadh,0,1,2.8,23.2,1,1,0,0
U009198,58,0.317,Qassim,3,4,1.9,46.0,0,0,0,0
U009199,25,0.359,Eastern,4,5,4.7,46.2,1,0,0,1
U009200,22,0.577,Riyadh,0,4,1.6,36.5,1,1,1,0
U009201,43,0.554,Eastern,4,2,0.0,27.1,1,1,2,1
U009202,51,0.609,Riyadh,0,2,2.8,45.9,1,0,0,0
U009203,24,0.305,Riyadh,0,1,2.6,7.4,0,1,2,0
U009204,20,0.588,Makkah,1,4,3.3,9.2,0,1,1,0
U009205,58,0.22,Al Jawf,12,2,3.6,51.3,1,1,0,0
U009206,42,0.574,Jazan,9,3,0.9,4.5,0,1,2,0
U009207,63,0.685,Eastern,4,9,0.0,17.7,1,1,1,0
U009208,36,0.492,Eastern,4,0,2.3,27.9,1,0,0,0
U009209,28,0.329,Makkah,1,4,3.5,9.4,0,0,1,1
U009210,58,0.102,Al Bahah,11,0,3.7,34.1,1,0,1,0
U009211,62,0.834,Riyadh,0,5,2.1,8.7,1,1,0,0
U009212,29,0.613,Northern Borders,8,3,1.2,32.4,1,1,1,1
U009213,35,0.31,Eastern,4,2,1.1,13.9,1,0,0,0
U009214,35,0.319,Asir,5,1,2.7,25.2,0,0,2,1
U009215,64,0.563,Eastern,4,2,3.5,53.4,1,0,1,0
U009216,48,0.439,Riyadh,0,4,2.0,12.2,0,0,0,0
U009217,57,0.458,Makkah,1,1,2.3,2.2,1,0,1,0
U009218,30,0.364,Tabuk,6,3,4.0,4.1,1,1,1,1
U009219,68,0.223,Madinah,2,1,2.3,25.8,0,0,1,1
U009220,21,0.298,Eastern,4,1,0.8,39.2,1,0,0,0
U009221,42,0.616,Eastern,4,3,1.6,10.2,1,1,0,1
U009222,59,0.672,Riyadh,0,1,1.8,30.9,1,1,1,1
U009223,52,0.255,Asir,5,4,2.2,9.2,1,1,2,1
U009224,32,0.41,Asir,5,3,4.1,24.6,1,1,0,1
U009225,29,0.823,Asir,5,2,0.5,16.0,1,1,2,1
U009226,62,0.27,Asir,5,2,1.6,16.7,0,0,2,1
U009227,42,0.442,Eastern,4,2,3.9,35.7,1,0,0,1
U009228,48,0.2,Riyadh,0,1,2.3,51.2,1,1,0,0
U009229,33,0.681,Riyadh,0,5,2.6,2.5,1,1,2,1
U009230,47,0.822,Eastern,4,1,1.4,10.2,1,1,1,1
U009231,28,0.603,Eastern,4,1,1.1,18.6,0,0,1,1
U009232,19,0.938,Riyadh,0,10,1.8,31.0,1,1,3,1
U009233,23,0.467,Riyadh,0,5,1.0,42.0,1,1,0,1
U009234,38,0.122,Eastern,4,2,1.9,19.2,1,0,2,0
U009235,24,0.73,Makkah,1,5,2.3,41.8,1,1,0,1
U009236,65,0.262,Madinah,2,2,2.7,53.7,1,0,1,0
U009237,54,0.476,Makkah,1,4,2.0,10.7,1,1,2,1
U009238,21,0.406,Madinah,2,4,4.6,1.0,1,1,2,1
U009239,33,0.387,Makkah,1,4,0.4,23.8,1,0,1,0
U009240,37,0.219,Makkah,1,2,4.2,25.2,1,0,2,0
U009241,61,0.778,Makkah,1,4,0.5,21.6,1,0,2,1
U009242,68,0.312,Makkah,1,2,2.8,30.0,1,0,0,1
U009243,22,0.119,Makkah,1,0,2.7,5.2,0,0,1,0
U009244,21,0.443,Jazan,9,2,0.2,8.9,1,0,1,0
U009245,20,0.656,Makkah,1,0,0.0,33.9,1,0,1,1
U009246,54,0.403,Northern Borders,8,0,4.5,13.8,1,0,1,1
U009247,25,0.472,Eastern,4,5,2.8,15.5,1,1,0,0
U009248,28,0.811,Makkah,1,3,2.9,46.1,1,1,2,0
U009249,61,0.886,Riyadh,0,6,1.6,25.5,1,1,1,1
U009250,55,0.587,Al Jawf,12,2,3.1,12.2,1,0,0,1
U009251,68,0.853,Asir,5,4,1.2,16.4,1,1,2,1
U009252,52,0.389,Asir,5,3,3.1,19.3,1,0,0,0
U009253,20,0.646,Makkah,1,2,1.5,41.1,1,1,2,1
U009254,36,0.696,Makkah,1,2,0.1,12.6,1,0,0,1
U009255,61,0.406,Hail,7,3,3.4,52.4,0,0,0,0
U009256,55,0.87,Asir,5,4,0.3,44.8,1,0,1,1
U009257,26,0.925,Riyadh,0,1,2.7,30.5,1,1,0,0
U009258,34,0.507,Makkah,1,5,0.4,28.0,1,1,3,0
U009259,42,0.485,Riyadh,0,1,2.9,49.6,0,0,1,1
U009260,43,0.284,Makkah,1,6,2.6,26.4,0,1,0,0
U009261,38,0.509,Riyadh,0,5,2.6,14.9,1,0,0,1
U009262,69,0.275,Asir,5,4,2.1,48.9,0,0,1,0
U009263,51,0.768,Riyadh,0,2,2.8,37.7,1,1,4,1
U009264,66,0.915,Northern Borders,8,3,0.0,24.4,1,1,1,1
U009265,23,0.47,Riyadh,0,3,1.8,7.9,1,0,1,1
U009266,32,0.722,Al Bahah,11,6,1.8,27.4,1,1,0,1
U009267,60,0.655,Makkah,1,3,0.3,15.5,1,0,0,1
U009268,18,0.898,Tabuk,6,4,1.5,20.1,1,1,0,1
U009269,55,0.385,Madinah,2,1,1.7,28.0,1,0,0,0
U009270,59,0.145,Makkah,1,3,1.9,8.8,0,0,0,0
U009271,36,0.422,Al Jawf,12,4,2.5,5.0,1,0,2,0
U009272,30,0.219,Riyadh,0,5,2.9,11.6,1,1,0,1
U009273,42,0.388,Najran,10,1,3.4,29.4,1,0,0,0
U009274,22,0.979,Madinah,2,6,2.5,18.0,1,1,1,1
U009275,28,0.404,Riyadh,0,6,0.6,26.4,1,1,3,1
U009276,39,0.191,Jazan,9,1,0.7,3.2,1,0,0,1
U009277,22,0.919,Makkah,1,8,1.6,12.5,1,1,1,1
U009278,44,0.764,Qassim,3,2,2.1,20.2,1,0,1,1
U009279,69,0.547,Eastern,4,2,1.8,10.8,1,0,1,0
U009280,20,0.391,Riyadh,0,5,1.1,14.2,1,0,1,1
U009281,30,0.446,Makkah,1,4,1.1,27.4,1,1,1,0
U009282,41,0.746,Riyadh,0,4,0.2,41.8,1,0,0,1
U009283,63,0.27,Makkah,1,5,1.4,12.9,1,1,2,1
U009284,57,0.738,Riyadh,0,6,0.5,11.0,1,1,0,1
U009285,29,0.292,Makkah,1,4,4.7,11.9,0,1,1,0
U009286,42,0.753,Riyadh,0,5,2.3,23.4,1,1,1,1
U009287,61,0.464,Makkah,1,1,2.5,39.1,1,0,1,0
U009288,66,0.23,Al Jawf,12,1,2.8,4.6,1,1,2,1
U009289,45,0.608,Makkah,1,4,4.5,39.4,1,0,0,0
U009290,48,0.429,Hail,7,5,0.3,9.0,0,0,1,1
U009291,34,0.509,Najran,10,5,2.5,10.3,1,1,3,0
U009292,63,0.268,Makkah,1,1,1.9,12.4,0,0,0,0
U009293,68,0.537,Riyadh,0,4,2.4,65.5,1,1,0,0
U009294,38,0.056,Riyadh,0,1,2.1,33.4,1,0,1,1
U009295,25,0.754,Eastern,4,4,2.0,17.1,1,1,0,0
U009296,66,0.535,Al Bahah,11,1,2.7,40.0,1,1,1,0
U009297,33,0.467,Al Bahah,11,3,3.0,29.8,1,1,1,1
U009298,52,0.362,Makkah,1,3,0.0,11.9,1,0,0,1
U009299,59,0.593,Jazan,9,3,2.5,59.3,1,0,1,1
U009300,62,0.33,Riyadh,0,2,4.6,39.0,1,0,1,0
U009301,38,0.543,Jazan,9,1,1.7,88.3,1,0,0,0
U009302,59,0.393,Riyadh,0,5,1.2,60.3,1,0,0,1
U009303,63,0.408,Eastern,4,3,5.3,23.8,1,1,1,0
U009304,62,0.632,Makkah,1,4,1.0,70.6,1,1,0,0
U009305,68,0.111,Tabuk,6,3,0.6,60.2,1,0,0,0
U009306,33,0.793,Tabuk,6,2,0.0,28.0,1,1,0,1
U009307,64,0.54,Eastern,4,5,0.1,11.5,1,1,2,0
U009308,20,0.62,Riyadh,0,2,1.0,40.8,1,0,1,1
U009309,54,0.384,Makkah,1,3,2.8,17.7,1,0,0,1
U009310,43,0.606,Riyadh,0,6,1.4,44.2,1,1,2,0
U009311,61,0.615,Madinah,2,4,2.4,24.8,1,1,1,1
U009312,40,0.596,Makkah,1,5,3.5,16.8,0,1,0,1
U009313,42,0.432,Makkah,1,3,3.2,34.1,1,0,0,0
U009314,56,0.654,Qassim,3,4,1.1,13.5,1,0,1,0
U009315,60,0.33,Madinah,2,5,2.7,20.7,0,0,0,0
U009316,59,0.586,Makkah,1,2,0.5,19.7,1,1,0,0
U009317,59,0.435,Madinah,2,4,0.5,10.4,1,1,0,0
U009318,18,0.438,Riyadh,0,6,1.8,29.6,1,0,2,1
U009319,18,0.716,Riyadh,0,3,3.1,0.7,1,0,0,1
U009320,59,0.706,Makkah,1,1,0.5,20.5,0,0,0,1
U009321,47,0.368,Riyadh,0,3,1.6,23.9,0,1,2,1
U009322,49,0.442,Makkah,1,1,0.7,32.8,1,0,0,1
U009323,36,0.29,Eastern,4,3,4.3,4.8,0,0,0,0
U009324,28,0.085,Eastern,4,0,4.2,35.4,1,1,1,0
U009325,34,0.877,Al Jawf,12,4,3.0,10.4,1,1,0,0
U009326,34,0.324,Jazan,9,1,4.5,21.0,1,0,0,0
U009327,53,0.514,Makkah,1,1,3.1,16.1,1,0,0,1
U009328,32,0.283,Eastern,4,3,1.7,36.6,1,0,0,0
U009329,26,0.404,Tabuk,6,2,3.1,12.7,1,0,0,1
U009330,69,0.283,Makkah,1,2,4.0,16.1,1,1,2,0
U009331,19,0.464,Qassim,3,6,3.1,39.0,1,1,0,1
U009332,69,0.486,Eastern,4,0,1.8,21.2,1,0,0,0
U009333,48,0.312,Eastern,4,2,0.5,21.9,1,1,1,0
U009334,26,0.822,Eastern,4,2,3.4,54.0,1,1,0,1
U009335,49,0.388,Makkah,1,3,1.7,39.1,1,0,1,1
U009336,44,0.567,Riyadh,0,5,1.6,19.3,1,1,1,1
U009337,67,0.445,Makkah,1,2,1.8,14.7,1,1,1,1
U009338,69,0.229,Riyadh,0,3,2.5,38.7,1,1,2,1
U009339,20,0.524,Al Bahah,11,4,3.3,9.2,0,0,1,1
U009340,33,0.189,Makkah,1,3,1.2,25.9,1,1,3,1
U009341,43,0.65,Makkah,1,2,0.6,22.2,1,1,0,1
U009342,52,0.907,Asir,5,6,1.6,87.4,1,0,0,1
U009343,32,0.908,Makkah,1,5,1.1,23.5,1,1,0,1
U009344,25,0.363,Eastern,4,5,2.4,8.1,1,1,0,1
U009345,22,0.605,Riyadh,0,4,3.0,12.7,1,1,1,1
U009346,32,0.466,Makkah,1,1,0.0,17.4,0,1,2,0
U009347,43,0.209,Jazan,9,5,0.8,8.9,0,0,1,0
U009348,64,0.696,Riyadh,0,4,1.6,39.6,1,0,1,1
U009349,30,0.654,Makkah,1,6,3.0,17.3,0,1,0,1
U009350,66,0.962,Riyadh,0,4,1.2,53.3,1,0,0,1
U009351,40,0.455,Asir,5,2,3.2,22.3,1,1,1,1
U009352,24,0.909,Madinah,2,7,0.0,19.5,1,1,0,1
U009353,27,0.816,Riyadh,0,4,0.6,22.7,1,1,1,1
U009354,54,0.482,Makkah,1,3,3.0,8.8,1,0,0,1
U009355,55,0.289,Makkah,1,0,1.9,29.4,0,0,0,1
U009356,59,0.496,Tabuk,6,6,2.5,29.7,1,1,0,0
U009357,54,0.673,Riyadh,0,4,2.9,8.5,1,1,1,0
U009358,38,0.495,Jazan,9,3,1.8,21.5,1,1,0,0
U009359,18,0.549,Qassim,3,5,0.6,7.6,0,1,1,1
U009360,38,0.681,Asir,5,5,3.7,21.1,1,0,1,1
U009361,34,0.253,Madinah,2,0,1.4,10.1,1,0,2,0
U009362,36,0.639,Makkah,1,3,1.9,11.3,1,1,2,0
U009363,39,0.201,Madinah,2,1,1.4,68.9,1,0,1,1
U009364,45,0.536,Riyadh,0,4,0.6,54.6,1,0,0,1
U009365,32,0.263,Al Jawf,12,2,3.4,10.9,0,0,0,1
U009366,27,0.458,Riyadh,0,2,0.6,31.3,1,0,2,1
U009367,50,0.568,Riyadh,0,5,1.9,56.2,1,1,3,1
U009368,60,0.61,Makkah,1,3,0.8,20.6,1,0,0,0
U009369,47,0.82,Riyadh,0,1,2.2,22.5,1,1,0,0
U009370,26,0.214,Madinah,2,2,0.8,14.4,1,0,0,1
U009371,36,0.352,Jazan,9,2,1.5,13.9,1,0,0,0
U009372,55,0.191,Makkah,1,4,3.1,29.4,0,0,0,1
U009373,62,0.238,Hail,7,1,1.6,13.9,1,1,1,0
U009374,67,0.525,Makkah,1,5,2.8,31.4,1,1,2,1
U009375,64,0.791,Makkah,1,1,0.6,3.9,1,1,0,1
U009376,61,0.479,Makkah,1,1,0.0,61.6,1,0,2,0
U009377,33,0.65,Hail,7,3,3.2,17.9,1,0,0,0
U009378,28,0.932,Eastern,4,4,0.7,18.3,1,1,0,1
U009379,23,0.92,Makkah,1,4,3.1,3.2,1,1,1,1
U009380,25,0.424,Qassim,3,4,0.3,29.6,1,1,0,1
U009381,59,0.294,Asir,5,2,1.8,43.4,1,0,1,0
U009382,26,0.159,Qassim,3,5,0.9,8.0,1,0,1,0
U009383,25,0.715,Eastern,4,1,3.6,31.9,1,0,1,0
U009384,27,0.522,Riyadh,0,0,2.7,12.9,1,1,1,1
U009385,44,0.374,Eastern,4,2,0.2,21.7,1,0,1,0
U009386,59,0.825,Hail,7,4,0.5,21.1,1,1,2,1
U009387,30,0.601,Riyadh,0,0,1.3,22.3,0,0,1,1
U009388,48,0.62,Makkah,1,2,3.0,38.4,1,1,1,1
U009389,60,0.427,Asir,5,3,2.0,11.9,1,0,1,0
U009390,29,0.887,Eastern,4,3,0.0,6.6,1,1,1,0
U009391,28,0.619,Riyadh,0,3,1.0,7.5,1,0,1,0
U009392,35,0.308,Jazan,9,3,0.7,5.7,0,0,1,0
U009393,18,0.5,Makkah,1,4,2.1,6.8,1,1,0,1
U009394,26,0.562,Riyadh,0,3,3.1,44.6,1,1,0,1
U009395,23,0.194,Qassim,3,1,3.1,8.5,1,0,0,0
U009396,42,0.291,Najran,10,3,2.8,47.7,0,1,0,1
U009397,32,0.674,Riyadh,0,2,0.1,6.5,1,1,1,1
U009398,56,0.729,Riyadh,0,2,3.6,22.3,1,1,3,0
U009399,41,0.475,Riyadh,0,1,0.9,44.2,1,0,0,0
U009400,32,0.462,Makkah,1,1,0.2,9.6,0,0,1,0
U009401,58,0.383,Riyadh,0,1,2.3,7.4,1,1,0,1
U009402,40,0.848,Makkah,1,1,0.5,13.6,1,0,0,1
U009403,59,0.559,Eastern,4,6,2.4,2.9,1,0,3,1
U009404,54,0.704,Najran,10,0,0.7,14.7,1,0,0,1
U009405,51,0.135,Najran,10,2,5.2,19.9,1,0,0,0
U009406,20,0.326,Riyadh,0,3,1.2,55.2,0,0,0,1
U009407,69,0.362,Makkah,1,4,1.1,10.8,1,1,0,0
U009408,19,0.331,Asir,5,5,4.4,39.5,1,1,1,0
U009409,38,0.812,Najran,10,4,2.2,28.9,1,1,0,0
U009410,55,0.519,Makkah,1,2,2.0,5.5,1,1,1,1
U009411,45,0.747,Eastern,4,7,1.1,27.0,1,1,0,0
U009412,50,0.91,Eastern,4,6,2.0,51.6,1,0,0,0
U009413,21,0.492,Hail,7,3,1.0,14.8,0,0,1,1
U009414,64,0.412,Riyadh,0,4,0.1,44.1,0,1,1,0
U009415,43,0.331,Asir,5,0,2.9,16.6,1,0,0,1
U009416,54,0.4,Riyadh,0,2,2.1,31.9,1,0,4,1
U009417,58,0.889,Makkah,1,3,3.2,30.1,1,1,0,0
U009418,59,0.655,Al Bahah,11,5,3.9,1.9,1,1,1,1
U009419,51,0.643,Makkah,1,3,0.2,45.2,1,1,1,1
U009420,43,0.532,Riyadh,0,3,2.2,45.6,1,0,0,1
U009421,54,0.526,Makkah,1,5,0.7,13.4,0,0,0,0
U009422,43,0.71,Jazan,9,3,2.1,11.1,1,1,1,1
U009423,63,0.659,Makkah,1,4,1.3,4.9,1,1,1,0
U009424,68,0.902,Riyadh,0,8,0.0,68.0,1,1,1,1
U009425,50,0.478,Eastern,4,3,0.4,37.5,1,1,0,1
U009426,19,0.795,Makkah,1,5,2.0,27.4,1,1,0,1
U009427,28,0.362,Qassim,3,2,1.7,29.7,1,0,2,1
U009428,35,0.328,Makkah,1,4,0.9,28.9,1,0,3,0
U009429,62,0.302,Madinah,2,1,0.5,24.0,1,0,3,1
U009430,37,0.745,Madinah,2,7,1.3,40.9,1,1,1,1
U009431,55,0.363,Tabuk,6,1,1.8,5.6,0,0,0,0
U009432,23,0.388,Asir,5,2,3.0,24.2,1,0,0,1
U009433,66,0.751,Northern Borders,8,4,1.5,24.1,1,1,1,0
U009434,56,0.742,Riyadh,0,3,0.7,16.3,1,1,2,1
U009435,43,0.2,Jazan,9,1,1.1,10.5,1,0,3,1
U009436,21,0.363,Al Jawf,12,3,3.3,54.0,1,0,0,1
U009437,57,0.461,Qassim,3,2,4.5,59.5,1,1,1,0
U009438,34,0.839,Eastern,4,6,1.8,13.3,1,1,0,1
U009439,65,0.304,Eastern,4,1,0.6,15.8,1,1,3,0
U009440,58,0.274,Eastern,4,1,0.9,48.2,0,0,1,1
U009441,60,0.109,Madinah,2,2,3.4,27.2,1,0,0,1
U009442,34,0.647,Riyadh,0,1,0.5,17.5,1,1,1,1
U009443,42,0.527,Asir,5,6,2.5,17.5,1,0,2,1
U009444,37,0.377,Riyadh,0,2,1.6,17.7,1,0,1,0
U009445,46,0.95,Makkah,1,3,1.9,8.9,1,1,0,1
U009446,18,0.263,Riyadh,0,3,3.0,36.3,1,0,1,0
U009447,48,0.415,Eastern,4,4,2.2,1.5,1,1,1,0
U009448,27,0.476,Eastern,4,0,1.0,23.9,1,0,1,0
U009449,18,0.395,Qassim,3,2,3.5,25.2,1,0,1,0
U009450,36,0.681,Al Bahah,11,4,1.8,49.1,0,0,0,0
U009451,52,0.748,Asir,5,4,1.5,27.6,0,1,1,1
U009452,55,0.687,Riyadh,0,7,2.8,3.7,1,1,1,1
U009453,66,0.785,Asir,5,6,2.4,11.4,0,1,2,1
U009454,52,0.568,Makkah,1,2,2.2,18.1,0,1,1,0
U009455,31,0.737,Makkah,1,4,2.2,14.1,1,1,1,0
U009456,40,0.772,Makkah,1,6,3.4,36.4,1,1,1,1
U009457,25,0.051,Eastern,4,4,3.6,5.6,1,0,1,0
U009458,66,0.322,Tabuk,6,0,5.7,24.4,1,1,1,0
U009459,63,0.373,Riyadh,0,1,1.3,17.2,1,1,0,0
U009460,61,0.52,Riyadh,0,2,0.9,39.5,1,0,1,1
U009461,52,0.718,Jazan,9,3,1.6,3.5,1,0,0,1
U009462,52,0.721,Riyadh,0,7,0.0,15.8,1,1,1,1
U009463,58,0.651,Asir,5,6,1.3,18.7,1,0,0,0
U009464,24,0.477,Al Bahah,11,2,1.6,33.5,1,1,2,0
U009465,36,0.364,Makkah,1,1,1.5,11.1,1,0,0,1
U009466,62,0.268,Riyadh,0,2,1.0,25.0,1,0,0,0
U009467,41,0.646,Najran,10,6,1.2,13.4,0,1,1,1
U009468,54,0.345,Riyadh,0,1,2.8,6.3,0,0,0,0
U009469,44,0.764,Northern Borders,8,5,1.9,17.0,1,1,0,1
U009470,29,0.406,Madinah,2,3,1.5,12.4,1,0,0,0
U009471,27,0.263,Riyadh,0,4,3.7,5.9,1,0,1,1
U009472,33,0.834,Riyadh,0,4,0.7,21.6,1,1,1,1
U009473,66,0.546,Jazan,9,2,1.6,28.7,0,0,0,0
U009474,23,0.442,Eastern,4,0,2.0,8.5,1,0,1,0
U009475,51,0.831,Riyadh,0,3,2.6,19.4,1,0,0,0
U009476,46,0.308,Eastern,4,3,3.2,23.9,1,0,2,0
U009477,63,0.259,Makkah,1,2,3.9,28.0,1,0,1,0
U009478,46,0.307,Makkah,1,2,2.1,18.5,1,0,0,1
U009479,67,0.976,Asir,5,7,2.1,30.5,1,0,1,1
U009480,49,0.741,Eastern,4,9,2.0,6.4,1,1,0,1
U009481,61,0.421,Makkah,1,3,2.5,8.8,1,0,1,1
U009482,25,0.861,Qassim,3,2,0.3,11.3,1,0,0,1
U009483,44,0.512,Makkah,1,1,2.2,25.1,1,1,2,1
U009484,34,0.467,Hail,7,5,3.1,29.4,1,0,1,0
U009485,23,0.784,Al Jawf,12,4,2.2,13.0,1,1,1,1
U009486,30,0.686,Al Jawf,12,3,0.0,14.3,0,1,2,0
U009487,54,0.563,Jazan,9,4,1.3,55.2,1,0,0,1
U009488,64,0.701,Riyadh,0,4,1.0,46.0,1,1,0,1
U009489,42,0.727,Al Bahah,11,5,0.0,7.9,0,1,0,0
U009490,65,0.934,Madinah,2,7,2.3,6.8,1,1,1,1
U009491,30,0.37,Eastern,4,2,0.7,14.7,1,0,0,1
U009492,37,0.29,Madinah,2,3,1.6,12.1,0,1,2,1
U009493,18,0.193,Hail,7,3,2.5,22.5,1,0,0,0
U009494,38,0.581,Makkah,1,2,1.9,24.7,0,0,0,1
U009495,49,0.735,Eastern,4,4,1.2,11.8,0,0,0,0
U009496,52,0.663,Riyadh,0,2,0.6,23.8,1,0,0,1
U009497,60,0.112,Jazan,9,0,1.1,22.8,1,0,1,0
U009498,40,0.322,Hail,7,0,0.2,7.9,1,1,1,1
U009499,21,0.59,Eastern,4,6,2.2,51.3,1,1,0,1
U009500,25,0.79,Tabuk,6,5,1.0,12.0,1,1,0,0
U009501,34,0.585,Riyadh,0,2,4.3,34.0,1,1,0,1
U009502,65,0.707,Riyadh,0,0,1.6,26.5,1,0,0,0
U009503,34,0.547,Riyadh,0,1,1.6,24.2,1,0,2,1
U009504,51,0.399,Madinah,2,1,3.0,13.5,1,1,4,1
U009505,59,0.87,Makkah,1,3,0.0,40.6,1,0,1,1
U009506,59,0.766,Tabuk,6,6,1.9,57.6,1,1,0,0
U009507,39,0.483,Northern Borders,8,3,4.6,11.3,1,0,0,1
U009508,67,0.357,Riyadh,0,2,1.9,4.5,1,1,3,0
U009509,35,0.8,Makkah,1,4,2.0,15.7,1,1,2,0
U009510,53,0.516,Makkah,1,2,1.4,28.6,1,0,1,1
U009511,48,0.933,Asir,5,2,0.8,13.4,1,0,1,0
U009512,65,0.69,Riyadh,0,3,0.5,9.7,1,0,1,1
U009513,25,0.549,Makkah,1,4,0.7,21.6,1,0,3,0
U009514,40,0.89,Al Bahah,11,8,1.9,17.3,1,1,1,1
U009515,62,0.348,Makkah,1,3,1.5,58.3,1,0,0,0
U009516,49,0.445,Tabuk,6,5,2.8,18.1,1,0,0,1
U009517,18,0.566,Qassim,3,3,0.5,22.7,1,0,0,1
U009518,20,0.346,Eastern,4,6,3.3,26.0,0,0,0,0
U009519,46,0.506,Makkah,1,3,3.6,35.3,1,0,0,0
U009520,67,0.333,Eastern,4,1,2.8,28.6,1,0,0,0
U009521,48,0.282,Riyadh,0,4,4.4,16.8,1,0,1,0
U009522,38,0.482,Riyadh,0,4,3.0,5.6,0,1,1,0
U009523,55,0.584,Hail,7,3,0.8,14.9,1,0,0,0
U009524,59,0.496,Eastern,4,8,1.2,53.1,1,0,0,0
U009525,25,0.779,Jazan,9,1,1.5,69.6,1,0,0,1
U009526,40,0.423,Al Bahah,11,2,0.2,35.0,1,0,1,0
U009527,37,0.231,Al Jawf,12,1,1.9,24.7,1,0,1,0
U009528,61,0.653,Riyadh,0,3,1.2,8.0,1,0,1,1
U009529,44,0.349,Makkah,1,2,1.8,8.1,0,1,2,0
U009530,48,0.242,Makkah,1,0,4.5,15.1,1,0,0,0
U009531,43,0.575,Jazan,9,1,0.0,8.8,1,0,0,0
U009532,27,0.988,Makkah,1,7,1.7,12.7,1,1,1,1
U009533,54,0.379,Jazan,9,3,1.2,31.5,1,0,1,1
U009534,67,0.205,Riyadh,0,2,1.5,21.7,1,1,2,0
U009535,41,0.115,Riyadh,0,0,3.3,1.3,1,0,3,1
U009536,42,0.82,Riyadh,0,5,0.0,26.8,1,1,1,0
U009537,44,0.57,Makkah,1,4,0.8,23.9,1,0,1,1
U009538,63,0.294,Najran,10,3,4.7,18.5,1,0,0,1
U009539,26,0.267,Asir,5,2,1.6,23.7,1,0,0,0
U009540,28,0.718,Makkah,1,7,1.7,4.7,1,1,2,1
U009541,61,0.478,Eastern,4,3,3.0,25.0,1,1,0,1
U009542,27,0.644,Makkah,1,1,2.2,51.6,1,1,2,0
U009543,34,0.388,Asir,5,2,2.3,24.4,0,0,0,1
U009544,23,0.175,Makkah,1,1,3.0,5.2,0,0,0,1
U009545,51,0.13,Jazan,9,2,1.7,36.8,1,0,0,0
U009546,28,0.126,Riyadh,0,2,1.6,9.2,1,1,0,0
U009547,31,0.292,Eastern,4,0,4.3,16.9,1,0,0,0
U009548,50,0.726,Tabuk,6,3,1.8,4.3,1,1,0,1
U009549,19,0.29,Makkah,1,2,3.5,17.3,1,0,2,0
U009550,19,0.459,Makkah,1,1,2.6,56.3,0,1,1,1
U009551,49,0.683,Qassim,3,2,2.9,53.4,1,1,1,0
U009552,40,0.631,Qassim,3,1,1.3,29.6,0,0,0,1
U009553,68,0.744,Riyadh,0,4,3.5,12.9,1,0,0,1
U009554,29,0.177,Makkah,1,3,3.4,6.5,1,0,0,1
U009555,20,0.321,Riyadh,0,3,2.2,19.6,1,0,0,1
U009556,61,0.921,Asir,5,5,0.0,12.9,1,1,3,1
U009557,22,0.864,Riyadh,0,5,3.8,35.4,1,1,1,1
U009558,28,0.451,Al Jawf,12,5,2.4,37.7,1,1,0,1
U009559,28,0.687,Riyadh,0,4,1.3,64.1,1,0,0,1
U009560,23,0.518,Makkah,1,5,2.6,21.2,1,1,1,1
U009561,26,0.713,Riyadh,0,2,2.4,26.0,1,1,0,1
U009562,28,0.838,Riyadh,0,4,1.6,9.6,1,0,0,0
U009563,42,0.272,Riyadh,0,4,0.8,11.9,1,1,1,0
U009564,41,0.203,Al Bahah,11,3,2.1,24.6,0,0,0,1
U009565,55,0.235,Makkah,1,4,2.9,36.3,1,0,1,0
U009566,42,0.152,Makkah,1,3,2.0,9.0,1,1,2,1
U009567,27,0.545,Makkah,1,8,1.9,27.6,1,1,0,0
U009568,67,0.375,Riyadh,0,1,0.1,10.3,0,0,2,1
U009569,49,0.241,Qassim,3,1,2.0,29.7,1,0,2,0
U009570,60,0.661,Makkah,1,4,2.0,10.7,1,1,1,0
U009571,69,0.491,Makkah,1,4,4.0,10.4,1,0,1,1
U009572,44,0.118,Makkah,1,2,2.2,30.4,1,0,0,1
U009573,60,0.252,Eastern,4,0,2.6,10.9,1,1,2,0
U009574,68,0.623,Madinah,2,6,2.3,9.6,0,0,0,1
U009575,58,0.28,Al Jawf,12,3,2.8,2.9,0,1,1,0
U009576,20,0.72,Eastern,4,4,0.9,17.7,1,1,1,1
U009577,50,0.293,Eastern,4,5,2.1,24.9,1,1,2,0
U009578,22,0.593,Qassim,3,3,0.0,26.5,1,0,0,1
U009579,54,0.104,Qassim,3,0,1.1,16.5,1,1,3,1
U009580,26,0.075,Riyadh,0,1,2.4,14.3,1,0,1,0
U009581,19,0.74,Makkah,1,5,1.5,16.1,1,1,1,1
U009582,36,0.832,Riyadh,0,7,0.9,69.5,1,1,1,1
U009583,68,0.456,Makkah,1,4,3.9,16.7,1,0,0,1
U009584,45,0.25,Madinah,2,0,2.3,18.8,0,0,2,0
U009585,60,0.818,Makkah,1,5,2.9,1.7,0,1,2,0
U009586,20,0.637,Madinah,2,4,1.3,32.7,0,1,0,1
U009587,19,0.788,Makkah,1,4,0.0,6.1,1,1,0,1
U009588,56,0.289,Najran,10,3,0.8,2.7,1,0,0,0
U009589,31,0.154,Makkah,1,0,2.1,12.4,1,0,1,0
U009590,65,0.367,Tabuk,6,2,0.0,48.8,1,0,0,1
U009591,46,0.715,Jazan,9,6,2.5,16.2,1,0,0,1
U009592,26,0.665,Eastern,4,5,1.9,34.2,1,1,0,1
U009593,26,0.317,Riyadh,0,1,3.4,55.8,1,0,0,1
U009594,20,0.268,Northern Borders,8,5,1.1,17.4,1,1,2,1
U009595,48,0.854,Jazan,9,4,0.9,11.4,1,0,0,1
U009596,53,0.543,Qassim,3,2,3.6,10.3,1,0,0,0
U009597,59,0.683,Makkah,1,5,0.9,37.1,1,0,1,1
U009598,37,0.369,Makkah,1,3,2.9,33.8,1,0,0,1
U009599,56,0.213,Riyadh,0,0,3.9,26.8,1,0,0,0
U009600,35,0.804,Najran,10,0,0.0,7.7,1,1,0,1
U009601,68,0.43,Eastern,4,3,1.9,17.6,0,1,1,0
U009602,41,0.3,Eastern,4,1,2.3,28.6,1,0,1,1
U009603,39,0.522,Makkah,1,7,2.0,9.4,1,0,2,0
U009604,49,0.607,Makkah,1,4,0.9,44.4,1,0,1,0
U009605,68,0.544,Najran,10,4,1.6,37.9,1,0,0,0
U009606,57,0.057,Najran,10,4,2.9,23.4,1,1,1,0
U009607,64,0.378,Eastern,4,4,2.9,13.2,1,0,3,0
U009608,42,0.449,Makkah,1,3,0.3,9.9,1,1,0,1
U009609,20,0.255,Asir,5,4,2.5,9.2,1,0,0,1
U009610,69,0.866,Makkah,1,4,0.0,49.0,1,1,0,0
U009611,38,0.501,Qassim,3,2,0.3,7.8,1,1,1,0
U009612,33,0.037,Riyadh,0,2,4.0,23.9,1,0,1,1
U009613,53,0.605,Eastern,4,3,1.7,6.8,1,1,1,0
U009614,58,0.116,Madinah,2,3,3.2,4.0,1,0,0,0
U009615,38,0.67,Eastern,4,5,1.6,20.6,1,0,1,0
U009616,23,0.429,Riyadh,0,4,1.5,10.3,1,1,0,1
U009617,52,0.864,Hail,7,5,0.6,18.7,1,0,0,1
U009618,45,0.264,Riyadh,0,2,1.4,27.9,1,1,2,0
U009619,68,0.451,Asir,5,4,2.8,49.4,1,0,1,1
U009620,64,0.592,Makkah,1,4,2.3,13.2,1,0,0,0
U009621,62,0.42,Northern Borders,8,2,2.0,7.3,1,0,1,1
U009622,53,0.588,Makkah,1,7,1.6,42.5,1,1,2,0
U009623,18,0.811,Tabuk,6,8,0.3,34.9,1,1,6,1
U009624,20,0.304,Northern Borders,8,4,2.5,50.6,1,1,4,1
U009625,36,0.577,Riyadh,0,7,0.0,43.2,1,1,1,1
U009626,27,0.217,Eastern,4,4,3.3,30.5,1,0,2,1
U009627,35,0.606,Hail,7,3,2.6,13.8,1,0,2,1
U009628,44,0.309,Eastern,4,2,0.0,23.6,1,1,2,1
U009629,20,0.847,Riyadh,0,1,1.6,11.4,1,1,0,1
U009630,48,0.319,Eastern,4,4,1.9,26.9,1,1,1,1
U009631,36,0.024,Qassim,3,0,5.6,59.2,1,0,1,1
U009632,67,0.491,Jazan,9,4,2.3,85.9,1,1,0,1
U009633,62,0.155,Makkah,1,4,2.9,5.1,0,0,2,1
U009634,36,0.426,Riyadh,0,0,1.2,18.7,1,0,1,1
U009635,57,0.264,Riyadh,0,5,3.3,36.5,1,0,0,0
U009636,66,0.256,Madinah,2,1,3.4,24.4,1,0,0,1
U009637,51,0.262,Madinah,2,0,1.9,11.8,1,1,3,0
U009638,41,0.769,Makkah,1,4,0.0,26.9,1,0,0,0
U009639,57,0.559,Qassim,3,1,0.9,49.7,1,1,3,0
U009640,23,0.637,Riyadh,0,6,1.2,10.2,1,1,1,1
U009641,49,0.605,Makkah,1,4,2.9,7.5,0,1,1,1
U009642,25,0.481,Tabuk,6,11,0.7,13.1,0,1,0,1
U009643,35,0.343,Riyadh,0,2,0.8,5.7,1,0,1,0
U009644,39,0.341,Riyadh,0,1,0.0,38.6,1,0,0,0
U009645,29,0.154,Makkah,1,3,1.6,26.8,1,0,1,0
U009646,41,0.476,Asir,5,4,0.8,12.7,1,0,1,0
U009647,46,0.373,Madinah,2,2,3.3,22.4,1,1,0,0
U009648,65,0.114,Eastern,4,2,1.8,9.1,1,0,0,0
U009649,59,0.661,Jazan,9,2,2.0,48.2,1,1,0,1
U009650,39,0.27,Eastern,4,7,2.1,23.6,1,1,2,1
U009651,22,0.32,Riyadh,0,3,0.6,26.1,1,0,0,1
U009652,69,0.087,Hail,7,1,1.5,38.2,0,0,0,1
U009653,21,0.914,Riyadh,0,3,2.4,15.0,1,0,0,1
U009654,27,0.28,Asir,5,0,1.9,17.3,1,0,4,1
U009655,49,0.417,Eastern,4,3,2.9,104.9,1,0,0,1
U009656,53,0.521,Makkah,1,1,2.2,28.6,1,0,0,0
U009657,42,0.228,Riyadh,0,5,3.7,21.9,1,0,0,0
U009658,58,0.168,Madinah,2,3,1.1,7.8,0,0,0,1
U009659,31,0.86,Makkah,1,7,2.2,28.9,1,1,0,1
U009660,33,0.341,Asir,5,0,3.8,10.2,0,0,1,0
U009661,46,0.121,Northern Borders,8,5,2.3,23.2,1,1,2,0
U009662,38,0.584,Eastern,4,5,0.7,10.9,1,0,0,1
U009663,44,0.553,Riyadh,0,3,4.6,28.9,1,0,0,0
U009664,35,0.455,Makkah,1,1,0.6,15.7,1,0,0,0
U009665,42,0.406,Qassim,3,2,3.3,7.2,0,0,2,1
U009666,39,0.649,Makkah,1,2,1.2,8.5,1,0,0,0
U009667,64,0.722,Hail,7,4,0.6,11.8,1,1,0,1
U009668,19,0.452,Madinah,2,4,0.9,5.7,0,0,0,1
U009669,26,0.729,Jazan,9,4,1.6,37.5,1,1,2,0
U009670,55,0.413,Hail,7,1,2.0,1.1,1,0,0,0
U009671,68,0.328,Makkah,1,3,1.1,20.9,1,0,0,1
U009672,20,0.075,Hail,7,4,3.4,15.3,1,0,1,0
U009673,66,0.941,Riyadh,0,4,0.7,12.4,1,0,0,1
U009674,26,0.366,Asir,5,2,1.7,28.8,1,1,1,0
U009675,23,0.592,Riyadh,0,2,2.7,15.9,1,0,1,1
U009676,66,0.202,Riyadh,0,3,0.8,7.3,1,0,0,1
U009677,25,0.606,Jazan,9,7,1.3,17.4,0,1,0,1
U009678,39,0.117,Makkah,1,1,3.7,17.4,1,0,0,1
U009679,29,0.894,Riyadh,0,5,2.8,4.9,1,0,0,1
U009680,29,0.61,Riyadh,0,2,0.6,21.0,1,1,3,0
U009681,55,0.706,Riyadh,0,7,0.8,3.2,1,1,1,0
U009682,52,0.349,Eastern,4,3,4.1,25.5,1,1,3,0
U009683,65,0.495,Eastern,4,0,1.1,85.1,1,0,0,1
U009684,40,0.629,Al Bahah,11,3,0.9,17.2,1,0,1,0
U009685,37,0.606,Qassim,3,1,0.5,5.0,1,0,1,1
U009686,23,0.497,Riyadh,0,5,1.4,18.4,1,0,0,0
U009687,34,0.089,Qassim,3,0,2.3,25.4,1,0,1,0
U009688,47,0.916,Eastern,4,5,2.4,28.9,1,1,2,1
U009689,49,0.35,Makkah,1,2,1.3,12.4,1,0,0,0
U009690,40,0.435,Hail,7,4,1.6,19.0,1,0,1,0
U009691,41,0.57,Makkah,1,7,0.0,4.4,1,1,3,1
U009692,24,0.096,Madinah,2,2,3.4,8.2,1,0,0,0
U009693,45,0.437,Makkah,1,1,2.0,29.9,1,0,1,1
U009694,55,0.823,Eastern,4,1,1.6,38.3,1,1,1,1
U009695,39,0.441,Qassim,3,2,4.2,41.7,1,1,0,0
U009696,27,0.233,Eastern,4,2,4.1,46.8,1,1,0,1
U009697,49,0.831,Eastern,4,4,0.0,41.3,1,1,2,1
U009698,37,0.396,Makkah,1,4,0.9,53.1,1,0,1,1
U009699,57,0.245,Asir,5,2,3.8,17.7,1,1,1,1
U009700,24,0.253,Riyadh,0,1,3.3,6.2,1,0,0,1
U009701,37,0.6,Makkah,1,6,2.7,4.3,0,1,0,1
U009702,59,0.42,Riyadh,0,5,3.8,44.6,0,1,0,1
U009703,53,0.767,Najran,10,2,1.0,13.7,0,1,1,0
U009704,39,0.72,Northern Borders,8,5,0.6,8.1,1,0,0,0
U009705,61,0.335,Asir,5,0,1.8,5.3,1,1,0,1
U009706,49,0.47,Tabuk,6,3,3.3,23.7,1,1,1,1
U009707,27,0.535,Qassim,3,1,4.1,17.2,0,1,0,1
U009708,19,0.736,Riyadh,0,4,0.0,41.1,1,1,2,1
U009709,21,0.227,Makkah,1,3,2.4,3.0,0,0,0,1
U009710,64,0.336,Riyadh,0,1,4.3,20.4,1,0,1,0
U009711,37,0.629,Makkah,1,7,0.5,18.7,1,1,2,1
U009712,40,0.368,Riyadh,0,3,3.2,2.5,1,0,0,1
U009713,39,0.19,Riyadh,0,2,3.9,49.5,1,0,0,0
U009714,31,0.695,Makkah,1,4,0.0,39.0,1,0,0,1
U009715,41,0.527,Riyadh,0,4,4.7,12.5,0,1,0,0
U009716,18,0.343,Eastern,4,3,3.7,5.4,1,1,2,1
U009717,42,0.737,Makkah,1,5,2.6,21.1,1,1,1,1
U009718,36,0.213,Qassim,3,3,4.1,2.0,1,0,1,1
U009719,26,0.653,Riyadh,0,3,1.2,17.4,1,0,2,1
U009720,62,0.705,Tabuk,6,5,0.6,22.7,0,1,0,1
U009721,45,0.916,Al Bahah,11,5,2.7,29.0,1,1,2,1
U009722,68,0.642,Makkah,1,0,2.3,21.6,1,0,1,0
U009723,38,0.717,Riyadh,0,4,0.4,54.8,1,1,0,0
U009724,48,0.535,Qassim,3,6,0.0,12.3,1,1,4,1
U009725,49,0.539,Makkah,1,3,2.1,26.3,1,1,0,0
U009726,24,0.306,Riyadh,0,4,2.6,14.8,0,1,0,0
U009727,19,0.749,Riyadh,0,5,1.1,19.9,1,0,1,1
U009728,19,0.275,Tabuk,6,6,0.2,5.7,1,0,0,1
U009729,50,0.714,Riyadh,0,4,0.0,6.9,1,1,0,0
U009730,43,0.697,Asir,5,6,0.5,17.4,0,1,1,0
U009731,63,0.601,Jazan,9,3,2.0,15.1,0,1,0,0
U009732,58,0.495,Riyadh,0,2,0.2,42.0,1,0,1,1
U009733,66,0.201,Eastern,4,1,1.7,15.2,0,0,1,1
U009734,61,0.867,Qassim,3,5,3.5,25.5,1,1,0,0
U009735,52,0.801,Riyadh,0,8,1.8,12.9,0,1,4,1
U009736,60,0.207,Riyadh,0,2,2.6,11.7,0,0,2,0
U009737,39,0.305,Riyadh,0,2,1.6,30.8,1,1,1,1
U009738,61,0.792,Riyadh,0,4,1.8,10.6,1,0,0,0
U009739,57,0.23,Riyadh,0,2,1.8,22.7,0,0,1,0
U009740,60,0.253,Makkah,1,1,3.1,17.9,1,1,1,0
U009741,38,0.776,Riyadh,0,1,1.2,19.4,1,1,0,0
U009742,34,0.514,Makkah,1,1,3.7,12.8,0,0,1,1
U009743,18,0.52,Eastern,4,1,3.3,36.1,1,0,0,1
U009744,24,0.558,Eastern,4,1,2.8,43.3,1,0,0,1
U009745,27,0.298,Eastern,4,3,5.4,8.4,0,1,0,0
U009746,52,0.311,Jazan,9,1,2.2,22.3,1,1,1,0
U009747,22,0.21,Riyadh,0,1,1.9,4.5,1,0,0,0
U009748,66,0.347,Makkah,1,2,1.9,23.7,0,0,0,1
U009749,52,0.371,Madinah,2,3,3.0,22.2,0,0,1,1
U009750,33,0.663,Eastern,4,0,2.2,3.2,1,0,0,1
U009751,47,0.797,Eastern,4,5,1.9,35.2,1,1,1,1
U009752,53,0.83,Qassim,3,1,0.0,10.7,1,0,1,1
U009753,65,0.347,Najran,10,0,2.4,41.9,1,0,1,0
U009754,68,0.359,Eastern,4,2,2.2,1.9,1,1,3,0
U009755,47,0.472,Makkah,1,3,3.6,21.1,1,0,0,1
U009756,46,0.149,Riyadh,0,1,0.8,20.3,1,0,0,0
U009757,36,0.262,Madinah,2,2,2.5,6.9,1,0,1,0
U009758,41,0.374,Tabuk,6,2,3.2,9.3,1,1,1,1
U009759,39,0.629,Eastern,4,2,1.1,36.5,1,0,0,1
U009760,40,0.535,Najran,10,5,1.7,5.2,1,0,0,1
U009761,22,0.891,Makkah,1,1,1.0,14.9,0,1,2,1
U009762,58,0.607,Al Jawf,12,6,1.4,40.7,1,1,0,0
U009763,28,0.821,Riyadh,0,3,0.9,11.6,0,1,2,1
U009764,35,0.796,Asir,5,4,0.7,43.8,1,1,0,1
U009765,36,0.867,Asir,5,2,3.0,5.3,1,1,3,1
U009766,63,0.216,Riyadh,0,1,2.4,40.5,0,0,1,0
U009767,27,0.719,Riyadh,0,6,0.0,54.5,1,0,2,1
U009768,54,0.338,Riyadh,0,4,4.7,36.7,1,1,1,0
U009769,64,0.45,Makkah,1,2,0.0,27.7,1,0,1,1
U009770,29,0.156,Asir,5,1,0.5,32.2,1,0,1,0
U009771,61,0.513,Northern Borders,8,7,0.0,32.6,1,1,2,0
U009772,26,0.643,Madinah,2,5,4.0,12.7,0,1,2,1
U009773,30,0.319,Eastern,4,3,2.0,4.9,0,0,0,0
U009774,57,0.527,Riyadh,0,5,2.4,30.3,1,1,0,1
U009775,23,0.299,Riyadh,0,2,1.9,22.1,1,1,2,1
U009776,57,0.759,Riyadh,0,3,0.0,32.5,1,0,1,1
U009777,30,0.281,Najran,10,1,0.2,6.2,0,0,1,1
U009778,43,0.548,Jazan,9,3,0.3,45.5,1,0,1,1
U009779,31,0.249,Jazan,9,1,1.2,24.0,1,0,0,1
U009780,28,0.777,Tabuk,6,3,0.0,27.7,0,1,1,0
U009781,39,0.717,Eastern,4,5,2.6,26.5,1,1,1,1
U009782,19,0.663,Madinah,2,6,1.7,74.1,1,1,1,1
U009783,29,0.856,Tabuk,6,4,0.7,22.0,1,1,1,1
U009784,60,0.387,Madinah,2,3,3.0,6.1,1,0,0,0
U009785,57,0.676,Makkah,1,1,1.6,74.9,1,1,2,1
U009786,28,0.16,Riyadh,0,3,3.8,5.8,1,1,1,1
U009787,56,0.17,Riyadh,0,2,3.2,2.4,0,0,0,0
U009788,53,0.222,Eastern,4,1,2.7,39.5,1,1,1,1
U009789,28,0.482,Eastern,4,2,2.2,51.7,0,1,2,0
U009790,56,0.531,Al Jawf,12,4,3.3,20.8,1,1,3,1
U009791,69,0.453,Najran,10,3,0.0,5.3,0,0,0,0
U009792,31,0.773,Jazan,9,5,0.7,32.1,1,1,2,1
U009793,40,0.721,Eastern,4,4,2.2,8.2,0,1,2,1
U009794,20,0.357,Eastern,4,0,1.6,20.7,1,0,2,0
U009795,18,0.83,Asir,5,4,0.8,4.3,1,1,2,1
U009796,61,0.809,Al Bahah,11,3,3.2,2.7,0,1,0,0
U009797,69,0.045,Eastern,4,0,1.4,24.7,0,0,1,0
U009798,50,0.328,Al Bahah,11,0,2.2,44.5,0,1,2,0
U009799,52,0.715,Riyadh,0,4,3.0,10.5,1,1,3,1
U009800,60,0.775,Eastern,4,9,2.8,22.3,0,1,2,1
U009801,49,0.408,Eastern,4,4,3.1,21.7,0,0,0,1
U009802,18,0.385,Riyadh,0,3,0.9,50.0,1,0,2,1
U009803,59,0.459,Najran,10,1,2.5,14.6,1,1,1,1
U009804,46,0.397,Makkah,1,3,2.5,19.5,1,1,1,0
U009805,42,0.363,Makkah,1,1,2.5,15.6,0,0,1,1
U009806,36,0.279,Makkah,1,4,1.7,15.7,1,0,1,0
U009807,47,0.673,Riyadh,0,1,1.2,36.4,1,0,1,0
U009808,24,0.285,Riyadh,0,4,2.3,32.5,0,0,0,1
U009809,23,0.489,Eastern,4,3,0.0,52.7,1,1,4,1
U009810,51,0.408,Asir,5,3,1.8,42.6,1,0,1,1
U009811,68,0.65,Makkah,1,4,0.8,13.6,1,0,0,1
U009812,64,0.606,Madinah,2,1,1.3,22.9,0,1,2,1
U009813,37,0.042,Makkah,1,1,3.2,4.4,1,0,1,1
U009814,36,0.885,Riyadh,0,5,0.5,15.9,1,1,2,0
U009815,21,0.539,Eastern,4,1,3.8,4.1,1,1,4,1
U009816,25,0.68,Eastern,4,5,0.0,22.7,1,1,1,1
U009817,67,0.403,Eastern,4,3,4.9,24.9,0,1,1,0
U009818,58,0.372,Asir,5,0,3.5,18.2,1,1,0,0
U009819,32,0.352,Eastern,4,4,2.4,62.4,1,1,1,1
U009820,48,0.4,Riyadh,0,3,0.1,5.5,1,0,0,1
U009821,51,0.469,Makkah,1,3,1.6,32.0,1,1,3,1
U009822,28,0.072,Asir,5,1,3.2,42.0,1,0,1,1
U009823,35,0.248,Makkah,1,0,1.8,31.3,0,0,0,0
U009824,61,0.32,Asir,5,4,3.2,17.6,0,0,1,0
U009825,61,0.581,Riyadh,0,4,2.9,11.9,1,0,0,1
U009826,61,0.484,Makkah,1,2,1.8,29.6,0,1,1,0
U009827,21,0.19,Riyadh,0,2,1.2,12.7,1,0,2,1
U009828,31,0.082,Riyadh,0,2,4.1,4.3,1,0,0,1
U009829,56,0.404,Makkah,1,0,2.8,27.5,1,0,0,1
U009830,31,0.373,Makkah,1,3,2.1,19.9,1,1,0,0
U009831,47,0.472,Al Jawf,12,1,2.3,23.3,1,1,3,0
U009832,53,0.45,Jazan,9,1,1.2,32.9,1,1,1,1
U009833,68,0.33,Riyadh,0,2,2.3,22.9,1,0,1,0
U009834,56,0.428,Makkah,1,4,1.0,17.0,1,1,3,0
U009835,56,0.069,Eastern,4,3,2.9,44.8,1,0,0,0
U009836,37,0.649,Makkah,1,4,0.0,39.7,1,1,1,0
U009837,29,0.165,Madinah,2,4,4.2,7.8,1,1,0,1
U009838,26,0.467,Eastern,4,5,1.1,13.7,1,1,0,1
U009839,36,0.894,Eastern,4,1,0.3,27.0,1,1,0,0
U009840,51,0.664,Asir,5,5,1.9,13.9,0,1,0,1
U009841,46,0.641,Riyadh,0,2,0.6,5.3,1,1,0,1
U009842,26,0.802,Jazan,9,2,0.6,16.3,1,1,0,0
U009843,21,0.329,Al Jawf,12,3,3.0,54.9,1,0,0,1
U009844,47,0.742,Tabuk,6,5,0.7,24.0,1,1,0,1
U009845,45,0.254,Eastern,4,1,2.8,25.1,0,0,2,1
U009846,52,0.232,Eastern,4,2,1.5,18.2,1,1,4,0
U009847,34,0.025,Riyadh,0,0,4.2,63.8,1,0,0,1
U009848,18,0.61,Makkah,1,1,1.3,21.4,1,1,0,0
U009849,50,0.222,Hail,7,3,2.2,60.8,1,0,0,1
U009850,58,0.432,Makkah,1,1,0.9,7.8,0,1,2,1
U009851,68,0.302,Jazan,9,0,0.7,28.4,1,1,0,0
U009852,67,0.406,Eastern,4,1,0.6,19.8,0,1,2,1
U009853,50,0.827,Riyadh,0,2,2.5,20.9,0,0,1,1
U009854,26,0.474,Makkah,1,3,2.4,49.4,1,1,1,1
U009855,42,0.725,Eastern,4,2,1.2,22.7,1,1,2,0
U009856,51,0.364,Tabuk,6,0,3.8,9.1,1,1,2,0
U009857,59,0.769,Tabuk,6,4,1.9,24.4,1,1,1,1
U009858,53,0.868,Riyadh,0,5,3.0,31.0,1,1,1,1
U009859,22,0.306,Makkah,1,3,3.3,45.7,0,0,1,1
U009860,60,0.553,Riyadh,0,2,2.4,53.0,1,0,2,1
U009861,34,0.593,Al Bahah,11,8,1.6,13.7,1,1,2,1
U009862,68,0.305,Makkah,1,2,2.5,18.3,1,0,0,1
U009863,44,0.618,Eastern,4,1,3.1,6.1,1,1,0,1
U009864,56,0.828,Hail,7,4,1.4,33.8,1,1,0,0
U009865,61,0.872,Eastern,4,4,2.2,3.7,0,0,0,1
U009866,53,0.291,Riyadh,0,2,2.9,23.8,1,0,0,1
U009867,59,0.483,Makkah,1,3,0.4,19.8,1,0,0,1
U009868,41,0.123,Makkah,1,1,3.8,7.5,1,0,1,0
U009869,54,0.528,Eastern,4,8,2.7,16.7,1,0,0,1
U009870,69,0.442,Jazan,9,1,4.1,20.6,1,0,0,0
U009871,29,0.521,Eastern,4,2,2.9,8.9,1,0,0,1
U009872,65,0.803,Asir,5,1,0.7,25.1,1,0,0,1
U009873,33,0.813,Hail,7,4,2.2,27.7,1,0,1,1
U009874,44,0.415,Tabuk,6,3,1.4,19.9,1,0,1,1
U009875,67,0.359,Eastern,4,0,1.7,18.9,1,0,0,0
U009876,27,0.175,Eastern,4,0,1.6,27.2,1,0,3,0
U009877,23,0.553,Jazan,9,3,2.3,4.4,1,1,1,1
U009878,60,0.313,Jazan,9,2,2.2,37.1,1,0,0,1
U009879,52,0.303,Makkah,1,2,2.5,44.9,1,0,0,1
U009880,38,0.465,Eastern,4,4,2.7,46.8,1,1,2,1
U009881,40,0.605,Najran,10,3,3.1,19.9,0,0,0,1
U009882,43,0.85,Makkah,1,6,2.9,18.2,1,1,0,1
U009883,39,0.271,Madinah,2,0,2.3,7.0,1,0,0,1
U009884,39,0.352,Jazan,9,4,3.9,2.1,0,1,1,0
U009885,41,0.442,Eastern,4,1,3.9,6.5,1,0,1,0
U009886,44,0.559,Qassim,3,2,2.3,59.6,1,1,0,1
U009887,63,0.2,Qassim,3,2,3.7,51.1,1,1,1,0
U009888,29,0.341,Najran,10,7,2.8,2.9,1,0,0,0
U009889,68,0.162,Makkah,1,2,1.2,48.8,1,0,1,0
U009890,68,0.752,Riyadh,0,3,2.4,23.5,1,0,1,1
U009891,60,0.245,Makkah,1,3,2.3,14.1,0,0,1,0
U009892,42,0.548,Jazan,9,4,3.7,123.6,1,1,0,1
U009893,22,0.449,Tabuk,6,3,2.9,8.7,1,1,3,1
U009894,36,0.247,Madinah,2,2,1.0,13.4,1,0,0,0
U009895,55,0.376,Riyadh,0,3,1.6,32.7,0,0,1,1
U009896,51,0.907,Makkah,1,5,0.0,50.2,1,1,1,1
U009897,23,0.497,Riyadh,0,5,1.8,54.2,1,1,2,1
U009898,38,0.554,Makkah,1,3,1.8,12.7,1,0,0,1
U009899,44,0.971,Al Jawf,12,4,0.9,29.7,1,0,0,1
U009900,31,0.601,Madinah,2,2,1.4,15.8,1,0,0,0
U009901,50,0.449,Eastern,4,2,3.4,19.7,1,1,1,0
U009902,21,0.147,Makkah,1,3,2.3,4.9,0,0,0,0
U009903,36,0.712,Makkah,1,5,0.0,17.8,1,0,1,1
U009904,65,0.835,Riyadh,0,3,2.8,24.3,1,1,1,1
U009905,48,0.639,Eastern,4,1,0.7,26.6,1,1,2,1
U009906,22,0.436,Makkah,1,3,3.4,23.0,1,1,1,1
U009907,41,0.309,Asir,5,1,2.6,20.7,0,0,0,1
U009908,28,0.658,Makkah,1,1,3.7,2.3,1,0,0,1
U009909,46,0.866,Makkah,1,6,0.5,14.4,1,1,1,1
U009910,45,0.388,Eastern,4,0,0.7,12.4,1,1,0,1
U009911,51,0.526,Makkah,1,3,1.3,35.3,1,1,2,1
U009912,54,0.73,Tabuk,6,5,0.5,28.0,1,1,0,1
U009913,68,0.349,Qassim,3,7,3.8,18.3,0,0,0,1
U009914,54,0.241,Makkah,1,2,3.2,31.5,1,0,2,0
U009915,51,0.57,Madinah,2,2,2.8,73.7,1,0,0,1
U009916,66,0.482,Eastern,4,1,1.7,26.9,1,1,0,0
U009917,22,0.62,Makkah,1,3,3.1,3.5,1,1,1,1
U009918,37,0.698,Makkah,1,2,2.5,7.7,0,0,0,1
U009919,61,0.423,Riyadh,0,4,2.2,17.3,1,1,2,0
U009920,36,0.455,Riyadh,0,3,2.3,11.2,0,0,0,0
U009921,19,0.193,Makkah,1,2,1.1,64.0,1,0,0,1
U009922,40,0.924,Makkah,1,2,0.9,20.3,1,1,3,0
U009923,54,0.779,Makkah,1,2,0.0,16.0,1,1,2,1
U009924,63,0.594,Makkah,1,2,3.2,34.2,1,1,3,0
U009925,22,0.505,Madinah,2,2,2.0,22.4,0,0,0,1
U009926,18,0.728,Asir,5,7,1.1,50.5,1,0,0,0
U009927,44,0.643,Riyadh,0,1,3.0,38.3,1,1,0,1
U009928,55,0.804,Makkah,1,4,1.8,17.2,1,1,0,1
U009929,66,0.966,Madinah,2,9,2.5,7.1,1,1,1,0
U009930,57,0.151,Makkah,1,2,4.2,27.2,0,0,1,0
U009931,38,0.868,Asir,5,2,0.3,52.2,1,0,0,1
U009932,61,0.525,Eastern,4,1,0.3,16.5,0,1,1,1
U009933,57,0.595,Jazan,9,3,0.8,28.5,1,0,0,1
U009934,61,0.649,Eastern,4,3,2.2,15.5,1,0,0,1
U009935,20,0.493,Asir,5,2,3.3,29.1,0,0,0,0
U009936,58,0.504,Makkah,1,4,4.0,11.4,1,1,1,0
U009937,44,0.809,Eastern,4,8,2.4,6.0,1,1,4,1
U009938,36,0.695,Riyadh,0,2,2.5,16.3,1,0,1,1
U009939,60,0.4,Riyadh,0,1,1.3,8.3,0,0,0,0
U009940,22,0.411,Hail,7,2,3.6,5.8,1,0,1,0
U009941,57,0.511,Riyadh,0,3,2.3,18.0,1,0,0,0
U009942,24,0.956,Riyadh,0,7,1.3,32.7,0,1,0,1
U009943,44,0.495,Northern Borders,8,4,3.1,5.2,0,1,1,1
U009944,61,0.48,Makkah,1,2,1.9,19.9,0,0,1,0
U009945,44,0.382,Riyadh,0,2,1.6,44.0,1,0,3,0
U009946,31,0.449,Asir,5,3,1.9,18.2,1,0,0,1
U009947,59,0.384,Eastern,4,1,1.7,8.4,1,0,0,0
U009948,43,0.456,Eastern,4,3,2.3,41.0,1,1,0,1
U009949,47,0.084,Eastern,4,0,4.2,28.2,1,0,0,0
U009950,38,0.321,Makkah,1,1,0.1,14.5,1,0,0,0
U009951,57,0.384,Jazan,9,0,2.0,19.5,1,0,1,0
U009952,59,0.535,Al Bahah,11,5,1.0,18.3,1,0,0,1
U009953,36,0.41,Al Jawf,12,6,2.6,12.2,1,0,0,0
U009954,22,0.864,Al Jawf,12,5,3.5,15.8,1,1,1,1
U009955,59,0.558,Madinah,2,2,2.2,62.2,1,1,1,0
U009956,31,0.361,Jazan,9,3,1.8,17.2,0,0,0,1
U009957,27,0.45,Qassim,3,2,3.0,33.6,1,1,5,0
U009958,22,0.542,Jazan,9,3,1.3,38.0,1,1,1,1
U009959,48,0.404,Riyadh,0,5,1.6,31.1,1,0,0,1
U009960,29,0.341,Riyadh,0,3,2.1,3.1,0,0,0,0
U009961,43,0.196,Eastern,4,3,5.2,61.8,1,1,0,0
U009962,48,0.938,Eastern,4,5,1.5,23.5,1,1,0,1
U009963,33,0.249,Jazan,9,0,2.2,45.0,1,0,1,0
U009964,19,0.618,Jazan,9,3,2.9,11.1,1,1,5,1
U009965,49,0.409,Makkah,1,4,5.5,77.7,1,0,0,0
U009966,63,0.355,Najran,10,4,4.9,20.4,1,0,1,0
U009967,19,0.328,Riyadh,0,5,2.7,9.6,0,0,0,0
U009968,40,0.489,Al Jawf,12,6,3.4,22.3,1,0,1,1
U009969,33,0.348,Jazan,9,2,4.3,19.1,1,0,1,1
U009970,35,0.263,Jazan,9,0,2.8,39.0,1,0,0,1
U009971,21,0.782,Eastern,4,5,2.1,60.1,1,1,0,1
U009972,41,0.085,Riyadh,0,1,2.7,25.9,1,0,0,0
U009973,61,0.75,Jazan,9,0,2.7,13.3,1,0,0,0
U009974,52,0.711,Riyadh,0,2,3.2,12.1,1,1,0,1
U009975,29,0.287,Riyadh,0,4,0.7,47.4,1,0,1,1
U009976,56,0.622,Asir,5,4,2.1,12.3,1,1,2,1
U009977,39,0.943,Asir,5,7,1.8,14.3,1,0,1,1
U009978,20,0.846,Makkah,1,6,1.1,7.3,1,1,0,1
U009979,29,0.36,Qassim,3,2,0.7,34.5,1,0,0,1
U009980,58,0.708,Eastern,4,8,2.3,13.4,1,1,2,1
U009981,55,0.155,Makkah,1,2,1.2,38.9,0,0,1,0
U009982,18,0.435,Riyadh,0,2,1.4,6.4,0,1,2,1
U009983,60,0.508,Eastern,4,5,1.8,37.2,1,0,0,0
U009984,44,0.658,Riyadh,0,4,2.5,7.9,0,1,1,1
U009985,24,0.558,Eastern,4,7,3.0,12.3,1,1,2,1
U009986,63,0.301,Al Jawf,12,2,4.1,74.1,1,0,0,1
U009987,64,0.364,Tabuk,6,1,2.8,42.6,1,0,0,0
U009988,44,0.902,Qassim,3,6,0.5,11.5,1,1,2,1
U009989,18,0.702,Makkah,1,4,1.4,14.8,1,1,3,1
U009990,47,0.349,Qassim,3,2,1.5,68.6,1,1,2,1
U009991,55,0.307,Al Jawf,12,2,2.6,32.7,1,1,2,0
U009992,38,0.725,Najran,10,4,1.3,38.5,1,1,2,1
U009993,58,0.803,Makkah,1,7,3.6,33.1,0,0,1,1
U009994,64,0.615,Riyadh,0,4,2.0,11.1,0,0,0,0
U009995,53,0.702,Makkah,1,2,0.7,6.4,1,1,0,0
U009996,66,0.192,Riyadh,0,1,2.4,17.1,1,1,0,0
U009997,31,0.903,Makkah,1,3,3.1,12.8,1,1,1,1
U009998,55,0.547,Riyadh,0,3,2.4,5.3,0,1,1,0
U009999,35,0.231,Riyadh,0,1,1.4,51.2,1,0,0,1
U010000,67,0.674,Riyadh,0,3,3.1,19.0,1,0,0,1
U010001,65,0.232,Madinah,2,0,1.4,2.5,0,1,5,0
U010002,38,0.898,Eastern,4,1,3.3,11.3,1,0,1,1
U010003,60,0.293,Tabuk,6,0,1.3,11.1,0,0,0,1
U010004,26,0.168,Makkah,1,2,2.9,19.0,1,0,0,0
U010005,31,0.21,Asir,5,1,2.0,35.8,1,0,1,0
U010006,56,0.553,Asir,5,7,2.7,22.4,1,1,1,0
U010007,41,0.199,Makkah,1,4,1.6,23.6,1,1,2,0
U010008,69,0.945,Makkah,1,6,0.4,93.3,1,1,0,1
U010009,65,0.528,Riyadh,0,2,2.3,30.4,0,1,1,1
U010010,60,0.265,Eastern,4,3,2.2,20.3,1,0,0,0
U010011,29,0.458,Riyadh,0,3,2.6,3.9,1,1,0,1
U010012,67,0.572,Northern Borders,8,5,2.2,4.9,1,0,0,1
U010013,52,0.848,Makkah,1,1,0.9,11.8,0,0,0,0
U010014,58,0.965,Makkah,1,3,0.6,36.5,1,1,1,1
U010015,35,0.536,Riyadh,0,4,2.2,24.8,1,1,3,0
U010016,56,0.481,Riyadh,0,2,1.5,49.6,1,0,0,0
U010017,39,0.499,Makkah,1,3,1.6,7.1,1,0,0,0
U010018,28,0.817,Makkah,1,3,3.0,30.8,1,1,2,0
U010019,64,0.67,Qassim,3,6,0.3,37.1,1,1,1,1
U010020,59,0.265,Qassim,3,1,3.6,42.2,1,0,0,0
U010021,51,0.111,Tabuk,6,1,4.5,11.0,0,1,0,1
U010022,43,0.431,Makkah,1,1,1.5,30.6,1,0,0,0
U010023,30,0.519,Tabuk,6,5,3.0,12.6,0,1,1,1
U010024,58,0.764,Asir,5,4,2.4,22.5,1,1,1,1
U010025,36,0.274,Jazan,9,5,1.2,34.0,1,0,0,1
U010026,39,0.422,Madinah,2,5,1.0,30.9,1,0,0,1
U010027,18,0.427,Makkah,1,4,2.3,12.8,1,1,0,1
U010028,51,0.255,Makkah,1,1,2.6,44.0,1,0,1,0
U010029,36,0.371,Makkah,1,4,1.9,20.9,1,0,0,1
U010030,31,0.721,Riyadh,0,2,1.1,28.6,1,0,0,0
U010031,21,0.333,Qassim,3,3,2.5,32.4,1,0,1,1
U010032,33,0.444,Eastern,4,2,3.5,8.8,1,1,0,0
U010033,37,0.63,Najran,10,3,4.0,29.3,1,0,1,1
U010034,30,0.282,Tabuk,6,1,2.4,20.9,1,0,1,1
U010035,28,0.564,Riyadh,0,2,1.1,9.7,0,1,1,1
U010036,59,0.378,Asir,5,3,1.4,25.8,0,1,0,1
U010037,52,0.367,Riyadh,0,3,2.3,11.8,1,1,1,1
U010038,20,0.842,Tabuk,6,7,2.3,6.9,0,1,0,1
U010039,39,0.524,Al Bahah,11,2,2.9,16.7,1,1,2,0
U010040,69,0.495,Najran,10,4,2.7,21.6,0,1,2,1
U010041,64,0.417,Makkah,1,2,3.1,21.2,0,0,0,1
U010042,47,0.048,Asir,5,1,2.2,10.7,1,0,0,0
U010043,58,0.425,Riyadh,0,6,2.0,7.3,0,0,1,1
U010044,68,0.29,Riyadh,0,4,0.0,54.3,1,1,2,0
U010045,52,0.012,Asir,5,5,3.0,11.3,1,0,1,0
U010046,19,0.31,Madinah,2,2,2.9,24.8,1,0,1,1
U010047,40,0.113,Riyadh,0,3,2.2,30.8,1,0,0,0
U010048,26,0.66,Eastern,4,1,4.2,35.9,1,0,1,0
U010049,45,0.578,Makkah,1,7,0.6,16.1,1,0,1,1
U010050,58,0.586,Madinah,2,4,2.1,14.1,1,1,3,0
U010051,18,0.212,Makkah,1,2,3.7,9.6,0,0,0,1
U010052,40,0.135,Makkah,1,3,3.1,36.9,0,0,0,0
U010053,19,0.429,Najran,10,0,1.2,110.1,1,1,0,0
U010054,61,0.331,Makkah,1,3,3.1,17.0,1,1,0,0
U010055,18,0.194,Makkah,1,1,3.2,20.6,1,0,1,1
U010056,20,0.415,Jazan,9,3,2.2,23.2,1,1,1,1
U010057,35,0.71,Riyadh,0,6,2.1,37.0,1,1,0,1
U010058,39,0.23,Riyadh,0,3,1.9,24.3,0,0,0,0
U010059,26,0.319,Makkah,1,6,3.2,36.2,0,1,1,1
U010060,56,0.399,Makkah,1,2,3.1,25.9,1,0,1,1
U010061,29,0.756,Najran,10,1,2.3,18.9,0,1,1,1
U010062,58,0.341,Madinah,2,3,3.5,27.3,1,0,0,0
U010063,40,0.304,Eastern,4,3,2.0,11.0,1,0,0,0
U010064,62,0.687,Riyadh,0,5,1.8,51.4,1,0,0,1
U010065,63,0.68,Makkah,1,3,2.2,15.8,1,1,1,1
U010066,31,0.586,Asir,5,3,1.8,2.0,0,1,4,1
U010067,27,0.697,Makkah,1,4,1.7,14.5,1,0,0,1
U010068,51,0.465,Riyadh,0,1,2.8,41.1,1,0,0,0
U010069,33,0.466,Qassim,3,6,4.5,41.9,1,1,3,1
U010070,28,0.483,Eastern,4,0,2.1,12.1,1,1,2,1
U010071,44,0.249,Qassim,3,0,2.1,71.1,1,0,0,1
U010072,62,0.38,Asir,5,3,2.3,15.3,1,1,0,1
U010073,55,0.052,Makkah,1,2,4.4,18.9,1,0,1,1
U010074,44,0.452,Riyadh,0,3,0.8,17.0,1,1,1,0
U010075,23,0.401,Eastern,4,5,2.0,13.0,0,1,0,0
U010076,37,0.263,Qassim,3,2,4.6,17.8,1,1,1,1
U010077,57,0.179,Eastern,4,3,2.6,29.3,1,0,2,1
U010078,48,0.201,Eastern,4,6,2.6,13.0,1,0,1,0
U010079,31,0.982,Northern Borders,8,3,1.5,26.7,1,1,4,1
U010080,64,0.558,Asir,5,1,2.5,45.7,1,0,0,1
U010081,30,0.463,Asir,5,3,1.7,22.8,0,0,1,1
U010082,56,0.502,Riyadh,0,2,1.5,9.1,1,1,1,1
U010083,31,0.839,Najran,10,3,1.3,37.0,1,1,0,1
U010084,50,0.638,Riyadh,0,1,0.8,12.2,0,0,1,1
U010085,64,0.591,Eastern,4,3,2.4,35.3,1,1,3,1
U010086,63,0.407,Asir,5,2,1.0,8.9,1,0,1,1
U010087,55,0.286,Makkah,1,0,1.5,29.0,1,1,0,0
U010088,58,0.353,Eastern,4,8,2.5,6.2,0,1,1,1
U010089,45,0.069,Hail,7,1,3.0,1.5,1,0,1,0
U010090,49,0.477,Eastern,4,3,2.4,12.0,1,1,0,0
U010091,45,0.464,Asir,5,5,0.4,44.4,1,1,1,0
U010092,27,0.424,Hail,7,3,1.4,46.0,1,0,1,1
U010093,30,0.336,Asir,5,1,0.2,34.8,1,0,3,0
U010094,35,0.148,Madinah,2,3,6.2,20.7,1,0,1,0
U010095,38,0.618,Eastern,4,6,1.6,18.7,0,1,1,1
U010096,32,0.567,Al Bahah,11,3,0.4,39.6,1,0,0,0
U010097,55,0.33,Riyadh,0,9,0.0,8.1,1,1,3,0
U010098,39,0.295,Riyadh,0,4,2.6,24.3,0,1,1,1
U010099,39,0.878,Riyadh,0,5,0.0,37.8,1,1,0,1
U010100,42,0.256,Riyadh,0,0,2.2,4.9,1,1,1,0
U010101,49,0.896,Riyadh,0,9,2.0,35.1,1,1,1,1
U010102,22,0.528,Riyadh,0,2,1.5,36.5,1,0,1,1
U010103,55,0.399,Makkah,1,1,2.7,30.5,1,0,3,0
U010104,56,0.23,Eastern,4,2,1.4,12.8,1,1,0,1
U010105,27,0.595,Makkah,1,2,0.3,40.3,1,1,1,1
U010106,24,0.628,Al Jawf,12,2,2.5,31.7,1,0,0,1
U010107,21,0.53,Eastern,4,5,0.8,4.7,1,1,2,1
U010108,20,0.378,Makkah,1,2,2.9,7.0,1,1,1,0
U010109,53,0.067,Eastern,4,0,3.6,25.3,1,0,1,0
U010110,36,0.527,Eastern,4,3,1.4,38.8,1,0,1,1
U010111,19,0.292,Riyadh,0,2,4.7,13.5,0,1,3,1
U010112,26,0.061,Makkah,1,3,1.8,33.0,0,0,1,0
U010113,43,0.182,Makkah,1,3,0.0,13.0,0,0,0,1
U010114,22,0.428,Eastern,4,5,2.2,17.9,1,1,0,1
U010115,42,0.837,Makkah,1,3,1.3,25.3,1,1,0,1
U010116,46,0.292,Eastern,4,3,5.4,28.1,1,0,3,1
U010117,40,0.378,Madinah,2,3,3.1,10.0,1,0,1,1
U010118,52,0.306,Makkah,1,5,2.4,22.1,1,1,1,0
U010119,39,0.828,Makkah,1,7,0.7,5.2,1,1,1,1
U010120,41,0.625,Najran,10,3,3.4,36.9,1,0,0,0
U010121,69,0.729,Jazan,9,5,0.6,1.4,0,1,0,1
U010122,22,0.348,Eastern,4,3,3.6,21.7,1,1,0,1
U010123,59,0.72,Makkah,1,6,1.9,11.2,0,1,0,1
U010124,39,0.321,Qassim,3,1,0.9,14.2,1,0,0,1
U010125,29,0.472,Northern Borders,8,5,1.2,23.6,1,1,0,0
U010126,64,0.287,Qassim,3,3,1.6,22.0,1,0,0,1
U010127,40,0.657,Asir,5,3,1.4,9.7,1,0,0,0
U010128,29,0.393,Riyadh,0,0,3.2,23.8,1,0,0,1
U010129,32,0.834,Asir,5,1,1.3,66.4,1,1,1,1
U010130,42,0.544,Jazan,9,4,0.9,19.9,1,1,4,0
U010131,64,0.88,Makkah,1,3,0.0,13.9,1,1,2,1
U010132,37,0.144,Riyadh,0,4,2.1,41.5,0,1,1,1
U010133,65,0.756,Makkah,1,5,0.0,19.3,1,0,0,0
U010134,53,0.838,Madinah,2,4,1.4,18.9,1,1,2,0
U010135,29,0.151,Asir,5,5,1.5,23.3,1,0,1,0
U010136,64,0.56,Riyadh,0,4,4.0,9.8,1,1,1,1
U010137,39,0.508,Eastern,4,3,2.1,18.2,1,1,2,1
U010138,50,0.739,Riyadh,0,5,3.2,9.7,1,0,1,1
U010139,69,0.228,Riyadh,0,3,4.6,56.2,0,1,0,0
U010140,35,0.564,Tabuk,6,2,0.0,14.0,1,0,0,1
U010141,55,0.439,Makkah,1,5,0.4,13.0,1,1,0,1
U010142,51,0.416,Al Jawf,12,3,1.1,11.1,1,0,0,1
U010143,27,0.415,Hail,7,1,3.2,22.4,0,0,0,1
U010144,65,0.503,Tabuk,6,2,2.0,6.5,1,1,0,1
U010145,24,0.697,Najran,10,3,2.4,73.3,1,1,1,1
U010146,48,0.502,Asir,5,6,3.1,37.5,1,0,0,1
U010147,34,0.042,Eastern,4,2,3.8,16.1,1,0,2,1
U010148,51,0.906,Eastern,4,7,0.0,34.9,1,1,0,1
U010149,50,0.692,Eastern,4,5,2.9,6.3,1,0,0,1
U010150,68,0.311,Qassim,3,2,1.2,4.5,1,0,0,0
U010151,41,0.127,Riyadh,0,1,3.0,26.2,0,0,0,0
U010152,62,0.329,Makkah,1,6,2.9,24.7,1,0,0,1
U010153,39,0.795,Riyadh,0,2,0.0,21.7,1,1,0,1
U010154,43,0.787,Asir,5,2,1.4,41.5,1,1,1,1
U010155,47,0.289,Asir,5,5,2.9,43.5,1,0,0,1
U010156,42,0.58,Eastern,4,4,4.0,31.3,1,0,0,1
U010157,34,0.716,Hail,7,3,3.2,6.7,1,1,3,1
U010158,52,0.241,Madinah,2,4,1.0,19.0,1,0,0,1
U010159,18,0.355,Jazan,9,4,1.9,25.4,1,1,0,1
U010160,64,0.506,Makkah,1,4,1.9,46.3,1,0,0,1
U010161,65,0.626,Asir,5,4,0.7,6.2,1,1,1,1
U010162,55,0.511,Riyadh,0,1,0.6,16.1,1,0,1,0
U010163,34,0.327,Jazan,9,2,1.3,19.1,1,0,0,1
U010164,36,0.24,Makkah,1,2,2.3,51.0,1,0,0,0
U010165,58,0.657,Asir,5,4,1.5,11.3,0,1,0,0
U010166,47,0.708,Eastern,4,5,0.1,19.6,1,1,1,1
U010167,31,0.486,Riyadh,0,4,1.9,19.9,1,1,0,1
U010168,54,0.88,Riyadh,0,5,1.1,61.4,1,1,1,1
U010169,65,0.079,Riyadh,0,1,2.6,51.9,1,0,1,0
U010170,28,0.818,Madinah,2,1,0.0,14.2,1,1,3,1
U010171,29,0.685,Makkah,1,4,2.1,33.1,1,0,0,0
U010172,44,0.101,Asir,5,3,5.5,2.5,1,0,1,0
U010173,27,0.723,Asir,5,8,1.7,18.0,1,0,0,1
U010174,36,0.46,Eastern,4,2,0.3,34.8,1,0,1,1
U010175,22,0.742,Qassim,3,2,0.1,55.1,1,1,1,1
U010176,46,0.631,Madinah,2,1,2.7,59.7,1,0,0,0
U010177,35,0.43,Makkah,1,2,1.7,28.1,1,0,0,0
U010178,31,0.468,Eastern,4,2,0.9,39.5,1,0,0,0
U010179,49,0.829,Makkah,1,5,3.2,28.0,1,1,1,1
U010180,63,0.15,Riyadh,0,1,1.6,42.2,0,0,2,1
U010181,30,0.331,Asir,5,1,4.1,17.6,1,0,1,0
U010182,18,0.42,Riyadh,0,3,2.5,4.5,1,0,0,1
U010183,69,0.638,Riyadh,0,5,0.7,9.2,0,1,1,0
U010184,25,0.408,Riyadh,0,2,2.7,14.8,1,0,0,0
U010185,31,0.715,Tabuk,6,6,1.2,6.5,1,1,2,1
U010186,53,0.155,Riyadh,0,2,2.1,27.6,0,0,0,0
U010187,26,0.657,Makkah,1,5,0.0,4.5,1,0,0,0
U010188,63,0.634,Makkah,1,3,1.1,17.2,1,0,1,0
U010189,35,0.917,Makkah,1,4,0.0,25.0,1,1,1,1
U010190,69,0.221,Riyadh,0,0,2.1,30.6,0,0,0,1
U010191,59,0.544,Tabuk,6,5,0.0,6.5,0,1,1,1
U010192,56,0.609,Qassim,3,3,3.6,9.9,0,1,1,0
U010193,46,0.87,Riyadh,0,4,1.7,21.8,1,1,3,1
U010194,30,0.134,Eastern,4,4,4.1,11.1,1,1,0,1
U010195,45,0.609,Qassim,3,7,2.8,22.5,1,1,1,0
U010196,64,0.623,Eastern,4,3,2.9,24.2,1,0,1,0
U010197,62,0.322,Makkah,1,4,2.0,10.6,1,1,0,1
U010198,63,0.658,Riyadh,0,6,1.4,9.9,1,1,1,1
U010199,62,0.461,Eastern,4,5,1.2,27.9,1,0,0,1
U010200,35,0.574,Riyadh,0,2,3.5,8.9,0,1,1,1
U010201,19,0.795,Riyadh,0,5,1.5,17.9,1,1,0,1
U010202,48,0.44,Najran,10,3,2.0,16.2,1,0,0,1
U010203,49,0.329,Riyadh,0,0,1.9,52.2,1,1,0,0
U010204,47,0.219,Riyadh,0,3,1.5,43.8,0,0,1,0
U010205,18,0.279,Eastern,4,3,2.0,18.5,0,1,1,0
U010206,44,0.194,Makkah,1,3,2.1,42.5,1,0,3,0
U010207,57,0.552,Eastern,4,2,1.0,20.1,1,0,0,1
U010208,67,0.501,Makkah,1,7,3.0,6.8,1,1,0,1
U010209,26,0.182,Qassim,3,3,2.3,32.5,1,0,0,0
U010210,26,0.338,Eastern,4,1,1.0,9.6,0,0,0,1
U010211,23,0.378,Madinah,2,4,2.5,44.8,1,0,0,1
U010212,42,0.725,Asir,5,6,1.3,13.6,1,1,0,1
U010213,38,0.775,Tabuk,6,5,2.4,22.3,1,1,0,1
U010214,36,0.465,Riyadh,0,3,1.4,29.4,1,0,0,1
U010215,52,0.138,Jazan,9,3,1.0,29.5,0,1,3,1
U010216,38,0.737,Qassim,3,6,1.9,10.9,0,1,1,1
U010217,58,0.812,Eastern,4,7,0.0,4.5,1,1,2,1
U010218,32,0.522,Makkah,1,5,1.6,8.7,0,0,1,0
U010219,50,0.45,Riyadh,0,2,2.7,57.0,1,0,0,1
U010220,60,0.453,Qassim,3,2,1.3,36.0,1,0,0,0
U010221,44,0.309,Riyadh,0,0,4.3,36.4,1,1,0,0
U010222,29,0.461,Riyadh,0,4,2.4,44.8,1,0,1,1
U010223,54,0.339,Eastern,4,3,3.2,36.7,1,0,1,0
U010224,65,0.574,Jazan,9,6,3.6,24.2,1,1,0,1
U010225,56,0.566,Hail,7,4,0.9,13.2,1,1,1,1
U010226,43,0.418,Jazan,9,1,1.4,30.6,1,1,1,1
U010227,29,0.908,Madinah,2,2,0.5,8.7,1,1,1,1
U010228,65,0.445,Al Bahah,11,1,3.9,0.8,1,0,1,1
U010229,39,0.162,Makkah,1,3,1.9,8.1,1,0,1,0
U010230,33,0.802,Qassim,3,3,0.0,25.1,1,1,3,1
U010231,60,0.659,Najran,10,3,0.8,33.3,1,0,0,1
U010232,58,0.446,Makkah,1,4,0.3,30.0,1,0,1,1
U010233,21,0.556,Asir,5,6,1.5,27.9,1,1,0,0
U010234,61,0.287,Riyadh,0,0,0.0,53.5,0,0,0,0
U010235,56,0.25,Najran,10,2,3.1,13.2,1,0,0,1
U010236,35,0.511,Al Jawf,12,5,0.0,63.1,1,1,0,1
U010237,68,0.522,Riyadh,0,1,3.0,10.8,0,0,1,1
U010238,21,0.829,Makkah,1,3,0.6,17.8,0,1,2,0
U010239,63,0.722,Riyadh,0,0,2.3,11.9,0,0,0,1
U010240,25,0.795,Makkah,1,1,0.3,5.0,1,1,2,0
U010241,40,0.493,Makkah,1,4,4.3,13.2,1,1,1,1
U010242,19,0.502,Asir,5,3,1.4,73.2,1,0,1,0
U010243,30,0.404,Eastern,4,0,1.2,9.8,1,0,1,1
U010244,42,0.204,Hail,7,2,3.8,25.2,1,1,2,1
U010245,66,0.798,Eastern,4,7,2.3,8.0,1,1,0,1
U010246,19,0.477,Najran,10,2,1.1,13.5,1,0,1,0
U010247,63,0.564,Eastern,4,2,1.9,33.5,1,1,4,1
U010248,45,0.325,Eastern,4,3,2.8,48.5,1,1,6,0
U010249,47,0.863,Madinah,2,4,0.0,12.6,0,1,1,1
U010250,61,0.829,Riyadh,0,4,1.4,52.1,0,1,0,1
U010251,52,0.271,Eastern,4,8,2.3,15.3,1,0,0,0
U010252,20,0.655,Riyadh,0,5,3.8,19.1,1,0,0,1
U010253,38,0.653,Makkah,1,3,2.8,17.4,1,1,3,1
U010254,55,0.774,Najran,10,4,3.2,13.5,1,1,2,1
U010255,46,0.687,Jazan,9,3,1.4,29.5,1,0,1,0
U010256,54,0.656,Riyadh,0,4,0.0,26.3,1,1,1,1
U010257,36,0.557,Eastern,4,1,0.2,12.2,1,0,0,1
U010258,42,0.354,Najran,10,4,1.0,35.9,0,0,0,1
U010259,49,0.258,Eastern,4,0,1.4,36.8,1,1,3,1
U010260,30,0.739,Riyadh,0,2,0.0,8.0,0,0,0,0
U010261,67,0.35,Asir,5,0,0.0,24.5,1,1,1,0
U010262,26,0.184,Tabuk,6,2,3.7,11.8,1,0,0,0
U010263,28,0.89,Makkah,1,4,1.6,34.2,1,1,0,0
U010264,34,0.533,Asir,5,2,3.6,8.4,1,1,1,1
U010265,23,0.392,Makkah,1,3,0.0,67.3,1,0,1,0
U010266,40,0.79,Makkah,1,4,2.0,6.2,1,1,1,1
U010267,19,0.486,Makkah,1,5,2.8,21.7,1,0,0,0
U010268,26,0.605,Makkah,1,1,2.5,5.1,1,1,0,1
U010269,59,0.018,Riyadh,0,4,2.0,10.0,1,1,2,1
U010270,19,0.733,Riyadh,0,4,1.8,10.2,1,1,2,1
U010271,43,0.751,Makkah,1,4,2.3,16.5,1,1,0,0
U010272,21,0.343,Eastern,4,2,1.3,13.0,1,1,0,1
U010273,64,0.608,Makkah,1,5,2.2,34.0,1,1,3,1
U010274,56,0.305,Northern Borders,8,1,4.0,8.2,1,0,1,0
U010275,61,0.475,Qassim,3,2,1.9,13.9,1,0,0,1
U010276,28,0.202,Makkah,1,5,3.6,71.4,1,1,2,1
U010277,27,0.673,Asir,5,3,1.8,26.2,1,1,2,0
U010278,32,0.327,Najran,10,4,2.5,10.2,0,1,1,0
U010279,38,0.26,Makkah,1,1,1.3,21.2,1,0,0,0
U010280,56,0.764,Riyadh,0,2,3.4,12.2,1,0,0,1
U010281,27,0.417,Riyadh,0,2,0.9,10.2,1,0,1,0
U010282,30,0.313,Qassim,3,1,3.4,38.7,1,0,0,1
U010283,34,0.693,Riyadh,0,6,2.6,4.6,1,1,1,1
U010284,67,0.436,Eastern,4,3,1.4,8.8,1,1,0,1
U010285,22,0.617,Makkah,1,2,2.5,49.6,1,1,0,1
U010286,45,0.151,Najran,10,4,1.9,6.4,1,0,0,0
U010287,46,0.824,Riyadh,0,3,1.9,37.6,1,1,0,1
U010288,18,0.743,Eastern,4,3,0.9,40.1,1,0,1,0
U010289,69,0.365,Eastern,4,1,2.1,16.8,1,0,1,1
U010290,59,0.678,Makkah,1,2,0.4,24.1,0,0,0,0
U010291,28,0.44,Hail,7,4,2.0,37.3,1,1,0,0
U010292,58,0.631,Asir,5,1,1.0,13.7,0,0,0,1
U010293,42,0.256,Makkah,1,2,3.6,28.1,0,0,0,0
U010294,42,0.51,Riyadh,0,3,0.9,23.1,1,1,1,1
U010295,55,0.541,Makkah,1,4,0.8,65.2,0,1,0,1
U010296,39,0.325,Tabuk,6,0,2.7,24.2,0,1,2,1
U010297,40,0.215,Makkah,1,3,3.3,6.2,1,0,1,0
U010298,21,0.355,Riyadh,0,2,2.0,53.2,1,0,0,1
U010299,36,0.393,Al Jawf,12,1,2.8,12.4,1,0,0,0
U010300,54,0.101,Riyadh,0,2,0.4,3.1,0,0,1,1
U010301,33,0.685,Eastern,4,3,2.8,20.3,1,0,1,1
U010302,43,0.662,Makkah,1,3,1.3,6.7,1,0,0,1
U010303,58,0.237,Jazan,9,2,3.4,6.1,0,1,3,1
U010304,45,0.301,Riyadh,0,1,3.8,15.1,0,0,2,1
U010305,40,0.423,Riyadh,0,3,0.9,35.6,1,0,0,1
U010306,41,0.177,Makkah,1,0,2.1,25.4,1,1,6,1
U010307,46,0.606,Tabuk,6,3,2.8,49.7,1,0,0,0
U010308,19,0.645,Eastern,4,2,2.6,27.4,1,1,0,1
U010309,69,0.317,Riyadh,0,3,5.2,61.3,1,0,0,1
U010310,35,0.691,Riyadh,0,6,2.2,41.9,1,1,0,0
U010311,27,0.193,Eastern,4,0,0.9,51.7,1,1,1,0
U010312,23,0.289,Madinah,2,5,0.0,44.3,1,0,0,1
U010313,63,0.244,Riyadh,0,5,2.3,50.5,1,0,0,1
U010314,38,0.222,Asir,5,2,0.6,18.1,1,0,0,0
U010315,21,0.315,Asir,5,4,2.5,27.0,1,0,0,1
U010316,51,0.179,Eastern,4,1,1.1,15.3,1,0,0,0
U010317,39,0.91,Riyadh,0,5,2.2,7.8,0,1,1,1
U010318,40,0.784,Makkah,1,8,2.9,6.8,1,1,0,1
U010319,19,0.176,Riyadh,0,6,2.0,7.7,0,1,0,1
U010320,32,0.601,Makkah,1,1,2.6,28.4,1,1,2,0
U010321,43,0.66,Riyadh,0,3,3.3,12.8,1,1,0,0
U010322,44,0.567,Najran,10,2,2.9,6.4,1,0,0,1
U010323,41,0.989,Makkah,1,2,0.9,2.1,1,0,0,1
U010324,26,0.243,Eastern,4,1,3.6,9.9,1,0,0,0
U010325,24,0.942,Makkah,1,5,0.0,42.6,1,1,1,1
U010326,22,0.572,Asir,5,6,3.6,33.9,1,1,1,1
U010327,41,0.324,Riyadh,0,8,2.7,35.2,1,1,2,1
U010328,58,0.529,Eastern,4,2,2.5,31.3,1,0,0,0
U010329,29,0.676,Asir,5,3,1.6,34.8,1,0,0,1
U010330,51,0.379,Asir,5,2,1.5,33.8,1,0,0,1
U010331,48,0.439,Jazan,9,0,2.8,5.2,0,0,0,0
U010332,57,0.826,Makkah,1,6,1.1,32.8,1,1,1,1
U010333,62,0.354,Eastern,4,5,1.6,23.0,1,0,0,1
U010334,59,0.629,Al Bahah,11,2,2.7,57.6,1,0,0,1
U010335,36,0.389,Asir,5,3,4.2,2.8,0,0,3,1
U010336,31,0.232,Makkah,1,1,0.0,29.5,1,0,0,0
U010337,55,0.704,Riyadh,0,2,0.4,5.8,1,1,2,1
U010338,48,0.859,Riyadh,0,5,2.4,36.7,1,1,2,1
U010339,30,0.715,Eastern,4,2,2.4,3.7,0,0,0,1
U010340,40,0.863,Riyadh,0,4,1.6,40.9,1,1,2,1
U010341,34,0.467,Tabuk,6,0,1.7,17.8,1,0,1,1
U010342,43,0.831,Asir,5,7,3.1,16.1,0,1,1,1
U010343,45,0.793,Qassim,3,6,2.9,25.2,1,1,2,1
U010344,30,0.704,Makkah,1,3,0.0,29.5,1,1,0,1
U010345,43,0.358,Makkah,1,2,3.4,25.8,1,1,1,1
U010346,42,0.986,Eastern,4,6,0.0,10.5,1,1,1,1
U010347,54,0.642,Madinah,2,1,0.6,50.3,1,1,2,0
U010348,23,0.297,Eastern,4,0,0.5,9.1,1,0,1,1
U010349,20,0.273,Asir,5,0,3.7,14.1,1,0,1,0
U010350,65,0.542,Makkah,1,2,2.1,14.7,1,1,2,1
U010351,18,0.558,Eastern,4,3,1.1,3.1,1,0,0,0
U010352,67,0.376,Asir,5,2,2.5,35.5,1,0,0,1
U010353,40,0.341,Makkah,1,3,3.0,18.6,0,0,0,0
U010354,31,0.469,Riyadh,0,3,0.4,0.8,1,0,1,1
U010355,56,0.864,Makkah,1,5,0.0,24.9,1,0,2,1
U010356,61,0.517,Eastern,4,1,2.7,10.7,0,1,0,1
U010357,42,0.455,Makkah,1,1,3.2,21.3,1,0,0,0
U010358,39,0.677,Eastern,4,2,0.0,37.0,1,0,2,0
U010359,68,0.413,Eastern,4,3,3.9,14.3,0,1,2,0
U010360,67,0.645,Eastern,4,5,2.3,25.9,1,1,1,1
U010361,49,0.487,Eastern,4,4,2.2,28.8,1,0,0,0
U010362,39,0.472,Asir,5,3,3.2,35.8,1,1,1,1
U010363,32,0.368,Jazan,9,1,2.5,6.5,0,0,1,0
U010364,49,0.816,Hail,7,4,1.3,24.3,1,1,3,1
U010365,24,0.109,Madinah,2,5,4.8,31.8,1,0,2,1
U010366,69,0.139,Makkah,1,1,1.7,8.6,1,0,1,1
U010367,38,0.499,Makkah,1,1,2.1,3.1,1,1,0,1
U010368,36,0.789,Jazan,9,8,0.0,16.3,1,0,2,1
U010369,60,0.612,Makkah,1,5,2.7,16.7,1,1,1,1
U010370,54,0.331,Eastern,4,1,2.7,33.5,1,0,1,1
U010371,68,0.134,Hail,7,0,2.1,17.1,1,0,0,1
U010372,62,0.775,Asir,5,3,2.2,8.8,1,0,1,1
U010373,21,0.603,Jazan,9,4,0.9,3.3,0,0,1,1
U010374,61,0.232,Hail,7,1,0.8,24.8,1,1,1,1
U010375,49,0.376,Najran,10,2,2.9,10.7,1,1,1,0
U010376,37,0.628,Eastern,4,1,0.6,4.9,1,1,0,1
U010377,40,0.377,Hail,7,1,2.0,11.1,1,0,2,0
U010378,56,0.359,Madinah,2,3,3.1,13.0,1,0,1,1
U010379,36,0.679,Makkah,1,4,2.1,3.5,1,1,1,1
U010380,65,0.027,Eastern,4,0,3.8,23.7,0,0,0,1
U010381,59,0.322,Eastern,4,6,1.1,20.8,1,1,1,1
U010382,24,0.566,Riyadh,0,0,1.8,13.2,1,1,2,0
U010383,31,0.75,Najran,10,2,1.0,17.6,0,1,0,0
U010384,22,0.244,Riyadh,0,3,3.2,37.8,1,0,1,1
U010385,19,0.576,Qassim,3,1,2.6,38.9,1,1,0,1
U010386,18,0.489,Riyadh,0,2,2.7,13.1,1,1,1,1
U010387,46,0.098,Asir,5,4,3.6,51.0,1,1,2,1
U010388,44,0.227,Eastern,4,0,1.9,6.1,0,0,0,0
U010389,60,0.291,Makkah,1,3,3.2,22.8,1,1,1,0
U010390,67,0.638,Madinah,2,0,1.8,9.5,1,0,0,0
U010391,27,0.701,Riyadh,0,3,0.9,42.6,1,1,0,1
U010392,54,0.719,Riyadh,0,3,0.8,42.7,1,0,1,0
U010393,53,0.755,Jazan,9,4,1.0,7.7,1,0,0,0
U010394,63,0.279,Eastern,4,3,2.9,12.5,0,0,1,0
U010395,69,0.862,Riyadh,0,3,0.0,27.0,1,1,1,0
U010396,31,0.282,Makkah,1,4,3.1,15.5,1,0,0,1
U010397,37,0.11,Najran,10,1,2.9,22.4,1,0,1,0
U010398,20,0.478,Riyadh,0,2,2.2,16.4,0,0,1,1
U010399,35,0.287,Madinah,2,1,2.0,40.9,1,0,0,1
U010400,31,0.672,Madinah,2,1,3.1,22.8,1,1,1,1
U010401,64,0.251,Eastern,4,1,1.8,15.3,1,0,0,0
U010402,65,0.471,Hail,7,2,4.3,42.6,1,0,0,1
U010403,55,0.614,Asir,5,1,2.0,27.1,1,1,1,0
U010404,34,0.714,Makkah,1,1,0.9,6.7,1,1,1,1
U010405,68,0.317,Al Bahah,11,3,0.3,42.9,1,0,1,1
U010406,66,0.792,Makkah,1,5,0.0,16.9,1,1,2,1
U010407,45,0.792,Madinah,2,3,1.6,40.0,1,0,0,0
U010408,20,0.794,Riyadh,0,4,2.3,13.2,1,0,0,1
U010409,29,0.709,Al Jawf,12,3,3.5,6.3,1,1,0,1
U010410,38,0.256,Riyadh,0,2,3.2,29.2,1,0,0,1
U010411,39,0.768,Riyadh,0,2,2.3,41.6,1,0,0,0
U010412,41,0.506,Jazan,9,2,2.5,31.3,1,0,1,0
U010413,46,0.389,Al Jawf,12,2,1.6,12.1,0,0,1,0
U010414,28,0.253,Makkah,1,2,3.1,19.2,0,0,1,1
U010415,57,0.771,Makkah,1,3,0.0,14.8,1,0,2,0
U010416,19,0.663,Makkah,1,2,2.6,31.4,1,1,1,1
U010417,47,0.268,Riyadh,0,1,1.2,43.8,1,0,1,0
U010418,37,0.173,Najran,10,2,0.0,13.3,1,0,1,1
U010419,60,0.156,Eastern,4,0,2.8,46.4,1,0,1,0
U010420,63,0.621,Tabuk,6,5,3.9,13.1,1,1,0,1
U010421,42,0.335,Madinah,2,3,0.4,21.7,1,0,0,0
U010422,28,0.075,Jazan,9,1,1.5,19.2,1,1,1,0
U010423,51,0.535,Riyadh,0,2,0.9,5.1,1,1,0,1
U010424,43,0.91,Eastern,4,3,3.2,29.9,1,1,1,0
U010425,19,0.441,Madinah,2,3,3.4,48.1,1,1,0,1
U010426,31,0.426,Makkah,1,1,3.0,10.3,1,1,3,1
U010427,24,0.712,Riyadh,0,2,0.8,12.5,1,1,0,1
U010428,41,0.382,Eastern,4,2,0.1,32.8,1,0,0,0
U010429,69,0.25,Eastern,4,1,4.3,21.4,1,0,0,0
U010430,33,0.479,Madinah,2,4,4.9,22.1,1,1,0,1
U010431,66,0.697,Makkah,1,4,0.8,53.6,1,0,1,1
U010432,19,0.43,Makkah,1,5,2.8,24.7,1,1,1,0
U010433,53,0.643,Jazan,9,4,0.8,26.1,1,1,1,1
U010434,49,0.776,Makkah,1,4,0.3,22.0,1,1,2,0
U010435,69,0.088,Tabuk,6,0,0.7,11.2,0,0,0,0
U010436,20,0.78,Asir,5,8,1.5,14.9,1,1,3,1
U010437,27,0.37,Riyadh,0,6,2.9,12.8,1,1,0,1
U010438,54,0.546,Makkah,1,3,0.0,45.8,1,0,0,0
U010439,54,0.755,Riyadh,0,5,0.8,26.1,1,1,1,1
U010440,31,0.191,Makkah,1,0,2.0,26.3,1,0,0,0
U010441,21,0.223,Asir,5,1,3.1,23.6,1,0,0,0
U010442,22,0.22,Riyadh,0,3,2.6,42.5,1,1,0,1
U010443,36,0.753,Makkah,1,7,0.3,31.9,0,1,0,1
U010444,60,0.17,Eastern,4,1,3.8,40.8,0,0,0,0
U010445,30,0.429,Al Jawf,12,2,3.4,25.4,1,0,0,1
U010446,31,0.601,Northern Borders,8,2,1.7,28.0,1,0,0,0
U010447,33,0.253,Riyadh,0,3,3.4,7.9,1,0,0,0
U010448,69,0.428,Riyadh,0,3,0.8,34.7,1,0,0,0
U010449,67,0.832,Makkah,1,5,1.7,12.3,1,1,0,1
U010450,22,0.673,Northern Borders,8,1,1.1,19.0,0,0,1,1
U010451,20,0.486,Tabuk,6,5,1.4,38.5,1,0,0,0
U010452,53,0.437,Riyadh,0,4,2.3,12.6,1,1,3,1
U010453,31,0.416,Makkah,1,1,1.7,13.8,0,0,0,0
U010454,66,0.453,Hail,7,6,4.0,4.7,1,1,0,1
U010455,19,0.334,Riyadh,0,2,2.8,20.1,1,1,0,1
U010456,44,0.25,Northern Borders,8,2,3.4,5.6,1,0,0,1
U010457,41,0.264,Makkah,1,1,3.7,1.8,0,0,0,0
U010458,27,0.494,Makkah,1,3,1.2,7.9,1,1,1,0
U010459,51,0.828,Eastern,4,10,0.0,83.7,1,1,1,0
U010460,46,0.388,Eastern,4,6,3.4,31.0,0,1,2,1
U010461,25,0.596,Makkah,1,3,2.8,35.1,1,1,1,0
U010462,50,0.678,Makkah,1,4,1.1,12.9,0,0,1,1
U010463,65,0.614,Riyadh,0,2,2.6,4.1,1,0,1,0
U010464,22,0.586,Asir,5,4,0.7,31.3,1,0,0,0
U010465,69,0.851,Riyadh,0,5,3.0,33.9,1,1,0,0
U010466,38,0.77,Makkah,1,2,1.3,25.5,1,1,0,1
U010467,46,0.332,Riyadh,0,1,2.7,10.4,1,0,0,0
U010468,46,0.735,Makkah,1,1,2.2,35.4,1,0,0,1
U010469,69,0.358,Makkah,1,1,1.4,6.3,1,1,3,0
U010470,56,0.501,Al Jawf,12,0,1.8,8.9,1,0,1,0
U010471,39,0.698,Riyadh,0,1,0.0,3.2,0,0,0,1
U010472,53,0.799,Eastern,4,3,2.2,9.3,1,1,0,1
U010473,24,0.619,Riyadh,0,1,2.6,17.7,1,1,1,1
U010474,21,0.424,Madinah,2,4,2.4,21.0,1,1,2,1
U010475,31,0.391,Makkah,1,6,1.2,4.9,0,1,1,1
U010476,66,0.886,Makkah,1,4,3.8,14.4,1,0,0,0
U010477,21,0.897,Makkah,1,6,1.0,26.6,1,1,0,1
U010478,50,0.543,Makkah,1,4,3.1,15.1,1,0,2,0
U010479,22,0.276,Eastern,4,6,0.0,4.7,0,0,1,1
U010480,48,0.507,Jazan,9,1,3.1,22.9,1,0,1,0
U010481,54,0.26,Makkah,1,2,2.7,18.9,1,1,4,1
U010482,45,0.269,Riyadh,0,4,3.0,59.2,1,1,4,1
U010483,37,0.44,Riyadh,0,2,0.8,5.0,0,1,1,1
U010484,36,0.473,Najran,10,1,1.8,39.4,1,0,2,0
U010485,68,0.342,Al Jawf,12,2,4.2,8.4,0,0,0,1
U010486,41,0.443,Makkah,1,1,2.7,5.4,1,0,1,1
U010487,18,0.744,Eastern,4,3,2.3,27.1,1,1,1,0
U010488,27,0.442,Riyadh,0,3,2.0,31.9,1,0,1,1
U010489,20,0.886,Jazan,9,10,1.1,13.2,1,1,0,1
U010490,48,0.723,Riyadh,0,4,1.9,38.0,1,0,1,0
U010491,48,0.357,Makkah,1,2,2.0,2.2,1,1,3,0
U010492,45,0.687,Eastern,4,4,2.7,10.5,1,0,1,1
U010493,35,0.294,Makkah,1,3,1.8,21.7,0,0,0,1
U010494,32,0.538,Makkah,1,2,3.2,23.3,1,1,0,1
U010495,31,0.541,Asir,5,8,0.3,27.7,1,0,0,1
U010496,20,0.6,Jazan,9,0,3.8,16.5,1,0,1,0
U010497,37,0.29,Jazan,9,2,2.7,16.4,1,0,1,1
U010498,27,0.212,Madinah,2,2,2.4,33.8,1,0,2,0
U010499,34,0.081,Eastern,4,4,4.5,12.3,0,0,0,0
U010500,54,0.804,Tabuk,6,6,2.6,22.5,1,1,0,1
U010501,40,0.711,Makkah,1,3,1.3,6.1,1,1,1,0
U010502,48,0.602,Asir,5,3,2.2,59.6,1,1,1,1
U010503,63,0.217,Jazan,9,2,4.3,21.4,1,0,2,0
U010504,52,0.059,Qassim,3,3,3.7,55.8,1,1,0,0
U010505,64,0.479,Riyadh,0,1,1.3,11.0,1,1,2,0
U010506,39,0.936,Riyadh,0,3,0.0,19.7,1,1,1,1
U010507,62,0.086,Riyadh,0,2,1.2,14.1,1,0,2,0
U010508,62,0.413,Al Jawf,12,1,2.7,35.7,0,0,3,0
U010509,41,0.182,Eastern,4,4,2.0,14.0,1,0,1,1
U010510,47,0.615,Eastern,4,0,2.3,18.1,1,0,0,1
U010511,66,0.396,Al Jawf,12,3,2.1,25.7,1,1,1,0
U010512,61,0.095,Qassim,3,2,1.9,24.4,1,0,1,0
U010513,30,0.496,Makkah,1,3,1.3,42.9,1,0,0,0
U010514,19,0.927,Eastern,4,5,2.5,4.2,1,0,0,1
U010515,69,0.242,Jazan,9,2,3.8,31.0,1,0,0,0
U010516,55,0.395,Makkah,1,3,1.3,12.0,1,1,2,1
U010517,47,0.494,Eastern,4,1,1.6,31.4,1,1,0,0
U010518,33,0.957,Riyadh,0,6,0.0,55.5,1,1,1,1
U010519,51,0.125,Makkah,1,3,3.1,29.2,0,0,0,1
U010520,28,0.074,Riyadh,0,1,3.2,17.9,1,0,2,1
U010521,63,0.534,Riyadh,0,1,0.1,16.0,1,0,1,1
U010522,43,0.328,Hail,7,0,2.7,12.4,0,0,1,1
U010523,18,0.326,Eastern,4,6,3.1,6.8,0,0,0,0
U010524,21,0.643,Asir,5,3,3.3,19.2,1,0,0,1
U010525,65,0.079,Asir,5,2,0.0,7.9,0,0,0,0
U010526,57,0.626,Riyadh,0,1,2.1,20.5,1,0,0,1
U010527,38,0.869,Riyadh,0,5,0.0,5.9,1,0,0,0
U010528,66,0.682,Riyadh,0,5,0.0,10.5,0,0,1,1
U010529,49,0.358,Jazan,9,1,2.4,20.0,1,1,1,1
U010530,65,0.359,Riyadh,0,2,1.0,35.5,1,0,0,1
U010531,33,0.83,Riyadh,0,6,2.2,74.2,1,0,0,1
U010532,22,0.5,Asir,5,1,3.6,11.6,1,0,1,1
U010533,49,0.406,Makkah,1,3,2.2,14.7,1,0,0,1
U010534,37,0.468,Makkah,1,1,3.5,9.1,1,1,2,1
U010535,61,0.192,Riyadh,0,5,2.5,12.3,1,1,2,1
U010536,48,0.643,Al Jawf,12,4,2.8,8.5,0,0,1,0
U010537,51,0.915,Makkah,1,4,2.1,2.6,0,0,1,1
U010538,20,0.79,Qassim,3,1,3.2,21.8,1,1,2,0
U010539,41,0.886,Eastern,4,4,2.3,17.4,1,1,0,1
U010540,37,0.395,Riyadh,0,2,1.5,13.2,1,1,2,1
U010541,29,0.627,Riyadh,0,7,2.9,10.2,1,1,3,0
U010542,63,0.791,Asir,5,8,4.6,25.9,1,1,1,1
U010543,28,0.84,Asir,5,2,0.6,35.9,1,1,0,0
U010544,43,0.305,Makkah,1,3,2.8,32.7,1,0,0,1
U010545,53,0.904,Riyadh,0,3,0.0,25.6,1,0,0,1
U010546,49,0.655,Makkah,1,6,1.7,16.5,1,1,1,1
U010547,34,0.776,Riyadh,0,7,2.4,17.8,1,0,1,1
U010548,45,0.353,Jazan,9,3,2.9,19.1,1,0,0,0
U010549,48,0.311,Eastern,4,1,2.3,5.4,1,0,0,0
U010550,44,0.377,Riyadh,0,3,0.1,8.3,0,0,0,1
U010551,47,0.647,Madinah,2,0,2.1,6.3,1,0,1,1
U010552,48,0.467,Makkah,1,5,2.0,24.7,0,1,1,0
U010553,40,0.228,Madinah,2,2,3.6,27.6,1,0,1,1
U010554,21,0.422,Hail,7,3,0.0,32.4,1,1,2,0
U010555,18,0.745,Makkah,1,4,3.3,22.1,1,0,1,1
U010556,34,0.627,Eastern,4,3,2.0,11.7,1,0,2,1
U010557,62,0.401,Madinah,2,1,1.4,11.9,0,0,0,1
U010558,28,0.26,Al Bahah,11,1,4.1,11.6,1,0,1,1
U010559,25,0.553,Riyadh,0,2,0.7,12.7,1,0,0,1
U010560,20,0.359,Riyadh,0,1,1.5,22.9,1,0,0,1
U010561,27,0.6,Qassim,3,4,2.8,82.8,1,0,0,1
U010562,30,0.346,Asir,5,1,1.6,19.3,1,1,1,0
U010563,68,0.528,Riyadh,0,4,3.0,37.7,1,1,1,1
U010564,53,0.344,Riyadh,0,6,2.9,23.1,1,1,4,1
U010565,24,0.946,Riyadh,0,5,0.0,9.0,1,1,0,0
U010566,45,0.434,Madinah,2,2,2.3,14.2,1,1,0,0
U010567,26,0.464,Riyadh,0,3,1.8,33.8,1,0,0,0
U010568,46,0.388,Asir,5,4,3.6,32.9,1,0,1,1
U010569,45,0.591,Eastern,4,3,1.9,2.5,1,0,1,1
U010570,31,0.135,Eastern,4,3,2.6,11.6,0,0,0,1
U010571,49,0.825,Makkah,1,2,0.0,95.9,1,1,1,0
U010572,42,0.734,Eastern,4,3,1.1,35.0,1,0,0,0
U010573,37,0.304,Makkah,1,3,2.4,25.5,1,0,0,1
U010574,28,0.536,Riyadh,0,0,2.1,86.9,1,0,1,1
U010575,51,0.422,Riyadh,0,6,0.6,31.9,1,1,3,0
U010576,18,0.088,Eastern,4,1,2.8,8.1,1,0,0,0
U010577,18,0.504,Madinah,2,3,2.3,42.9,1,0,0,1
U010578,23,0.667,Makkah,1,3,1.2,2.1,1,1,1,0
U010579,67,0.458,Asir,5,4,2.4,9.1,1,1,2,1
U010580,34,0.538,Makkah,1,2,2.7,14.2,1,0,0,0
U010581,43,0.625,Makkah,1,4,1.1,22.9,1,1,2,1
U010582,23,0.613,Riyadh,0,2,4.3,38.3,1,0,0,0
U010583,33,0.395,Makkah,1,2,1.5,12.1,1,0,1,1
U010584,53,0.566,Hail,7,2,1.0,5.0,1,0,0,1
U010585,64,0.395,Riyadh,0,1,0.2,36.8,1,0,1,0
U010586,24,0.262,Eastern,4,2,4.4,18.9,1,1,2,0
U010587,25,0.349,Riyadh,0,4,2.1,82.9,1,1,1,1
U010588,33,0.954,Riyadh,0,4,3.0,40.2,1,0,0,0
U010589,48,0.286,Makkah,1,2,1.6,1.4,0,0,1,0
U010590,65,0.332,Riyadh,0,5,0.9,30.4,0,0,1,1
U010591,21,0.684,Makkah,1,4,1.9,10.6,0,1,2,1
U010592,57,0.567,Riyadh,0,2,2.2,7.9,0,0,1,1
U010593,66,0.687,Makkah,1,3,2.6,32.2,1,1,2,1
U010594,43,0.779,Eastern,4,7,1.3,11.0,1,1,0,1
U010595,40,0.459,Makkah,1,3,1.5,22.1,1,0,0,1
U010596,67,0.487,Eastern,4,1,1.2,3.3,1,0,1,1
U010597,36,0.044,Northern Borders,8,2,3.1,16.7,1,0,1,0
U010598,50,0.751,Al Bahah,11,4,0.5,49.3,1,1,0,1
U010599,52,0.76,Jazan,9,5,0.0,7.0,1,1,0,1
U010600,36,0.639,Tabuk,6,2,0.8,10.3,1,0,0,0
U010601,58,0.543,Madinah,2,4,2.0,24.5,1,0,1,1
U010602,40,0.257,Eastern,4,2,2.4,7.4,1,1,2,0
U010603,39,0.265,Riyadh,0,2,4.3,30.4,0,0,0,1
U010604,60,0.174,Al Jawf,12,2,4.0,2.7,1,0,0,0
U010605,53,0.834,Makkah,1,4,1.5,50.8,1,1,1,0
U010606,52,0.564,Riyadh,0,9,2.3,6.9,1,1,1,1
U010607,34,0.592,Makkah,1,3,1.4,44.6,1,0,0,1
U010608,31,0.918,Tabuk,6,2,0.3,18.6,1,1,1,1
U010609,45,0.267,Riyadh,0,1,4.2,37.9,0,0,0,0
U010610,45,0.718,Al Bahah,11,8,1.4,12.2,1,0,0,1
U010611,27,0.353,Asir,5,2,2.9,12.4,1,0,2,1
U010612,25,0.647,Eastern,4,5,1.5,18.6,1,1,1,1
U010613,49,0.661,Hail,7,4,1.4,14.6,1,0,2,1
U010614,69,0.26,Eastern,4,2,0.7,20.8,0,0,1,1
U010615,51,0.778,Asir,5,3,2.7,6.2,1,1,0,0
U010616,59,0.398,Jazan,9,3,2.1,18.8,0,0,0,0
U010617,47,0.467,Riyadh,0,3,0.9,23.0,1,1,0,1
U010618,22,0.448,Asir,5,2,1.8,25.6,1,0,0,0
U010619,68,0.441,Riyadh,0,3,2.7,5.4,0,0,0,0
U010620,34,0.729,Al Bahah,11,4,2.0,31.7,1,1,0,1
U010621,51,0.732,Riyadh,0,3,4.9,22.2,1,0,1,0
U010622,26,0.48,Asir,5,3,2.7,4.4,1,0,1,1
U010623,31,0.756,Riyadh,0,2,2.5,19.3,1,0,2,1
U010624,55,0.459,Asir,5,5,1.4,10.7,0,0,1,0
U010625,45,0.237,Makkah,1,2,1.8,31.4,0,1,1,0
U010626,57,0.636,Eastern,4,4,1.3,10.1,1,0,0,1
U010627,67,0.684,Makkah,1,7,4.8,28.2,1,1,1,1
U010628,22,0.702,Riyadh,0,3,1.7,11.6,1,1,0,0
U010629,59,0.252,Riyadh,0,4,2.8,9.9,1,0,0,1
U010630,53,0.216,Eastern,4,2,3.4,17.5,1,1,1,0
U010631,38,0.486,Qassim,3,1,1.1,14.5,1,0,1,1
U010632,32,0.082,Jazan,9,1,2.7,24.7,1,0,0,1
U010633,53,0.75,Makkah,1,5,2.5,14.1,1,1,1,1
U010634,41,0.584,Eastern,4,6,2.8,11.5,1,1,0,1
U010635,46,0.931,Qassim,3,4,2.3,39.3,1,1,0,1
U010636,28,0.769,Makkah,1,2,3.1,22.1,1,0,0,1
U010637,22,0.303,Madinah,2,5,1.8,28.4,0,0,1,0
U010638,48,0.454,Al Jawf,12,0,3.7,9.5,1,0,1,1
U010639,63,0.4,Makkah,1,3,1.7,38.1,1,1,3,1
U010640,69,0.563,Tabuk,6,2,0.0,16.6,1,0,0,0
U010641,53,0.356,Jazan,9,2,4.4,30.2,1,1,1,1
U010642,24,0.802,Makkah,1,4,0.8,29.2,1,1,3,1
U010643,67,0.514,Eastern,4,3,2.7,18.7,1,0,0,0
U010644,49,0.822,Asir,5,4,0.7,8.1,0,1,1,0
U010645,31,0.54,Madinah,2,3,0.8,13.9,1,0,1,0
U010646,43,0.227,Makkah,1,4,3.9,24.4,0,0,1,0
U010647,43,0.426,Eastern,4,4,2.3,6.8,0,1,0,0
U010648,26,0.408,Asir,5,3,1.1,21.6,1,1,4,1
U010649,45,0.387,Eastern,4,5,2.5,26.4,1,1,0,1
U010650,32,0.349,Eastern,4,3,3.0,12.8,1,1,2,0
U010651,19,0.828,Hail,7,5,1.0,22.3,1,1,0,1
U010652,35,0.343,Riyadh,0,2,0.0,5.7,1,0,1,1
U010653,23,0.479,Madinah,2,2,1.3,29.5,1,0,1,0
U010654,21,0.667,Makkah,1,3,3.3,2.8,1,1,0,1
U010655,24,0.197,Makkah,1,1,4.7,4.6,0,0,2,0
U010656,45,0.357,Eastern,4,3,0.6,29.3,1,0,0,0
U010657,47,0.173,Makkah,1,3,1.4,33.8,1,0,0,0
U010658,64,0.369,Makkah,1,0,0.6,25.0,0,0,1,1
U010659,69,0.642,Tabuk,6,8,2.7,15.5,1,1,3,1
U010660,67,0.603,Eastern,4,3,1.2,4.3,1,1,1,1
U010661,18,0.65,Makkah,1,1,1.1,9.4,1,0,1,1
U010662,45,0.452,Al Bahah,11,1,0.9,9.6,0,0,0,1
U010663,24,0.642,Al Bahah,11,3,0.0,33.0,1,1,4,1
U010664,67,0.822,Hail,7,2,0.8,13.5,1,1,1,1
U010665,19,0.721,Riyadh,0,7,0.0,45.9,1,0,0,1
U010666,52,0.393,Riyadh,0,1,2.8,18.0,1,1,0,0
U010667,42,0.792,Riyadh,0,5,4.9,5.5,1,1,1,1
U010668,43,0.7,Najran,10,1,1.2,41.1,1,0,0,1
U010669,48,0.704,Eastern,4,1,1.2,12.5,1,0,0,1
U010670,42,0.185,Madinah,2,0,2.3,29.7,1,0,0,0
U010671,60,0.279,Eastern,4,2,2.6,7.2,0,1,1,1
U010672,20,0.551,Najran,10,3,2.9,91.9,1,1,1,0
U010673,37,0.828,Jazan,9,5,2.1,11.5,1,1,0,1
U010674,34,0.396,Northern Borders,8,4,2.7,17.6,1,1,1,1
U010675,21,0.385,Riyadh,0,2,3.3,18.5,0,0,0,1
U010676,25,0.835,Riyadh,0,2,3.8,27.0,1,0,0,1
U010677,42,0.258,Hail,7,2,0.8,48.1,1,1,0,0
U010678,63,0.414,Eastern,4,8,0.7,59.9,1,1,1,1
U010679,26,0.763,Riyadh,0,5,4.0,25.0,1,1,2,1
U010680,34,0.313,Riyadh,0,5,4.2,70.7,1,1,2,1
U010681,52,0.66,Madinah,2,8,2.3,10.2,1,1,1,0
U010682,52,0.639,Al Jawf,12,4,3.2,39.5,1,0,1,1
U010683,26,0.607,Asir,5,1,0.8,14.9,1,1,2,1
U010684,50,0.654,Al Jawf,12,4,2.0,6.1,1,0,2,1
U010685,21,0.474,Makkah,1,3,0.7,17.5,1,1,4,1
U010686,47,0.679,Riyadh,0,4,2.9,50.7,1,0,0,1
U010687,33,0.758,Hail,7,3,1.4,9.3,1,0,1,1
U010688,58,0.698,Makkah,1,2,0.0,14.7,1,0,0,1
U010689,54,0.793,Qassim,3,5,3.6,10.6,1,0,1,1
U010690,60,0.844,Makkah,1,5,0.8,20.5,1,0,0,1
U010691,30,0.681,Riyadh,0,4,2.2,33.0,1,0,0,1
U010692,67,0.443,Makkah,1,3,2.0,11.2,1,0,1,0
U010693,55,0.458,Tabuk,6,3,1.7,14.0,1,1,0,0
U010694,49,0.624,Makkah,1,5,2.9,45.5,1,1,0,1
U010695,21,0.164,Jazan,9,1,3.6,34.5,1,0,0,0
U010696,49,0.587,Eastern,4,3,1.8,12.6,1,0,1,1
U010697,46,0.449,Madinah,2,2,3.6,10.7,1,0,0,0
U010698,34,0.274,Qassim,3,2,1.9,31.3,1,0,1,0
U010699,34,0.477,Makkah,1,7,2.1,69.1,1,1,1,0
U010700,25,0.336,Riyadh,0,2,0.2,23.0,1,1,2,1
U010701,50,0.845,Makkah,1,8,0.0,18.1,1,0,1,0
U010702,30,0.893,Riyadh,0,4,0.0,28.0,1,1,1,1
U010703,55,0.333,Riyadh,0,2,1.6,18.7,0,0,0,0
U010704,31,0.403,Makkah,1,6,5.8,6.5,1,0,0,0
U010705,40,0.765,Riyadh,0,5,2.6,21.3,0,1,1,1
U010706,40,0.224,Eastern,4,2,3.1,22.1,1,0,0,0
U010707,42,0.318,Qassim,3,4,1.2,10.0,1,1,2,1
U010708,51,0.363,Makkah,1,5,3.4,7.6,1,1,0,1
U010709,61,0.607,Riyadh,0,2,2.8,29.7,1,1,2,0
U010710,68,0.475,Riyadh,0,0,2.7,49.8,1,0,0,0
U010711,28,0.299,Makkah,1,5,2.7,31.9,1,0,1,1
U010712,27,0.171,Madinah,2,2,3.3,27.6,1,1,3,1
U010713,29,0.023,Makkah,1,0,4.5,12.8,1,0,2,0
U010714,22,0.238,Eastern,4,1,0.9,41.1,1,0,2,1
U010715,36,0.343,Asir,5,2,2.5,33.3,1,0,0,0
U010716,36,0.502,Eastern,4,3,4.5,12.1,0,0,1,0
U010717,46,0.427,Eastern,4,1,2.9,31.9,1,0,0,1
U010718,41,0.169,Hail,7,1,2.2,14.5,0,0,0,0
U010719,58,0.281,Madinah,2,1,4.4,63.8,1,0,0,0
U010720,31,0.422,Madinah,2,1,3.1,7.9,0,0,0,1
U010721,52,0.325,Jazan,9,0,1.7,2.6,0,0,0,0
U010722,33,0.339,Eastern,4,4,2.1,14.4,1,1,1,1
U010723,68,0.126,Qassim,3,4,0.0,1.1,0,0,1,0
U010724,50,0.85,Al Jawf,12,12,3.6,11.6,1,1,3,1
U010725,44,0.529,Riyadh,0,3,0.3,13.2,0,0,0,0
U010726,35,0.249,Riyadh,0,0,2.5,38.7,1,0,1,0
U010727,55,0.509,Eastern,4,0,2.2,14.7,1,1,4,1
U010728,32,0.378,Makkah,1,1,1.5,35.1,1,0,0,1
U010729,33,0.744,Qassim,3,1,1.7,13.4,1,0,0,1
U010730,37,0.345,Makkah,1,3,2.0,14.5,1,0,1,0
U010731,41,0.308,Qassim,3,1,0.5,18.8,1,0,4,0
U010732,55,0.651,Riyadh,0,2,3.3,40.6,1,0,1,0
U010733,56,0.732,Madinah,2,1,3.8,31.7,1,0,1,0
U010734,41,0.547,Riyadh,0,3,2.3,35.9,1,0,0,0
U010735,22,0.406,Eastern,4,2,1.0,34.5,1,0,0,1
U010736,44,0.295,Riyadh,0,3,2.9,23.5,1,1,0,0
U010737,49,0.332,Al Bahah,11,0,2.4,23.6,1,0,0,0
U010738,62,0.933,Madinah,2,4,1.6,11.1,1,0,0,0
U010739,40,0.381,Riyadh,0,3,3.1,8.2,0,0,2,0
U010740,25,0.38,Jazan,9,8,3.3,24.7,0,1,0,1
U010741,25,0.471,Makkah,1,2,2.1,5.1,1,1,1,0
U010742,66,0.352,Makkah,1,3,2.5,7.1,0,0,1,1
U010743,42,0.359,Riyadh,0,0,2.1,74.7,1,0,1,0
U010744,46,0.375,Northern Borders,8,1,3.6,15.6,0,0,0,1
U010745,48,0.721,Al Bahah,11,2,0.4,24.4,1,1,0,0
U010746,55,0.777,Makkah,1,0,0.0,10.7,0,0,0,0
U010747,69,0.678,Hail,7,3,1.4,30.4,1,1,3,0
U010748,18,0.197,Makkah,1,2,3.0,44.4,1,0,0,1
U010749,26,0.287,Makkah,1,3,1.8,15.5,1,1,0,1
U010750,67,0.346,Riyadh,0,3,3.1,8.9,1,1,3,1
U010751,21,0.054,Makkah,1,4,2.0,54.7,1,0,0,0
U010752,20,0.881,Riyadh,0,1,0.0,12.1,1,1,1,0
U010753,43,0.865,Hail,7,3,0.3,10.1,0,0,0,1
U010754,30,0.322,Makkah,1,2,2.8,4.2,1,1,0,1
U010755,25,0.504,Tabuk,6,4,0.7,46.9,1,0,1,0
U010756,41,0.607,Makkah,1,2,4.1,15.9,1,1,0,1
U010757,42,0.417,Makkah,1,3,3.0,13.2,1,0,0,1
U010758,46,0.739,Riyadh,0,1,0.4,54.4,1,1,1,0
U010759,20,0.253,Riyadh,0,2,0.0,3.8,1,1,0,1
U010760,63,0.471,Riyadh,0,5,0.0,22.7,0,0,1,0
U010761,65,0.223,Riyadh,0,3,1.8,9.7,0,0,0,0
U010762,22,0.228,Makkah,1,3,1.6,30.8,1,1,1,1
U010763,54,0.192,Eastern,4,1,2.5,19.5,1,0,0,0
U010764,32,0.372,Eastern,4,2,1.2,13.7,1,1,1,1
U010765,54,0.782,Makkah,1,4,1.3,15.1,1,1,1,1
U010766,61,0.191,Eastern,4,3,1.3,13.2,1,1,2,0
U010767,53,0.501,Makkah,1,0,1.4,59.4,1,0,0,0
U010768,21,0.809,Asir,5,1,0.9,13.1,1,1,1,0
U010769,53,0.328,Eastern,4,1,1.3,8.5,1,0,1,0
U010770,65,0.62,Al Jawf,12,2,2.9,38.0,1,1,3,1
U010771,42,0.493,Riyadh,0,4,1.0,3.3,1,1,0,1
U010772,65,0.641,Tabuk,6,3,1.1,28.6,1,1,0,1
U010773,47,0.581,Asir,5,1,1.8,19.1,1,0,0,1
U010774,42,0.617,Eastern,4,3,2.1,30.8,1,0,0,1
U010775,25,0.851,Makkah,1,5,1.8,36.4,1,1,0,0
U010776,37,0.6,Asir,5,1,2.3,11.1,0,1,2,1
U010777,66,0.624,Eastern,4,0,2.5,58.6,1,0,0,1
U010778,46,0.697,Riyadh,0,3,4.2,97.3,1,1,3,1
U010779,50,0.893,Riyadh,0,1,3.0,23.6,0,1,2,1
U010780,46,0.261,Riyadh,0,2,0.6,53.5,1,1,1,1
U010781,33,0.394,Riyadh,0,1,4.2,22.5,1,0,1,1
U010782,47,0.431,Eastern,4,6,2.5,11.5,1,1,0,0
U010783,53,0.093,Makkah,1,1,3.5,4.0,0,0,2,1
U010784,46,0.169,Madinah,2,0,2.9,32.6,0,1,2,1
U010785,29,0.656,Makkah,1,6,2.3,19.1,1,1,0,1
U010786,46,0.165,Eastern,4,1,4.7,7.1,1,0,1,0
U010787,18,0.366,Madinah,2,2,0.0,12.8,0,0,0,1
U010788,35,0.924,Madinah,2,3,2.7,60.8,1,1,0,1
U010789,23,0.594,Eastern,4,7,3.3,4.1,1,1,1,0
U010790,65,0.795,Makkah,1,4,2.4,5.7,1,0,1,1
U010791,40,0.684,Eastern,4,4,1.5,26.2,1,1,1,0
U010792,40,0.68,Northern Borders,8,1,0.1,19.6,1,0,0,1
U010793,53,0.876,Makkah,1,6,0.0,44.4,1,1,0,1
U010794,51,0.728,Makkah,1,2,1.9,54.1,1,0,0,1
U010795,26,0.859,Makkah,1,3,0.9,20.1,1,1,3,1
U010796,35,0.658,Riyadh,0,5,1.8,39.8,1,0,1,1
U010797,52,0.196,Riyadh,0,2,2.4,22.1,1,0,0,0
U010798,46,0.529,Asir,5,3,2.1,38.5,1,0,1,0
U010799,34,0.687,Riyadh,0,3,1.4,12.0,1,1,1,1
U010800,34,0.829,Eastern,4,1,0.0,10.8,1,1,1,1
U010801,56,0.735,Makkah,1,2,3.2,9.8,1,1,0,1
U010802,44,0.216,Riyadh,0,0,1.8,18.4,0,0,0,1
U010803,28,0.54,Northern Borders,8,6,1.3,24.4,1,1,0,1
U010804,27,0.618,Asir,5,3,0.0,24.9,1,1,2,1
U010805,25,0.4,Riyadh,0,0,1.5,11.2,0,0,0,1
U010806,36,0.898,Makkah,1,3,0.2,8.5,0,0,0,1
U010807,66,0.185,Riyadh,0,3,3.1,74.7,1,0,0,1
U010808,37,0.757,Najran,10,5,0.0,5.2,0,1,2,1
U010809,43,0.846,Northern Borders,8,5,0.4,31.4,1,0,0,1
U010810,33,0.287,Makkah,1,3,2.1,49.8,1,0,0,0
U010811,27,0.097,Riyadh,0,0,3.6,17.6,1,0,1,0
U010812,66,0.369,Asir,5,0,2.7,10.2,0,0,1,0
U010813,60,0.626,Madinah,2,1,0.8,13.6,1,0,0,0
U010814,66,0.203,Al Jawf,12,2,2.7,50.4,1,0,1,1
U010815,27,0.182,Jazan,9,2,3.4,15.9,1,0,0,1
U010816,38,0.648,Riyadh,0,2,0.4,10.3,1,1,1,0
U010817,33,0.984,Makkah,1,8,0.2,4.8,1,1,0,0
U010818,58,0.29,Riyadh,0,1,1.9,14.4,0,0,2,0
U010819,49,0.582,Jazan,9,3,0.0,26.1,1,1,3,0
U010820,33,0.382,Eastern,4,2,0.4,31.9,1,0,1,0
U010821,65,0.008,Eastern,4,1,2.8,11.1,1,0,2,1
U010822,26,0.745,Eastern,4,3,2.2,12.5,1,0,1,1
U010823,54,0.319,Makkah,1,3,2.5,18.6,0,0,1,0
U010824,68,0.457,Qassim,3,5,1.3,6.8,1,0,0,1
U010825,25,0.293,Makkah,1,5,1.1,20.1,1,1,1,1
U010826,65,0.537,Eastern,4,3,2.4,72.9,1,0,0,0
U010827,33,0.417,Jazan,9,6,1.3,16.5,1,0,0,1
U010828,62,0.825,Riyadh,0,1,0.0,10.6,0,0,0,1
U010829,63,0.434,Eastern,4,3,1.0,29.5,1,0,1,1
U010830,28,0.335,Asir,5,2,2.2,27.8,1,0,2,0
U010831,45,0.721,Eastern,4,7,2.1,17.5,0,1,1,1
U010832,38,0.481,Makkah,1,2,2.5,32.1,1,1,1,0
U010833,43,0.939,Northern Borders,8,5,2.6,21.3,1,1,3,1
U010834,35,0.441,Eastern,4,3,1.0,16.8,1,0,0,1
U010835,36,0.583,Riyadh,0,2,1.6,16.7,1,0,0,0
U010836,39,0.086,Riyadh,0,0,2.0,50.4,0,0,1,0
U010837,32,0.493,Riyadh,0,1,2.8,23.2,1,1,4,1
U010838,55,0.812,Madinah,2,3,0.7,24.7,1,0,0,0
U010839,62,0.794,Northern Borders,8,4,2.2,23.4,1,0,0,1
U010840,36,0.352,Riyadh,0,2,2.5,32.5,1,0,0,0
U010841,44,0.531,Riyadh,0,1,2.9,48.5,1,1,1,1
U010842,33,0.353,Eastern,4,1,0.4,13.0,1,0,1,0
U010843,52,0.186,Makkah,1,1,3.7,23.3,1,0,1,0
U010844,41,0.498,Riyadh,0,2,2.1,13.5,1,0,1,1
U010845,63,0.867,Asir,5,3,4.3,4.9,1,1,2,1
U010846,61,0.564,Najran,10,5,3.1,17.3,0,1,0,1
U010847,38,0.47,Asir,5,2,2.3,17.7,1,1,2,1
U010848,46,0.52,Riyadh,0,2,1.4,8.6,1,1,0,0
U010849,64,0.325,Jazan,9,1,1.5,39.8,1,0,0,0
U010850,55,0.387,Eastern,4,3,2.6,44.6,1,1,3,0
U010851,53,0.452,Riyadh,0,2,0.5,21.7,1,0,1,1
U010852,43,0.817,Makkah,1,3,0.7,51.0,1,1,0,0
U010853,45,0.974,Madinah,2,4,0.0,32.9,1,1,2,1
U010854,32,0.747,Makkah,1,5,5.2,45.3,1,0,0,1
U010855,32,0.845,Riyadh,0,4,0.9,17.5,1,1,1,1
U010856,40,0.078,Makkah,1,1,3.5,8.9,0,0,0,0
U010857,24,0.181,Najran,10,1,2.3,68.6,1,0,3,0
U010858,21,0.612,Eastern,4,4,2.5,12.2,1,0,0,0
U010859,57,0.602,Eastern,4,2,0.0,11.0,1,0,0,0
U010860,31,0.605,Eastern,4,2,1.5,24.5,1,1,3,1
U010861,26,0.737,Qassim,3,9,1.8,27.4,1,0,2,1
U010862,48,0.364,Madinah,2,3,0.2,15.0,1,0,0,0
U010863,54,0.774,Najran,10,3,2.7,24.8,0,0,0,1
U010864,41,0.365,Jazan,9,2,0.1,5.8,0,0,0,0
U010865,61,0.615,Najran,10,7,0.0,43.4,0,1,1,0
U010866,60,0.413,Qassim,3,4,2.5,39.8,1,0,0,1
U010867,35,0.618,Najran,10,2,1.0,16.6,1,0,0,1
U010868,48,0.36,Riyadh,0,4,2.2,24.1,1,1,2,1
U010869,57,0.031,Hail,7,2,2.5,39.8,0,0,0,1
U010870,18,0.266,Jazan,9,4,3.0,57.6,1,0,0,0
U010871,40,0.875,Riyadh,0,4,4.3,38.9,1,1,4,1
U010872,46,0.78,Riyadh,0,4,1.3,91.3,1,1,1,0
U010873,29,0.649,Makkah,1,2,2.5,34.9,1,0,1,1
U010874,24,0.621,Jazan,9,1,3.0,7.6,1,0,0,1
U010875,63,0.818,Najran,10,6,1.6,26.7,1,1,1,0
U010876,68,0.812,Eastern,4,4,1.6,47.9,1,1,1,0
U010877,46,0.815,Riyadh,0,3,1.2,23.5,1,1,1,1
U010878,34,0.291,Najran,10,6,3.5,14.3,0,1,1,1
U010879,43,0.566,Qassim,3,3,1.9,32.1,1,0,0,0
U010880,42,0.251,Makkah,1,0,4.2,45.1,1,0,2,1
U010881,58,0.147,Madinah,2,3,2.7,18.1,0,0,1,1
U010882,38,0.508,Qassim,3,3,4.2,33.7,1,0,1,1
U010883,45,0.857,Qassim,3,2,1.1,14.1,1,0,0,1
U010884,45,0.622,Riyadh,0,1,2.1,1.3,0,1,4,1
U010885,59,0.743,Jazan,9,2,1.7,41.9,1,1,0,0
U010886,62,0.408,Asir,5,4,0.8,6.3,1,1,1,0
U010887,40,0.721,Riyadh,0,3,2.3,20.1,1,1,0,1
U010888,54,0.427,Riyadh,0,3,3.7,22.2,1,0,0,1
U010889,69,0.237,Makkah,1,3,4.1,26.2,0,0,0,0
U010890,61,0.372,Riyadh,0,3,0.9,16.3,0,1,1,1
U010891,33,0.366,Eastern,4,3,3.3,49.1,1,0,1,0
U010892,62,0.366,Eastern,4,1,2.2,27.1,1,0,1,1
U010893,46,0.524,Al Bahah,11,1,0.1,19.4,1,0,1,0
U010894,24,0.607,Asir,5,3,2.0,13.5,1,1,2,1
U010895,20,0.311,Riyadh,0,2,0.4,31.2,1,1,1,1
U010896,32,0.773,Riyadh,0,6,0.2,22.7,1,0,1,0
U010897,20,0.74,Makkah,1,3,0.8,25.6,1,1,3,1
U010898,49,0.604,Northern Borders,8,5,1.4,32.4,0,1,2,1
U010899,58,0.764,Eastern,4,5,3.0,27.6,1,1,1,1
U010900,59,0.947,Asir,5,9,1.8,5.8,1,1,0,1
U010901,61,0.598,Eastern,4,8,1.9,42.6,1,1,0,1
U010902,44,0.923,Najran,10,6,2.7,13.6,1,1,1,1
U010903,57,0.666,Al Bahah,11,3,0.0,53.2,1,1,2,1
U010904,28,0.543,Makkah,1,2,2.3,22.2,0,0,0,0
U010905,63,0.503,Riyadh,0,5,0.9,6.2,0,1,0,1
U010906,54,0.856,Makkah,1,4,0.0,39.6,0,0,0,1
U010907,48,0.525,Eastern,4,2,2.4,52.3,1,1,0,1
U010908,59,0.699,Jazan,9,6,0.0,39.6,1,1,2,1
U010909,37,0.208,Al Jawf,12,3,2.0,2.6,1,1,2,1
U010910,28,0.638,Hail,7,3,2.8,43.0,1,1,1,1
U010911,51,0.821,Al Jawf,12,1,0.8,35.2,1,1,0,1
U010912,25,0.308,Qassim,3,2,3.6,11.3,1,1,2,0
U010913,25,0.711,Makkah,1,2,0.5,14.4,1,1,0,1
U010914,44,0.513,Makkah,1,3,3.9,11.7,0,1,2,1
U010915,47,0.913,Makkah,1,6,0.0,43.5,1,1,1,1
U010916,65,0.172,Riyadh,0,3,2.5,37.0,1,0,0,0
U010917,31,0.433,Eastern,4,1,3.0,18.6,1,1,1,0
U010918,40,0.693,Qassim,3,2,3.2,22.5,1,0,1,0
U010919,55,0.324,Riyadh,0,3,2.8,31.9,1,1,1,1
U010920,38,0.451,Riyadh,0,5,1.9,13.2,1,0,1,1
U010921,20,0.436,Makkah,1,3,4.2,42.2,0,0,0,1
U010922,64,0.351,Asir,5,0,2.9,41.6,1,0,1,0
U010923,42,0.595,Al Bahah,11,1,0.0,19.6,1,0,0,0
U010924,55,0.092,Riyadh,0,2,2.7,16.3,1,1,2,1
U010925,19,0.424,Makkah,1,0,2.2,17.8,1,0,2,1
U010926,32,0.659,Hail,7,2,0.6,20.0,0,1,3,1
U010927,24,0.463,Al Jawf,12,2,2.3,24.2,1,1,1,1
U010928,41,0.473,Eastern,4,6,2.6,40.8,0,0,0,1
U010929,28,0.73,Asir,5,5,0.5,9.8,1,0,0,1
U010930,49,0.446,Jazan,9,1,2.2,16.3,1,1,1,0
U010931,66,0.234,Riyadh,0,3,1.5,12.2,0,0,0,1
U010932,62,0.242,Eastern,4,2,5.7,12.2,0,1,1,1
U010933,57,0.698,Qassim,3,5,1.9,1.5,1,1,1,1
U010934,35,0.618,Makkah,1,2,2.9,7.4,0,1,1,1
U010935,30,0.326,Riyadh,0,1,2.3,15.3,1,0,0,1
U010936,48,0.901,Makkah,1,2,2.2,38.4,1,1,2,1
U010937,61,0.261,Makkah,1,0,0.7,19.6,1,1,2,1
U010938,26,0.792,Riyadh,0,3,0.3,28.2,1,1,0,1
U010939,40,0.601,Riyadh,0,5,0.8,10.0,1,1,0,0
U010940,50,0.809,Eastern,4,3,0.1,26.7,1,1,0,1
U010941,46,0.374,Riyadh,0,4,2.7,45.0,1,1,0,0
U010942,52,0.777,Riyadh,0,4,3.5,48.9,1,1,2,1
U010943,24,0.729,Eastern,4,2,0.0,39.5,0,1,3,1
U010944,25,0.289,Makkah,1,1,0.9,32.1,1,0,2,0
U010945,32,0.807,Riyadh,0,8,2.1,69.5,1,1,0,1
U010946,36,0.618,Eastern,4,3,0.8,7.6,0,0,0,1
U010947,29,0.705,Eastern,4,1,2.8,12.3,1,0,1,0
U010948,55,0.494,Madinah,2,3,1.7,15.3,1,1,1,1
U010949,60,0.536,Eastern,4,4,3.1,10.7,0,1,0,1
U010950,46,0.303,Al Jawf,12,4,3.1,32.2,1,0,0,0
U010951,41,0.548,Makkah,1,4,1.8,27.2,1,0,0,0
U010952,31,0.184,Makkah,1,3,3.4,12.4,1,0,0,0
U010953,67,0.348,Eastern,4,2,3.7,16.8,1,0,1,1
U010954,62,0.321,Makkah,1,1,0.9,32.1,1,0,1,0
U010955,40,0.451,Makkah,1,5,2.4,10.8,1,1,1,1
U010956,33,0.514,Eastern,4,1,2.1,35.1,1,0,0,1
U010957,21,0.686,Asir,5,9,0.9,13.7,1,1,0,1
U010958,45,0.46,Tabuk,6,3,0.0,14.7,0,1,0,0
U010959,20,0.382,Riyadh,0,5,1.0,14.4,1,1,2,1
U010960,53,0.509,Tabuk,6,3,2.5,20.0,1,0,1,1
U010961,28,0.417,Al Bahah,11,2,1.5,11.4,1,1,0,1
U010962,44,0.838,Makkah,1,4,1.6,15.3,1,1,1,1
U010963,43,0.594,Eastern,4,1,1.8,19.8,1,1,0,0
U010964,29,0.791,Makkah,1,1,0.2,62.2,1,0,3,0
U010965,23,0.401,Asir,5,1,3.4,2.8,1,1,1,1
U010966,26,0.6,Makkah,1,6,3.4,15.9,1,1,0,1
U010967,46,0.54,Eastern,4,2,1.5,44.2,1,0,1,1
U010968,34,0.304,Makkah,1,0,2.9,49.1,0,0,0,0
U010969,60,0.87,Makkah,1,5,1.5,28.2,1,1,1,1
U010970,44,0.432,Najran,10,3,2.0,17.5,1,0,0,0
U010971,63,0.541,Eastern,4,4,1.8,10.1,1,1,1,1
U010972,50,0.465,Makkah,1,2,3.0,14.4,1,0,0,0
U010973,59,0.498,Riyadh,0,4,2.3,45.5,1,1,1,0
U010974,20,0.608,Madinah,2,4,3.6,13.0,1,1,4,1
U010975,39,0.615,Riyadh,0,4,0.9,97.4,1,1,0,0
U010976,66,0.327,Eastern,4,2,2.7,59.6,1,0,1,0
U010977,35,0.81,Najran,10,5,2.0,52.2,0,1,2,1
U010978,18,0.344,Tabuk,6,4,0.1,29.1,1,0,0,1
U010979,41,0.605,Al Jawf,12,5,2.7,29.4,1,1,0,0
U010980,19,0.418,Madinah,2,2,0.5,30.4,1,0,1,1
U010981,45,0.492,Riyadh,0,5,2.9,30.3,1,0,1,1
U010982,21,0.439,Riyadh,0,4,3.4,17.5,1,1,2,1
U010983,50,0.769,Makkah,1,6,1.6,15.3,1,0,0,1
U010984,63,0.496,Riyadh,0,5,1.0,55.5,1,1,2,1
U010985,27,0.41,Riyadh,0,3,3.7,15.9,1,1,1,1
U010986,33,0.69,Makkah,1,4,2.2,39.3,1,1,1,1
U010987,69,0.513,Makkah,1,3,2.1,21.0,1,0,0,0
U010988,63,0.349,Eastern,4,1,1.9,28.5,1,0,1,1
U010989,47,0.527,Qassim,3,2,1.2,21.7,1,1,1,1
U010990,29,0.509,Eastern,4,3,3.0,19.1,1,1,2,1
U010991,18,0.626,Makkah,1,3,3.4,54.2,1,1,0,1
U010992,50,0.673,Riyadh,0,1,1.8,5.7,0,0,1,0
U010993,24,0.511,Tabuk,6,6,0.7,52.6,1,1,1,0
U010994,51,0.388,Makkah,1,2,3.0,56.8,1,0,2,0
U010995,23,0.599,Eastern,4,2,2.6,9.4,1,1,3,1
U010996,52,0.513,Madinah,2,2,0.8,60.2,1,0,0,0
U010997,53,0.138,Makkah,1,3,1.8,43.3,0,0,1,0
U010998,65,0.404,Riyadh,0,4,2.0,25.6,1,0,0,1
U010999,23,0.149,Riyadh,0,2,2.5,30.2,1,0,0,1
U011000,41,0.411,Eastern,4,3,1.5,7.4,0,0,1,0
U011001,62,0.387,Makkah,1,4,1.8,7.9,1,0,1,0
U011002,59,0.532,Eastern,4,3,3.3,11.7,1,1,1,1
U011003,66,0.357,Makkah,1,3,2.4,26.2,0,0,1,0
U011004,28,0.699,Eastern,4,5,1.6,28.1,1,1,0,1
U011005,55,0.406,Jazan,9,4,0.0,11.3,1,0,1,1
U011006,42,0.922,Riyadh,0,4,1.2,53.8,0,1,0,1
U011007,32,0.634,Jazan,9,2,0.6,25.2,1,0,1,0
U011008,38,0.83,Al Bahah,11,7,2.8,21.8,0,1,1,1
U011009,40,0.183,Madinah,2,0,1.0,26.5,1,1,0,0
U011010,63,0.605,Eastern,4,4,1.3,14.1,1,0,0,0
U011011,35,0.584,Makkah,1,1,0.0,22.6,1,1,1,1
U011012,65,0.31,Madinah,2,4,2.9,51.8,1,0,1,0
U011013,60,0.626,Riyadh,0,4,3.7,11.5,1,1,0,1
U011014,35,0.485,Riyadh,0,1,4.1,15.7,1,1,1,0
U011015,68,0.406,Eastern,4,3,2.0,47.8,1,0,0,1
U011016,47,0.294,Tabuk,6,2,2.3,7.1,1,0,3,0
U011017,31,0.211,Makkah,1,0,2.5,19.3,1,1,1,0
U011018,45,0.622,Riyadh,0,2,2.8,18.5,1,0,1,0
U011019,66,0.546,Qassim,3,1,0.6,24.5,1,0,0,1
U011020,64,0.462,Riyadh,0,2,1.0,96.5,1,0,0,0
U011021,64,0.615,Riyadh,0,1,3.6,25.5,1,0,0,0
U011022,42,0.578,Tabuk,6,1,1.3,6.6,1,1,1,0
U011023,35,0.537,Eastern,4,2,0.7,16.3,1,0,0,1
U011024,28,0.785,Eastern,4,3,0.0,17.4,0,0,1,1
U011025,65,0.488,Makkah,1,4,1.7,44.6,1,1,2,1
U011026,67,0.188,Makkah,1,2,2.5,53.6,1,0,1,0
U011027,41,0.408,Eastern,4,2,0.0,30.6,1,0,0,0
U011028,19,0.449,Makkah,1,0,2.8,31.8,1,0,1,1
U011029,41,0.057,Hail,7,1,4.5,18.8,1,0,0,0
U011030,35,0.289,Northern Borders,8,4,2.6,38.6,0,0,0,1
U011031,49,0.309,Riyadh,0,3,2.1,8.1,1,0,0,1
U011032,35,0.939,Eastern,4,4,2.2,20.7,1,0,0,1
U011033,62,0.859,Eastern,4,6,0.4,34.5,1,1,2,1
U011034,29,0.57,Makkah,1,4,2.1,8.5,0,1,0,1
U011035,26,0.778,Makkah,1,7,2.0,53.9,1,1,3,1
U011036,60,0.091,Jazan,9,1,2.8,9.5,1,0,0,0
U011037,37,0.707,Eastern,4,3,0.7,14.8,1,1,1,1
U011038,53,0.572,Riyadh,0,5,1.3,43.6,1,0,0,1
U011039,65,0.749,Makkah,1,2,1.9,36.4,1,0,0,0
U011040,61,0.277,Eastern,4,5,3.6,15.4,1,0,0,0
U011041,20,0.639,Makkah,1,3,3.5,8.6,1,0,0,1
U011042,42,0.46,Riyadh,0,2,1.6,13.5,1,0,2,1
U011043,23,0.571,Madinah,2,2,3.3,7.6,1,1,1,0
U011044,67,0.702,Eastern,4,0,3.3,5.6,1,0,2,1
U011045,64,0.167,Makkah,1,1,3.9,37.7,1,0,0,0
U011046,35,0.334,Riyadh,0,2,2.0,52.1,1,1,1,1
U011047,45,0.904,Tabuk,6,10,0.0,17.7,1,1,2,1
U011048,61,0.385,Hail,7,3,1.3,12.7,1,0,0,0
U011049,62,0.196,Najran,10,3,3.5,74.3,1,0,0,1
U011050,67,0.25,Riyadh,0,3,3.8,39.1,1,1,0,0
U011051,53,0.872,Eastern,4,4,0.3,3.5,1,1,1,1
U011052,66,0.211,Makkah,1,2,2.7,15.0,1,0,0,0
U011053,61,0.714,Qassim,3,4,2.6,49.8,1,0,3,1
U011054,43,0.41,Makkah,1,3,4.6,17.0,1,0,0,0
U011055,34,0.857,Eastern,4,5,1.7,3.6,1,1,1,1
U011056,49,0.213,Madinah,2,2,2.8,19.1,0,0,1,0
U011057,50,0.83,Riyadh,0,3,0.0,24.7,1,0,2,1
U011058,54,0.129,Makkah,1,1,1.3,12.4,1,0,0,0
U011059,19,0.688,Eastern,4,5,0.0,6.8,1,1,1,1
U011060,68,0.475,Al Jawf,12,3,1.8,70.9,1,1,0,0
U011061,52,0.323,Riyadh,0,2,0.4,12.8,1,0,0,0
U011062,20,0.522,Tabuk,6,1,2.0,11.9,1,0,0,0
U011063,36,0.275,Tabuk,6,2,3.1,20.2,1,1,3,0
U011064,54,0.71,Madinah,2,4,2.2,8.8,0,1,0,1
U011065,64,0.266,Makkah,1,2,1.5,15.2,0,1,0,1
U011066,24,0.38,Riyadh,0,2,3.5,17.2,1,0,1,1
U011067,46,0.563,Eastern,4,2,1.7,43.9,1,0,1,1
U011068,24,0.163,Najran,10,3,1.8,22.2,0,0,2,0
U011069,61,0.493,Makkah,1,2,1.3,21.8,1,0,0,0
U011070,65,0.578,Eastern,4,3,0.6,29.6,1,1,0,1
U011071,62,0.471,Eastern,4,2,1.3,35.4,0,1,1,1
U011072,45,0.89,Riyadh,0,3,1.5,12.4,0,1,2,1
U011073,44,0.794,Makkah,1,8,1.8,16.7,1,1,1,1
U011074,54,0.389,Riyadh,0,0,2.9,12.4,1,1,0,1
U011075,50,0.589,Makkah,1,2,0.0,14.2,1,0,1,0
U011076,36,0.742,Eastern,4,2,1.3,73.6,1,0,0,0
U011077,31,0.408,Hail,7,1,2.8,30.5,1,0,0,0
U011078,57,0.195,Qassim,3,2,4.5,31.2,1,0,0,0
U011079,44,0.203,Eastern,4,1,2.2,21.6,1,0,1,1
U011080,19,0.309,Qassim,3,0,3.0,27.7,1,0,1,0
U011081,28,0.701,Eastern,4,3,3.2,22.4,1,1,1,1
U011082,68,0.499,Riyadh,0,1,2.6,65.2,1,0,1,1
U011083,54,0.519,Riyadh,0,2,3.0,9.5,1,0,1,0
U011084,48,0.371,Makkah,1,3,1.2,27.6,1,1,0,1
U011085,23,0.358,Eastern,4,2,3.3,14.0,0,1,2,1
U011086,47,0.657,Riyadh,0,7,0.4,10.0,1,1,2,1
U011087,39,0.335,Qassim,3,3,2.0,39.4,1,0,1,0
U011088,43,0.151,Asir,5,2,2.3,24.4,1,0,0,1
U011089,26,0.928,Najran,10,3,2.6,50.5,1,1,1,1
U011090,25,0.733,Riyadh,0,2,1.6,15.9,1,1,4,0
U011091,29,0.508,Riyadh,0,6,2.5,49.5,1,1,2,0
U011092,19,0.454,Riyadh,0,5,0.5,46.1,1,0,2,1
U011093,57,0.791,Najran,10,6,2.5,18.7,1,1,2,1
U011094,48,0.563,Madinah,2,2,1.2,31.4,1,0,0,0
U011095,29,0.758,Riyadh,0,6,0.7,2.4,1,1,1,0
U011096,56,0.239,Makkah,1,1,3.1,22.6,0,0,0,1
U011097,64,0.905,Riyadh,0,2,0.8,10.7,1,1,1,1
U011098,52,0.564,Eastern,4,3,1.5,4.9,0,0,0,0
U011099,67,0.298,Jazan,9,3,3.9,31.2,1,0,2,0
U011100,27,0.369,Riyadh,0,4,2.6,18.9,1,1,1,1
U011101,46,0.464,Riyadh,0,3,3.3,6.5,1,1,0,1
U011102,26,0.151,Makkah,1,2,3.5,4.6,1,1,1,0
U011103,28,0.404,Asir,5,1,2.6,15.1,1,1,2,1
U011104,44,0.901,Jazan,9,3,0.2,22.1,1,1,0,1
U011105,52,0.46,Eastern,4,8,1.5,19.1,1,1,1,1
U011106,43,0.634,Eastern,4,1,1.8,50.1,1,1,1,1
U011107,30,0.836,Asir,5,4,2.2,1.9,1,0,0,1
U011108,33,0.473,Makkah,1,5,1.9,17.1,1,1,2,1
U011109,57,0.521,Riyadh,0,2,3.3,11.8,0,0,1,0
U011110,25,0.816,Makkah,1,6,1.9,19.0,1,1,2,1
U011111,69,0.224,Al Jawf,12,3,3.4,3.5,1,1,0,0
U011112,57,0.352,Makkah,1,1,1.5,19.6,1,0,0,0
U011113,54,0.376,Riyadh,0,0,2.6,30.9,0,0,0,1
U011114,20,0.448,Qassim,3,2,3.1,15.2,1,1,1,0
U011115,57,0.75,Eastern,4,6,2.2,21.0,1,1,1,1
U011116,27,0.793,Asir,5,5,1.3,71.7,1,1,1,1
U011117,58,0.931,Riyadh,0,7,1.9,27.6,1,0,0,1
U011118,38,0.253,Madinah,2,4,1.7,15.4,1,0,0,0
U011119,32,0.534,Northern Borders,8,2,2.6,22.0,1,0,0,1
U011120,36,0.421,Asir,5,1,3.2,12.8,1,0,0,1
U011121,68,0.599,Riyadh,0,7,2.1,15.6,1,1,2,1
U011122,25,0.521,Najran,10,5,0.4,49.1,1,1,2,1
U011123,33,0.62,Asir,5,3,2.5,3.5,1,1,0,1
U011124,65,0.457,Riyadh,0,3,2.3,13.1,1,1,0,1
U011125,57,0.336,Eastern,4,5,1.6,53.9,1,0,0,1
U011126,69,0.433,Asir,5,0,4.8,12.4,1,0,2,1
U011127,26,0.815,Madinah,2,4,0.0,42.0,1,0,1,0
U011128,55,0.743,Riyadh,0,4,1.5,9.0,1,1,1,1
U011129,31,0.974,Riyadh,0,3,0.0,12.0,1,1,0,1
U011130,69,0.131,Asir,5,3,3.7,20.4,1,0,1,1
U011131,41,0.439,Tabuk,6,4,2.6,25.0,1,1,0,1
U011132,51,0.276,Hail,7,1,3.5,6.2,1,0,0,0
U011133,23,0.317,Makkah,1,3,2.6,22.6,0,0,1,1
U011134,20,0.704,Najran,10,2,3.6,34.9,1,1,0,0
U011135,37,0.371,Riyadh,0,4,2.2,26.6,1,0,0,1
U011136,35,0.478,Asir,5,2,3.9,12.9,1,1,1,1
U011137,31,0.579,Makkah,1,3,2.2,18.6,1,1,0,0
U011138,18,0.54,Northern Borders,8,1,1.1,24.2,1,0,0,1
U011139,20,0.821,Najran,10,4,0.6,7.7,0,1,1,0
U011140,26,0.388,Tabuk,6,1,1.9,9.9,1,0,2,0
U011141,26,0.126,Eastern,4,3,2.2,3.3,1,0,0,1
U011142,23,0.845,Eastern,4,1,0.4,18.4,1,1,3,0
U011143,56,0.842,Riyadh,0,4,0.9,33.8,1,0,0,1
U011144,43,0.558,Makkah,1,4,4.0,32.5,1,1,3,1
U011145,59,0.321,Eastern,4,1,2.3,20.7,0,0,1,0
U011146,50,0.62,Asir,5,0,1.9,14.7,1,0,0,0
U011147,53,0.37,Riyadh,0,2,3.0,3.0,1,1,0,1
U011148,66,0.659,Eastern,4,4,1.7,33.2,1,0,0,1
U011149,65,0.264,Riyadh,0,4,3.4,27.1,1,0,1,1
U011150,36,0.548,Eastern,4,1,1.9,23.1,1,0,0,1
U011151,19,0.443,Riyadh,0,5,1.5,19.1,1,1,2,0
U011152,45,0.795,Jazan,9,4,3.8,33.9,1,1,0,1
U011153,44,0.466,Riyadh,0,4,1.1,17.7,1,0,0,0
U011154,33,0.451,Riyadh,0,5,1.6,6.5,1,1,0,0
U011155,68,0.61,Asir,5,1,0.0,3.1,1,0,0,1
U011156,40,0.812,Madinah,2,5,1.8,31.7,1,0,1,1
U011157,61,0.324,Jazan,9,0,3.2,11.0,1,0,0,0
U011158,59,0.546,Riyadh,0,2,3.5,14.5,0,1,2,1
U011159,56,0.807,Tabuk,6,5,3.0,16.9,1,1,1,0
U011160,32,0.461,Madinah,2,3,1.4,34.8,0,0,0,0
U011161,19,0.248,Riyadh,0,2,4.0,8.9,1,0,0,0
U011162,28,0.686,Riyadh,0,2,1.1,55.0,1,1,2,0
U011163,46,0.569,Riyadh,0,4,3.6,12.6,1,0,1,1
U011164,65,0.502,Riyadh,0,1,1.5,19.7,1,0,2,1
U011165,54,0.694,Makkah,1,2,2.2,53.0,1,1,3,1
U011166,22,0.163,Riyadh,0,1,4.9,4.2,1,1,1,0
U011167,41,0.492,Makkah,1,2,2.4,32.3,1,0,0,1
U011168,31,0.741,Qassim,3,6,1.2,32.9,1,0,1,1
U011169,40,0.336,Riyadh,0,3,4.2,10.3,0,1,0,0
U011170,29,0.359,Makkah,1,5,0.8,1.1,1,0,0,1
U011171,38,0.43,Riyadh,0,5,1.5,14.2,1,0,1,1
U011172,45,0.812,Riyadh,0,1,0.5,18.0,1,1,1,1
U011173,48,0.495,Eastern,4,1,0.1,51.8,1,0,0,0
U011174,66,0.64,Riyadh,0,2,0.3,57.3,1,0,3,1
U011175,63,0.596,Riyadh,0,2,2.9,1.0,1,1,1,1
U011176,45,0.493,Makkah,1,3,1.7,45.4,1,0,0,1
U011177,33,0.486,Al Bahah,11,2,0.3,33.8,1,0,1,0
U011178,47,0.456,Riyadh,0,2,1.4,22.9,1,0,0,0
U011179,53,0.629,Asir,5,1,0.5,30.9,1,0,1,1
U011180,40,0.704,Eastern,4,4,0.2,13.3,1,1,1,1
U011181,42,0.805,Al Bahah,11,3,1.0,5.1,1,1,1,1
U011182,65,0.419,Madinah,2,2,0.0,20.8,1,0,1,0
U011183,34,0.634,Eastern,4,1,0.0,14.9,1,1,0,0
U011184,67,0.542,Riyadh,0,1,3.0,34.0,0,1,1,1
U011185,26,0.32,Makkah,1,0,2.3,18.0,1,0,1,1
U011186,24,0.304,Hail,7,3,5.0,27.2,1,1,0,0
U011187,37,0.445,Hail,7,4,2.2,13.8,1,1,3,1
U011188,67,0.436,Hail,7,3,4.1,17.2,1,0,1,1
U011189,55,0.889,Madinah,2,2,1.9,57.4,1,1,2,1
U011190,65,0.597,Madinah,2,4,3.5,23.2,1,0,1,0
U011191,20,0.497,Madinah,2,3,2.0,29.6,1,1,1,1
U011192,22,0.4,Asir,5,5,2.5,21.3,1,1,0,1
U011193,38,0.61,Riyadh,0,4,0.1,13.4,1,1,1,0
U011194,28,0.636,Riyadh,0,1,2.5,8.8,1,0,1,1
U011195,25,0.716,Eastern,4,5,2.6,42.8,1,0,0,1
U011196,66,0.834,Eastern,4,4,2.1,54.8,1,1,1,0
U011197,51,0.378,Makkah,1,5,0.5,2.0,0,1,3,0
U011198,18,0.316,Eastern,4,2,1.9,22.8,1,1,1,0
U011199,30,0.534,Makkah,1,4,2.7,11.0,0,1,0,0
U011200,68,0.142,Eastern,4,2,4.0,11.2,0,0,3,0
U011201,58,0.664,Asir,5,4,1.8,4.4,1,1,0,1
U011202,55,0.783,Eastern,4,0,2.6,23.7,1,0,0,0
U011203,34,0.335,Al Bahah,11,2,5.1,32.6,1,0,1,0
U011204,26,0.829,Asir,5,2,1.3,9.1,1,0,0,1
U011205,58,0.6,Jazan,9,3,1.4,35.5,1,1,3,1
U011206,69,0.708,Makkah,1,3,0.7,2.3,1,0,0,1
U011207,61,0.505,Qassim,3,5,1.0,14.9,1,0,0,0
U011208,31,0.543,Riyadh,0,4,2.9,7.2,0,1,2,1
U011209,61,0.724,Tabuk,6,2,3.3,0.7,0,1,1,1
U011210,24,0.133,Makkah,1,0,4.3,67.0,1,1,2,1
U011211,32,0.534,Makkah,1,1,2.1,29.2,1,0,0,0
U011212,61,0.289,Makkah,1,6,2.1,9.3,0,0,0,1
U011213,28,0.171,Tabuk,6,1,1.3,15.7,1,1,2,1
U011214,36,0.741,Riyadh,0,2,2.1,21.6,1,1,0,1
U011215,48,0.38,Makkah,1,1,1.6,9.6,1,1,0,1
U011216,36,0.641,Riyadh,0,4,1.2,32.7,1,1,1,0
U011217,47,0.767,Riyadh,0,3,2.2,29.9,1,0,0,0
U011218,33,0.401,Makkah,1,4,0.1,15.6,1,1,1,1
U011219,40,0.466,Asir,5,4,3.6,10.3,1,0,0,0
U011220,26,0.669,Riyadh,0,4,0.6,14.0,1,1,2,1
U011221,25,0.617,Riyadh,0,2,1.3,10.0,1,0,1,1
U011222,26,0.523,Al Bahah,11,2,3.9,23.4,0,0,1,0
U011223,22,0.691,Al Jawf,12,4,1.6,22.1,0,1,1,1
U011224,49,0.344,Al Bahah,11,1,0.0,5.4,0,0,0,0
U011225,49,0.219,Makkah,1,7,3.6,24.6,1,0,0,0
U011226,34,0.399,Makkah,1,1,0.9,34.3,1,0,0,0
U011227,54,0.297,Qassim,3,1,2.2,15.0,1,0,0,0
U011228,27,0.763,Makkah,1,5,0.2,19.0,1,1,0,1
U011229,36,0.573,Riyadh,0,3,2.3,18.9,1,1,1,1
U011230,61,0.472,Eastern,4,1,1.5,18.1,1,0,0,1
U011231,25,0.72,Riyadh,0,2,2.6,26.4,0,1,0,0
U011232,20,0.229,Qassim,3,2,1.1,31.7,1,0,1,1
U011233,51,0.618,Riyadh,0,2,4.5,5.2,0,0,1,1
U011234,27,0.724,Asir,5,11,3.3,15.1,1,1,0,1
U011235,50,0.439,Eastern,4,3,2.0,28.7,0,1,4,1
U011236,44,0.591,Hail,7,2,2.7,26.6,1,0,0,1
U011237,58,0.888,Hail,7,4,1.6,19.2,1,0,1,1
U011238,20,0.412,Riyadh,0,3,4.0,14.4,1,0,0,0
U011239,23,0.648,Madinah,2,4,1.2,37.4,1,0,0,1
U011240,47,0.405,Makkah,1,1,1.1,16.6,1,1,1,0
U011241,58,0.78,Tabuk,6,2,1.8,46.7,1,1,0,1
U011242,24,0.833,Makkah,1,3,3.6,22.6,0,1,1,1
U011243,64,0.895,Asir,5,2,1.7,13.5,0,1,2,1
U011244,65,0.514,Madinah,2,4,1.9,10.6,1,0,0,0
U011245,52,0.354,Eastern,4,3,0.7,36.7,1,0,1,1
U011246,51,0.598,Makkah,1,3,1.2,26.4,0,1,3,0
U011247,37,0.594,Riyadh,0,1,1.9,16.9,0,0,0,0
U011248,25,0.605,Riyadh,0,2,0.8,25.5,1,0,0,1
U011249,21,0.648,Riyadh,0,2,2.7,29.3,1,1,0,1
U011250,30,0.504,Hail,7,2,2.6,28.2,0,1,2,0
U011251,50,0.318,Hail,7,3,4.6,11.5,1,1,1,1
U011252,30,0.711,Makkah,1,3,1.5,13.9,1,1,2,1
U011253,59,0.383,Makkah,1,1,3.4,22.6,1,1,1,0
U011254,49,0.776,Makkah,1,3,2.3,63.2,1,0,0,0
U011255,21,0.604,Makkah,1,4,1.9,16.8,1,1,1,0
U011256,63,0.783,Makkah,1,3,0.9,18.1,0,1,0,0
U011257,52,0.613,Al Bahah,11,2,0.5,47.5,1,0,1,0
U011258,59,0.554,Makkah,1,1,0.6,22.2,0,1,0,0
U011259,30,0.619,Riyadh,0,5,0.1,27.6,1,1,1,0
U011260,19,0.26,Makkah,1,2,2.4,35.2,1,0,0,0
U011261,60,0.345,Makkah,1,4,5.4,45.8,1,1,1,0
U011262,54,0.822,Riyadh,0,2,1.7,9.0,0,1,0,1
U011263,29,0.692,Eastern,4,2,1.2,8.0,0,0,0,0
U011264,65,0.366,Riyadh,0,1,3.3,39.9,0,0,0,0
U011265,51,0.504,Riyadh,0,6,0.3,15.8,1,1,2,0
U011266,50,0.98,Jazan,9,4,0.0,34.8,0,1,0,1
U011267,56,0.127,Makkah,1,2,4.3,13.6,1,0,0,0
U011268,62,0.061,Riyadh,0,1,2.1,29.4,1,0,1,0
U011269,29,0.72,Al Jawf,12,3,2.7,7.1,0,1,1,1
U011270,66,0.487,Eastern,4,0,2.3,32.2,1,1,1,1
U011271,35,0.454,Eastern,4,2,3.4,6.2,0,0,0,1
U011272,20,0.704,Riyadh,0,5,1.6,11.3,1,1,2,1
U011273,58,0.626,Qassim,3,1,3.5,31.3,1,1,1,1
U011274,56,0.289,Madinah,2,3,4.8,39.5,1,0,0,0
U011275,45,0.594,Makkah,1,4,2.4,28.2,1,1,1,0
U011276,60,0.583,Riyadh,0,4,0.7,8.1,1,1,1,1
U011277,23,0.691,Riyadh,0,1,3.3,34.8,1,1,3,1
U011278,38,0.056,Eastern,4,1,1.9,26.6,1,0,0,0
U011279,46,0.858,Makkah,1,2,2.3,9.7,1,1,0,0
U011280,64,0.428,Najran,10,5,0.8,9.1,0,1,2,0
U011281,33,0.397,Qassim,3,4,2.1,35.8,1,1,0,1
U011282,20,0.517,Riyadh,0,1,1.0,12.3,1,0,1,1
U011283,30,0.94,Makkah,1,5,0.0,33.0,1,1,0,1
U011284,50,0.925,Riyadh,0,5,0.3,12.6,1,1,0,1
U011285,42,0.257,Makkah,1,1,5.7,27.2,1,0,3,1
U011286,20,0.755,Tabuk,6,6,0.8,19.2,1,1,0,1
U011287,21,0.861,Asir,5,2,0.9,29.6,1,0,1,1
U011288,35,0.494,Riyadh,0,3,3.2,12.6,1,1,1,1
U011289,53,0.457,Riyadh,0,2,1.1,27.0,0,1,1,1
U011290,57,0.89,Riyadh,0,8,0.7,8.3,1,0,2,0
U011291,28,0.375,Riyadh,0,3,2.9,6.1,0,1,1,0
U011292,60,0.248,Riyadh,0,1,1.6,8.2,0,0,1,0
U011293,45,0.533,Tabuk,6,6,3.6,8.3,1,1,1,0
U011294,23,0.543,Madinah,2,4,1.4,16.5,1,1,1,1
U011295,28,0.118,Makkah,1,5,2.3,1.5,1,0,1,0
U011296,52,0.582,Makkah,1,4,0.4,12.9,1,0,1,1
U011297,66,0.564,Tabuk,6,1,1.2,25.8,1,0,2,0
U011298,67,0.74,Makkah,1,4,1.9,29.8,1,0,0,1
U011299,64,0.68,Hail,7,3,1.3,40.4,0,0,3,0
U011300,46,0.573,Riyadh,0,3,3.1,33.9,1,0,0,1
U011301,48,0.649,Makkah,1,2,0.2,23.4,1,1,3,1
U011302,43,0.646,Eastern,4,6,2.0,9.9,1,1,2,0
U011303,44,0.222,Makkah,1,2,2.0,62.9,1,0,0,1
U011304,69,0.397,Riyadh,0,5,2.9,4.1,0,1,2,1
U011305,26,0.377,Riyadh,0,1,3.4,17.7,1,0,0,0
U011306,36,0.757,Makkah,1,2,2.0,35.7,1,0,1,1
U011307,18,0.146,Makkah,1,2,2.2,7.5,1,0,0,0
U011308,41,0.537,Eastern,4,5,1.5,83.4,1,0,0,1
U011309,58,0.436,Riyadh,0,2,2.0,22.8,1,0,0,0
U011310,47,0.748,Jazan,9,2,2.9,87.5,1,1,3,0
U011311,63,0.663,Eastern,4,3,2.7,13.7,1,1,1,1
U011312,32,0.167,Madinah,2,1,4.1,51.3,1,0,0,1
U011313,30,0.512,Jazan,9,0,2.3,14.6,1,0,0,0
U011314,53,0.387,Makkah,1,3,0.8,20.0,1,0,0,0
U011315,28,0.232,Makkah,1,5,3.2,23.4,1,1,1,1
U011316,45,0.412,Al Bahah,11,3,3.7,33.0,1,0,1,1
U011317,27,0.45,Eastern,4,1,2.8,9.4,1,1,0,0
U011318,41,0.717,Eastern,4,2,1.3,24.6,1,0,0,0
U011319,42,0.084,Tabuk,6,1,5.9,32.6,0,1,0,1
U011320,49,0.494,Makkah,1,1,2.5,13.0,0,0,0,0
U011321,22,0.529,Riyadh,0,7,1.1,16.3,1,1,1,1
U011322,21,0.275,Madinah,2,2,3.7,34.2,1,0,1,0
U011323,29,0.249,Riyadh,0,2,5.2,15.4,1,0,2,1
U011324,20,0.709,Hail,7,3,0.4,24.7,1,1,0,1
U011325,52,0.712,Riyadh,0,7,1.6,42.3,1,0,1,0
U011326,43,0.595,Jazan,9,3,2.5,54.0,1,1,1,1
U011327,19,0.59,Riyadh,0,5,1.1,33.6,1,1,2,1
U011328,59,0.213,Eastern,4,1,1.4,31.3,0,1,3,1
U011329,64,0.353,Al Bahah,11,5,1.0,20.8,1,1,0,0
U011330,44,0.602,Riyadh,0,7,1.6,8.2,1,0,0,1
U011331,19,0.901,Al Bahah,11,6,1.8,5.2,1,1,0,1
U011332,49,0.655,Eastern,4,4,0.5,74.2,1,0,1,1
U011333,46,0.737,Riyadh,0,3,1.3,5.3,1,1,0,1
U011334,63,0.378,Jazan,9,0,2.8,17.1,1,0,0,0
U011335,35,0.242,Makkah,1,3,4.3,27.7,1,1,0,0
U011336,32,0.399,Makkah,1,6,1.5,25.5,0,1,0,1
U011337,66,0.586,Riyadh,0,8,0.6,32.0,1,1,2,0
U011338,68,0.777,Makkah,1,7,0.8,22.7,1,0,0,1
U011339,44,0.671,Riyadh,0,6,3.1,7.7,1,1,0,1
U011340,46,0.248,Makkah,1,2,1.9,28.7,1,0,2,1
U011341,31,0.837,Riyadh,0,3,0.7,5.3,1,1,2,1
U011342,38,0.52,Makkah,1,1,4.5,8.5,1,0,0,0
U011343,32,0.17,Hail,7,1,0.2,19.0,1,0,0,1
U011344,42,0.497,Riyadh,0,1,2.3,34.0,1,0,0,0
U011345,58,0.373,Riyadh,0,1,2.9,21.6,1,1,0,0
U011346,47,0.294,Najran,10,3,2.4,35.7,1,1,0,0
U011347,65,0.366,Jazan,9,5,2.3,24.4,1,1,3,1
U011348,42,0.746,Makkah,1,5,2.4,39.0,1,1,1,1
U011349,21,0.626,Makkah,1,3,3.3,42.7,1,1,0,1
U011350,54,0.678,Asir,5,4,1.3,12.7,1,1,0,1
U011351,30,0.489,Hail,7,3,1.7,22.1,1,0,0,0
U011352,21,0.653,Makkah,1,5,0.9,10.9,1,1,0,1
U011353,43,0.407,Tabuk,6,7,1.6,25.5,0,1,3,1
U011354,20,0.425,Makkah,1,1,0.6,31.3,1,1,2,1
U011355,55,0.635,Riyadh,0,0,2.2,25.9,1,0,0,1
U011356,34,0.519,Riyadh,0,2,0.0,35.5,1,1,1,1
U011357,52,0.289,Eastern,4,4,2.0,8.6,0,0,1,1
U011358,55,0.26,Qassim,3,2,1.1,21.7,1,0,2,1
U011359,42,0.278,Makkah,1,2,1.2,37.6,1,1,1,1
U011360,35,0.078,Riyadh,0,3,2.3,20.1,0,0,1,1
U011361,56,0.841,Riyadh,0,2,0.0,17.1,1,1,1,1
U011362,69,0.393,Riyadh,0,4,0.3,27.3,0,1,1,1
U011363,59,0.53,Hail,7,5,1.3,17.1,1,1,1,1
U011364,36,0.213,Riyadh,0,3,3.7,45.3,1,0,1,1
U011365,40,0.162,Asir,5,2,3.4,22.7,1,0,1,1
U011366,35,0.24,Makkah,1,3,0.5,17.7,0,0,1,1
U011367,60,0.575,Eastern,4,1,0.3,17.6,1,1,1,1
U011368,67,0.311,Madinah,2,1,2.5,21.4,0,0,2,0
U011369,64,0.543,Makkah,1,4,1.3,27.4,1,1,2,1
U011370,52,0.8,Al Bahah,11,6,0.8,7.9,1,1,0,1
U011371,21,0.801,Jazan,9,3,0.9,26.1,1,0,1,0
U011372,35,0.353,Makkah,1,3,2.0,43.9,1,0,1,1
U011373,23,0.66,Makkah,1,3,0.0,1.9,1,1,1,0
U011374,25,0.189,Riyadh,0,2,2.5,20.1,1,0,1,1
U011375,37,0.55,Jazan,9,4,5.2,31.5,0,0,1,1
U011376,41,0.123,Madinah,2,4,2.7,13.8,1,0,0,1
U011377,30,0.54,Jazan,9,3,0.6,24.9,1,1,2,1
U011378,31,0.897,Jazan,9,5,2.6,19.6,0,1,3,1
U011379,44,0.737,Riyadh,0,2,2.5,14.5,1,1,3,1
U011380,48,0.649,Eastern,4,3,1.9,28.9,1,0,0,0
U011381,36,0.328,Eastern,4,2,2.7,45.2,0,1,2,0
U011382,60,0.714,Tabuk,6,3,0.0,15.5,1,1,0,1
U011383,19,0.5,Al Jawf,12,0,1.3,81.8,1,0,0,1
U011384,68,0.271,Riyadh,0,2,2.1,20.6,1,0,1,1
U011385,41,0.307,Riyadh,0,2,2.0,14.0,1,0,0,1
U011386,22,0.679,Makkah,1,0,1.4,37.6,1,1,1,1
U011387,50,0.45,Qassim,3,1,0.6,45.9,1,0,0,0
U011388,56,0.793,Eastern,4,3,3.1,51.6,1,1,2,1
U011389,58,0.788,Makkah,1,5,0.3,5.4,1,0,0,1
U011390,49,0.715,Asir,5,6,1.2,22.7,1,1,1,1
U011391,21,0.582,Hail,7,4,2.3,36.0,1,0,1,0
U011392,26,0.496,Riyadh,0,4,3.2,31.4,1,1,2,0
U011393,34,0.516,Al Bahah,11,4,0.2,22.4,1,1,0,1
U011394,35,0.682,Makkah,1,3,1.6,48.5,1,1,0,0
U011395,65,0.442,Makkah,1,2,2.1,2.9,1,0,0,0
U011396,54,0.671,Riyadh,0,4,2.8,33.0,1,1,0,1
U011397,66,0.569,Riyadh,0,3,1.9,48.0,1,1,0,0
U011398,51,0.804,Riyadh,0,3,4.4,31.1,1,1,1,1
U011399,50,0.237,Makkah,1,4,1.6,22.2,1,0,0,0
U011400,55,0.489,Riyadh,0,5,2.2,2.4,0,0,0,0
U011401,67,0.372,Makkah,1,7,1.4,30.5,0,1,1,1
U011402,62,0.593,Northern Borders,8,4,1.5,29.6,1,1,1,0
U011403,47,0.57,Riyadh,0,4,0.0,8.2,1,0,0,0
U011404,29,0.748,Makkah,1,4,1.3,20.7,1,0,0,1
U011405,41,0.496,Makkah,1,4,2.8,66.5,1,0,0,1
U011406,35,0.33,Makkah,1,5,2.4,6.2,1,1,0,0
U011407,46,0.393,Riyadh,0,0,1.9,36.8,1,1,0,0
U011408,67,0.634,Riyadh,0,2,0.0,26.6,0,0,0,0
U011409,54,0.515,Jazan,9,5,0.9,24.8,1,0,0,0
U011410,61,0.6,Jazan,9,5,4.1,23.4,1,1,1,1
U011411,27,0.756,Jazan,9,5,1.1,14.8,1,1,1,1
U011412,65,0.59,Riyadh,0,2,1.5,13.9,1,1,0,1
U011413,29,0.322,Makkah,1,1,1.4,48.1,1,1,0,1
U011414,54,0.16,Hail,7,4,2.8,7.6,0,1,0,0
U011415,22,0.108,Makkah,1,2,1.2,25.5,0,1,1,1
U011416,46,0.855,Al Jawf,12,2,0.0,52.6,1,1,2,1
U011417,39,0.395,Riyadh,0,3,2.1,37.7,0,1,2,0
U011418,48,0.736,Tabuk,6,5,0.5,5.7,0,1,1,1
U011419,39,0.547,Northern Borders,8,2,1.4,46.9,1,1,0,0
U011420,44,0.512,Madinah,2,8,1.7,1.5,1,1,1,0
U011421,18,0.903,Makkah,1,7,1.0,33.3,1,1,0,1
U011422,32,0.962,Jazan,9,7,3.6,13.0,1,1,0,1
U011423,32,0.376,Makkah,1,0,0.7,93.2,1,1,0,0
U011424,21,0.677,Riyadh,0,4,1.6,53.5,1,1,1,1
U011425,21,0.086,Makkah,1,3,2.0,27.1,1,0,1,0
U011426,28,0.106,Makkah,1,1,0.4,80.6,1,1,0,0
U011427,67,0.366,Makkah,1,3,3.2,38.3,1,0,0,1
U011428,21,0.422,Asir,5,1,2.7,60.3,1,0,0,0
U011429,52,0.358,Asir,5,7,1.9,10.5,0,0,3,1
U011430,22,0.192,Riyadh,0,2,2.1,18.9,1,0,0,0
U011431,28,0.276,Riyadh,0,5,2.5,19.8,1,1,1,1
U011432,19,0.859,Najran,10,7,2.2,19.4,0,0,2,1
U011433,41,0.219,Makkah,1,1,4.2,16.3,1,0,0,0
U011434,37,0.695,Makkah,1,3,1.0,33.8,1,1,0,1
U011435,22,0.943,Jazan,9,5,2.4,10.2,1,1,1,1
U011436,18,0.472,Makkah,1,2,1.0,29.7,1,0,0,0
U011437,44,0.551,Makkah,1,3,0.0,52.1,1,1,2,0
U011438,57,0.743,Riyadh,0,7,0.0,13.3,1,1,0,0
U011439,66,0.216,Makkah,1,1,3.6,45.9,0,0,2,0
U011440,45,0.307,Makkah,1,0,0.9,51.3,1,0,0,0
U011441,63,0.248,Eastern,4,3,2.1,9.6,1,1,1,1
U011442,28,0.32,Riyadh,0,1,3.8,25.7,1,1,0,0
U011443,58,0.247,Asir,5,1,4.0,11.3,1,0,0,0
U011444,34,0.505,Riyadh,0,2,1.2,33.9,1,1,1,1
U011445,69,0.314,Makkah,1,5,3.9,9.6,1,0,0,0
U011446,63,0.375,Qassim,3,4,1.1,11.5,0,1,0,1
U011447,62,0.345,Riyadh,0,1,2.9,15.9,1,0,0,0
U011448,31,0.796,Makkah,1,3,1.7,26.7,1,1,0,1
U011449,56,0.585,Riyadh,0,5,2.7,9.7,1,0,1,0
U011450,60,0.475,Makkah,1,4,1.4,31.8,1,0,0,1
U011451,39,0.199,Riyadh,0,2,0.4,18.4,1,0,1,1
U011452,56,0.899,Riyadh,0,4,2.0,29.1,1,0,0,1
U011453,45,0.399,Riyadh,0,3,1.6,6.5,1,0,0,0
U011454,29,0.437,Eastern,4,6,1.9,47.0,1,1,1,0
U011455,18,0.671,Makkah,1,4,1.4,21.1,1,1,3,0
U011456,68,0.916,Riyadh,0,3,0.0,61.7,1,1,0,0
U011457,19,0.98,Riyadh,0,3,3.3,26.8,1,0,0,0
U011458,64,0.357,Makkah,1,1,2.8,25.4,1,0,1,0
U011459,57,0.5,Al Jawf,12,4,3.0,40.7,0,1,0,0
U011460,21,0.285,Asir,5,2,2.4,66.1,1,0,1,1
U011461,55,0.653,Makkah,1,2,0.3,31.3,1,1,1,0
U011462,38,0.933,Riyadh,0,8,0.5,38.0,1,0,0,1
U011463,32,0.83,Eastern,4,6,3.3,21.4,1,1,2,1
U011464,42,0.673,Riyadh,0,3,1.2,31.0,1,0,0,1
U011465,67,0.428,Riyadh,0,3,2.6,40.8,0,1,1,1
U011466,62,0.232,Riyadh,0,2,0.7,9.2,1,0,0,1
U011467,18,0.407,Eastern,4,0,3.3,43.9,1,0,2,1
U011468,52,0.736,Eastern,4,5,1.1,16.1,1,1,4,1
U011469,58,0.429,Najran,10,1,1.5,33.0,1,1,1,0
U011470,37,0.667,Najran,10,4,1.0,25.5,1,1,1,0
U011471,46,0.245,Al Bahah,11,2,1.5,8.6,0,0,0,1
U011472,64,0.599,Riyadh,0,2,0.7,31.4,0,0,1,1
U011473,34,0.492,Al Jawf,12,2,0.4,23.9,0,0,0,1
U011474,26,0.791,Riyadh,0,5,0.6,28.9,0,1,2,1
U011475,51,0.282,Riyadh,0,3,4.1,41.8,1,1,0,0
U011476,19,0.321,Qassim,3,4,2.6,12.7,0,0,0,1
U011477,46,0.686,Makkah,1,3,0.6,6.2,1,1,1,0
U011478,50,0.88,Eastern,4,8,0.0,6.6,1,1,0,1
U011479,19,0.584,Eastern,4,6,3.3,31.7,1,1,4,1
U011480,27,0.371,Makkah,1,2,4.1,27.6,0,1,2,0
U011481,37,0.444,Jazan,9,7,0.4,1.9,1,0,0,0
U011482,45,0.345,Eastern,4,3,3.5,21.4,0,0,1,1
U011483,61,0.976,Tabuk,6,0,2.4,19.5,1,1,0,1
U011484,68,0.512,Makkah,1,4,3.0,22.5,1,1,3,0
U011485,50,0.543,Eastern,4,2,2.5,42.7,1,0,1,1
U011486,29,0.188,Makkah,1,0,2.0,68.3,1,0,0,1
U011487,21,0.238,Riyadh,0,2,2.0,21.6,1,0,2,1
U011488,21,0.422,Makkah,1,2,2.3,30.2,1,0,0,1
U011489,24,0.364,Jazan,9,4,3.9,31.1,1,1,1,0
U011490,69,0.481,Riyadh,0,7,1.4,14.7,1,0,0,1
U011491,20,0.83,Qassim,3,4,0.8,19.0,1,0,1,1
U011492,61,0.79,Najran,10,4,1.2,6.4,1,1,0,1
U011493,37,0.518,Riyadh,0,3,2.6,16.0,1,1,0,0
U011494,68,0.566,Eastern,4,6,2.8,25.5,1,0,2,1
U011495,49,0.595,Riyadh,0,1,0.3,1.7,1,0,0,1
U011496,34,0.678,Makkah,1,0,2.4,10.7,1,0,0,1
U011497,35,0.395,Riyadh,0,2,1.2,27.4,1,1,1,0
U011498,66,0.389,Makkah,1,3,3.8,3.3,1,0,0,0
U011499,59,0.285,Makkah,1,2,2.1,7.8,1,0,1,0
U011500,47,0.143,Qassim,3,1,1.8,20.4,1,0,0,1
U011501,21,0.455,Riyadh,0,1,0.0,3.1,1,0,1,0
U011502,60,0.717,Riyadh,0,3,1.7,34.8,1,1,1,0
U011503,51,0.565,Riyadh,0,3,1.2,30.9,1,1,0,1
U011504,62,0.937,Makkah,1,5,0.0,9.8,0,1,1,1
U011505,33,0.373,Hail,7,3,3.4,39.8,1,0,2,0
U011506,47,0.615,Madinah,2,2,0.8,16.4,1,0,0,0
U011507,45,0.72,Eastern,4,4,2.3,7.6,0,1,0,0
U011508,30,0.647,Tabuk,6,4,0.0,24.0,0,0,1,1
U011509,34,0.552,Eastern,4,5,1.1,75.2,1,0,1,0
U011510,56,0.877,Madinah,2,1,2.1,19.4,1,0,0,1
U011511,56,0.292,Northern Borders,8,2,1.4,61.3,1,0,0,0
U011512,32,0.614,Makkah,1,2,0.3,7.9,1,1,1,1
U011513,61,0.503,Eastern,4,8,3.2,23.4,1,0,0,0
U011514,56,0.85,Makkah,1,3,0.2,9.4,0,1,1,1
U011515,22,0.62,Northern Borders,8,2,2.8,2.2,0,1,1,1
U011516,47,0.692,Eastern,4,2,2.6,26.4,1,0,2,1
U011517,50,0.331,Qassim,3,1,1.6,26.9,1,0,0,0
U011518,54,0.373,Riyadh,0,2,3.7,5.5,1,0,1,1
U011519,47,0.554,Eastern,4,3,0.7,27.1,1,1,1,0
U011520,63,0.299,Makkah,1,4,3.8,24.8,1,0,0,0
U011521,29,0.523,Riyadh,0,1,1.4,11.0,1,1,1,0
U011522,50,0.385,Madinah,2,2,1.6,14.7,1,1,2,1
U011523,68,0.317,Makkah,1,1,3.3,50.8,1,0,0,0
U011524,69,0.443,Makkah,1,2,3.2,0.8,0,0,0,0
U011525,51,0.26,Tabuk,6,1,2.8,17.7,1,1,0,0
U011526,34,0.625,Makkah,1,3,0.9,31.2,1,1,0,1
U011527,54,0.343,Tabuk,6,2,2.5,15.7,0,0,0,0
U011528,51,0.129,Jazan,9,0,2.8,42.5,1,0,0,1
U011529,23,0.379,Riyadh,0,6,2.7,7.6,0,1,1,1
U011530,50,0.552,Eastern,4,1,1.2,51.9,1,0,0,1
U011531,57,0.886,Asir,5,8,0.0,54.1,1,1,2,1
U011532,26,0.223,Riyadh,0,2,2.1,61.4,1,0,1,0
U011533,48,0.423,Makkah,1,0,2.4,15.0,0,0,1,1
U011534,59,0.72,Makkah,1,2,2.7,13.1,1,1,2,1
U011535,22,0.113,Riyadh,0,0,3.8,11.2,0,0,1,0
U011536,63,0.596,Makkah,1,2,1.7,19.9,1,0,0,1
U011537,18,0.661,Al Bahah,11,2,0.2,23.2,1,0,1,1
U011538,65,0.811,Eastern,4,5,1.7,5.9,1,0,0,0
U011539,67,0.914,Madinah,2,7,1.1,9.6,1,0,1,1
U011540,44,0.235,Makkah,1,4,2.7,113.8,1,1,0,1
U011541,49,0.628,Eastern,4,3,2.1,12.9,0,0,2,1
U011542,42,0.128,Riyadh,0,2,1.8,7.5,1,0,0,0
U011543,53,0.398,Al Jawf,12,1,2.6,20.6,1,0,2,1
U011544,68,0.337,Eastern,4,2,3.1,20.0,1,0,0,1
U011545,38,0.432,Riyadh,0,5,2.9,22.3,1,0,0,0
U011546,30,0.452,Riyadh,0,2,1.6,37.1,1,0,1,1
U011547,40,0.636,Eastern,4,3,0.2,28.2,1,0,0,1
U011548,23,0.551,Riyadh,0,3,1.0,40.1,1,1,0,0
U011549,47,0.545,Riyadh,0,6,2.3,52.9,1,1,0,0
U011550,55,0.954,Makkah,1,7,0.0,5.8,1,1,0,1
U011551,69,0.447,Makkah,1,1,2.2,63.1,1,0,3,1
U011552,34,0.194,Riyadh,0,4,4.4,69.5,1,0,1,0
U011553,30,0.661,Madinah,2,3,1.7,7.9,1,0,3,0
U011554,37,0.828,Makkah,1,5,3.2,34.3,1,1,0,0
U011555,35,0.405,Qassim,3,3,3.1,18.5,0,0,1,1
U011556,39,0.596,Makkah,1,5,4.7,29.3,1,1,1,1
U011557,36,0.654,Makkah,1,3,3.1,20.3,1,1,0,1
U011558,25,0.37,Eastern,4,4,1.2,25.5,1,0,1,1
U011559,39,0.566,Makkah,1,4,1.6,23.4,1,0,2,0
U011560,26,0.511,Riyadh,0,4,1.9,45.7,1,1,3,1
U011561,25,0.621,Eastern,4,5,2.5,3.3,1,0,0,1
U011562,52,0.809,Riyadh,0,2,0.1,4.1,1,0,0,0
U011563,63,0.475,Qassim,3,6,3.5,8.8,0,0,0,1
U011564,21,0.501,Riyadh,0,8,4.2,15.6,1,1,1,1
U011565,64,0.289,Makkah,1,5,2.2,56.9,1,1,1,1
U011566,29,0.692,Tabuk,6,1,0.5,31.5,1,0,1,1
U011567,19,0.485,Makkah,1,4,3.0,13.3,1,0,1,0
U011568,28,0.162,Makkah,1,1,3.1,18.9,1,0,1,1
U011569,35,0.688,Eastern,4,2,1.8,21.6,1,1,1,0
U011570,28,0.353,Jazan,9,2,4.4,10.2,0,0,0,0
U011571,41,0.717,Hail,7,4,1.9,15.9,1,0,0,1
U011572,64,0.678,Qassim,3,3,1.2,12.8,1,0,0,0
U011573,64,0.391,Riyadh,0,3,3.9,24.2,1,0,0,0
U011574,36,0.777,Riyadh,0,3,0.0,12.2,1,1,1,1
U011575,56,0.494,Riyadh,0,1,1.9,15.9,1,0,2,0
U011576,50,0.482,Riyadh,0,2,3.6,25.2,0,0,1,1
U011577,51,0.35,Riyadh,0,2,3.6,54.7,1,1,1,1
U011578,33,0.49,Qassim,3,1,4.0,10.1,0,0,2,1
U011579,52,0.413,Al Bahah,11,1,0.9,10.6,1,0,1,1
U011580,37,0.808,Riyadh,0,4,1.6,27.3,1,1,3,1
U011581,20,0.243,Hail,7,2,1.9,32.9,1,0,0,0
U011582,28,0.573,Riyadh,0,1,3.3,19.4,1,0,0,0
U011583,28,0.428,Hail,7,5,2.0,7.2,1,1,0,1
U011584,32,0.667,Riyadh,0,4,0.3,8.9,0,1,0,1
U011585,57,0.437,Riyadh,0,1,4.2,48.6,1,0,0,1
U011586,21,0.397,Riyadh,0,2,3.1,15.6,1,1,0,0
U011587,60,0.176,Riyadh,0,4,4.1,55.5,1,0,0,1
U011588,44,0.455,Qassim,3,3,2.0,2.9,1,1,0,1
U011589,22,0.756,Qassim,3,5,0.0,18.0,1,0,0,1
U011590,42,0.168,Eastern,4,2,2.2,7.7,0,1,2,1
U011591,24,0.168,Najran,10,3,2.1,13.7,1,0,0,0
U011592,21,0.431,Riyadh,0,2,2.6,2.3,1,1,2,1
U011593,28,0.486,Makkah,1,5,2.8,38.5,1,1,1,1
U011594,43,0.743,Riyadh,0,5,1.7,5.8,1,1,1,1
U011595,60,0.812,Riyadh,0,4,3.2,4.1,1,0,2,1
U011596,67,0.585,Riyadh,0,2,3.0,56.7,1,0,1,0
U011597,37,0.763,Makkah,1,4,0.0,10.3,1,1,1,0
U011598,65,0.47,Riyadh,0,2,1.9,5.1,1,1,0,1
U011599,20,0.659,Madinah,2,4,0.3,14.3,1,0,0,0
U011600,24,0.711,Riyadh,0,7,1.3,22.3,1,1,3,1
U011601,59,0.141,Jazan,9,0,2.2,29.5,1,0,0,0
U011602,20,0.535,Riyadh,0,4,1.0,10.4,1,1,1,1
U011603,64,0.713,Riyadh,0,4,0.8,17.8,1,1,1,0
U011604,37,0.369,Riyadh,0,2,1.0,30.6,1,0,0,1
U011605,40,0.441,Jazan,9,1,3.6,39.2,1,0,0,0
U011606,49,0.599,Qassim,3,4,1.4,7.8,1,1,1,0
U011607,41,0.077,Qassim,3,1,2.9,45.6,1,0,1,0
U011608,19,0.058,Riyadh,0,0,3.3,5.7,1,0,0,0
U011609,53,0.503,Al Bahah,11,4,2.2,23.4,1,1,1,0
U011610,62,0.647,Asir,5,4,0.9,40.8,1,1,0,1
U011611,45,0.477,Qassim,3,1,2.1,7.4,1,1,3,1
U011612,37,0.551,Riyadh,0,3,3.3,25.9,1,0,1,1
U011613,62,0.67,Jazan,9,4,2.3,23.3,0,1,0,1
U011614,23,0.561,Makkah,1,2,0.0,15.0,1,0,1,1
U011615,43,0.605,Riyadh,0,3,0.7,26.8,1,1,0,1
U011616,34,0.427,Makkah,1,5,1.0,15.5,0,1,2,1
U011617,49,0.36,Qassim,3,4,3.1,11.3,0,0,0,1
U011618,34,0.125,Makkah,1,3,0.5,17.0,1,0,1,0
U011619,43,0.324,Riyadh,0,3,0.6,45.8,1,1,4,1
U011620,19,0.398,Eastern,4,3,2.6,25.4,1,0,1,1
U011621,31,0.732,Eastern,4,5,0.2,18.8,1,1,2,1
U011622,52,0.573,Makkah,1,7,0.5,21.4,1,1,2,1
U011623,32,0.598,Makkah,1,2,3.6,22.1,1,1,2,1
U011624,21,0.311,Riyadh,0,2,4.5,10.6,0,0,1,0
U011625,64,0.685,Riyadh,0,5,0.0,8.4,1,1,0,1
U011626,42,0.72,Riyadh,0,4,1.4,21.5,1,0,0,1
U011627,40,0.74,Makkah,1,4,1.1,1.9,1,1,1,1
U011628,63,0.445,Riyadh,0,4,1.7,24.0,1,0,1,0
U011629,53,0.341,Tabuk,6,1,2.5,18.7,1,0,2,1
U011630,38,0.093,Riyadh,0,0,2.6,43.5,1,0,1,1
U011631,23,0.046,Riyadh,0,1,3.7,15.2,1,0,1,1
U011632,44,0.664,Tabuk,6,6,1.8,12.1,1,1,1,1
U011633,57,0.315,Makkah,1,0,4.5,7.3,1,0,0,0
U011634,20,0.611,Eastern,4,5,1.7,1.1,1,1,1,1
U011635,39,0.622,Al Bahah,11,4,2.1,27.9,1,1,0,1
U011636,25,0.33,Asir,5,6,2.2,23.6,1,0,2,1
U011637,53,0.031,Al Bahah,11,3,5.1,13.7,0,0,1,0
U011638,28,0.66,Makkah,1,4,2.7,9.4,1,0,0,1
U011639,48,0.591,Makkah,1,2,3.1,41.5,1,0,2,0
U011640,21,0.781,Makkah,1,7,0.9,67.6,1,1,3,1
U011641,41,0.44,Eastern,4,0,3.7,72.4,1,0,2,0
U011642,46,0.758,Eastern,4,4,0.0,35.8,1,0,2,1
U011643,23,0.623,Al Jawf,12,5,1.2,23.1,1,1,2,1
U011644,49,0.223,Riyadh,0,2,4.1,10.6,0,0,0,1
U011645,53,0.576,Asir,5,3,3.8,17.3,0,1,1,0
U011646,37,0.249,Najran,10,2,3.0,5.6,1,0,1,0
U011647,29,0.351,Eastern,4,2,2.5,9.3,1,0,2,0
U011648,42,0.403,Makkah,1,2,2.6,5.9,1,1,0,0
U011649,51,0.458,Asir,5,5,2.2,23.0,0,1,1,1
U011650,20,0.615,Hail,7,6,2.8,40.1,1,1,0,1
U011651,57,0.695,Madinah,2,2,4.0,21.4,1,1,3,1
U011652,27,0.398,Hail,7,0,3.4,47.7,1,0,0,0
U011653,55,0.606,Jazan,9,0,1.2,40.5,1,0,0,1
U011654,29,0.615,Najran,10,4,0.2,16.0,1,1,1,1
U011655,55,0.088,Qassim,3,1,4.1,44.1,1,0,1,1
U011656,28,0.684,Asir,5,2,3.1,61.2,1,1,0,1
U011657,58,0.841,Makkah,1,5,0.7,57.7,1,1,4,1
U011658,47,0.456,Eastern,4,4,1.9,39.0,0,0,0,0
U011659,61,0.594,Najran,10,3,1.0,42.4,1,0,0,1
U011660,46,0.68,Jazan,9,3,1.3,27.6,1,1,1,0
U011661,21,0.476,Riyadh,0,4,1.6,34.4,1,1,2,1
U011662,57,0.432,Riyadh,0,3,0.7,10.9,1,0,0,1
U011663,19,0.723,Eastern,4,3,1.0,23.4,1,0,1,1
U011664,29,0.164,Riyadh,0,1,4.0,14.9,1,0,0,0
U011665,45,0.74,Makkah,1,7,1.3,13.6,1,1,0,1
U011666,18,0.241,Qassim,3,3,1.9,31.5,1,0,0,0
U011667,47,0.759,Makkah,1,4,0.0,37.4,1,0,2,0
U011668,56,0.271,Northern Borders,8,1,2.8,29.9,1,0,3,0
U011669,42,0.588,Riyadh,0,6,3.6,24.9,1,1,2,1
U011670,64,0.615,Makkah,1,4,1.5,13.4,1,0,0,0
U011671,60,0.51,Riyadh,0,2,3.6,38.7,1,1,0,1
U011672,69,0.452,Riyadh,0,3,3.7,16.2,1,0,0,1
U011673,64,0.649,Makkah,1,2,3.2,47.5,1,0,2,1
U011674,27,0.294,Riyadh,0,2,1.7,22.6,1,0,1,0
U011675,59,0.746,Makkah,1,1,0.9,16.5,1,0,0,1
U011676,39,0.088,Makkah,1,1,2.6,27.3,1,0,0,0
U011677,40,0.532,Riyadh,0,4,3.8,11.3,0,1,0,1
U011678,35,0.462,Madinah,2,5,1.3,33.0,1,1,1,0
U011679,38,0.786,Asir,5,2,0.6,7.3,0,0,1,1
U011680,56,0.769,Riyadh,0,5,0.7,2.2,0,1,0,1
U011681,68,0.539,Al Jawf,12,3,1.5,22.7,0,0,1,0
U011682,37,0.418,Riyadh,0,5,1.4,34.4,1,1,1,1
U011683,22,0.597,Eastern,4,2,3.9,30.2,1,0,0,0
U011684,46,0.473,Riyadh,0,1,1.9,66.0,1,0,2,0
U011685,44,0.235,Riyadh,0,4,4.7,12.9,1,1,1,1
U011686,19,0.241,Al Bahah,11,3,1.0,47.6,1,0,0,0
U011687,19,0.647,Riyadh,0,5,3.0,26.2,1,1,3,1
U011688,51,0.612,Riyadh,0,4,1.7,16.5,1,1,0,1
U011689,59,0.849,Jazan,9,9,1.0,9.8,1,1,1,1
U011690,25,0.089,Makkah,1,1,1.9,28.9,1,0,0,1
U011691,19,0.403,Eastern,4,5,0.6,36.2,1,1,0,1
U011692,49,0.225,Al Jawf,12,2,3.1,33.2,1,0,0,1
U011693,68,0.727,Asir,5,1,0.5,30.3,0,0,0,0
U011694,35,0.692,Riyadh,0,4,1.1,12.1,1,1,0,1
U011695,34,0.35,Asir,5,2,1.4,8.0,1,0,1,1
U011696,19,0.48,Hail,7,5,1.4,15.1,1,1,1,1
U011697,53,0.461,Makkah,1,1,1.8,60.4,1,0,1,0
U011698,49,0.637,Asir,5,1,2.4,39.3,1,0,0,0
U011699,49,0.817,Eastern,4,0,0.0,82.5,0,1,1,1
U011700,29,0.733,Makkah,1,3,0.4,40.1,1,0,1,1
U011701,40,0.388,Madinah,2,3,1.4,35.8,1,0,0,0
U011702,45,0.822,Northern Borders,8,2,1.5,30.5,1,1,1,0
U011703,27,0.742,Eastern,4,4,0.0,46.2,1,1,2,1
U011704,55,0.443,Makkah,1,0,1.5,16.1,1,0,0,0
U011705,54,0.504,Qassim,3,3,0.9,16.0,1,1,0,1
U011706,69,0.715,Qassim,3,7,0.3,16.3,1,1,1,0
U011707,55,0.448,Qassim,3,3,1.5,10.6,1,0,0,0
U011708,47,0.47,Riyadh,0,1,3.9,25.3,1,0,0,1
U011709,25,0.153,Riyadh,0,1,3.1,46.6,1,0,0,1
U011710,68,0.758,Makkah,1,5,0.0,21.2,1,1,0,0
U011711,47,0.054,Makkah,1,0,3.2,53.3,1,0,0,0
U011712,57,0.091,Qassim,3,1,2.8,52.0,0,1,0,0
U011713,28,0.582,Northern Borders,8,1,0.0,37.6,1,0,0,0
U011714,44,0.556,Makkah,1,3,0.0,38.8,1,0,0,0
U011715,44,0.606,Qassim,3,4,2.7,13.1,1,0,1,1
U011716,21,0.237,Riyadh,0,1,3.2,6.3,1,0,3,1
U011717,28,0.568,Eastern,4,2,3.8,11.2,1,1,1,1
U011718,37,0.176,Eastern,4,1,2.1,31.0,1,1,3,0
U011719,30,0.067,Makkah,1,1,5.3,11.2,0,0,0,0
U011720,56,0.642,Northern Borders,8,4,1.8,36.9,1,0,1,0
U011721,20,0.784,Eastern,4,6,1.0,21.3,1,1,4,1
U011722,49,0.87,Riyadh,0,2,0.0,21.7,1,0,0,1
U011723,44,0.642,Hail,7,2,1.8,100.4,1,0,2,0
U011724,57,0.398,Tabuk,6,2,2.4,15.6,1,0,0,0
U011725,22,0.502,Makkah,1,1,2.1,33.1,1,0,0,0
U011726,48,0.509,Hail,7,1,1.9,2.8,1,0,2,1
U011727,23,0.741,Jazan,9,7,2.4,18.7,0,1,0,1
U011728,62,0.41,Asir,5,6,3.6,36.8,1,1,0,0
U011729,55,0.52,Hail,7,1,2.8,52.9,1,1,1,0
U011730,35,0.638,Eastern,4,4,1.4,6.4,1,1,2,1
U011731,35,0.755,Madinah,2,8,2.1,25.4,1,1,1,0
U011732,28,0.455,Eastern,4,4,0.6,11.0,1,1,0,1
U011733,42,0.472,Makkah,1,4,2.2,21.5,1,0,0,1
U011734,20,0.639,Riyadh,0,2,1.5,24.0,1,0,0,0
U011735,45,0.341,Makkah,1,2,2.7,25.7,0,0,0,1
U011736,29,0.358,Riyadh,0,3,4.6,16.4,1,0,0,0
U011737,24,0.267,Eastern,4,0,3.1,7.8,1,0,0,0
U011738,20,0.534,Jazan,9,2,0.0,46.1,1,1,1,1
U011739,28,0.735,Makkah,1,5,2.0,20.4,1,1,1,1
U011740,28,0.429,Eastern,4,5,1.2,2.1,1,0,0,1
U011741,35,0.219,Qassim,3,2,2.0,34.9,1,1,1,0
U011742,20,0.81,Madinah,2,5,1.9,37.7,1,1,1,0
U011743,34,0.724,Tabuk,6,7,2.4,6.6,1,1,0,1
U011744,53,0.424,Makkah,1,1,2.1,5.1,1,0,0,1
U011745,47,0.263,Northern Borders,8,2,1.7,27.7,1,0,1,1
U011746,52,0.546,Riyadh,0,2,1.2,61.4,1,0,0,1
U011747,58,0.828,Eastern,4,2,4.1,3.7,1,1,0,0
U011748,39,0.278,Makkah,1,0,3.4,7.6,1,0,0,1
U011749,31,0.595,Makkah,1,4,0.2,12.7,0,0,0,1
U011750,31,0.317,Qassim,3,3,2.6,40.9,1,0,0,1
U011751,67,0.845,Eastern,4,2,0.0,27.9,1,0,0,1
U011752,61,0.194,Eastern,4,3,1.6,54.3,1,0,0,0
U011753,36,0.758,Makkah,1,4,1.6,7.2,1,1,2,0
U011754,18,0.197,Al Jawf,12,3,2.2,23.2,1,1,4,0
U011755,66,0.732,Makkah,1,2,0.5,40.6,1,1,1,0
U011756,38,0.761,Riyadh,0,4,0.8,15.5,0,0,1,0
U011757,68,0.674,Al Jawf,12,2,0.3,44.6,1,1,1,0
U011758,40,0.599,Al Bahah,11,5,0.8,15.8,1,1,0,0
U011759,21,0.566,Riyadh,0,2,3.5,60.6,1,0,1,1
U011760,64,0.625,Makkah,1,1,1.5,0.6,1,1,0,1
U011761,18,0.701,Makkah,1,3,0.2,27.3,1,1,2,0
U011762,36,0.526,Najran,10,1,0.0,14.1,1,0,0,0
U011763,60,0.552,Makkah,1,2,3.7,6.2,0,0,1,0
U011764,30,0.677,Makkah,1,5,2.8,30.3,1,0,0,0
U011765,66,0.326,Al Bahah,11,3,2.2,64.2,1,0,0,0
U011766,41,0.427,Eastern,4,1,2.2,20.0,1,0,0,0
U011767,55,0.389,Riyadh,0,3,3.1,20.7,0,1,0,1
U011768,61,0.626,Eastern,4,6,2.1,6.6,1,0,0,0
U011769,42,0.312,Makkah,1,2,0.1,27.6,1,0,1,0
U011770,26,0.815,Makkah,1,5,1.8,31.0,1,0,1,1
U011771,59,0.188,Riyadh,0,2,3.0,20.7,1,0,1,1
U011772,59,0.098,Madinah,2,2,1.8,21.4,1,0,0,0
U011773,24,0.257,Makkah,1,4,3.6,23.8,1,1,4,1
U011774,30,0.306,Al Bahah,11,3,3.1,40.8,1,0,1,1
U011775,20,0.335,Eastern,4,2,1.2,10.7,1,0,1,0
U011776,52,0.69,Makkah,1,5,2.7,63.0,1,0,0,1
U011777,46,0.506,Madinah,2,3,2.2,5.4,0,1,1,0
U011778,51,0.47,Al Jawf,12,2,1.8,16.2,1,0,2,0
U011779,20,0.501,Eastern,4,5,1.3,25.6,1,0,0,1
U011780,28,0.678,Riyadh,0,4,1.5,14.8,1,0,0,1
U011781,29,0.427,Riyadh,0,3,4.0,23.7,1,0,0,1
U011782,37,0.409,Madinah,2,0,2.0,8.8,1,0,0,0
U011783,66,0.296,Asir,5,1,2.4,14.2,0,0,1,1
U011784,67,0.731,Riyadh,0,2,1.2,6.2,0,1,0,1
U011785,40,0.113,Madinah,2,2,1.5,8.8,1,0,1,0
U011786,35,0.128,Eastern,4,3,4.8,20.1,0,1,0,1
U011787,31,0.152,Tabuk,6,3,1.4,45.8,1,0,1,0
U011788,49,0.63,Eastern,4,3,2.1,27.4,1,1,0,1
U011789,39,0.433,Riyadh,0,3,1.7,35.6,1,0,0,0
U011790,58,0.555,Eastern,4,1,0.0,9.6,1,1,0,0
U011791,55,0.436,Riyadh,0,4,1.7,67.2,1,1,1,1
U011792,26,0.361,Madinah,2,1,1.3,13.7,1,0,0,0
U011793,48,0.452,Jazan,9,2,1.9,61.1,0,1,0,0
U011794,67,0.35,Riyadh,0,3,1.6,55.9,1,1,2,1
U011795,34,0.575,Jazan,9,4,2.4,4.4,1,1,1,1
U011796,30,0.198,Asir,5,2,2.4,29.7,1,0,0,1
U011797,60,0.574,Makkah,1,2,1.9,5.4,1,0,1,0
U011798,30,0.517,Madinah,2,2,2.9,15.4,1,0,1,1
U011799,28,0.466,Madinah,2,0,4.6,41.9,0,0,0,1
U011800,62,0.565,Riyadh,0,4,2.1,77.3,1,0,1,1
U011801,37,0.617,Qassim,3,4,2.4,33.7,1,1,0,1
U011802,37,0.364,Makkah,1,3,1.2,23.0,1,0,1,0
U011803,18,0.839,Al Bahah,11,5,0.0,18.6,1,1,0,1
U011804,37,0.478,Makkah,1,1,4.0,24.4,1,0,2,0
U011805,61,0.262,Makkah,1,1,0.0,19.3,1,1,1,0
U011806,50,0.36,Eastern,4,0,2.8,4.0,1,0,0,1
U011807,53,0.574,Makkah,1,8,3.6,10.5,1,0,0,1
U011808,65,0.138,Eastern,4,1,0.0,17.2,0,1,2,0
U011809,50,0.651,Tabuk,6,3,2.6,22.4,1,0,0,0
U011810,59,0.25,Riyadh,0,2,1.8,17.9,0,0,0,0
U011811,44,0.215,Riyadh,0,0,2.4,16.4,1,0,0,1
U011812,32,0.787,Riyadh,0,2,0.0,10.4,1,0,2,1
U011813,46,0.172,Qassim,3,1,1.4,22.7,1,1,4,0
U011814,25,0.571,Eastern,4,5,2.5,54.4,1,1,3,1
U011815,22,0.362,Makkah,1,1,1.4,34.9,1,0,1,0
U011816,31,0.661,Riyadh,0,5,0.0,5.5,0,1,2,1
U011817,53,0.825,Riyadh,0,2,3.4,16.5,1,1,1,1
U011818,29,0.757,Najran,10,6,2.1,28.4,1,0,0,1
U011819,28,0.144,Makkah,1,0,3.8,19.0,1,0,0,0
U011820,63,0.302,Eastern,4,1,2.6,17.9,1,0,2,0
U011821,57,0.595,Riyadh,0,1,0.7,52.6,1,1,1,1
U011822,39,0.711,Eastern,4,5,1.7,38.5,1,0,0,0
U011823,60,0.417,Riyadh,0,1,2.2,52.2,1,0,0,0
U011824,30,0.775,Riyadh,0,6,0.7,12.9,1,1,0,1
U011825,63,0.606,Makkah,1,4,0.0,6.7,1,0,1,1
U011826,40,0.687,Najran,10,3,0.9,11.2,1,1,1,0
U011827,69,0.601,Riyadh,0,5,1.2,14.7,1,1,3,0
U011828,63,0.871,Asir,5,5,0.0,8.9,1,1,2,0
U011829,68,0.387,Jazan,9,3,1.2,6.5,0,0,1,0
U011830,27,0.112,Asir,5,3,2.0,29.8,1,0,2,0
U011831,24,0.908,Riyadh,0,3,0.3,14.7,0,1,2,1
U011832,69,0.861,Riyadh,0,2,0.1,15.3,0,1,1,0
U011833,30,0.224,Riyadh,0,6,5.0,4.1,1,1,1,0
U011834,69,0.701,Riyadh,0,2,1.1,1.7,0,1,0,1
U011835,63,0.285,Eastern,4,1,2.3,29.9,1,0,0,0
U011836,64,0.395,Riyadh,0,3,2.6,40.7,1,1,2,0
U011837,23,0.328,Riyadh,0,5,2.8,7.6,1,0,2,0
U011838,62,0.307,Asir,5,1,0.0,88.5,1,0,2,1
U011839,49,0.439,Madinah,2,4,3.1,57.6,1,1,0,0
U011840,20,0.098,Makkah,1,1,1.5,18.9,1,0,0,0
U011841,68,0.24,Riyadh,0,1,2.8,58.5,1,1,2,0
U011842,25,0.513,Asir,5,5,1.6,4.3,1,0,0,1
U011843,21,0.246,Madinah,2,4,1.8,10.9,1,0,0,0
U011844,41,0.47,Riyadh,0,1,2.2,31.0,1,1,2,1
U011845,20,0.573,Riyadh,0,2,1.2,41.4,1,0,1,1
U011846,50,0.61,Asir,5,9,2.2,18.3,0,1,1,1
U011847,37,0.707,Madinah,2,3,2.6,0.5,1,0,0,1
U011848,45,0.272,Makkah,1,3,4.1,11.7,1,0,0,0
U011849,34,0.589,Makkah,1,1,1.5,16.5,1,0,0,1
U011850,35,0.544,Riyadh,0,2,2.4,42.3,1,0,0,0
U011851,28,0.199,Makkah,1,2,0.1,32.9,1,0,1,0
U011852,38,0.116,Riyadh,0,0,4.5,68.1,1,0,1,0
U011853,54,0.494,Eastern,4,5,2.2,30.7,1,0,0,0
U011854,57,0.341,Makkah,1,1,0.6,12.1,1,0,1,1
U011855,25,0.334,Makkah,1,3,1.6,27.9,0,1,1,1
U011856,26,0.811,Riyadh,0,3,2.7,47.3,1,0,1,1
U011857,51,0.233,Riyadh,0,2,3.7,10.3,1,0,0,0
U011858,37,0.254,Makkah,1,2,3.6,3.8,1,1,2,0
U011859,55,0.754,Hail,7,9,4.0,9.8,1,0,0,1
U011860,46,0.87,Najran,10,3,0.0,19.1,1,0,0,1
U011861,52,0.692,Makkah,1,4,5.1,24.4,1,0,0,1
U011862,43,0.469,Madinah,2,4,2.9,7.9,1,1,1,1
U011863,44,0.635,Riyadh,0,2,2.0,35.0,1,1,2,0
U011864,69,0.673,Eastern,4,3,0.7,79.5,1,0,1,1
U011865,58,0.331,Jazan,9,4,4.6,46.4,1,0,0,1
U011866,41,0.544,Makkah,1,7,0.7,24.4,1,1,1,1
U011867,60,0.291,Jazan,9,3,2.2,29.6,1,1,1,1
U011868,37,0.717,Eastern,4,3,0.0,12.4,1,0,0,1
U011869,60,0.416,Makkah,1,5,0.0,4.9,1,1,0,0
U011870,56,0.653,Eastern,4,5,0.6,6.3,1,1,2,1
U011871,30,0.556,Makkah,1,5,3.9,18.3,1,1,1,1
U011872,29,0.123,Makkah,1,4,2.3,3.4,1,0,0,0
U011873,69,0.366,Makkah,1,3,2.7,57.5,1,1,0,0
U011874,45,0.774,Eastern,4,6,0.9,18.3,1,1,1,0
U011875,18,0.525,Riyadh,0,1,3.6,11.6,1,1,0,0
U011876,24,0.14,Asir,5,3,3.0,22.7,1,0,2,1
U011877,43,0.699,Tabuk,6,3,0.5,26.0,0,1,2,0
U011878,51,0.478,Makkah,1,2,0.0,25.9,0,1,3,1
U011879,27,0.262,Asir,5,1,1.3,33.9,1,0,1,0
U011880,68,0.598,Riyadh,0,4,2.2,14.3,1,0,0,1
U011881,68,0.383,Eastern,4,1,3.2,17.9,1,0,0,0
U011882,61,0.73,Al Jawf,12,8,4.1,18.4,0,1,1,1
U011883,35,0.239,Eastern,4,1,1.9,8.6,0,0,2,0
U011884,56,0.2,Riyadh,0,3,2.8,7.5,1,1,0,0
U011885,69,0.607,Eastern,4,4,0.8,21.4,0,1,3,1
U011886,51,0.962,Eastern,4,2,1.1,27.4,1,1,1,1
U011887,41,0.661,Jazan,9,4,0.6,3.0,1,1,1,1
U011888,23,0.089,Riyadh,0,1,0.6,21.4,1,0,0,1
U011889,45,0.425,Makkah,1,0,2.9,6.1,0,0,2,1
U011890,24,0.764,Al Jawf,12,3,1.7,7.6,1,0,1,1
U011891,51,0.712,Tabuk,6,5,4.2,28.5,1,1,2,1
U011892,29,0.902,Makkah,1,2,0.5,41.5,1,0,2,1
U011893,54,0.152,Hail,7,3,2.0,47.8,1,0,1,0
U011894,68,0.167,Hail,7,2,3.3,13.0,1,0,1,0
U011895,62,0.322,Eastern,4,1,3.4,27.5,1,0,0,1
U011896,42,0.585,Asir,5,0,1.1,60.4,1,0,2,0
U011897,57,0.494,Makkah,1,5,0.6,9.2,1,1,2,0
U011898,61,0.248,Riyadh,0,0,3.4,42.8,1,0,0,0
U011899,41,0.652,Qassim,3,3,2.1,61.3,1,1,0,0
U011900,23,0.394,Riyadh,0,0,0.6,40.2,1,0,0,0
U011901,36,0.262,Riyadh,0,1,0.0,33.4,1,0,0,1
U011902,29,0.261,Madinah,2,1,4.7,14.6,0,0,0,1
U011903,25,0.458,Riyadh,0,4,1.2,25.7,1,1,0,0
U011904,38,0.056,Eastern,4,1,4.0,1.5,1,0,2,0
U011905,63,0.214,Riyadh,0,3,1.9,22.9,1,0,2,1
U011906,62,0.571,Hail,7,3,0.8,17.5,1,0,0,0
U011907,44,0.25,Riyadh,0,1,3.2,2.7,0,0,1,1
U011908,46,0.14,Riyadh,0,2,3.4,22.7,0,0,0,1
U011909,26,0.828,Qassim,3,6,0.0,97.9,1,0,1,1
U011910,58,0.579,Northern Borders,8,0,3.7,23.0,1,1,1,0
U011911,26,0.549,Eastern,4,2,1.8,47.6,1,1,1,0
U011912,48,0.545,Makkah,1,6,2.2,72.6,1,1,1,1
U011913,27,0.48,Eastern,4,1,2.1,6.3,0,0,0,1
U011914,69,0.417,Riyadh,0,1,4.7,39.5,0,0,0,0
U011915,37,0.351,Madinah,2,4,1.7,41.8,1,0,1,0
U011916,38,0.448,Riyadh,0,3,2.7,43.2,0,0,0,0
U011917,29,0.63,Asir,5,6,2.6,18.8,1,1,0,1
U011918,21,0.497,Madinah,2,4,2.0,25.6,1,0,1,1
U011919,52,0.53,Asir,5,3,2.7,42.6,0,0,0,0
U011920,58,0.623,Eastern,4,8,1.3,21.0,1,1,1,1
U011921,27,0.278,Asir,5,2,3.5,15.7,1,1,2,1
U011922,20,0.723,Makkah,1,6,2.1,28.3,1,1,2,1
U011923,19,0.741,Riyadh,0,5,1.8,27.4,1,1,1,1
U011924,40,0.299,Asir,5,0,1.2,14.7,0,0,0,1
U011925,41,0.204,Jazan,9,5,3.1,24.0,1,1,0,0
U011926,64,0.44,Tabuk,6,3,3.1,34.1,0,0,0,1
U011927,57,0.189,Qassim,3,2,3.2,23.3,0,0,0,1
U011928,22,0.347,Riyadh,0,3,2.4,19.1,1,1,1,0
U011929,66,0.672,Makkah,1,2,3.2,82.1,1,0,1,0
U011930,38,0.75,Jazan,9,6,1.2,39.3,0,1,0,1
U011931,40,0.268,Qassim,3,1,4.4,52.8,1,0,1,0
U011932,32,0.249,Makkah,1,2,2.7,10.3,1,0,0,0
U011933,55,0.467,Makkah,1,8,2.7,22.0,1,1,2,0
U011934,27,0.443,Riyadh,0,4,3.0,15.4,0,1,2,1
U011935,60,0.155,Riyadh,0,1,3.2,10.4,1,1,0,0
U011936,47,0.477,Riyadh,0,3,2.1,7.7,1,1,2,1
U011937,23,0.789,Eastern,4,7,0.9,11.9,1,0,0,1
U011938,46,0.495,Makkah,1,6,0.3,41.1,1,0,0,0
U011939,46,0.548,Najran,10,4,2.5,7.6,1,0,1,1
U011940,69,0.449,Riyadh,0,1,2.9,41.1,0,0,0,1
U011941,57,0.529,Riyadh,0,0,2.0,16.4,1,1,1,0
U011942,50,0.912,Al Jawf,12,2,0.0,19.6,1,1,0,1
U011943,67,0.194,Jazan,9,3,1.7,18.4,0,1,3,0
U011944,35,0.463,Madinah,2,2,1.6,20.0,1,1,2,1
U011945,63,0.685,Hail,7,5,1.8,0.7,1,1,1,1
U011946,46,0.632,Makkah,1,6,0.5,33.3,0,1,1,1
U011947,61,0.297,Riyadh,0,3,1.2,3.1,1,0,2,0
U011948,45,0.79,Northern Borders,8,0,0.7,13.8,1,0,0,1
U011949,62,0.386,Najran,10,1,3.6,13.2,0,0,1,0
U011950,19,0.39,Eastern,4,2,3.8,30.7,1,0,1,1
U011951,63,0.571,Asir,5,3,1.8,5.2,1,0,1,1
U011952,27,0.454,Eastern,4,2,1.2,25.8,1,0,0,0
U011953,25,0.788,Makkah,1,5,0.0,6.6,1,1,2,1
U011954,53,0.448,Riyadh,0,1,0.0,26.8,1,0,1,1
U011955,57,0.686,Makkah,1,3,0.6,12.0,1,0,1,1
U011956,37,0.421,Al Jawf,12,1,1.7,30.7,1,0,0,0
U011957,44,0.457,Jazan,9,1,1.6,4.9,1,0,0,0
U011958,46,0.878,Riyadh,0,6,2.6,33.3,1,1,1,1
U011959,28,0.79,Riyadh,0,4,1.7,16.0,1,1,1,1
U011960,30,0.714,Qassim,3,9,1.2,14.2,1,1,2,1
U011961,24,0.694,Riyadh,0,3,1.3,22.7,1,1,0,1
U011962,21,0.558,Riyadh,0,4,2.2,81.8,1,0,1,1
U011963,65,0.103,Najran,10,1,0.8,17.5,1,0,2,0
U011964,31,0.787,Makkah,1,3,1.3,16.4,1,1,0,1
U011965,63,0.955,Tabuk,6,2,2.3,25.0,1,1,2,0
U011966,30,0.362,Qassim,3,2,2.6,9.5,1,0,1,1
U011967,51,0.185,Eastern,4,0,3.5,21.8,1,1,1,0
U011968,23,0.662,Asir,5,6,0.7,13.1,1,1,0,1
U011969,67,0.566,Riyadh,0,3,0.4,31.8,1,1,0,0
U011970,39,0.751,Riyadh,0,5,1.7,12.7,0,0,0,1
U011971,58,0.758,Hail,7,4,1.8,40.0,1,1,1,1
U011972,37,0.941,Al Bahah,11,2,1.2,16.7,1,0,0,0
U011973,67,0.401,Tabuk,6,5,4.2,27.8,1,0,1,0
U011974,45,0.72,Qassim,3,4,0.0,7.7,1,0,0,0
U011975,34,0.658,Qassim,3,5,0.8,94.2,1,0,0,1
U011976,33,0.783,Makkah,1,1,2.2,36.5,1,1,1,1
U011977,39,0.52,Riyadh,0,5,1.2,36.2,1,1,1,1
U011978,40,0.396,Asir,5,3,1.0,8.3,1,1,0,1
U011979,22,0.372,Makkah,1,4,3.8,7.5,1,1,2,1
U011980,40,0.483,Makkah,1,1,1.5,30.0,1,0,0,0
U011981,38,0.69,Northern Borders,8,3,0.2,34.7,0,0,1,0
U011982,57,0.696,Riyadh,0,3,0.0,13.0,1,1,1,0
U011983,34,0.323,Madinah,2,4,1.2,36.0,1,0,0,0
U011984,68,0.657,Asir,5,0,2.4,27.4,1,0,1,1
U011985,56,0.534,Makkah,1,3,2.3,9.2,1,1,0,0
U011986,50,0.763,Hail,7,3,1.9,37.3,0,1,0,1
U011987,54,0.539,Madinah,2,4,1.8,34.6,1,1,2,1
U011988,55,0.074,Riyadh,0,4,1.2,23.4,1,0,0,1
U011989,57,0.419,Makkah,1,3,2.5,37.2,1,1,3,1
U011990,24,0.858,Riyadh,0,2,1.4,16.4,1,1,1,1
U011991,19,0.282,Makkah,1,3,2.3,1.9,1,0,0,1
U011992,29,0.704,Najran,10,3,1.0,19.3,1,0,0,1
U011993,55,0.1,Riyadh,0,5,1.4,12.2,1,1,6,0
U011994,53,0.439,Eastern,4,4,0.0,23.6,1,1,0,0
U011995,56,0.254,Makkah,1,6,3.9,67.5,1,0,0,0
U011996,18,0.679,Eastern,4,2,3.6,27.4,1,0,0,0
U011997,65,0.31,Makkah,1,2,3.3,19.7,1,0,2,1
U011998,47,0.623,Madinah,2,0,0.5,12.5,1,0,0,0
U011999,63,0.31,Al Bahah,11,4,1.2,30.0,1,0,1,0
U012000,55,0.239,Al Jawf,12,2,2.1,8.9,0,1,1,0
U012001,59,0.535,Najran,10,6,2.4,12.6,1,0,0,1
U012002,66,0.382,Eastern,4,3,3.3,14.8,1,0,1,1
U012003,68,0.272,Makkah,1,3,1.0,19.1,1,0,2,0
U012004,56,0.822,Asir,5,3,0.4,6.3,1,1,1,1
U012005,28,0.512,Makkah,1,3,0.8,28.7,1,1,0,1
U012006,22,0.771,Asir,5,4,2.4,3.3,1,1,2,1
U012007,55,0.079,Makkah,1,2,2.3,15.3,1,0,1,0
U012008,34,0.421,Riyadh,0,1,2.2,33.0,1,1,1,1
U012009,53,0.288,Eastern,4,4,3.1,31.2,0,1,1,0
U012010,33,0.776,Makkah,1,6,2.0,13.7,1,1,1,1
U012011,31,0.907,Eastern,4,3,0.2,32.2,1,1,1,1
U012012,26,0.561,Madinah,2,3,3.4,68.0,1,0,1,0
U012013,21,0.31,Madinah,2,3,3.4,30.0,1,0,0,0
U012014,36,0.842,Makkah,1,4,0.4,6.7,1,1,0,0
U012015,64,0.565,Qassim,3,4,2.9,8.6,1,1,1,1
U012016,34,0.466,Asir,5,4,2.2,48.6,1,0,1,1
U012017,66,0.914,Hail,7,7,1.4,13.8,1,1,0,1
U012018,34,0.279,Makkah,1,3,2.1,23.2,0,0,2,0
U012019,49,0.388,Riyadh,0,0,2.1,21.7,1,0,1,1
U012020,45,0.297,Riyadh,0,2,2.1,21.6,1,0,1,1
U012021,63,0.446,Al Bahah,11,2,2.3,35.0,1,0,0,1
U012022,35,0.117,Riyadh,0,2,4.9,18.0,0,0,0,0
U012023,24,0.912,Al Bahah,11,1,0.0,29.2,1,1,0,0
U012024,58,0.654,Qassim,3,3,2.6,4.9,1,1,1,0
U012025,52,0.892,Jazan,9,5,1.2,15.4,1,1,1,1
U012026,28,0.296,Jazan,9,0,2.4,30.4,0,1,1,1
U012027,51,0.323,Eastern,4,3,1.9,2.3,0,1,2,1
U012028,27,0.273,Riyadh,0,3,0.7,5.8,0,0,0,0
U012029,62,0.312,Makkah,1,5,1.5,4.5,1,0,0,1
U012030,49,0.334,Madinah,2,2,3.1,5.4,1,0,0,1
U012031,58,0.764,Eastern,4,4,2.9,26.8,1,1,1,0
U012032,68,0.836,Najran,10,0,1.3,17.6,1,1,0,0
U012033,49,0.467,Eastern,4,2,2.5,20.1,1,1,1,1
U012034,64,0.382,Riyadh,0,3,2.7,24.7,1,1,1,0
U012035,51,0.05,Eastern,4,0,2.7,31.3,0,0,2,0
U012036,56,0.408,Eastern,4,2,1.2,6.9,1,0,3,1
U012037,23,0.913,Eastern,4,5,1.4,10.3,1,1,4,1
U012038,26,0.862,Hail,7,5,1.7,14.7,1,0,0,1
U012039,18,0.866,Eastern,4,2,3.5,29.4,1,1,0,1
U012040,27,0.123,Al Bahah,11,2,1.2,13.6,1,0,1,1
U012041,40,0.498,Riyadh,0,4,3.1,19.2,1,0,0,0
U012042,22,0.322,Makkah,1,2,3.5,21.5,0,0,0,0
U012043,58,0.541,Riyadh,0,4,2.2,11.7,1,1,1,1
U012044,19,0.325,Makkah,1,6,1.2,21.8,1,0,0,0
U012045,34,0.613,Hail,7,3,2.6,45.3,1,1,3,1
U012046,43,0.399,Makkah,1,1,3.1,30.8,1,0,1,1
U012047,61,0.485,Eastern,4,2,2.2,10.9,0,0,0,0
U012048,67,0.361,Qassim,3,4,1.6,20.2,1,0,2,0
U012049,33,0.155,Riyadh,0,2,2.5,37.1,0,0,0,0
U012050,29,0.665,Makkah,1,8,2.9,15.0,0,1,1,1
U012051,69,0.523,Hail,7,3,1.0,27.9,1,1,0,1
U012052,27,0.761,Riyadh,0,3,1.4,27.3,1,0,0,0
U012053,40,0.457,Eastern,4,5,2.6,14.6,0,1,2,1
U012054,52,0.594,Madinah,2,3,2.1,10.2,0,0,0,1
U012055,18,0.798,Riyadh,0,3,1.5,29.3,1,1,0,1
U012056,33,0.219,Riyadh,0,3,2.6,16.0,1,0,1,1
U012057,20,0.496,Makkah,1,1,3.4,5.4,1,1,2,0
U012058,30,0.518,Riyadh,0,3,3.6,5.8,1,1,2,0
U012059,35,0.475,Asir,5,4,2.3,4.0,1,1,3,0
U012060,66,0.366,Tabuk,6,5,3.1,17.8,1,1,1,1
U012061,62,0.119,Northern Borders,8,1,3.2,50.9,1,1,4,0
U012062,37,0.536,Najran,10,2,2.3,11.5,1,1,2,1
U012063,41,0.261,Najran,10,6,1.9,8.2,1,1,1,0
U012064,45,0.103,Najran,10,1,2.2,5.6,1,1,1,0
U012065,66,0.876,Riyadh,0,2,0.5,44.3,1,0,0,0
U012066,30,0.357,Riyadh,0,2,2.1,16.6,1,0,0,1
U012067,33,0.445,Eastern,4,6,0.6,20.7,0,0,0,1
U012068,67,0.256,Madinah,2,2,2.2,31.6,1,0,0,0
U012069,47,0.66,Makkah,1,3,0.0,11.6,1,0,1,1
U012070,21,0.483,Eastern,4,2,2.1,78.1,1,0,0,0
U012071,56,0.878,Riyadh,0,5,2.2,14.9,1,1,1,1
U012072,40,0.512,Makkah,1,8,2.8,41.8,1,1,2,0
U012073,65,0.888,Riyadh,0,3,0.2,7.5,1,1,0,1
U012074,29,0.447,Makkah,1,1,2.1,23.0,1,0,0,1
U012075,35,0.395,Riyadh,0,1,2.7,14.7,0,0,0,0
U012076,62,0.077,Makkah,1,2,0.1,12.5,1,1,1,0
U012077,55,0.316,Tabuk,6,3,1.5,18.3,1,0,0,1
U012078,21,0.248,Riyadh,0,3,2.3,21.4,1,0,0,0
U012079,56,0.5,Tabuk,6,1,2.1,13.5,1,1,2,0
U012080,51,0.219,Makkah,1,2,4.2,16.5,1,0,1,0
U012081,48,0.309,Eastern,4,2,0.7,29.2,1,0,3,1
U012082,50,0.698,Makkah,1,6,2.7,38.1,1,0,1,1
U012083,43,0.58,Riyadh,0,5,3.4,6.1,1,0,0,1
U012084,51,0.517,Riyadh,0,1,1.1,29.6,0,1,0,1
U012085,49,0.695,Makkah,1,2,1.0,54.3,1,1,3,0
U012086,25,0.625,Riyadh,0,2,0.4,1.4,1,0,0,1
U012087,22,0.162,Madinah,2,0,2.9,58.0,1,0,1,0
U012088,24,0.371,Eastern,4,3,3.4,15.9,0,1,1,1
U012089,67,0.756,Riyadh,0,5,2.3,23.1,1,1,1,1
U012090,27,0.236,Madinah,2,5,1.1,18.0,1,0,0,0
U012091,29,0.703,Al Jawf,12,6,0.0,33.6,1,1,1,1
U012092,56,0.792,Hail,7,2,0.8,30.0,1,1,3,0
U012093,19,0.653,Riyadh,0,6,1.7,8.3,1,1,1,1
U012094,68,0.147,Madinah,2,1,1.3,61.5,1,0,0,1
U012095,46,0.425,Qassim,3,3,2.8,63.3,1,1,1,1
U012096,51,0.683,Najran,10,1,0.0,46.1,1,0,0,0
U012097,68,0.567,Riyadh,0,1,2.4,64.2,1,0,0,0
U012098,22,0.844,Riyadh,0,1,3.6,61.1,1,1,0,1
U012099,52,0.754,Makkah,1,6,0.0,19.1,1,1,0,1
U012100,30,0.925,Makkah,1,5,0.0,20.4,1,1,1,1
U012101,27,0.226,Eastern,4,1,3.7,13.1,1,0,2,1
U012102,46,0.761,Makkah,1,4,0.0,29.4,1,1,1,1
U012103,39,0.354,Eastern,4,4,2.6,15.5,1,0,0,0
U012104,24,0.623,Makkah,1,6,1.0,42.5,1,0,0,1
U012105,23,0.553,Makkah,1,4,2.7,72.7,1,0,0,1
U012106,28,0.084,Riyadh,0,3,3.9,14.9,1,0,1,0
U012107,56,0.386,Riyadh,0,5,2.8,11.0,1,0,1,1
U012108,61,0.622,Makkah,1,0,0.6,6.3,0,0,1,1
U012109,59,0.804,Riyadh,0,3,0.3,11.1,0,1,0,0
U012110,19,0.233,Makkah,1,1,3.3,44.9,1,0,1,1
U012111,39,0.203,Riyadh,0,3,4.3,41.1,1,0,1,1
U012112,44,0.642,Eastern,4,1,0.5,9.1,1,0,0,1
U012113,61,0.546,Makkah,1,4,1.0,65.7,1,1,1,0
U012114,58,0.325,Makkah,1,7,1.6,22.1,1,1,1,1
U012115,19,0.422,Asir,5,1,2.2,47.7,1,0,0,1
U012116,27,0.74,Eastern,4,3,3.1,47.7,1,1,2,1
U012117,67,0.552,Makkah,1,2,3.5,33.9,1,0,0,0
U012118,20,0.225,Eastern,4,2,1.0,19.7,1,1,2,1
U012119,32,0.697,Hail,7,0,3.3,22.8,1,0,1,1
U012120,42,0.192,Riyadh,0,1,0.0,46.2,1,0,0,0
U012121,23,0.662,Makkah,1,2,1.3,18.2,0,0,1,0
U012122,58,0.887,Riyadh,0,6,1.0,6.1,1,1,1,0
U012123,57,0.418,Eastern,4,1,2.0,19.3,1,1,0,0
U012124,66,0.244,Eastern,4,5,0.3,20.3,1,0,0,1
U012125,35,0.104,Madinah,2,0,3.1,11.9,0,0,2,1
U012126,20,0.39,Riyadh,0,3,2.1,8.4,0,1,2,1
U012127,53,0.589,Al Bahah,11,5,1.1,37.3,1,1,2,0
U012128,61,0.275,Asir,5,2,4.0,21.2,1,0,0,1
U012129,33,0.627,Eastern,4,3,2.6,13.0,1,1,1,0
U012130,34,0.823,Riyadh,0,3,0.0,48.2,1,1,1,1
U012131,24,0.288,Riyadh,0,3,3.5,19.8,1,0,1,1
U012132,34,0.825,Makkah,1,5,3.8,2.5,1,1,2,1
U012133,39,0.345,Hail,7,6,3.4,35.8,0,1,2,1
U012134,43,0.613,Madinah,2,5,1.4,4.7,1,0,0,1
U012135,32,0.555,Eastern,4,2,2.2,20.5,1,0,0,0
U012136,69,0.53,Riyadh,0,3,3.1,9.8,1,1,2,1
U012137,21,0.268,Riyadh,0,2,3.5,2.8,1,1,1,1
U012138,49,0.324,Eastern,4,4,1.1,32.0,0,0,0,0
U012139,24,0.063,Riyadh,0,2,2.3,39.0,1,0,0,0
U012140,68,0.233,Hail,7,4,3.0,29.9,0,0,1,0
U012141,25,0.398,Eastern,4,5,0.6,37.1,1,1,2,1
U012142,65,0.36,Al Bahah,11,3,2.3,29.8,1,1,1,0
U012143,34,0.315,Riyadh,0,0,0.9,8.8,0,0,0,0
U012144,58,0.392,Riyadh,0,3,1.5,7.3,0,0,3,1
U012145,30,0.639,Qassim,3,4,1.2,15.4,1,0,0,1
U012146,31,0.18,Qassim,3,2,5.4,21.0,0,0,0,1
U012147,61,0.828,Riyadh,0,3,1.7,23.6,1,1,1,1
U012148,18,0.757,Makkah,1,2,0.4,4.2,1,1,2,0
U012149,61,0.422,Madinah,2,3,2.6,40.2,1,0,0,0
U012150,44,0.598,Riyadh,0,1,0.6,5.4,1,0,0,0
U012151,38,0.846,Jazan,9,3,0.7,28.7,1,0,0,1
U012152,28,0.43,Qassim,3,2,1.4,7.8,0,0,0,0
U012153,48,0.558,Al Jawf,12,1,1.7,11.8,1,0,0,1
U012154,35,0.404,Hail,7,2,2.2,22.2,1,1,0,1
U012155,57,0.389,Riyadh,0,1,2.0,10.2,1,0,0,1
U012156,60,0.449,Eastern,4,2,2.5,38.6,1,0,1,1
U012157,56,0.402,Makkah,1,2,2.1,24.2,0,0,2,1
U012158,31,0.744,Makkah,1,2,1.7,40.8,0,0,0,1
U012159,23,0.848,Riyadh,0,4,2.1,48.8,1,1,0,1
U012160,65,0.352,Makkah,1,4,4.7,16.9,0,0,2,1
U012161,58,0.213,Riyadh,0,1,3.3,14.6,1,0,1,0
U012162,59,0.738,Riyadh,0,2,3.1,20.8,1,0,0,0
U012163,53,0.441,Riyadh,0,1,2.6,52.3,1,0,0,1
U012164,50,0.322,Riyadh,0,3,1.5,21.9,1,0,1,0
U012165,27,0.566,Madinah,2,4,1.8,7.7,1,1,2,0
U012166,42,0.51,Riyadh,0,8,0.2,6.3,1,1,1,0
U012167,35,0.258,Riyadh,0,1,4.3,17.1,1,0,0,0
U012168,57,0.77,Al Bahah,11,1,1.7,8.5,1,1,0,1
U012169,45,0.082,Riyadh,0,2,3.1,14.4,0,0,1,0
U012170,54,0.343,Riyadh,0,4,1.4,10.6,1,0,0,0
U012171,50,0.238,Riyadh,0,3,4.1,11.8,0,0,1,1
U012172,35,0.55,Jazan,9,1,3.0,38.9,1,0,0,0
U012173,66,0.506,Eastern,4,7,1.8,18.3,1,1,3,1
U012174,25,0.631,Eastern,4,6,2.3,18.2,1,1,1,1
U012175,45,0.766,Makkah,1,0,0.0,30.6,1,0,2,1
U012176,69,0.402,Eastern,4,1,1.8,2.5,0,1,2,1
U012177,27,0.48,Eastern,4,3,3.2,4.0,1,1,2,0
U012178,62,0.403,Riyadh,0,1,1.9,11.8,1,1,0,0
U012179,45,0.715,Qassim,3,5,3.1,24.9,1,1,0,1
U012180,65,0.718,Riyadh,0,3,1.2,31.8,1,0,0,0
U012181,50,0.323,Makkah,1,2,0.0,78.4,1,0,0,1
U012182,29,0.185,Riyadh,0,2,2.9,14.3,1,0,0,1
U012183,43,0.343,Madinah,2,1,3.0,9.3,1,0,0,1
U012184,31,0.655,Tabuk,6,5,3.1,14.7,1,1,0,1
U012185,34,0.809,Makkah,1,2,3.1,2.7,0,1,1,1
U012186,55,0.663,Riyadh,0,2,1.8,27.3,1,0,0,0
U012187,23,0.385,Eastern,4,4,1.8,23.5,1,0,0,1
U012188,60,0.683,Makkah,1,3,2.7,12.1,0,1,1,1
U012189,66,0.23,Makkah,1,2,3.4,35.8,1,0,0,0
U012190,29,0.754,Najran,10,3,2.4,15.5,1,0,2,0
U012191,36,0.523,Tabuk,6,2,1.8,36.3,1,1,0,0
U012192,19,0.844,Qassim,3,5,2.2,80.4,1,1,1,1
U012193,63,0.757,Riyadh,0,3,2.6,11.2,1,0,1,1
U012194,27,0.873,Makkah,1,4,0.0,14.8,1,0,2,1
U012195,32,0.733,Riyadh,0,2,1.5,36.6,1,1,0,1
U012196,50,0.864,Riyadh,0,4,0.0,9.8,0,1,1,1
U012197,50,0.899,Asir,5,4,3.8,6.9,1,0,1,0
U012198,55,0.156,Asir,5,2,1.8,22.1,1,0,1,1
U012199,39,0.715,Makkah,1,4,0.5,1.8,1,0,1,1
U012200,35,0.561,Makkah,1,3,4.3,4.0,1,1,0,1
U012201,50,0.342,Hail,7,1,2.5,7.4,1,0,1,0
U012202,30,0.2,Eastern,4,2,3.0,77.6,1,0,0,0
U012203,22,0.803,Riyadh,0,3,0.1,11.0,1,1,3,1
U012204,63,0.862,Riyadh,0,5,0.9,11.4,1,1,1,1
U012205,53,0.374,Riyadh,0,1,2.0,54.5,1,1,1,1
U012206,48,0.094,Riyadh,0,2,4.1,11.0,1,1,1,1
U012207,28,0.554,Eastern,4,7,0.2,4.5,0,0,0,1
U012208,63,0.548,Asir,5,4,2.1,33.2,1,0,1,1
U012209,31,0.324,Eastern,4,4,2.1,3.3,1,0,0,0
U012210,42,0.934,Jazan,9,4,1.4,19.2,1,1,1,0
U012211,18,0.571,Makkah,1,2,3.8,12.0,1,0,0,0
U012212,47,0.665,Riyadh,0,6,3.3,25.5,1,1,0,0
U012213,69,0.843,Riyadh,0,3,1.9,39.4,1,1,0,0
U012214,48,0.627,Makkah,1,1,2.8,19.6,1,1,2,0
U012215,62,0.439,Eastern,4,2,1.4,11.9,1,1,0,1
U012216,50,0.953,Riyadh,0,5,1.3,34.2,1,0,0,1
U012217,50,0.581,Riyadh,0,2,1.7,23.2,1,0,0,1
U012218,52,0.242,Eastern,4,5,1.9,8.9,0,0,0,1
U012219,24,0.306,Tabuk,6,0,0.7,23.8,1,0,2,0
U012220,37,0.623,Riyadh,0,4,2.5,22.3,1,0,0,1
U012221,38,0.515,Riyadh,0,2,1.5,4.6,0,1,0,1
U012222,20,0.347,Jazan,9,8,2.1,18.0,0,0,3,0
U012223,23,0.608,Eastern,4,3,0.0,22.9,1,1,0,1
U012224,40,0.541,Makkah,1,4,1.9,9.4,1,0,1,1
U012225,23,0.18,Riyadh,0,3,2.4,1.8,1,0,0,1
U012226,34,0.27,Eastern,4,0,2.5,31.9,0,0,1,0
U012227,46,0.36,Eastern,4,2,0.7,22.5,1,0,1,1
U012228,35,0.317,Riyadh,0,1,2.8,3.8,1,0,0,0
U012229,57,0.922,Eastern,4,3,0.9,30.2,1,0,1,1
U012230,39,0.312,Eastern,4,2,1.8,7.8,1,0,1,1
U012231,41,0.384,Jazan,9,3,5.4,49.6,1,1,1,1
U012232,55,0.538,Hail,7,4,3.0,10.2,1,1,3,1
U012233,66,0.34,Hail,7,0,3.4,41.4,1,0,0,0
U012234,67,0.084,Eastern,4,0,2.0,49.1,1,0,0,0
U012235,43,0.359,Makkah,1,2,3.0,11.1,0,0,1,0
U012236,28,0.75,Al Bahah,11,6,1.8,6.6,1,1,4,0
U012237,31,0.41,Makkah,1,1,0.1,12.5,0,1,0,0
U012238,64,0.557,Hail,7,3,1.0,14.2,0,1,1,1
U012239,22,0.315,Madinah,2,1,0.9,8.3,1,0,0,0
U012240,54,0.823,Tabuk,6,4,2.1,1.8,1,1,1,0
U012241,34,0.472,Makkah,1,2,2.4,7.2,1,1,0,0
U012242,35,0.231,Jazan,9,3,2.4,17.2,1,1,2,1
U012243,44,0.601,Madinah,2,7,2.5,54.1,1,1,2,1
U012244,29,0.751,Eastern,4,2,3.9,4.9,0,0,1,1
U012245,65,0.399,Makkah,1,5,3.6,27.7,0,0,1,1
U012246,68,0.605,Najran,10,6,1.1,33.8,1,1,1,1
U012247,23,0.313,Riyadh,0,2,2.5,33.2,1,0,0,1
U012248,44,0.482,Riyadh,0,2,1.9,3.1,1,1,1,0
U012249,47,0.229,Al Jawf,12,1,2.0,8.3,1,0,1,1
U012250,59,0.782,Riyadh,0,4,0.8,31.2,0,1,1,1
U012251,34,0.117,Eastern,4,4,3.4,29.3,1,0,0,1
U012252,50,0.369,Eastern,4,3,0.6,9.4,0,1,1,0
U012253,49,0.906,Riyadh,0,6,0.5,2.4,1,1,2,1
U012254,29,0.848,Riyadh,0,3,1.6,18.1,1,1,1,0
U012255,67,0.168,Jazan,9,1,2.5,31.3,0,0,0,1
U012256,63,0.763,Riyadh,0,2,2.6,16.7,0,1,0,1
U012257,63,0.344,Eastern,4,2,2.1,3.3,1,0,2,0
U012258,35,0.395,Eastern,4,7,3.8,16.5,1,1,0,1
U012259,53,0.736,Asir,5,2,2.9,6.4,1,1,0,1
U012260,56,0.283,Makkah,1,1,2.5,11.4,1,0,0,0
U012261,27,0.684,Qassim,3,7,3.0,23.3,1,0,0,0
U012262,46,0.311,Najran,10,1,2.3,34.0,0,1,3,1
U012263,53,0.224,Madinah,2,2,3.3,48.6,1,0,0,1
U012264,47,0.946,Riyadh,0,2,2.4,30.4,1,1,2,1
U012265,66,0.879,Eastern,4,3,2.4,11.2,1,0,0,1
U012266,66,0.485,Eastern,4,1,0.2,18.7,1,0,1,0
U012267,28,0.566,Al Bahah,11,8,0.0,36.8,1,1,2,1
U012268,31,0.338,Al Bahah,11,3,3.4,27.4,1,0,0,0
U012269,22,0.233,Eastern,4,3,3.7,16.1,1,0,0,0
U012270,45,0.704,Riyadh,0,4,1.3,5.2,1,1,0,1
U012271,28,0.691,Eastern,4,5,2.5,39.5,1,1,0,0
U012272,19,0.853,Riyadh,0,4,2.2,5.5,1,1,2,0
U012273,50,0.349,Riyadh,0,3,1.6,6.0,1,0,0,0
U012274,55,0.339,Jazan,9,1,3.0,21.1,1,1,3,0
U012275,22,0.457,Tabuk,6,2,2.5,23.7,0,1,0,1
U012276,39,0.409,Madinah,2,2,2.3,28.4,1,0,0,1
U012277,29,0.786,Al Jawf,12,5,2.3,10.4,1,1,2,1
U012278,34,0.384,Eastern,4,3,0.1,8.2,1,0,1,0
U012279,30,0.745,Eastern,4,3,0.0,17.0,0,1,0,1
U012280,49,0.391,Eastern,4,1,2.3,13.2,1,0,0,0
U012281,30,0.908,Makkah,1,8,1.2,44.0,1,0,1,1
U012282,69,0.281,Eastern,4,1,1.8,9.5,0,1,2,1
U012283,38,0.569,Makkah,1,2,1.7,28.8,1,1,1,1
U012284,57,0.241,Makkah,1,3,1.1,42.7,1,0,1,1
U012285,68,0.14,Najran,10,2,0.0,42.5,1,1,2,0
U012286,27,0.414,Madinah,2,2,2.1,24.4,1,0,0,1
U012287,47,0.635,Asir,5,2,2.3,14.0,0,0,1,0
U012288,20,0.585,Riyadh,0,1,1.6,15.7,1,0,1,0
U012289,54,0.198,Riyadh,0,1,2.2,15.5,1,0,1,1
U012290,69,0.497,Northern Borders,8,4,1.8,20.4,0,0,0,0
U012291,18,0.199,Eastern,4,1,1.6,14.8,0,1,1,0
U012292,18,0.499,Riyadh,0,3,2.9,42.3,0,1,1,1
U012293,52,0.339,Madinah,2,1,2.4,23.4,1,1,4,0
U012294,40,0.711,Al Bahah,11,2,2.1,19.9,1,0,1,0
U012295,52,0.608,Eastern,4,5,3.5,28.2,1,0,0,0
U012296,69,0.255,Makkah,1,2,1.3,6.0,1,0,0,0
U012297,56,0.56,Northern Borders,8,1,1.1,53.1,1,0,0,1
U012298,24,0.785,Riyadh,0,5,0.0,30.1,1,1,1,0
U012299,51,0.664,Riyadh,0,3,0.0,8.2,1,0,2,1
U012300,30,0.227,Madinah,2,9,1.6,62.7,1,0,1,0
U012301,48,0.837,Najran,10,5,2.4,27.8,1,1,0,0
U012302,31,0.372,Eastern,4,3,3.3,35.9,1,0,1,0
U012303,18,0.5,Riyadh,0,3,1.7,25.7,1,1,0,1
U012304,21,0.473,Riyadh,0,2,3.0,3.0,1,0,0,0
U012305,45,0.21,Makkah,1,1,2.4,10.0,1,0,0,1
U012306,37,0.365,Riyadh,0,3,5.6,32.8,1,0,0,0
U012307,65,0.726,Najran,10,3,0.0,37.2,1,1,0,1
U012308,54,0.462,Riyadh,0,1,0.9,20.0,1,0,0,1
U012309,46,0.08,Makkah,1,1,3.1,7.7,0,0,1,0
U012310,48,0.469,Al Jawf,12,1,0.0,10.6,1,0,0,1
U012311,63,0.547,Eastern,4,1,0.1,15.7,1,1,1,1
U012312,56,0.679,Makkah,1,6,0.6,35.6,1,1,1,1
U012313,62,0.426,Makkah,1,4,2.3,46.5,1,0,1,1
U012314,42,0.605,Asir,5,2,0.0,46.6,1,0,1,1
U012315,56,0.517,Riyadh,0,0,1.9,26.4,1,0,0,1
U012316,66,0.286,Riyadh,0,2,2.1,13.1,1,0,1,0
U012317,59,0.895,Madinah,2,4,0.0,18.8,1,1,2,1
U012318,45,0.295,Makkah,1,1,2.6,88.4,1,0,1,0
U012319,64,0.3,Riyadh,0,2,2.0,27.7,0,1,1,0
U012320,48,0.541,Riyadh,0,6,0.8,46.9,0,0,0,1
U012321,54,0.4,Najran,10,3,1.7,26.4,1,0,0,0
U012322,33,0.35,Riyadh,0,0,0.4,18.2,1,0,0,1
U012323,20,0.727,Makkah,1,5,0.5,11.1,0,1,0,0
U012324,23,0.683,Riyadh,0,3,2.6,31.1,1,0,0,0
U012325,45,0.802,Makkah,1,4,2.2,1.7,0,1,0,1
U012326,37,0.269,Northern Borders,8,2,1.7,13.4,1,0,0,1
U012327,50,0.279,Madinah,2,1,1.6,23.6,1,0,0,0
U012328,55,0.635,Eastern,4,4,1.8,35.2,1,0,0,1
U012329,58,0.281,Al Bahah,11,0,1.8,14.7,0,0,1,0
U012330,53,0.107,Jazan,9,0,2.4,21.3,1,0,0,1
U012331,33,0.158,Madinah,2,0,3.6,28.4,1,0,0,0
U012332,31,0.254,Riyadh,0,3,4.6,26.1,1,0,0,1
U012333,18,0.308,Asir,5,2,1.3,30.4,1,1,2,1
U012334,46,0.3,Najran,10,3,2.4,13.6,1,1,2,1
U012335,29,0.452,Riyadh,0,5,2.6,20.7,1,1,0,1
U012336,26,0.854,Madinah,2,4,1.3,9.4,1,1,0,1
U012337,32,0.638,Eastern,4,3,3.3,37.8,0,0,1,1
U012338,34,0.296,Riyadh,0,3,2.7,60.1,1,0,0,1
U012339,62,0.827,Eastern,4,2,0.7,5.0,1,1,0,1
U012340,42,0.446,Eastern,4,3,0.0,60.3,1,0,0,1
U012341,43,0.767,Eastern,4,4,3.5,40.2,1,1,0,1
U012342,33,0.256,Asir,5,1,2.2,27.5,1,0,1,1
U012343,26,0.851,Madinah,2,5,0.0,17.7,1,1,1,1
U012344,45,0.794,Makkah,1,3,2.4,27.8,0,1,1,1
U012345,56,0.351,Makkah,1,1,0.8,25.6,0,0,0,0
U012346,67,0.691,Makkah,1,4,0.0,11.4,1,1,0,1
U012347,27,0.298,Asir,5,1,0.0,42.0,1,0,2,0
U012348,62,0.311,Makkah,1,0,2.7,31.6,1,0,0,0
U012349,23,0.601,Asir,5,4,2.8,7.6,0,1,1,1
U012350,62,0.616,Makkah,1,1,2.9,28.5,1,0,0,1
U012351,32,0.601,Madinah,2,4,1.8,14.7,1,1,0,1
U012352,35,0.638,Madinah,2,4,2.6,34.2,1,1,0,1
U012353,69,0.448,Jazan,9,3,1.9,23.2,0,0,1,1
U012354,52,0.433,Riyadh,0,2,1.8,5.9,1,0,1,0
U012355,24,0.249,Eastern,4,3,2.0,4.2,0,0,0,1
U012356,36,0.255,Riyadh,0,0,2.0,30.7,1,0,0,0
U012357,55,0.501,Riyadh,0,3,2.4,19.6,1,1,1,0
U012358,48,0.041,Madinah,2,2,2.5,13.4,1,1,3,1
U012359,32,0.547,Tabuk,6,3,0.8,22.0,1,0,0,0
U012360,24,0.681,Al Bahah,11,6,1.4,64.6,1,1,6,1
U012361,67,0.719,Makkah,1,4,1.4,35.8,1,1,0,0
U012362,24,0.368,Qassim,3,3,1.0,41.4,0,0,1,0
U012363,48,0.496,Qassim,3,2,4.7,17.2,1,0,0,1
U012364,54,0.541,Eastern,4,3,1.3,20.6,1,0,0,0
U012365,44,0.872,Makkah,1,4,1.8,33.4,1,1,1,1
U012366,65,0.634,Riyadh,0,7,3.4,12.7,0,1,2,1
U012367,19,0.691,Madinah,2,2,2.9,26.4,1,0,0,1
U012368,33,0.466,Al Bahah,11,2,2.5,29.6,0,0,2,1
U012369,69,0.362,Riyadh,0,1,5.0,3.8,0,0,0,0
U012370,41,0.4,Makkah,1,0,3.1,16.7,1,1,2,1
U012371,47,0.484,Makkah,1,2,2.5,55.5,1,0,1,1
U012372,43,0.316,Qassim,3,3,2.7,9.0,1,0,1,0
U012373,24,0.903,Eastern,4,1,1.9,11.8,1,1,1,1
U012374,48,0.054,Qassim,3,2,3.2,37.2,1,0,0,1
U012375,49,0.132,Makkah,1,2,2.3,22.9,1,0,2,1
U012376,63,0.326,Qassim,3,4,3.8,40.6,1,0,2,1
U012377,61,0.357,Northern Borders,8,4,2.9,15.6,1,0,0,1
U012378,48,0.832,Al Bahah,11,3,0.9,9.5,1,1,1,1
U012379,69,0.242,Makkah,1,2,3.6,26.1,1,1,0,0
U012380,48,0.906,Jazan,9,4,0.7,83.7,1,1,0,0
U012381,38,0.739,Riyadh,0,3,1.1,22.0,1,1,0,1
U012382,25,0.67,Riyadh,0,4,3.8,16.6,1,1,2,1
U012383,44,0.813,Makkah,1,4,0.6,17.1,1,0,0,1
U012384,33,0.332,Qassim,3,4,1.8,16.3,1,1,1,1
U012385,33,0.315,Makkah,1,3,2.9,16.5,0,0,0,1
U012386,45,0.407,Riyadh,0,1,3.4,9.9,0,0,1,0
U012387,66,0.284,Madinah,2,5,2.6,60.6,1,1,0,0
U012388,65,0.625,Madinah,2,2,0.1,22.2,1,1,4,1
U012389,24,0.451,Riyadh,0,6,3.9,3.5,0,0,3,1
U012390,37,0.432,Najran,10,1,0.2,14.7,1,0,1,1
U012391,41,0.312,Qassim,3,1,1.4,24.1,1,0,0,1
U012392,46,0.288,Northern Borders,8,0,3.3,36.5,1,1,1,1
U012393,55,0.568,Riyadh,0,4,0.6,14.4,1,1,0,0
U012394,69,0.414,Makkah,1,4,0.1,6.8,1,0,0,0
U012395,37,0.317,Riyadh,0,1,3.3,23.8,1,0,0,1
U012396,37,0.219,Najran,10,3,3.0,27.4,1,0,0,1
U012397,26,0.092,Hail,7,3,2.9,13.1,1,0,1,1
U012398,65,0.603,Jazan,9,1,2.5,20.9,1,0,0,0
U012399,67,0.62,Eastern,4,2,3.4,31.8,1,0,0,1
U012400,38,0.484,Makkah,1,5,0.2,33.6,1,1,2,1
U012401,31,0.709,Riyadh,0,4,0.9,35.9,1,1,2,1
U012402,35,0.196,Makkah,1,3,1.9,17.6,1,0,0,0
U012403,18,0.743,Madinah,2,4,1.0,18.4,1,1,1,1
U012404,30,0.116,Makkah,1,3,1.5,29.3,1,0,1,1
U012405,42,0.493,Makkah,1,2,1.4,25.5,1,1,1,1
U012406,24,0.996,Eastern,4,5,0.0,9.1,1,1,0,1
U012407,54,0.395,Jazan,9,3,2.4,16.5,1,0,1,1
U012408,61,0.907,Makkah,1,7,3.0,22.1,1,1,0,1
U012409,67,0.335,Makkah,1,2,3.2,7.8,1,0,0,1
U012410,26,0.126,Jazan,9,0,1.0,32.8,0,0,0,0
U012411,64,0.763,Asir,5,2,2.8,59.0,1,0,0,0
U012412,46,0.653,Jazan,9,5,1.1,15.1,1,0,0,0
U012413,55,0.33,Jazan,9,3,2.7,64.0,1,1,0,0
U012414,62,0.726,Tabuk,6,2,1.2,36.4,1,1,1,0
U012415,65,0.82,Madinah,2,6,2.9,11.5,1,1,0,0
U012416,64,0.266,Eastern,4,5,1.2,12.5,1,0,1,1
U012417,37,0.345,Makkah,1,1,1.8,14.2,1,0,2,1
U012418,60,0.354,Makkah,1,0,4.9,21.8,0,1,0,0
U012419,66,0.433,Eastern,4,5,3.4,16.6,1,1,0,0
U012420,68,0.371,Makkah,1,3,3.3,13.4,1,0,1,1
U012421,65,0.311,Jazan,9,2,3.6,43.2,1,0,0,1
U012422,21,0.841,Riyadh,0,2,1.9,7.5,1,1,2,1
U012423,36,0.281,Riyadh,0,1,1.8,15.3,1,1,6,1
U012424,60,0.501,Northern Borders,8,3,0.5,34.6,1,0,1,0
U012425,60,0.412,Eastern,4,0,2.2,18.7,1,0,2,0
U012426,45,0.583,Riyadh,0,1,1.2,23.2,0,0,0,1
U012427,48,0.282,Makkah,1,1,1.8,7.6,1,1,0,1
U012428,49,0.873,Qassim,3,3,1.5,25.7,1,1,2,1
U012429,20,0.442,Najran,10,1,1.6,23.7,1,0,0,1
U012430,32,0.61,Al Jawf,12,2,3.2,50.2,1,1,1,1
U012431,37,0.362,Makkah,1,4,2.4,9.1,0,1,1,1
U012432,28,0.535,Najran,10,2,2.7,25.4,1,1,3,1
U012433,50,0.301,Madinah,2,3,2.6,21.4,1,1,1,0
U012434,39,0.718,Eastern,4,5,0.5,9.5,0,1,1,0
U012435,46,0.392,Makkah,1,2,1.8,3.2,1,0,1,1
U012436,44,0.171,Northern Borders,8,1,1.5,12.3,0,1,2,1
U012437,57,0.741,Makkah,1,3,1.3,19.9,1,0,0,1
U012438,67,0.763,Tabuk,6,5,1.8,13.1,0,1,5,1
U012439,32,0.667,Eastern,4,4,3.5,3.9,1,1,1,0
U012440,53,0.681,Makkah,1,3,3.7,16.3,1,0,0,0
U012441,19,0.611,Jazan,9,6,1.1,28.3,1,1,1,0
U012442,40,0.773,Northern Borders,8,4,1.1,23.1,0,1,0,1
U012443,68,0.382,Makkah,1,4,3.7,20.1,0,0,0,0
U012444,22,0.668,Asir,5,3,2.7,106.8,1,1,0,0
U012445,42,0.607,Makkah,1,6,1.9,4.0,1,1,0,0
U012446,39,0.744,Eastern,4,2,2.4,28.5,1,0,0,1
U012447,31,0.636,Makkah,1,3,1.9,12.6,1,0,1,1
U012448,69,0.555,Al Bahah,11,4,0.0,41.5,1,0,1,1
U012449,41,0.435,Makkah,1,6,1.9,9.5,1,1,3,1
U012450,43,0.51,Madinah,2,2,1.8,62.3,0,1,0,0
U012451,61,0.709,Makkah,1,3,3.7,15.3,1,1,1,0
U012452,36,0.85,Riyadh,0,5,1.7,17.1,1,1,3,1
U012453,28,0.321,Madinah,2,1,1.3,37.5,1,1,2,0
U012454,46,0.247,Eastern,4,1,4.2,2.1,0,1,2,0
U012455,28,0.296,Asir,5,2,4.5,5.1,1,1,1,0
U012456,29,0.66,Northern Borders,8,4,3.1,13.0,1,1,2,0
U012457,41,0.796,Najran,10,3,1.4,22.0,1,1,1,1
U012458,50,0.311,Riyadh,0,4,3.8,7.2,0,1,0,1
U012459,62,0.187,Asir,5,2,3.6,6.3,1,1,3,1
U012460,66,0.368,Madinah,2,3,1.9,19.3,0,0,0,1
U012461,50,0.223,Madinah,2,6,0.0,8.3,1,0,0,0
U012462,18,0.351,Riyadh,0,1,2.1,6.9,1,0,0,0
U012463,24,0.366,Makkah,1,3,0.5,19.1,0,0,0,0
U012464,30,0.272,Madinah,2,2,4.3,43.0,1,1,3,0
U012465,69,0.812,Makkah,1,3,0.8,4.8,1,0,1,1
U012466,26,0.232,Riyadh,0,0,3.9,10.8,0,0,0,0
U012467,68,0.215,Makkah,1,1,1.8,33.5,0,0,0,1
U012468,59,0.185,Al Jawf,12,3,3.1,19.1,0,0,0,0
U012469,20,0.604,Hail,7,0,0.2,18.9,1,0,1,1
U012470,61,0.281,Asir,5,1,1.6,43.7,1,1,2,1
U012471,61,0.234,Qassim,3,5,3.1,8.8,0,0,0,1
U012472,67,0.638,Eastern,4,3,3.2,28.5,1,0,2,1
U012473,67,0.835,Makkah,1,8,0.2,13.7,1,1,1,1
U012474,25,0.458,Eastern,4,2,2.1,18.1,0,1,2,1
U012475,35,0.673,Makkah,1,2,1.8,2.6,1,0,1,1
U012476,34,0.382,Hail,7,4,1.7,11.5,1,1,0,0
U012477,48,0.568,Northern Borders,8,3,2.3,81.4,1,0,0,1
U012478,28,0.277,Makkah,1,1,1.8,19.6,1,0,1,0
U012479,60,0.406,Riyadh,0,5,1.6,8.8,1,0,0,1
U012480,24,0.35,Makkah,1,4,4.5,29.8,0,1,2,1
U012481,18,0.189,Northern Borders,8,4,2.7,26.3,1,1,1,1
U012482,26,0.198,Riyadh,0,3,1.1,30.5,0,0,1,1
U012483,68,0.169,Hail,7,2,3.5,35.5,0,0,1,1
U012484,29,0.834,Riyadh,0,1,1.7,15.1,0,0,0,0
U012485,52,0.151,Hail,7,4,3.6,11.7,0,0,1,0
U012486,45,0.634,Eastern,4,7,2.1,36.5,1,1,0,0
U012487,68,0.459,Asir,5,4,0.9,49.4,1,0,1,1
U012488,55,0.462,Asir,5,1,0.1,41.3,1,1,0,1
U012489,30,0.524,Madinah,2,2,0.0,23.7,1,0,0,0
U012490,35,0.656,Eastern,4,1,1.8,15.5,0,0,1,0
U012491,59,0.248,Makkah,1,2,3.4,0.6,1,0,2,1
U012492,58,0.381,Madinah,2,2,1.7,13.4,0,0,2,1
U012493,56,0.579,Makkah,1,2,2.1,8.0,0,0,2,1
U012494,36,0.262,Eastern,4,2,3.5,31.6,1,1,1,0
U012495,69,0.495,Madinah,2,6,2.6,15.1,1,1,1,1
U012496,56,0.789,Qassim,3,5,2.0,16.9,1,1,1,1
U012497,24,0.583,Eastern,4,1,0.0,25.2,0,0,1,1
U012498,48,0.724,Riyadh,0,3,2.6,25.5,1,1,1,1
U012499,44,0.314,Makkah,1,3,4.0,5.7,1,1,2,0
U012500,53,0.831,Riyadh,0,4,0.8,32.5,1,1,0,1
U012501,32,0.604,Riyadh,0,3,2.9,11.3,1,1,0,1
U012502,49,0.541,Eastern,4,4,3.0,41.4,1,0,0,0
U012503,61,0.364,Najran,10,8,0.6,23.7,1,1,2,1
U012504,47,0.303,Eastern,4,2,1.3,10.3,1,0,1,0
U012505,19,0.333,Makkah,1,2,3.8,18.5,1,0,2,0
U012506,60,0.211,Riyadh,0,2,5.1,47.0,1,0,0,1
U012507,19,0.716,Hail,7,7,1.1,32.2,1,1,1,1
U012508,48,0.592,Asir,5,2,0.0,46.2,1,1,3,1
U012509,44,0.376,Makkah,1,0,1.5,11.5,0,0,2,0
U012510,56,0.506,Qassim,3,2,2.3,23.0,1,1,1,1
U012511,33,0.815,Riyadh,0,9,0.3,2.1,1,1,2,1
U012512,19,0.398,Riyadh,0,7,4.2,12.8,0,0,1,1
U012513,18,0.49,Tabuk,6,4,1.9,5.0,1,1,2,1
U012514,62,0.82,Riyadh,0,9,0.8,57.5,0,1,1,1
U012515,34,0.19,Makkah,1,2,3.7,19.4,1,1,2,0
U012516,40,0.57,Makkah,1,2,2.5,7.0,1,1,0,1
U012517,27,0.341,Eastern,4,3,3.2,47.6,1,0,1,1
U012518,54,0.219,Eastern,4,1,0.2,23.8,1,0,1,0
U012519,51,0.063,Makkah,1,2,2.1,36.7,1,0,0,0
U012520,63,0.351,Madinah,2,2,2.1,12.6,0,0,0,0
U012521,69,0.468,Qassim,3,4,1.7,33.4,1,0,0,0
U012522,64,0.226,Riyadh,0,1,3.1,17.0,0,0,2,1
U012523,49,0.16,Eastern,4,4,2.6,14.7,0,0,1,0
U012524,18,0.677,Riyadh,0,1,2.1,47.3,1,1,1,1
U012525,45,0.767,Riyadh,0,2,1.3,45.2,1,0,0,0
U012526,25,0.315,Makkah,1,3,2.5,64.1,1,0,0,1
U012527,56,0.101,Eastern,4,1,5.2,23.3,1,0,0,1
U012528,38,0.174,Northern Borders,8,2,4.2,11.1,1,0,1,1
U012529,56,0.536,Eastern,4,1,2.2,36.3,1,0,1,0
U012530,48,0.243,Tabuk,6,1,3.3,18.1,1,0,0,1
U012531,34,0.319,Northern Borders,8,3,2.6,19.0,1,0,1,1
U012532,25,0.796,Asir,5,1,4.2,23.4,1,0,0,1
U012533,22,0.485,Makkah,1,3,0.8,27.3,1,0,2,0
U012534,18,0.532,Najran,10,3,2.5,11.3,0,1,1,0
U012535,47,0.934,Makkah,1,3,1.0,14.8,1,0,0,1
U012536,28,0.25,Riyadh,0,3,4.2,26.4,1,1,0,0
U012537,34,0.13,Makkah,1,0,4.3,32.7,1,0,0,0
U012538,29,0.605,Makkah,1,4,1.6,24.2,1,1,2,0
U012539,66,0.66,Northern Borders,8,5,1.9,14.8,0,0,1,0
U012540,38,0.949,Eastern,4,4,1.3,3.6,1,0,0,1
U012541,67,0.348,Asir,5,5,1.5,12.8,1,0,0,1
U012542,40,0.268,Makkah,1,1,0.8,34.6,1,0,2,0
U012543,54,0.284,Najran,10,2,3.6,13.3,1,0,1,1
U012544,65,0.479,Najran,10,3,1.5,31.0,1,1,2,0
U012545,64,0.713,Eastern,4,3,0.0,50.4,1,0,1,1
U012546,45,0.488,Eastern,4,5,0.5,27.4,1,1,3,1
U012547,59,0.285,Riyadh,0,4,3.8,18.1,1,0,2,0
U012548,20,0.627,Riyadh,0,7,2.5,4.6,0,1,2,1
U012549,41,0.559,Qassim,3,3,4.5,46.5,1,1,2,1
U012550,20,0.87,Qassim,3,3,2.1,25.7,1,1,0,0
U012551,33,0.669,Makkah,1,4,0.6,13.0,1,1,0,1
U012552,63,0.034,Riyadh,0,0,3.4,15.8,1,0,1,1
U012553,47,0.788,Riyadh,0,3,1.6,30.3,1,1,0,0
U012554,66,0.514,Eastern,4,1,2.4,43.6,1,0,0,0
U012555,27,0.709,Eastern,4,3,2.3,4.4,1,1,0,1
U012556,27,0.332,Eastern,4,3,1.1,30.5,1,1,1,1
U012557,36,0.489,Tabuk,6,3,2.3,58.0,1,0,3,1
U012558,27,0.316,Riyadh,0,2,2.1,6.6,1,0,1,1
U012559,68,0.615,Makkah,1,1,1.4,27.2,1,1,2,1
U012560,29,0.488,Eastern,4,1,1.6,11.2,1,0,0,1
U012561,57,0.475,Al Jawf,12,1,1.9,5.1,1,0,1,0
U012562,24,0.572,Riyadh,0,1,2.2,15.9,0,1,2,1
U012563,68,0.73,Riyadh,0,4,0.0,5.9,0,0,1,1
U012564,22,0.694,Eastern,4,1,3.1,19.6,1,0,0,1
U012565,46,0.473,Riyadh,0,1,2.3,21.8,1,0,1,1
U012566,38,0.348,Al Bahah,11,3,3.3,16.9,1,0,1,0
U012567,42,0.091,Eastern,4,0,5.1,17.3,0,0,1,0
U012568,31,0.869,Eastern,4,4,0.9,2.7,1,0,0,0
U012569,62,0.786,Riyadh,0,2,0.9,34.2,1,1,4,1
U012570,21,0.757,Makkah,1,3,3.3,39.2,1,0,1,1
U012571,19,0.454,Riyadh,0,2,3.9,14.0,1,1,0,1
U012572,59,0.124,Makkah,1,2,3.5,22.5,1,1,1,1
U012573,49,0.629,Makkah,1,1,2.2,9.1,0,1,4,1
U012574,63,0.604,Riyadh,0,2,1.3,21.3,1,0,0,0
U012575,54,0.577,Eastern,4,1,2.9,5.3,0,0,0,1
U012576,59,0.425,Al Bahah,11,0,3.3,7.4,1,0,1,0
U012577,26,0.671,Makkah,1,1,1.2,40.1,1,1,2,0
U012578,67,0.549,Makkah,1,2,0.9,18.3,1,0,1,0
U012579,23,0.457,Eastern,4,3,1.8,51.0,1,1,1,0
U012580,68,0.457,Riyadh,0,5,1.3,23.0,1,1,0,0
U012581,53,0.323,Riyadh,0,3,1.4,130.9,1,1,2,0
U012582,57,0.181,Eastern,4,2,3.5,9.3,1,1,5,1
U012583,65,0.809,Qassim,3,3,3.4,22.3,1,1,0,0
U012584,51,0.321,Makkah,1,5,1.2,9.0,1,1,0,1
U012585,49,0.784,Najran,10,7,0.5,45.8,0,1,0,1
U012586,46,0.384,Eastern,4,6,2.4,28.9,1,1,1,1
U012587,30,0.615,Makkah,1,3,2.2,11.7,1,1,1,1
U012588,55,0.24,Hail,7,1,2.5,21.3,1,0,0,1
U012589,37,0.718,Al Bahah,11,4,0.4,30.4,1,1,2,0
U012590,46,0.51,Makkah,1,1,3.2,14.3,1,0,1,0
U012591,42,0.252,Asir,5,3,1.2,44.9,1,0,1,0
U012592,51,0.455,Eastern,4,3,2.1,17.0,1,1,0,1
U012593,69,0.566,Al Jawf,12,5,2.4,16.1,1,0,1,1
U012594,68,0.352,Eastern,4,3,0.0,25.8,1,0,0,0
U012595,44,0.202,Riyadh,0,2,3.3,5.2,0,0,0,0
U012596,34,0.678,Eastern,4,1,2.3,6.1,1,0,0,1
U012597,43,0.85,Riyadh,0,7,0.6,32.8,1,1,2,1
U012598,61,0.793,Northern Borders,8,9,0.7,20.9,0,1,1,1
U012599,29,0.483,Madinah,2,7,3.3,82.4,1,1,0,1
U012600,50,0.479,Makkah,1,5,1.5,19.7,1,1,2,1
U012601,66,0.242,Riyadh,0,3,2.4,16.8,0,0,0,0
U012602,25,0.55,Asir,5,3,1.2,37.5,1,0,0,0
U012603,51,0.631,Asir,5,2,4.5,42.8,1,0,2,0
U012604,28,0.436,Tabuk,6,4,3.4,10.2,0,0,1,1
U012605,25,0.848,Makkah,1,7,0.7,33.8,1,1,2,1
U012606,38,0.32,Jazan,9,3,1.1,28.7,1,0,2,1
U012607,44,0.456,Makkah,1,2,1.0,11.0,1,0,0,1
U012608,35,0.54,Qassim,3,4,0.1,20.3,1,1,4,1
U012609,69,0.691,Najran,10,4,1.8,5.1,1,1,0,0
U012610,26,0.784,Riyadh,0,0,1.5,6.7,1,1,1,1
U012611,28,0.545,Riyadh,0,3,0.8,20.7,1,0,1,0
U012612,52,0.486,Riyadh,0,3,2.3,14.5,1,0,0,1
U012613,57,0.54,Hail,7,4,0.9,5.2,1,0,0,0
U012614,69,0.46,Makkah,1,4,2.5,19.1,1,0,1,1
U012615,48,0.559,Madinah,2,2,0.7,13.4,1,1,1,1
U012616,64,0.172,Riyadh,0,2,3.7,15.5,1,0,1,0
U012617,69,0.423,Makkah,1,4,2.2,56.4,1,0,0,1
U012618,38,0.319,Makkah,1,3,2.9,43.3,0,0,1,0
U012619,50,0.698,Najran,10,5,0.4,14.7,1,1,3,1
U012620,53,0.795,Northern Borders,8,7,2.2,10.2,1,1,2,0
U012621,38,0.185,Asir,5,2,2.3,53.5,1,1,5,1
U012622,66,0.894,Asir,5,0,1.5,36.3,0,1,0,0
U012623,50,0.625,Qassim,3,2,1.5,27.1,1,0,0,1
U012624,43,0.819,Riyadh,0,5,2.7,3.2,1,1,0,1
U012625,58,0.232,Madinah,2,2,3.1,18.0,1,0,1,1
U012626,53,0.378,Hail,7,2,1.1,6.1,1,1,0,0
U012627,47,0.294,Madinah,2,3,2.0,15.2,1,1,1,0
U012628,69,0.429,Riyadh,0,5,2.4,18.3,1,0,2,1
U012629,53,0.621,Riyadh,0,4,3.2,26.3,1,0,1,1
U012630,22,0.318,Eastern,4,4,2.8,19.0,1,1,2,1
U012631,26,0.468,Makkah,1,4,4.6,24.1,1,1,2,1
U012632,46,0.287,Riyadh,0,3,2.7,23.7,0,0,0,1
U012633,18,0.433,Eastern,4,2,0.0,2.6,1,1,0,1
U012634,61,0.397,Jazan,9,3,4.1,22.6,1,1,1,1
U012635,44,0.795,Riyadh,0,8,0.2,1.8,1,1,0,1
U012636,44,0.424,Makkah,1,1,2.5,38.2,1,1,3,1
U012637,55,0.69,Riyadh,0,2,0.0,6.7,0,1,3,0
U012638,66,0.066,Makkah,1,1,4.7,29.4,1,0,1,0
U012639,31,0.339,Tabuk,6,2,3.2,9.1,0,1,5,1
U012640,51,0.585,Jazan,9,3,1.5,27.1,1,1,1,1
U012641,37,0.113,Riyadh,0,2,4.8,25.7,1,1,0,0
U012642,35,0.853,Riyadh,0,4,0.5,16.9,1,0,0,1
U012643,28,0.77,Eastern,4,4,2.2,11.6,1,1,0,1
U012644,57,0.793,Eastern,4,5,0.2,9.6,1,0,0,0
U012645,69,0.281,Makkah,1,1,3.7,13.1,1,0,1,1
U012646,48,0.863,Riyadh,0,7,1.2,11.3,1,1,2,1
U012647,52,0.572,Makkah,1,2,3.3,26.8,1,0,0,0
U012648,60,0.198,Eastern,4,2,3.3,72.5,1,0,0,1
U012649,21,0.624,Al Bahah,11,2,0.1,33.1,1,1,1,1
U012650,29,0.501,Eastern,4,5,1.2,16.9,1,1,1,1
U012651,60,0.875,Riyadh,0,2,0.0,19.9,0,0,1,1
U012652,20,0.712,Hail,7,0,4.0,7.2,1,1,1,1
U012653,46,0.121,Riyadh,0,2,3.6,35.4,1,0,0,1
U012654,48,0.521,Makkah,1,1,1.2,26.5,0,0,0,0
U012655,64,0.379,Asir,5,1,0.9,16.7,1,0,0,0
U012656,40,0.613,Riyadh,0,2,0.5,14.3,1,1,2,0
U012657,47,0.939,Riyadh,0,2,0.1,14.1,1,1,1,1
U012658,60,0.57,Makkah,1,2,1.8,8.1,1,1,3,0
U012659,34,0.783,Riyadh,0,2,1.4,3.1,1,0,0,1
U012660,52,0.457,Eastern,4,2,3.6,7.4,1,0,0,0
U012661,59,0.232,Makkah,1,1,3.2,25.6,1,0,0,1
U012662,41,0.747,Makkah,1,3,0.9,9.4,1,0,3,0
U012663,49,0.456,Eastern,4,1,3.3,8.9,1,0,0,0
U012664,33,0.772,Qassim,3,6,2.8,37.5,1,1,1,1
U012665,52,0.467,Al Jawf,12,2,3.4,4.5,1,1,1,0
U012666,63,0.305,Al Jawf,12,0,4.5,3.9,1,0,0,0
U012667,18,0.456,Najran,10,2,2.5,35.1,1,0,0,1
U012668,55,0.653,Qassim,3,3,2.1,21.6,1,1,4,0
U012669,25,0.367,Al Jawf,12,3,2.4,21.8,1,1,1,0
U012670,48,0.518,Riyadh,0,1,2.2,3.5,1,0,1,1
U012671,19,0.652,Makkah,1,2,2.0,4.5,1,0,1,1
U012672,43,0.54,Madinah,2,3,0.0,21.2,1,1,1,1
U012673,27,0.439,Northern Borders,8,3,3.2,11.9,1,1,2,1
U012674,46,0.308,Jazan,9,3,0.9,38.1,1,0,0,0
U012675,22,0.611,Northern Borders,8,3,0.1,23.6,1,0,1,0
U012676,19,0.295,Hail,7,6,2.4,21.5,1,0,1,1
U012677,31,0.868,Al Jawf,12,5,1.4,17.2,0,1,2,0
U012678,42,0.326,Hail,7,3,3.5,54.9,1,0,1,0
U012679,46,0.485,Hail,7,3,2.2,18.8,1,0,2,0
U012680,37,0.252,Tabuk,6,2,4.1,25.6,1,0,1,0
U012681,34,0.253,Makkah,1,4,3.3,23.0,0,0,1,1
U012682,40,0.23,Tabuk,6,4,3.2,34.3,1,1,2,0
U012683,62,0.341,Makkah,1,1,2.0,14.1,1,0,0,0
U012684,31,0.713,Riyadh,0,0,3.5,15.8,0,0,1,0
U012685,42,0.55,Hail,7,3,0.5,3.8,1,1,1,1
U012686,52,0.798,Riyadh,0,3,0.0,47.1,1,0,0,1
U012687,55,0.603,Tabuk,6,9,2.4,32.5,0,1,4,0
U012688,66,0.286,Tabuk,6,1,4.0,13.5,0,1,1,1
U012689,19,0.297,Riyadh,0,0,0.3,15.0,1,0,0,0
U012690,45,0.354,Eastern,4,1,0.9,17.7,1,1,2,0
U012691,61,0.401,Riyadh,0,5,0.6,14.1,0,1,1,1
U012692,58,0.669,Eastern,4,3,3.2,51.5,1,0,1,0
U012693,58,0.531,Makkah,1,3,2.3,42.8,1,0,0,1
U012694,23,0.207,Eastern,4,1,4.3,34.1,1,1,0,0
U012695,58,0.744,Makkah,1,2,1.5,11.3,1,0,2,1
U012696,52,0.441,Makkah,1,2,0.0,18.5,1,0,2,0
U012697,43,0.437,Eastern,4,3,0.5,55.6,1,0,0,1
U012698,43,0.613,Eastern,4,4,0.6,5.1,1,0,0,1
U012699,27,0.309,Qassim,3,0,1.1,20.2,1,0,0,0
U012700,67,0.449,Eastern,4,4,2.9,32.9,1,0,0,1
U012701,41,0.817,Eastern,4,4,0.7,20.3,1,1,1,1
U012702,52,0.089,Riyadh,0,1,1.3,6.4,0,1,0,0
U012703,43,0.272,Eastern,4,2,3.4,14.9,0,0,2,0
U012704,36,0.657,Al Jawf,12,3,0.6,29.8,0,0,1,1
U012705,48,0.647,Makkah,1,6,3.3,48.6,1,1,3,1
U012706,62,0.457,Makkah,1,1,5.7,26.0,0,1,1,0
U012707,47,0.209,Makkah,1,2,4.3,20.3,1,0,0,1
U012708,46,0.773,Eastern,4,7,0.7,21.2,1,1,3,1
U012709,41,0.299,Madinah,2,1,2.5,32.9,1,1,2,1
U012710,67,0.157,Tabuk,6,5,3.7,27.2,0,0,1,0
U012711,29,0.272,Qassim,3,6,2.1,6.0,0,1,0,0
U012712,65,0.147,Riyadh,0,0,1.9,43.8,1,0,1,1
U012713,57,0.28,Riyadh,0,2,2.3,19.6,0,0,0,0
U012714,44,0.188,Riyadh,0,5,1.0,37.6,1,0,0,1
U012715,49,0.498,Jazan,9,4,2.6,8.7,1,0,0,1
U012716,38,0.535,Makkah,1,6,3.3,5.0,1,0,0,1
U012717,48,0.4,Riyadh,0,1,0.5,46.6,1,1,2,1
U012718,62,0.268,Eastern,4,3,3.7,13.0,0,0,0,0
U012719,40,0.745,Tabuk,6,2,3.8,50.5,1,1,2,1
U012720,46,0.251,Makkah,1,4,1.3,7.4,0,0,1,0
U012721,26,0.417,Northern Borders,8,1,2.7,21.3,1,1,1,1
U012722,50,0.471,Makkah,1,5,1.5,35.0,1,1,1,1
U012723,27,0.404,Qassim,3,1,2.0,29.7,0,1,0,1
U012724,19,0.832,Riyadh,0,6,1.4,52.1,1,1,0,1
U012725,47,0.383,Riyadh,0,0,3.9,6.4,0,0,2,1
U012726,54,0.493,Makkah,1,5,3.8,3.9,0,1,1,1
U012727,50,0.698,Riyadh,0,1,2.2,2.1,1,0,0,0
U012728,60,0.273,Tabuk,6,1,4.6,4.7,0,0,0,0
U012729,39,0.859,Eastern,4,4,1.2,22.4,1,1,0,1
U012730,60,0.294,Riyadh,0,1,3.4,9.9,1,0,1,0
U012731,58,0.261,Makkah,1,0,3.4,42.6,1,0,0,0
U012732,38,0.165,Madinah,2,2,1.8,33.0,1,1,1,0
U012733,47,0.757,Riyadh,0,1,1.4,18.1,1,1,2,1
U012734,39,0.271,Eastern,4,4,2.1,13.2,1,0,0,0
U012735,69,0.505,Al Bahah,11,4,3.8,17.7,1,0,0,1
U012736,20,0.486,Makkah,1,1,0.5,7.8,1,0,0,0
U012737,37,0.452,Jazan,9,1,0.7,8.1,0,1,0,0
U012738,29,0.038,Riyadh,0,2,2.8,8.9,0,1,1,1
U012739,65,0.874,Riyadh,0,6,3.3,7.8,1,1,1,1
U012740,25,0.357,Makkah,1,3,3.8,10.9,1,0,0,1
U012741,67,0.241,Hail,7,2,1.8,47.6,1,0,0,1
U012742,49,0.187,Qassim,3,2,2.8,9.9,1,0,2,0
U012743,37,0.814,Makkah,1,2,2.3,12.3,1,1,0,1
U012744,24,0.372,Makkah,1,1,2.1,5.7,1,0,2,1
U012745,63,0.322,Makkah,1,1,0.9,17.5,1,0,0,0
U012746,19,0.746,Riyadh,0,3,1.8,25.8,1,1,0,1
U012747,39,0.493,Al Jawf,12,5,2.6,25.7,1,1,1,0
U012748,23,0.078,Riyadh,0,4,2.3,30.4,1,0,0,0
U012749,33,0.799,Asir,5,5,0.7,8.4,0,1,0,1
U012750,41,0.099,Riyadh,0,0,1.9,13.5,1,0,0,0
U012751,27,0.774,Makkah,1,6,0.9,31.4,1,1,2,1
U012752,23,0.676,Northern Borders,8,3,3.2,7.9,1,0,1,1
U012753,61,0.493,Eastern,4,2,1.7,5.4,1,1,1,1
U012754,50,0.879,Riyadh,0,1,0.6,19.8,0,0,0,0
U012755,18,0.642,Asir,5,6,3.2,1.6,1,1,1,1
U012756,39,0.692,Najran,10,6,2.2,5.9,0,0,0,1
U012757,41,0.668,Qassim,3,4,1.5,7.7,1,1,2,1
U012758,32,0.449,Makkah,1,1,3.2,12.0,1,0,1,1
U012759,35,0.298,Tabuk,6,3,3.1,29.5,1,0,0,0
U012760,33,0.7,Qassim,3,2,0.8,9.4,1,0,0,1
U012761,27,0.593,Eastern,4,2,4.8,23.6,1,1,0,0
U012762,33,0.363,Eastern,4,2,1.7,9.8,0,1,0,0
U012763,58,0.664,Madinah,2,2,0.0,35.4,1,0,1,0
U012764,29,0.787,Makkah,1,4,0.9,17.9,1,1,0,1
U012765,56,0.211,Eastern,4,1,2.0,30.1,1,0,0,0
U012766,69,0.571,Qassim,3,4,2.9,17.2,1,0,0,1
U012767,41,0.205,Riyadh,0,1,2.7,14.4,1,0,0,1
U012768,46,0.777,Makkah,1,5,2.4,27.2,1,1,3,1
U012769,27,0.469,Riyadh,0,2,0.1,7.7,1,0,1,0
U012770,69,0.314,Riyadh,0,4,2.2,13.8,0,0,1,1
U012771,22,0.497,Qassim,3,1,1.5,16.1,1,0,0,1
U012772,37,0.275,Makkah,1,1,1.5,13.5,1,0,0,0
U012773,35,0.265,Asir,5,0,3.7,22.6,1,0,1,1
U012774,61,0.839,Madinah,2,5,2.5,61.4,1,1,2,0
U012775,39,0.569,Jazan,9,4,1.3,19.5,1,0,0,0
U012776,58,0.492,Riyadh,0,3,1.3,45.8,1,1,1,0
U012777,35,0.692,Makkah,1,5,1.9,25.3,1,1,1,1
U012778,26,0.657,Al Bahah,11,2,1.9,20.1,1,0,1,1
U012779,69,0.521,Hail,7,3,0.7,4.5,0,0,1,0
U012780,66,0.578,Riyadh,0,3,2.1,18.5,1,1,2,1
U012781,64,0.479,Najran,10,3,3.9,20.0,0,1,2,1
U012782,46,0.406,Makkah,1,2,3.7,30.7,1,0,1,0
U012783,53,0.362,Eastern,4,3,0.5,21.4,1,0,1,0
U012784,31,0.153,Riyadh,0,2,2.4,8.1,1,0,0,0
U012785,54,0.37,Madinah,2,1,2.1,23.4,1,0,0,0
U012786,29,0.115,Madinah,2,1,4.5,15.4,1,0,0,0
U012787,59,0.714,Asir,5,3,2.0,44.7,1,0,0,1
U012788,45,0.49,Jazan,9,4,4.2,18.4,1,0,0,1
U012789,52,0.035,Asir,5,0,4.3,5.3,1,0,3,1
U012790,51,0.776,Hail,7,7,0.2,22.7,1,0,2,1
U012791,30,0.761,Qassim,3,4,2.5,27.6,1,1,0,0
U012792,54,0.409,Jazan,9,0,3.1,9.4,1,0,0,1
U012793,41,0.427,Makkah,1,3,1.0,20.8,1,1,1,0
U012794,67,0.098,Al Jawf,12,2,3.8,10.5,0,0,1,0
U012795,64,0.429,Tabuk,6,2,3.5,11.9,0,0,1,0
U012796,20,0.495,Riyadh,0,2,1.2,6.9,0,0,1,1
U012797,34,0.333,Northern Borders,8,2,4.1,8.8,1,0,0,1
U012798,35,0.68,Riyadh,0,3,1.5,97.1,1,0,0,0
U012799,58,0.674,Riyadh,0,4,1.4,10.3,0,1,5,1
U012800,64,0.336,Qassim,3,3,0.0,30.1,0,1,0,0
U012801,59,0.228,Makkah,1,2,1.4,30.8,1,0,1,0
U012802,56,0.323,Riyadh,0,1,1.5,8.4,0,0,0,0
U012803,21,0.433,Riyadh,0,1,3.0,52.9,1,0,1,1
U012804,62,0.446,Riyadh,0,1,1.6,10.9,1,1,2,0
U012805,51,0.549,Makkah,1,5,1.1,25.5,1,1,2,1
U012806,43,0.65,Eastern,4,6,1.1,5.7,0,1,1,0
U012807,56,0.158,Makkah,1,1,3.9,19.9,1,0,0,0
U012808,38,0.644,Asir,5,3,1.6,24.5,1,0,0,0
U012809,49,0.721,Riyadh,0,4,3.9,16.5,1,1,5,1
U012810,63,0.789,Eastern,4,4,1.3,37.6,1,1,0,0
U012811,27,0.426,Makkah,1,3,2.6,15.5,1,1,0,0
U012812,50,0.67,Riyadh,0,1,1.6,15.4,1,1,1,0
U012813,54,0.719,Riyadh,0,1,1.4,57.8,1,1,0,0
U012814,34,0.694,Jazan,9,1,2.4,60.7,1,1,1,0
U012815,51,0.281,Makkah,1,2,1.3,3.7,1,1,2,1
U012816,44,0.719,Asir,5,6,1.6,5.4,1,1,0,1
U012817,65,0.698,Makkah,1,10,1.9,19.6,1,1,2,0
U012818,55,0.519,Eastern,4,3,1.7,23.2,1,0,0,1
U012819,57,0.548,Riyadh,0,1,1.8,18.7,1,0,0,1
U012820,37,0.149,Riyadh,0,1,1.8,45.4,1,0,0,0
U012821,47,0.744,Makkah,1,6,1.3,21.5,1,1,2,1
U012822,39,0.091,Riyadh,0,4,3.5,14.6,1,0,0,0
U012823,54,0.808,Makkah,1,4,0.0,53.1,1,1,0,1
U012824,58,0.317,Makkah,1,5,2.8,67.5,1,0,0,1
U012825,20,0.835,Riyadh,0,7,1.4,62.1,1,1,1,1
U012826,62,0.448,Eastern,4,4,1.2,18.1,1,1,1,0
U012827,55,0.264,Jazan,9,3,3.8,30.1,0,0,0,1
U012828,48,0.725,Riyadh,0,5,2.2,48.9,1,1,1,1
U012829,40,0.351,Riyadh,0,1,3.0,45.7,1,0,1,1
U012830,44,0.779,Makkah,1,5,2.2,34.1,1,0,1,1
U012831,52,0.658,Qassim,3,4,0.6,53.0,1,1,0,1
U012832,25,0.209,Al Bahah,11,2,2.7,30.3,1,0,0,0
U012833,29,0.85,Riyadh,0,4,0.0,22.0,0,1,0,1
U012834,51,0.234,Eastern,4,0,3.9,34.0,0,0,2,1
U012835,52,0.322,Makkah,1,1,1.0,18.7,1,1,1,1
U012836,45,0.406,Al Jawf,12,3,2.3,37.2,0,1,2,0
U012837,42,0.568,Tabuk,6,2,2.7,18.4,1,0,1,1
U012838,63,0.694,Riyadh,0,5,0.4,10.3,1,1,0,0
U012839,58,0.833,Riyadh,0,0,4.2,42.5,1,0,1,1
U012840,65,0.156,Makkah,1,2,2.1,17.2,0,0,0,0
U012841,27,0.809,Makkah,1,6,0.4,7.2,1,0,0,0
U012842,22,0.455,Tabuk,6,1,3.5,10.6,1,1,1,1
U012843,38,0.62,Northern Borders,8,6,1.8,3.8,1,1,2,1
U012844,29,0.723,Makkah,1,4,0.0,40.5,1,1,0,1
U012845,27,0.363,Riyadh,0,2,3.8,5.3,1,0,0,1
U012846,22,0.565,Hail,7,2,2.8,2.6,1,0,0,1
U012847,24,0.284,Makkah,1,2,4.8,53.1,1,0,0,0
U012848,68,0.026,Tabuk,6,3,1.1,9.1,0,0,0,1
U012849,37,0.672,Makkah,1,6,1.0,4.2,1,1,3,0
U012850,37,0.433,Makkah,1,4,2.2,7.2,1,1,3,1
U012851,44,0.931,Riyadh,0,1,0.5,62.9,1,1,1,1
U012852,49,0.293,Jazan,9,2,3.5,13.2,0,0,1,0
U012853,32,0.21,Riyadh,0,1,4.6,10.9,0,0,1,1
U012854,69,0.773,Makkah,1,6,0.0,13.0,1,1,1,1
U012855,40,0.761,Makkah,1,3,0.7,26.8,1,0,1,1
U012856,40,0.111,Makkah,1,3,1.8,16.9,1,0,0,0
U012857,22,0.269,Asir,5,3,1.7,37.4,1,0,0,1
U012858,21,0.189,Hail,7,2,5.4,21.4,1,0,1,1
U012859,51,0.836,Madinah,2,1,1.1,16.2,1,1,0,0
U012860,65,0.306,Najran,10,3,2.0,43.3,1,0,0,0
U012861,56,0.159,Eastern,4,0,1.6,11.2,1,0,1,1
U012862,39,0.899,Riyadh,0,5,0.0,17.2,1,1,0,1
U012863,57,0.271,Makkah,1,4,4.3,60.1,1,1,2,1
U012864,54,0.188,Riyadh,0,2,3.9,54.1,0,0,0,1
U012865,38,0.713,Makkah,1,2,1.2,28.9,1,1,1,1
U012866,55,0.808,Eastern,4,1,0.9,6.0,0,0,0,0
U012867,41,0.169,Al Bahah,11,3,2.0,42.1,1,0,0,0
U012868,67,0.757,Riyadh,0,3,2.3,29.1,1,1,1,1
U012869,49,0.826,Riyadh,0,0,1.9,3.5,1,0,0,0
U012870,45,0.49,Makkah,1,0,1.9,27.6,0,0,2,0
U012871,67,0.869,Makkah,1,2,0.7,46.8,1,1,1,1
U012872,32,0.836,Eastern,4,4,2.3,7.7,1,1,1,1
U012873,20,0.488,Makkah,1,4,1.2,7.6,1,0,0,1
U012874,41,0.415,Makkah,1,3,1.1,23.3,0,1,2,0
U012875,25,0.572,Madinah,2,3,3.3,22.0,1,1,3,1
U012876,29,0.604,Riyadh,0,1,0.9,15.0,1,1,0,0
U012877,56,0.924,Makkah,1,2,1.1,15.2,1,0,0,1
U012878,59,0.295,Asir,5,3,0.4,33.9,0,0,0,0
U012879,36,0.67,Riyadh,0,1,1.0,9.1,1,1,0,1
U012880,21,0.249,Al Jawf,12,2,1.4,12.9,1,0,0,0
U012881,40,0.582,Eastern,4,2,3.6,35.2,1,1,3,1
U012882,34,0.774,Riyadh,0,5,3.3,11.3,1,0,0,1
U012883,20,0.65,Jazan,9,2,0.0,25.0,1,0,1,0
U012884,45,0.511,Riyadh,0,1,0.0,26.5,1,0,1,1
U012885,31,0.39,Riyadh,0,2,3.0,6.5,1,1,3,0
U012886,38,0.234,Riyadh,0,3,1.7,18.3,1,0,1,0
U012887,41,0.328,Eastern,4,1,0.5,54.7,1,0,0,1
U012888,29,0.272,Riyadh,0,2,2.0,22.7,1,1,3,1
U012889,18,0.497,Riyadh,0,5,1.1,33.0,1,1,0,1
U012890,31,0.527,Madinah,2,4,2.0,66.5,1,1,2,1
U012891,47,0.787,Makkah,1,5,1.6,29.9,1,0,1,1
U012892,61,0.712,Qassim,3,7,2.4,13.2,1,1,0,1
U012893,23,0.522,Makkah,1,7,4.8,39.1,0,1,0,1
U012894,44,0.405,Hail,7,6,2.8,30.4,0,1,0,1
U012895,18,0.912,Eastern,4,5,0.0,38.4,1,1,1,1
U012896,28,0.409,Eastern,4,2,1.6,11.6,0,0,0,1
U012897,32,0.613,Northern Borders,8,6,1.6,29.4,1,0,0,1
U012898,18,0.604,Tabuk,6,2,1.4,21.0,1,1,0,0
U012899,32,0.439,Riyadh,0,4,2.6,56.5,0,0,1,1
U012900,52,0.69,Riyadh,0,2,1.1,24.3,1,1,2,1
U012901,39,0.869,Tabuk,6,4,2.7,27.6,1,1,2,1
U012902,45,0.507,Makkah,1,3,3.6,13.4,1,1,1,0
U012903,55,0.712,Riyadh,0,4,1.8,15.9,1,0,0,1
U012904,53,0.488,Makkah,1,1,3.9,26.2,1,0,0,1
U012905,37,0.062,Asir,5,0,2.1,23.3,0,0,0,0
U012906,51,0.324,Hail,7,2,2.0,20.7,1,0,1,0
U012907,50,0.709,Riyadh,0,1,1.7,6.0,1,1,0,1
U012908,60,0.334,Makkah,1,1,1.6,5.7,1,0,1,0
U012909,39,0.659,Makkah,1,3,1.3,38.0,1,1,1,1
U012910,37,0.741,Madinah,2,3,1.0,37.5,1,1,2,1
U012911,59,0.784,Northern Borders,8,3,0.9,9.8,1,0,0,1
U012912,51,0.312,Riyadh,0,3,1.9,41.5,1,0,1,1
U012913,45,0.238,Makkah,1,3,3.1,2.3,0,1,3,0
U012914,34,0.31,Asir,5,4,0.4,35.0,0,0,0,0
U012915,44,0.495,Riyadh,0,2,2.4,5.2,1,1,1,1
U012916,19,0.48,Makkah,1,2,3.0,43.3,1,0,0,0
U012917,45,0.452,Asir,5,1,2.4,33.8,1,0,0,0
U012918,53,0.7,Riyadh,0,5,1.8,34.4,1,1,0,1
U012919,67,0.685,Riyadh,0,3,1.5,79.1,1,1,1,1
U012920,30,0.742,Qassim,3,7,2.4,14.2,1,1,0,1
U012921,18,0.393,Asir,5,3,3.6,7.0,1,1,2,0
U012922,44,0.475,Makkah,1,2,1.7,47.8,1,0,0,0
U012923,58,0.565,Makkah,1,6,1.3,39.6,1,1,1,1
U012924,52,0.218,Jazan,9,2,2.4,18.5,1,0,3,0
U012925,31,0.39,Riyadh,0,7,1.8,26.1,1,1,2,1
U012926,34,0.612,Madinah,2,1,3.6,6.6,1,0,2,1
U012927,19,0.427,Riyadh,0,0,2.6,33.5,1,0,0,1
U012928,50,0.16,Riyadh,0,4,3.2,5.6,0,1,1,0
U012929,40,0.217,Eastern,4,2,5.4,14.4,0,1,2,0
U012930,51,0.472,Qassim,3,3,1.5,41.9,1,1,0,1
U012931,40,0.295,Riyadh,0,4,2.9,11.9,1,0,0,0
U012932,57,0.433,Makkah,1,0,1.4,14.3,0,1,2,1
U012933,20,0.218,Makkah,1,2,3.1,41.7,1,0,0,0
U012934,19,0.408,Eastern,4,3,1.6,16.0,1,0,0,1
U012935,44,0.731,Eastern,4,4,3.9,51.6,1,0,0,1
U012936,20,0.907,Jazan,9,5,0.0,45.9,0,1,2,1
U012937,55,0.655,Eastern,4,9,2.8,21.0,1,0,2,1
U012938,41,0.303,Eastern,4,0,0.8,14.1,1,0,1,1
U012939,19,0.406,Eastern,4,2,2.8,15.7,1,1,0,0
U012940,20,0.416,Makkah,1,6,0.9,50.4,1,1,1,1
U012941,37,0.186,Riyadh,0,2,2.5,20.1,1,0,0,0
U012942,66,0.676,Madinah,2,5,1.9,58.9,1,1,1,1
U012943,44,0.929,Qassim,3,3,1.3,25.1,1,0,2,0
U012944,64,0.206,Makkah,1,0,2.7,7.1,1,0,1,1
U012945,62,0.676,Najran,10,6,2.8,37.6,1,1,1,1
U012946,47,0.399,Asir,5,3,2.2,48.3,0,0,0,1
U012947,52,0.616,Riyadh,0,4,1.5,43.7,0,0,1,1
U012948,69,0.515,Makkah,1,3,1.6,8.1,1,0,1,1
U012949,32,0.636,Hail,7,5,2.1,20.3,1,1,1,1
U012950,39,0.608,Hail,7,3,2.2,49.0,1,0,0,0
U012951,63,0.642,Riyadh,0,4,2.3,53.5,1,0,0,0
U012952,27,0.468,Madinah,2,6,1.3,20.6,0,0,0,0
U012953,46,0.235,Jazan,9,1,4.4,16.7,1,1,2,1
U012954,69,0.686,Tabuk,6,6,1.6,9.0,1,1,0,0
U012955,55,0.726,Makkah,1,9,1.7,8.7,0,0,0,1
U012956,21,0.573,Riyadh,0,5,2.6,17.8,1,1,1,0
U012957,63,0.553,Riyadh,0,2,3.2,22.3,1,0,0,0
U012958,18,0.225,Makkah,1,1,1.7,37.9,1,0,1,1
U012959,29,0.173,Madinah,2,5,0.4,17.0,1,0,0,0
U012960,29,0.59,Eastern,4,2,1.5,33.6,1,1,0,0
U012961,30,0.368,Eastern,4,1,1.6,14.0,1,0,1,0
U012962,47,0.62,Riyadh,0,0,2.1,5.3,0,0,0,1
U012963,39,0.49,Asir,5,3,0.9,25.9,1,1,0,1
U012964,45,0.237,Riyadh,0,2,0.5,9.9,0,0,0,0
U012965,45,0.512,Eastern,4,2,4.2,46.4,1,1,1,1
U012966,66,0.625,Riyadh,0,3,2.4,37.5,1,1,0,1
U012967,28,0.184,Riyadh,0,1,1.8,16.7,1,0,2,1
U012968,45,0.453,Northern Borders,8,1,2.1,27.6,1,0,0,1
U012969,30,0.232,Hail,7,1,2.8,4.5,1,0,0,1
U012970,39,0.565,Qassim,3,1,2.4,9.4,0,0,2,0
U012971,23,0.162,Northern Borders,8,3,1.8,5.0,1,0,1,1
U012972,57,0.308,Eastern,4,6,1.2,14.5,0,0,2,0
U012973,34,0.586,Makkah,1,3,1.5,4.9,0,1,1,1
U012974,50,0.727,Riyadh,0,4,2.7,15.2,0,0,0,1
U012975,29,0.45,Riyadh,0,1,3.3,36.2,1,0,1,1
U012976,26,0.734,Makkah,1,4,1.1,15.0,1,1,1,0
U012977,57,0.535,Eastern,4,3,1.7,27.6,1,1,0,0
U012978,62,0.342,Makkah,1,0,3.5,16.3,1,1,2,0
U012979,60,0.778,Riyadh,0,7,2.0,3.7,0,1,3,1
U012980,30,0.302,Makkah,1,1,3.7,38.5,1,0,0,0
U012981,69,0.651,Makkah,1,5,1.5,17.7,1,1,2,1
U012982,18,0.741,Makkah,1,3,0.1,22.7,1,0,1,0
U012983,24,0.55,Riyadh,0,3,2.2,18.5,1,0,0,1
U012984,45,0.505,Eastern,4,5,0.0,17.0,1,0,0,1
U012985,48,0.761,Makkah,1,2,0.8,22.5,1,1,0,1
U012986,59,0.56,Riyadh,0,0,3.7,14.4,1,0,0,1
U012987,56,0.761,Eastern,4,4,0.0,10.5,1,1,1,0
U012988,47,0.27,Eastern,4,2,3.9,2.4,1,0,0,1
U012989,63,0.85,Riyadh,0,2,0.0,10.8,0,1,1,1
U012990,24,0.188,Eastern,4,2,3.8,15.2,1,1,1,0
U012991,41,0.95,Jazan,9,3,0.0,40.9,1,1,3,1
U012992,20,0.651,Riyadh,0,4,2.3,22.2,1,1,0,1
U012993,58,0.611,Asir,5,8,0.5,23.3,1,1,2,1
U012994,64,0.449,Riyadh,0,2,2.4,57.2,1,1,2,1
U012995,52,0.373,Riyadh,0,3,2.8,22.1,1,1,1,0
U012996,25,0.132,Northern Borders,8,1,2.0,17.9,1,0,0,1
U012997,39,0.915,Northern Borders,8,4,0.1,39.9,1,1,0,1
U012998,69,0.533,Riyadh,0,5,2.6,15.6,0,0,0,0
U012999,53,0.485,Eastern,4,2,1.9,29.1,1,1,1,1
U013000,39,0.441,Madinah,2,6,3.2,14.8,1,1,1,0
U013001,18,0.516,Eastern,4,2,0.9,41.3,0,0,3,1
U013002,52,0.717,Eastern,4,4,2.4,8.3,1,1,1,1
U013003,23,0.292,Riyadh,0,2,1.4,47.8,1,1,1,1
U013004,64,0.156,Riyadh,0,3,5.5,14.5,1,0,2,0
U013005,66,0.384,Riyadh,0,3,1.6,15.5,1,0,2,0
U013006,60,0.495,Makkah,1,4,0.0,45.5,1,0,1,1
U013007,32,0.115,Jazan,9,1,3.1,26.2,1,0,0,1
U013008,23,0.534,Riyadh,0,4,3.5,19.4,1,0,0,1
U013009,50,0.129,Eastern,4,4,3.1,3.3,1,0,0,1
U013010,19,0.237,Makkah,1,1,2.0,14.2,1,1,1,0
U013011,43,0.449,Makkah,1,6,2.6,16.0,1,1,2,1
U013012,18,0.87,Makkah,1,2,1.1,8.0,1,1,2,1
U013013,47,0.117,Eastern,4,1,1.2,31.3,1,0,1,1
U013014,41,0.532,Makkah,1,5,0.7,33.8,1,1,2,1
U013015,57,0.57,Riyadh,0,4,1.7,70.6,1,1,0,1
U013016,43,0.557,Riyadh,0,2,0.9,45.8,1,0,0,1
U013017,65,0.332,Tabuk,6,3,1.0,23.3,1,1,1,1
U013018,60,0.548,Makkah,1,3,1.4,42.4,1,0,0,1
U013019,24,0.398,Eastern,4,1,1.5,27.9,1,0,1,1
U013020,19,0.904,Riyadh,0,4,1.1,7.4,1,0,0,0
U013021,65,0.302,Riyadh,0,1,0.6,40.4,0,0,0,1
U013022,61,0.533,Makkah,1,0,1.5,18.7,1,0,1,1
U013023,28,0.63,Makkah,1,2,1.1,8.8,1,1,3,1
U013024,65,0.42,Hail,7,4,0.5,41.5,1,0,0,1
U013025,40,0.236,Eastern,4,2,2.8,46.5,0,0,1,0
U013026,44,0.76,Al Jawf,12,2,0.3,12.3,1,0,1,0
U013027,22,0.307,Makkah,1,3,1.6,9.0,1,1,0,1
U013028,64,0.229,Qassim,3,1,3.8,18.9,0,1,0,0
U013029,59,0.653,Makkah,1,7,0.5,23.9,1,0,1,1
U013030,49,0.628,Riyadh,0,5,2.9,66.6,1,1,0,1
U013031,35,0.786,Makkah,1,1,0.2,35.6,1,0,0,0
U013032,38,0.904,Northern Borders,8,3,1.1,17.3,1,0,2,1
U013033,60,0.128,Eastern,4,0,1.2,35.1,1,0,0,1
U013034,37,0.862,Makkah,1,5,0.0,57.9,1,1,0,1
U013035,44,0.098,Riyadh,0,0,2.4,7.1,1,0,0,1
U013036,52,0.66,Hail,7,4,2.5,21.5,1,1,2,1
U013037,47,0.061,Riyadh,0,2,3.7,20.1,1,0,0,0
U013038,32,0.88,Makkah,1,1,0.0,12.6,1,1,0,1
U013039,24,0.36,Makkah,1,3,2.5,27.7,1,0,0,1
U013040,31,0.902,Makkah,1,3,1.1,19.6,1,1,0,1
U013041,19,0.174,Eastern,4,2,2.5,76.6,1,0,0,1
U013042,64,0.805,Riyadh,0,1,1.4,11.9,1,1,0,0
U013043,39,0.736,Eastern,4,6,1.0,25.1,1,1,3,1
U013044,50,0.819,Makkah,1,3,0.0,31.5,1,1,1,1
U013045,60,0.284,Makkah,1,3,2.9,10.3,1,0,1,0
U013046,38,0.17,Makkah,1,1,4.2,8.5,1,0,0,0
U013047,57,0.333,Madinah,2,1,1.6,17.5,0,1,3,1
U013048,56,0.586,Riyadh,0,4,1.9,21.7,1,1,2,0
U013049,40,0.265,Riyadh,0,1,2.2,13.5,0,0,0,0
U013050,51,0.251,Riyadh,0,3,2.6,14.0,1,0,0,1
U013051,36,0.737,Qassim,3,6,1.3,6.9,0,0,1,1
U013052,59,0.225,Asir,5,0,1.1,12.4,1,0,0,0
U013053,25,0.532,Jazan,9,0,4.7,4.3,1,0,0,0
U013054,43,0.664,Northern Borders,8,5,2.7,36.2,1,1,1,1
U013055,22,0.155,Riyadh,0,2,2.7,10.1,1,0,2,1
U013056,28,0.841,Tabuk,6,2,0.6,28.9,1,1,1,1
U013057,30,0.164,Northern Borders,8,2,2.8,10.5,0,0,0,0
U013058,49,0.904,Riyadh,0,1,1.4,16.2,1,1,1,0
U013059,39,0.658,Hail,7,1,0.9,12.6,0,1,1,0
U013060,46,0.585,Jazan,9,3,1.9,7.6,1,0,0,1
U013061,54,0.308,Eastern,4,2,0.8,10.5,1,0,0,0
U013062,19,0.123,Riyadh,0,2,1.9,27.4,1,0,2,1
U013063,61,0.759,Madinah,2,8,4.4,30.0,1,1,0,1
U013064,59,0.569,Riyadh,0,3,1.3,17.2,1,0,0,1
U013065,54,0.681,Makkah,1,2,0.3,9.2,1,1,0,1
U013066,66,0.069,Asir,5,0,2.5,10.8,0,1,4,0
U013067,20,0.356,Hail,7,4,2.0,15.6,1,0,0,0
U013068,42,0.233,Al Jawf,12,3,2.6,21.2,1,0,1,1
U013069,20,0.151,Riyadh,0,1,4.2,39.4,1,0,1,0
U013070,55,0.638,Riyadh,0,6,1.9,14.8,0,1,3,1
U013071,46,0.324,Madinah,2,1,4.0,17.5,1,1,0,1
U013072,55,0.334,Northern Borders,8,2,1.6,22.1,1,0,1,1
U013073,18,0.705,Najran,10,1,1.7,43.9,1,1,0,1
U013074,44,0.204,Makkah,1,3,4.0,4.9,1,0,0,1
U013075,27,0.256,Riyadh,0,1,4.1,14.1,1,0,0,1
U013076,60,0.393,Eastern,4,5,4.2,11.9,0,1,0,0
U013077,50,0.526,Eastern,4,2,3.2,21.1,0,0,2,1
U013078,43,0.807,Makkah,1,1,1.9,38.4,1,0,1,0
U013079,31,0.359,Madinah,2,2,2.8,11.3,1,0,0,1
U013080,33,0.465,Riyadh,0,3,3.9,21.0,1,1,0,1
U013081,69,0.821,Riyadh,0,5,1.4,34.3,1,0,0,1
U013082,23,0.217,Najran,10,3,2.7,43.1,1,0,2,1
U013083,48,0.676,Riyadh,0,1,1.7,54.2,1,1,0,0
U013084,26,0.559,Madinah,2,5,2.8,8.6,1,1,0,0
U013085,30,0.547,Al Jawf,12,2,1.9,31.2,1,1,2,0
U013086,36,0.714,Najran,10,5,1.1,9.2,1,1,0,1
U013087,32,0.811,Riyadh,0,5,1.8,60.4,1,0,1,1
U013088,33,0.458,Hail,7,2,4.8,26.5,0,0,0,0
U013089,61,0.683,Northern Borders,8,4,1.6,19.7,1,0,0,1
U013090,32,0.831,Makkah,1,8,0.0,24.5,1,1,2,1
U013091,34,0.63,Riyadh,0,3,2.5,12.1,1,1,0,0
U013092,27,0.094,Makkah,1,1,4.0,30.7,0,0,0,0
U013093,33,0.171,Makkah,1,2,1.9,10.5,1,0,1,0
U013094,42,0.38,Eastern,4,6,3.2,20.3,1,1,1,1
U013095,37,0.633,Makkah,1,1,1.7,22.9,1,0,1,0
U013096,62,0.599,Riyadh,0,4,2.1,68.0,1,1,1,1
U013097,41,0.446,Eastern,4,0,3.1,87.9,1,0,0,1
U013098,58,0.368,Najran,10,2,3.8,5.0,1,0,0,0
U013099,65,0.184,Makkah,1,2,1.9,9.2,1,1,2,1
U013100,21,0.782,Eastern,4,4,2.1,8.3,1,1,3,1
U013101,31,0.507,Asir,5,4,3.4,46.2,0,1,0,1
U013102,59,0.57,Makkah,1,2,1.3,25.9,0,0,2,1
U013103,34,0.849,Riyadh,0,6,0.5,42.1,1,1,1,0
U013104,42,0.306,Makkah,1,3,5.1,12.9,0,0,0,1
U013105,31,0.279,Riyadh,0,4,1.1,27.9,0,0,0,1
U013106,27,0.846,Najran,10,5,3.2,7.8,1,1,1,1
U013107,28,0.399,Makkah,1,4,1.6,44.2,1,0,0,0
U013108,18,0.43,Makkah,1,0,2.0,18.4,1,1,2,1
U013109,35,0.067,Qassim,3,1,1.6,5.8,1,0,0,0
U013110,19,0.8,Makkah,1,4,0.4,27.4,0,1,1,1
U013111,37,0.413,Riyadh,0,4,2.7,16.7,1,0,1,1
U013112,28,0.665,Hail,7,3,3.0,7.5,1,1,0,1
U013113,28,0.803,Makkah,1,3,0.0,30.1,1,0,1,1
U013114,63,0.445,Asir,5,2,3.3,23.3,1,0,0,0
U013115,48,0.819,Riyadh,0,2,3.5,0.9,0,0,0,1
U013116,44,0.194,Najran,10,2,2.5,32.6,1,1,0,0
U013117,43,0.312,Riyadh,0,1,2.2,49.2,1,0,0,0
U013118,64,0.826,Riyadh,0,2,0.2,14.9,0,0,1,0
U013119,29,0.133,Riyadh,0,4,2.8,51.1,0,1,0,1
U013120,25,0.775,Makkah,1,3,2.5,14.1,0,1,1,0
U013121,64,0.625,Eastern,4,2,0.3,40.7,1,1,1,1
U013122,20,0.303,Qassim,3,7,1.6,30.1,1,1,2,1
U013123,25,0.36,Madinah,2,1,3.6,39.4,1,0,0,0
U013124,19,0.792,Makkah,1,1,0.0,5.4,1,1,0,1
U013125,42,0.475,Eastern,4,4,2.6,80.1,1,1,1,0
U013126,49,0.634,Asir,5,3,0.0,7.6,1,0,1,0
U013127,30,0.482,Makkah,1,3,3.3,65.2,1,1,1,0
U013128,39,0.263,Madinah,2,3,2.3,36.5,1,0,1,0
U013129,65,0.637,Makkah,1,0,1.9,15.3,1,0,0,1
U013130,53,0.667,Riyadh,0,3,2.4,35.0,1,1,1,1
U013131,47,0.498,Jazan,9,3,1.8,7.2,1,0,0,1
U013132,69,0.843,Eastern,4,6,0.9,22.9,0,1,0,1
U013133,63,0.595,Riyadh,0,4,0.4,15.5,1,0,2,0
U013134,43,0.415,Makkah,1,2,1.6,14.1,1,0,2,1
U013135,33,0.504,Tabuk,6,2,2.0,37.4,1,0,0,1
U013136,24,0.739,Eastern,4,5,1.9,20.7,1,0,0,1
U013137,28,0.85,Al Jawf,12,6,0.5,5.1,0,1,1,1
U013138,39,0.126,Qassim,3,6,6.4,28.6,1,1,2,1
U013139,59,0.717,Eastern,4,3,3.3,16.1,1,0,2,1
U013140,37,0.884,Eastern,4,2,2.4,23.9,1,1,0,1
U013141,21,0.717,Eastern,4,2,2.4,30.8,1,0,0,1
U013142,27,0.647,Makkah,1,1,1.2,33.8,1,1,0,0
U013143,50,0.64,Riyadh,0,4,0.3,29.1,1,1,2,1
U013144,18,0.861,Qassim,3,3,0.0,50.4,1,1,2,1
U013145,57,0.258,Al Bahah,11,3,0.9,2.9,1,0,0,1
U013146,64,0.825,Eastern,4,2,2.7,14.9,1,0,1,0
U013147,46,0.326,Madinah,2,1,2.5,25.2,1,0,0,0
U013148,31,0.443,Riyadh,0,3,3.0,3.3,0,0,0,0
U013149,32,0.486,Najran,10,4,2.0,10.7,1,1,3,1
U013150,43,0.43,Makkah,1,2,2.4,4.7,1,1,1,0
U013151,20,0.274,Riyadh,0,1,4.5,35.1,1,0,0,0
U013152,19,0.819,Riyadh,0,3,0.0,18.9,0,1,0,1
U013153,28,0.671,Makkah,1,4,1.1,18.0,1,0,0,1
U013154,45,0.514,Riyadh,0,4,1.0,18.7,1,0,1,1
U013155,42,0.9,Eastern,4,2,2.7,5.8,1,1,2,1
U013156,37,0.902,Eastern,4,0,0.0,55.3,1,1,0,1
U013157,49,0.397,Riyadh,0,1,2.5,4.1,0,1,1,0
U013158,66,0.503,Eastern,4,6,0.8,56.4,1,0,1,1
U013159,54,0.469,Makkah,1,4,3.3,10.7,1,0,2,1
U013160,31,0.724,Al Bahah,11,1,2.9,13.3,1,0,0,1
U013161,27,0.577,Eastern,4,1,0.0,33.8,1,0,0,1
U013162,65,0.706,Makkah,1,2,2.2,43.1,1,0,0,1
U013163,36,0.629,Eastern,4,5,0.9,18.4,1,1,0,1
U013164,69,0.299,Makkah,1,3,2.7,26.2,0,0,1,0
U013165,54,0.682,Jazan,9,2,1.4,25.1,1,1,0,0
U013166,53,0.6,Qassim,3,3,0.4,33.4,0,0,0,0
U013167,46,0.264,Asir,5,3,1.1,8.1,1,1,0,0
U013168,59,0.505,Madinah,2,5,1.3,43.7,1,1,3,1
U013169,43,0.286,Makkah,1,1,1.9,3.7,0,0,1,1
U013170,50,0.76,Eastern,4,7,2.0,37.4,1,0,0,1
U013171,53,0.369,Eastern,4,6,2.4,17.2,1,0,0,1
U013172,42,0.321,Tabuk,6,2,0.9,15.3,0,1,0,1
U013173,21,0.393,Hail,7,3,3.0,14.8,1,0,0,1
U013174,56,0.932,Al Bahah,11,1,0.4,6.5,1,1,0,1
U013175,69,0.233,Qassim,3,2,3.8,22.1,1,0,1,1
U013176,35,0.717,Madinah,2,3,1.9,74.7,1,1,2,1
U013177,55,0.662,Qassim,3,2,1.3,28.3,0,1,1,1
U013178,34,0.433,Makkah,1,3,1.5,36.5,1,0,1,0
U013179,56,0.748,Jazan,9,0,0.5,17.2,1,0,0,0
U013180,18,0.41,Makkah,1,4,1.3,21.2,1,0,1,0
U013181,60,0.828,Riyadh,0,7,2.9,14.5,1,1,0,1
U013182,65,0.381,Riyadh,0,4,2.6,25.9,0,1,2,1
U013183,49,0.697,Riyadh,0,2,0.0,5.3,1,1,0,1
U013184,22,0.255,Makkah,1,1,2.2,1.1,0,0,2,0
U013185,47,0.342,Madinah,2,7,2.1,15.0,1,1,1,1
U013186,65,0.197,Qassim,3,3,2.6,17.5,1,1,2,0
U013187,26,0.855,Jazan,9,2,0.4,4.4,1,1,2,1
U013188,24,0.707,Jazan,9,2,2.6,66.0,1,1,2,1
U013189,29,0.56,Riyadh,0,5,3.7,26.1,1,1,1,1
U013190,65,0.884,Makkah,1,6,2.2,25.1,0,1,1,0
U013191,60,0.168,Eastern,4,0,0.8,30.3,1,0,1,0
U013192,54,0.484,Asir,5,4,1.3,44.9,1,0,0,1
U013193,64,0.554,Tabuk,6,5,3.8,22.6,1,0,0,0
U013194,24,0.559,Eastern,4,2,0.5,18.0,1,1,1,1
U013195,31,0.614,Eastern,4,3,3.0,45.5,1,0,0,1
U013196,26,0.656,Riyadh,0,1,1.0,10.7,1,1,0,1
U013197,37,0.609,Jazan,9,4,2.8,23.7,1,1,2,1
U013198,48,0.433,Tabuk,6,2,2.0,10.1,1,1,2,1
U013199,66,0.661,Najran,10,4,1.2,8.4,0,1,4,1
U013200,37,0.376,Madinah,2,1,0.0,21.6,1,1,3,0
U013201,27,0.896,Makkah,1,3,1.5,37.5,1,1,1,1
U013202,18,0.296,Makkah,1,1,4.0,26.1,1,0,1,1
U013203,50,0.711,Riyadh,0,4,0.5,26.5,0,0,0,1
U013204,35,0.147,Tabuk,6,2,2.9,19.7,1,0,1,1
U013205,65,0.863,Hail,7,6,2.0,5.9,0,1,2,1
U013206,31,0.688,Makkah,1,5,1.7,22.6,1,1,1,1
U013207,68,0.467,Eastern,4,6,2.9,9.0,1,1,0,1
U013208,23,0.423,Eastern,4,3,1.0,12.0,1,1,1,0
U013209,25,0.361,Riyadh,0,2,2.7,61.7,1,1,0,1
U013210,51,0.76,Tabuk,6,7,0.1,17.0,1,1,1,1
U013211,49,0.486,Jazan,9,1,2.8,22.1,1,1,0,1
U013212,19,0.542,Al Bahah,11,2,2.9,10.7,1,0,1,0
U013213,19,0.401,Eastern,4,1,0.8,6.3,1,0,0,1
U013214,68,0.518,Najran,10,3,0.8,60.9,1,1,1,0
U013215,20,0.477,Eastern,4,2,1.7,27.2,1,0,0,0
U013216,18,0.776,Eastern,4,4,2.2,14.3,1,0,0,1
U013217,57,0.56,Makkah,1,1,1.4,11.5,0,0,1,1
U013218,19,0.667,Riyadh,0,4,2.7,1.1,1,1,0,1
U013219,22,0.467,Riyadh,0,3,1.4,8.2,1,1,1,1
U013220,55,0.858,Riyadh,0,3,1.0,24.5,1,0,0,1
U013221,59,0.615,Eastern,4,0,1.9,25.5,1,0,1,1
U013222,38,0.718,Eastern,4,2,1.9,13.4,1,1,2,1
U013223,50,0.378,Makkah,1,3,1.7,20.6,1,0,2,1
U013224,56,0.572,Riyadh,0,3,2.0,9.9,1,1,1,0
U013225,23,0.731,Al Jawf,12,2,1.1,5.7,1,0,0,1
U013226,51,0.799,Makkah,1,4,1.9,50.7,1,1,0,1
U013227,52,0.426,Riyadh,0,1,1.8,40.7,1,0,1,0
U013228,46,0.648,Riyadh,0,4,0.3,31.6,1,1,1,1
U013229,41,0.438,Jazan,9,2,2.1,34.6,1,1,4,1
U013230,36,0.627,Makkah,1,2,4.5,18.5,0,0,0,1
U013231,46,0.271,Makkah,1,3,1.4,10.6,1,1,1,0
U013232,25,0.506,Tabuk,6,3,2.5,41.4,1,1,3,1
U013233,39,0.471,Madinah,2,1,2.3,22.8,1,1,1,0
U013234,37,0.302,Al Bahah,11,1,1.1,10.2,1,0,0,1
U013235,27,0.392,Riyadh,0,4,2.6,21.1,1,1,0,1
U013236,58,0.362,Madinah,2,3,2.9,26.1,1,1,1,0
U013237,46,0.516,Jazan,9,3,0.8,13.7,1,1,1,1
U013238,32,0.309,Riyadh,0,1,3.6,55.3,1,0,2,0
U013239,42,0.606,Eastern,4,2,0.7,26.1,1,0,2,1
U013240,24,0.311,Makkah,1,6,1.9,24.9,1,0,0,1
U013241,60,0.263,Asir,5,0,3.9,49.5,1,1,2,0
U013242,65,0.398,Eastern,4,4,1.1,23.4,1,1,0,0
U013243,49,0.38,Eastern,4,5,1.8,18.1,1,0,0,0
U013244,19,0.398,Najran,10,3,3.4,20.6,1,0,0,1
U013245,39,0.123,Makkah,1,0,2.7,34.2,1,0,1,0
U013246,31,0.091,Makkah,1,2,2.8,14.8,1,0,0,1
U013247,24,0.679,Riyadh,0,1,1.3,3.1,1,0,0,1
U013248,35,0.208,Madinah,2,2,3.8,28.0,1,1,2,0
U013249,44,0.167,Makkah,1,2,2.7,9.7,1,1,0,0
U013250,27,0.739,Eastern,4,5,0.7,23.0,1,1,1,1
U013251,41,0.299,Madinah,2,1,0.0,17.4,1,0,1,0
U013252,43,0.646,Eastern,4,3,3.2,26.9,1,1,1,1
U013253,51,0.476,Riyadh,0,2,1.2,30.4,1,0,0,0
U013254,69,0.427,Qassim,3,2,2.5,26.1,1,0,0,1
U013255,40,0.043,Makkah,1,0,3.2,21.0,1,0,0,1
U013256,60,0.396,Hail,7,3,4.3,23.8,1,0,1,0
U013257,30,0.165,Riyadh,0,3,4.0,46.9,0,0,0,1
U013258,63,0.488,Najran,10,4,3.3,52.4,1,1,3,0
U013259,22,0.388,Qassim,3,2,3.8,16.2,0,0,0,1
U013260,36,0.418,Najran,10,5,1.1,19.8,0,0,0,1
U013261,47,0.662,Jazan,9,3,0.1,23.7,1,0,0,1
U013262,31,0.116,Madinah,2,0,2.0,38.2,1,0,1,1
U013263,69,0.853,Makkah,1,3,0.8,26.8,1,1,1,0
U013264,20,0.579,Eastern,4,4,2.4,6.9,1,0,1,1
U013265,48,0.32,Riyadh,0,0,2.4,10.7,1,0,1,0
U013266,64,0.521,Riyadh,0,2,0.0,22.6,1,1,1,1
U013267,56,0.33,Eastern,4,2,1.7,20.6,1,0,1,0
U013268,69,0.431,Asir,5,0,1.2,8.0,0,0,1,0
U013269,23,0.453,Riyadh,0,4,0.9,57.3,1,0,0,0
U013270,52,0.479,Makkah,1,4,1.5,37.4,1,1,0,0
U013271,63,0.251,Tabuk,6,4,3.8,28.8,0,0,0,0
U013272,39,0.402,Jazan,9,0,0.0,8.3,1,0,0,1
U013273,47,0.729,Eastern,4,5,2.6,46.2,1,1,0,0
U013274,36,0.537,Madinah,2,2,1.8,35.6,1,0,1,1
U013275,24,0.345,Eastern,4,2,1.4,10.6,1,1,1,0
U013276,34,0.564,Riyadh,0,4,0.0,75.8,1,1,1,1
U013277,61,0.016,Eastern,4,1,0.0,3.7,0,0,1,1
U013278,68,0.748,Asir,5,1,0.8,6.4,1,1,0,1
U013279,54,0.684,Najran,10,1,2.5,23.7,1,1,1,0
U013280,20,0.125,Qassim,3,0,3.8,1.6,0,0,1,0
U013281,25,0.594,Makkah,1,1,0.7,32.7,1,0,2,1
U013282,51,0.266,Riyadh,0,2,0.0,21.3,1,0,0,0
U013283,39,0.28,Qassim,3,2,2.6,42.9,1,0,1,1
U013284,59,0.529,Makkah,1,1,2.2,45.5,1,0,1,0
U013285,37,0.469,Riyadh,0,6,3.3,15.0,1,0,1,1
U013286,61,0.663,Riyadh,0,4,0.2,13.2,1,1,2,0
U013287,26,0.449,Eastern,4,5,1.8,12.9,1,0,0,0
U013288,67,0.336,Hail,7,3,1.1,28.5,1,1,1,1
U013289,59,0.194,Eastern,4,0,4.5,26.2,1,0,0,0
U013290,39,0.556,Riyadh,0,4,0.0,59.6,1,1,1,1
U013291,50,0.348,Riyadh,0,4,3.9,17.3,1,0,0,1
U013292,53,0.465,Makkah,1,1,1.3,23.4,0,0,0,0
U013293,44,0.316,Riyadh,0,4,2.5,4.8,1,0,0,1
U013294,30,0.942,Eastern,4,7,0.7,29.0,1,1,0,0
U013295,30,0.902,Makkah,1,8,0.0,24.9,1,1,0,1
U013296,67,0.754,Tabuk,6,7,2.4,24.9,1,0,0,1
U013297,45,0.705,Riyadh,0,6,0.5,42.0,1,1,2,1
U013298,69,0.263,Riyadh,0,4,2.7,20.4,1,0,2,1
U013299,57,0.428,Qassim,3,1,2.3,12.2,1,0,1,0
U013300,18,0.543,Northern Borders,8,0,0.2,10.0,1,0,0,1
U013301,35,0.643,Najran,10,1,2.5,22.8,1,0,0,0
U013302,40,0.875,Al Bahah,11,7,0.0,35.5,1,1,1,1
U013303,55,0.821,Eastern,4,4,0.2,16.8,1,0,1,1
U013304,62,0.776,Madinah,2,2,1.1,16.1,1,1,2,0
U013305,31,0.504,Eastern,4,1,0.5,28.8,1,0,0,0
U013306,60,0.495,Riyadh,0,3,0.7,3.5,0,0,0,1
U013307,69,0.358,Riyadh,0,3,1.3,29.9,1,0,0,0
U013308,31,0.567,Eastern,4,4,2.1,12.0,1,1,1,1
U013309,53,0.215,Qassim,3,1,2.7,9.6,1,0,1,1
U013310,30,0.484,Northern Borders,8,1,2.5,19.6,1,0,0,0
U013311,20,0.265,Riyadh,0,2,3.4,10.2,0,0,1,0
U013312,40,0.807,Jazan,9,4,0.9,11.7,1,1,2,1
U013313,34,0.454,Makkah,1,1,0.9,22.4,1,1,1,1
U013314,48,0.92,Jazan,9,0,2.8,4.0,1,0,0,0
U013315,66,0.653,Riyadh,0,0,0.0,9.1,1,1,0,0
U013316,48,0.447,Riyadh,0,5,2.2,27.7,0,0,1,1
U013317,47,0.544,Najran,10,1,2.0,24.7,1,1,1,1
U013318,59,0.278,Riyadh,0,1,3.0,13.4,0,0,2,1
U013319,36,0.496,Makkah,1,2,2.4,9.7,1,0,0,1
U013320,37,0.609,Eastern,4,3,2.8,35.4,1,0,1,1
U013321,45,0.408,Madinah,2,1,1.9,99.6,1,0,0,1
U013322,57,0.346,Makkah,1,1,5.2,17.0,1,1,0,1
U013323,49,0.718,Eastern,4,4,0.0,21.9,1,1,0,1
U013324,23,0.285,Eastern,4,4,4.7,24.0,1,1,1,1
U013325,31,0.216,Riyadh,0,1,2.2,25.8,0,0,0,0
U013326,64,0.273,Northern Borders,8,4,1.0,15.2,1,1,0,0
U013327,42,0.631,Madinah,2,1,3.6,20.3,0,0,1,0
U013328,50,0.729,Makkah,1,1,2.4,9.1,1,0,0,1
U013329,54,0.248,Riyadh,0,4,3.8,19.4,0,0,0,1
U013330,42,0.159,Eastern,4,2,1.6,1.6,1,0,0,0
U013331,28,0.407,Riyadh,0,5,2.3,26.7,1,1,2,0
U013332,57,0.157,Najran,10,1,3.4,18.9,1,0,1,0
U013333,54,0.685,Hail,7,4,3.0,27.0,1,0,0,0
U013334,56,0.658,Makkah,1,3,3.1,8.4,0,1,0,1
U013335,58,0.211,Hail,7,1,3.2,8.9,1,0,1,0
U013336,27,0.36,Eastern,4,3,0.7,35.6,1,0,2,0
U013337,51,0.254,Qassim,3,1,2.6,3.9,1,1,1,1
U013338,58,0.167,Asir,5,1,1.3,18.5,1,0,0,1
U013339,64,0.171,Najran,10,1,4.5,4.5,0,0,0,0
U013340,64,0.731,Makkah,1,0,1.0,22.0,1,1,1,1
U013341,50,0.508,Makkah,1,3,3.4,36.5,1,0,0,0
U013342,31,0.305,Riyadh,0,3,2.0,11.4,1,0,1,0
U013343,29,0.114,Eastern,4,1,2.7,19.2,0,1,2,0
U013344,28,0.912,Eastern,4,5,1.2,5.8,1,1,1,1
U013345,64,0.391,Makkah,1,3,1.8,22.1,1,0,1,0
U013346,37,0.264,Eastern,4,6,0.5,14.0,1,1,5,0
U013347,55,0.447,Makkah,1,2,0.9,73.8,1,1,1,1
U013348,29,0.31,Asir,5,1,1.2,41.1,1,1,0,1
U013349,52,0.129,Al Bahah,11,2,4.4,12.3,1,0,0,0
U013350,25,0.372,Qassim,3,0,2.2,59.7,1,0,0,0
U013351,65,0.668,Hail,7,2,2.4,10.5,0,1,2,1
U013352,46,0.772,Riyadh,0,3,1.4,31.9,1,1,0,1
U013353,34,0.177,Eastern,4,0,2.9,15.0,1,0,1,0
U013354,37,0.498,Riyadh,0,1,3.5,15.7,0,0,0,0
U013355,34,0.574,Jazan,9,3,4.3,20.7,1,0,1,0
U013356,59,0.238,Tabuk,6,2,1.3,11.6,1,1,4,1
U013357,18,0.355,Asir,5,2,3.4,15.0,1,0,0,1
U013358,28,0.459,Al Bahah,11,7,4.7,39.7,1,0,1,1
U013359,52,0.505,Makkah,1,1,1.1,15.2,1,1,2,1
U013360,58,0.077,Hail,7,2,2.2,13.7,1,0,1,0
U013361,46,0.462,Al Bahah,11,2,2.0,43.9,1,1,1,0
U013362,52,0.374,Jazan,9,5,3.8,21.0,1,1,1,1
U013363,46,0.401,Qassim,3,4,2.3,47.1,1,0,1,0
U013364,18,0.566,Makkah,1,0,0.0,11.1,1,0,0,1
U013365,26,0.408,Najran,10,1,1.2,14.7,1,0,1,1
U013366,59,0.707,Riyadh,0,5,0.8,15.1,1,0,0,1
U013367,55,0.832,Hail,7,2,1.9,33.7,1,0,0,0
U013368,68,0.295,Najran,10,4,4.0,91.6,1,0,1,0
U013369,19,0.428,Makkah,1,2,3.2,27.8,1,0,1,0
U013370,45,0.636,Eastern,4,1,2.0,2.8,1,1,0,1
U013371,35,0.657,Eastern,4,4,3.1,43.4,1,0,1,0
U013372,50,0.231,Riyadh,0,2,0.7,19.2,1,0,1,1
U013373,46,0.95,Najran,10,6,1.2,93.4,1,1,0,1
U013374,26,0.83,Makkah,1,4,0.0,6.0,1,1,0,1
U013375,56,0.828,Makkah,1,7,1.0,8.4,1,1,3,1
U013376,21,0.447,Riyadh,0,0,3.9,11.0,1,1,4,1
U013377,66,0.852,Makkah,1,1,2.4,33.9,1,0,1,0
U013378,36,0.58,Makkah,1,4,3.6,12.3,1,0,0,1
U013379,23,0.603,Riyadh,0,9,0.8,38.8,1,0,0,1
U013380,36,0.788,Eastern,4,3,2.0,97.6,1,0,1,0
U013381,21,0.497,Riyadh,0,0,2.0,15.4,1,0,0,0
U013382,33,0.803,Qassim,3,1,2.2,11.6,1,1,1,1
U013383,49,0.381,Makkah,1,4,1.8,114.1,1,0,1,1
U013384,52,0.209,Riyadh,0,1,0.5,7.3,0,0,1,0
U013385,32,0.472,Asir,5,5,3.0,55.7,1,1,0,0
U013386,42,0.761,Al Jawf,12,4,0.8,45.9,1,0,0,1
U013387,21,0.519,Qassim,3,3,0.5,47.1,1,0,2,1
U013388,54,0.429,Eastern,4,3,1.6,22.3,1,0,0,1
U013389,43,0.658,Riyadh,0,5,0.5,16.3,1,0,0,1
U013390,52,0.715,Jazan,9,8,3.9,14.5,1,0,1,0
U013391,67,0.028,Eastern,4,3,1.7,43.6,1,0,1,0
U013392,50,0.288,Riyadh,0,3,3.6,32.5,1,0,0,1
U013393,29,0.489,Riyadh,0,5,1.2,14.5,1,1,0,0
U013394,35,0.793,Riyadh,0,4,0.9,35.7,1,1,1,0
U013395,40,0.499,Makkah,1,6,1.7,10.2,1,1,2,1
U013396,58,0.381,Al Bahah,11,6,3.5,13.7,1,0,4,0
U013397,33,0.82,Jazan,9,1,0.0,43.9,1,0,1,1
U013398,59,0.596,Madinah,2,4,1.9,15.6,1,1,0,0
U013399,58,0.143,Makkah,1,1,2.2,58.7,1,0,2,0
U013400,63,0.41,Riyadh,0,3,1.5,32.2,1,0,1,1
U013401,44,0.752,Riyadh,0,4,2.2,28.5,0,1,3,1
U013402,27,0.317,Makkah,1,0,3.7,6.4,0,0,0,0
U013403,31,0.37,Makkah,1,1,2.3,62.4,0,1,3,0
U013404,29,0.915,Madinah,2,4,0.4,17.2,1,1,0,1
U013405,33,0.621,Riyadh,0,2,1.0,60.2,1,1,0,1
U013406,54,0.417,Riyadh,0,1,1.5,34.7,1,1,2,1
U013407,51,0.319,Asir,5,2,1.8,41.3,1,0,0,1
U013408,18,0.176,Makkah,1,3,3.6,39.6,0,1,1,0
U013409,31,0.19,Makkah,1,2,2.1,16.3,1,0,1,1
U013410,52,0.835,Riyadh,0,6,1.0,24.3,1,1,1,1
U013411,24,0.788,Qassim,3,4,1.8,7.2,1,1,1,1
U013412,55,0.432,Riyadh,0,3,2.3,40.6,1,0,1,1
U013413,53,0.124,Riyadh,0,2,3.2,16.2,0,1,0,0
U013414,35,0.397,Najran,10,4,3.1,24.2,1,0,2,1
U013415,51,0.633,Madinah,2,2,2.4,3.7,1,1,2,1
U013416,51,0.183,Riyadh,0,4,0.1,29.6,0,1,3,0
U013417,63,0.624,Makkah,1,2,1.6,35.6,1,1,0,1
U013418,60,0.76,Riyadh,0,5,1.8,14.2,1,1,1,1
U013419,46,0.686,Al Jawf,12,0,1.5,5.0,1,0,1,0
U013420,31,0.194,Qassim,3,2,2.1,35.0,0,0,0,0
U013421,38,0.308,Madinah,2,6,0.0,54.8,1,0,1,1
U013422,22,0.219,Riyadh,0,2,2.1,31.8,1,0,0,0
U013423,68,0.356,Riyadh,0,2,2.4,50.0,0,0,0,0
U013424,33,0.631,Northern Borders,8,5,3.0,50.4,1,1,0,1
U013425,44,0.342,Riyadh,0,2,1.5,36.8,1,0,2,1
U013426,37,0.554,Al Bahah,11,2,3.0,18.4,1,1,0,1
U013427,50,0.237,Al Bahah,11,1,2.3,42.0,1,0,0,1
U013428,23,0.536,Jazan,9,0,0.9,20.2,1,0,0,1
U013429,40,0.097,Makkah,1,1,2.9,20.5,1,1,0,0
U013430,69,0.77,Riyadh,0,3,0.7,36.7,1,0,1,1
U013431,49,0.092,Makkah,1,3,3.4,12.4,0,0,0,1
U013432,26,0.461,Riyadh,0,5,2.3,22.0,1,1,2,1
U013433,35,0.132,Makkah,1,0,1.9,14.5,1,0,1,0
U013434,40,0.773,Riyadh,0,6,1.2,10.2,1,1,2,1
U013435,69,0.569,Tabuk,6,3,0.3,26.0,1,0,0,0
U013436,60,0.364,Riyadh,0,3,5.2,34.2,0,1,0,1
U013437,50,0.661,Riyadh,0,4,3.2,11.2,1,1,5,1
U013438,26,0.26,Makkah,1,1,1.0,39.3,1,0,0,0
U013439,18,0.499,Makkah,1,5,1.7,4.0,1,1,0,1
U013440,25,0.67,Eastern,4,2,0.9,22.1,1,1,3,0
U013441,38,0.565,Eastern,4,3,2.5,8.7,1,0,2,0
U013442,60,0.26,Riyadh,0,2,2.9,27.8,0,0,0,1
U013443,53,0.795,Riyadh,0,2,1.9,18.7,1,0,1,0
U013444,50,0.245,Hail,7,2,1.7,40.2,1,0,0,0
U013445,58,0.552,Riyadh,0,5,0.7,18.6,0,0,1,1
U013446,33,0.475,Najran,10,3,2.7,24.2,1,1,2,1
U013447,19,0.333,Eastern,4,0,4.8,24.1,1,0,0,0
U013448,64,0.282,Hail,7,1,2.4,4.7,0,0,0,0
U013449,28,0.422,Qassim,3,4,2.9,8.4,0,0,0,0
U013450,47,0.186,Riyadh,0,2,2.8,6.0,0,1,1,1
U013451,33,0.522,Northern Borders,8,2,3.4,20.9,1,0,1,0
U013452,52,0.555,Northern Borders,8,3,1.5,10.7,0,1,3,1
U013453,59,0.917,Asir,5,4,0.0,33.3,1,1,0,1
U013454,48,0.129,Tabuk,6,5,3.3,25.7,1,1,2,1
U013455,29,0.223,Madinah,2,3,2.5,38.8,1,0,0,1
U013456,31,0.391,Riyadh,0,1,1.7,9.1,1,0,0,1
U013457,32,0.223,Riyadh,0,3,3.2,2.3,0,0,1,0
U013458,53,0.305,Makkah,1,4,1.0,5.8,1,0,0,1
U013459,45,0.513,Eastern,4,0,1.6,9.6,1,0,4,1
U013460,43,0.803,Riyadh,0,3,3.6,8.4,1,1,1,1
U013461,23,0.214,Al Bahah,11,4,2.1,16.4,1,0,1,1
U013462,52,0.414,Najran,10,0,2.5,19.0,0,0,1,1
U013463,65,0.336,Riyadh,0,3,2.5,34.0,0,0,1,1
U013464,23,0.454,Eastern,4,1,2.5,17.2,1,0,0,1
U013465,36,0.567,Eastern,4,3,1.3,8.8,1,1,1,1
U013466,18,0.679,Riyadh,0,0,1.0,23.3,1,0,0,0
U013467,62,0.159,Madinah,2,1,2.9,61.2,1,1,2,0
U013468,50,0.362,Tabuk,6,1,1.5,11.1,1,0,1,0
U013469,38,0.374,Al Bahah,11,4,2.2,17.2,1,0,2,1
U013470,49,0.785,Northern Borders,8,3,0.0,29.6,0,0,0,0
U013471,62,0.598,Al Jawf,12,1,0.0,63.2,0,0,1,1
U013472,63,0.967,Riyadh,0,3,2.0,9.6,1,1,0,1
U013473,21,0.853,Makkah,1,2,0.0,17.3,1,0,1,1
U013474,33,0.54,Riyadh,0,3,3.7,20.4,1,0,1,0
U013475,56,0.232,Riyadh,0,3,1.6,5.3,1,0,1,1
U013476,69,0.4,Al Jawf,12,1,3.5,18.3,1,0,0,1
U013477,41,0.364,Riyadh,0,2,0.0,8.8,1,0,0,1
U013478,51,0.101,Makkah,1,2,2.4,41.6,1,0,0,0
U013479,41,0.654,Qassim,3,4,1.7,9.3,1,0,1,1
U013480,45,0.06,Makkah,1,5,3.7,71.2,1,0,2,1
U013481,44,0.171,Madinah,2,2,2.0,13.5,1,0,0,1
U013482,52,0.888,Riyadh,0,7,2.6,46.7,1,1,1,1
U013483,65,0.69,Eastern,4,3,1.6,17.3,1,1,1,0
U013484,61,0.313,Hail,7,3,2.8,51.2,1,0,0,0
U013485,26,0.282,Makkah,1,2,5.2,14.3,0,0,1,1
U013486,49,0.673,Riyadh,0,4,2.8,27.8,0,1,1,0
U013487,32,0.621,Makkah,1,1,2.1,24.4,1,1,1,1
U013488,53,0.75,Makkah,1,4,1.6,53.7,1,0,2,1
U013489,54,0.378,Makkah,1,1,2.7,15.5,0,0,2,1
U013490,62,0.938,Eastern,4,10,0.6,19.6,1,1,1,1
U013491,43,0.83,Riyadh,0,3,1.6,3.6,0,1,0,1
U013492,50,0.51,Asir,5,2,2.4,6.0,0,0,0,1
U013493,27,0.598,Riyadh,0,3,0.9,10.6,1,1,1,1
U013494,18,0.502,Tabuk,6,2,2.6,61.7,1,0,1,0
U013495,21,0.648,Najran,10,1,0.0,29.7,0,0,1,1
U013496,56,0.516,Makkah,1,4,4.3,62.7,1,0,1,1
U013497,20,0.589,Asir,5,7,0.9,48.6,1,1,1,1
U013498,18,0.619,Makkah,1,5,1.3,28.7,1,1,1,0
U013499,69,0.524,Eastern,4,3,2.7,15.4,0,0,1,0
U013500,28,0.494,Madinah,2,8,2.9,56.3,1,0,1,0
U013501,48,0.395,Asir,5,2,0.0,12.0,1,0,1,0
U013502,28,0.808,Makkah,1,5,2.3,23.5,1,1,2,0
U013503,32,0.847,Najran,10,2,2.4,10.7,1,0,1,1
U013504,53,0.608,Qassim,3,2,0.7,29.9,1,0,0,1
U013505,38,0.469,Eastern,4,1,2.4,13.0,1,0,0,0
U013506,39,0.409,Jazan,9,1,2.3,8.2,1,0,1,1
U013507,68,0.474,Qassim,3,1,2.7,27.1,0,1,1,1
U013508,43,0.307,Riyadh,0,2,1.8,24.4,1,0,1,1
U013509,26,0.44,Riyadh,0,3,2.6,21.7,0,1,1,1
U013510,53,0.349,Riyadh,0,3,1.8,5.5,1,0,0,0
U013511,67,0.685,Eastern,4,1,2.4,11.0,1,1,0,0
U013512,51,0.297,Madinah,2,2,2.0,40.0,1,0,0,0
U013513,30,0.646,Makkah,1,5,2.8,5.3,1,0,0,0
U013514,66,0.363,Hail,7,3,4.5,7.0,0,0,0,0
U013515,35,0.438,Hail,7,3,2.2,10.6,1,1,2,1
U013516,43,0.806,Qassim,3,3,0.2,19.4,1,1,2,0
U013517,30,0.353,Riyadh,0,2,1.5,9.8,1,0,1,1
U013518,50,0.442,Madinah,2,3,1.7,79.9,1,0,1,0
U013519,51,0.536,Makkah,1,4,1.3,13.6,1,1,1,1
U013520,32,0.383,Riyadh,0,1,2.0,17.5,1,1,1,1
U013521,25,0.218,Jazan,9,0,4.0,7.2,0,1,0,1
U013522,67,0.444,Northern Borders,8,3,1.5,19.2,1,1,1,1
U013523,45,0.728,Makkah,1,4,2.6,23.3,1,1,4,1
U013524,55,0.612,Jazan,9,5,3.1,5.7,1,1,2,1
U013525,69,0.751,Riyadh,0,0,0.0,19.1,1,0,1,1
U013526,48,0.234,Northern Borders,8,1,0.0,12.3,1,0,0,0
U013527,37,0.688,Al Bahah,11,3,1.5,10.6,1,0,1,1
U013528,31,0.793,Makkah,1,3,2.0,6.1,1,1,0,0
U013529,37,0.161,Asir,5,4,0.0,50.0,1,1,1,1
U013530,54,0.68,Eastern,4,2,1.2,23.6,1,0,0,0
U013531,66,0.353,Riyadh,0,3,4.2,4.3,1,0,0,0
U013532,27,0.706,Makkah,1,1,2.0,15.5,1,1,0,0
U013533,27,0.137,Eastern,4,1,3.2,7.1,0,0,2,1
U013534,32,0.534,Riyadh,0,2,2.8,35.3,1,0,1,1
U013535,44,0.394,Makkah,1,1,1.2,10.5,1,1,0,0
U013536,64,0.494,Makkah,1,2,1.2,10.2,1,1,0,1
U013537,33,0.55,Najran,10,5,0.0,34.8,0,1,1,1
U013538,32,0.538,Al Bahah,11,3,0.5,33.9,1,0,1,1
U013539,59,0.591,Riyadh,0,6,2.9,17.7,0,1,0,1
U013540,45,0.317,Makkah,1,3,1.7,7.3,1,0,2,0
U013541,54,0.464,Riyadh,0,2,2.4,11.6,1,0,1,1
U013542,35,0.748,Asir,5,5,1.6,3.2,0,0,0,0
U013543,30,0.591,Riyadh,0,2,2.6,30.1,1,0,0,1
U013544,31,0.217,Riyadh,0,1,2.4,11.3,0,0,0,1
U013545,43,0.222,Eastern,4,3,0.0,12.2,1,0,0,1
U013546,42,0.212,Najran,10,1,4.8,14.6,0,0,0,1
U013547,26,0.791,Riyadh,0,3,2.3,36.1,1,0,0,1
U013548,54,0.195,Qassim,3,0,1.6,15.2,1,0,0,0
U013549,31,0.921,Northern Borders,8,6,1.4,10.0,1,1,2,1
U013550,51,0.408,Northern Borders,8,2,1.5,31.0,1,0,0,0
U013551,67,0.518,Qassim,3,3,2.3,2.5,1,1,2,1
U013552,67,0.622,Madinah,2,8,0.6,23.9,1,1,1,1
U013553,28,0.644,Eastern,4,4,1.0,19.9,0,1,2,1
U013554,56,0.68,Eastern,4,2,0.7,14.9,0,0,0,0
U013555,44,0.635,Makkah,1,2,1.6,75.5,1,1,1,0
U013556,61,0.198,Hail,7,2,0.6,19.9,1,1,1,0
U013557,21,0.218,Eastern,4,1,1.4,37.6,1,0,0,1
U013558,52,0.523,Riyadh,0,6,1.8,27.3,1,1,1,0
U013559,47,0.478,Al Jawf,12,2,2.7,14.2,1,1,0,0
U013560,35,0.564,Makkah,1,2,2.6,10.0,1,1,0,1
U013561,60,0.592,Eastern,4,1,0.2,29.9,1,0,0,1
U013562,20,0.459,Riyadh,0,4,1.4,16.2,1,1,0,0
U013563,34,0.31,Riyadh,0,1,1.8,19.3,1,0,0,0
U013564,45,0.836,Riyadh,0,4,3.1,33.1,1,1,1,1
U013565,33,0.423,Madinah,2,0,3.4,19.7,1,1,2,0
U013566,41,0.405,Madinah,2,5,2.3,36.1,1,1,2,1
U013567,35,0.435,Riyadh,0,7,2.5,7.5,1,1,1,1
U013568,52,0.224,Riyadh,0,0,0.0,9.7,1,1,1,0
U013569,50,0.404,Northern Borders,8,3,1.5,60.1,1,1,0,1
U013570,52,0.629,Hail,7,7,2.0,26.9,1,1,1,1
U013571,39,0.591,Asir,5,2,2.0,20.8,1,1,1,1
U013572,44,0.163,Qassim,3,2,2.9,18.0,1,1,5,0
U013573,24,0.402,Madinah,2,0,1.6,23.2,1,0,1,1
U013574,36,0.785,Riyadh,0,6,2.3,4.5,1,1,1,1
U013575,49,0.613,Riyadh,0,2,1.9,28.6,1,1,0,0
U013576,22,0.482,Eastern,4,5,2.9,4.8,1,0,0,1
U013577,68,0.457,Qassim,3,1,2.6,14.5,1,1,1,1
U013578,30,0.321,Makkah,1,0,2.2,18.5,0,0,1,1
U013579,69,0.29,Asir,5,1,1.5,76.2,1,0,1,0
U013580,23,0.201,Al Jawf,12,2,4.2,17.4,1,0,0,0
U013581,54,0.77,Eastern,4,3,1.7,1.5,1,0,1,0
U013582,32,0.684,Madinah,2,1,3.7,8.1,1,0,1,1
U013583,21,0.746,Eastern,4,5,0.9,22.8,1,1,1,0
U013584,47,0.199,Asir,5,5,2.7,13.7,1,0,1,1
U013585,45,0.549,Riyadh,0,6,3.7,5.4,1,1,0,1
U013586,35,0.38,Madinah,2,4,1.9,81.9,1,1,0,0
U013587,31,0.717,Qassim,3,2,2.0,9.2,0,0,1,0
U013588,51,0.273,Eastern,4,3,2.2,64.0,1,0,0,0
U013589,20,0.533,Riyadh,0,6,1.7,21.9,1,0,0,1
U013590,31,0.868,Makkah,1,5,1.3,1.4,1,0,1,1
U013591,53,0.304,Riyadh,0,2,2.8,16.6,0,1,6,0
U013592,30,0.43,Al Bahah,11,3,1.3,23.6,1,1,1,0
U013593,41,0.209,Hail,7,1,2.8,17.6,1,0,0,0
U013594,42,0.735,Tabuk,6,2,0.7,21.7,1,1,0,1
U013595,33,0.642,Riyadh,0,3,1.6,34.5,1,0,2,0
U013596,39,0.744,Qassim,3,6,2.3,28.4,1,0,0,1
U013597,35,0.34,Makkah,1,3,4.1,13.5,1,1,3,1
U013598,55,0.511,Riyadh,0,3,2.6,18.4,1,0,0,1
U013599,51,0.259,Madinah,2,4,1.6,40.1,1,0,2,1
U013600,39,0.537,Makkah,1,1,0.4,111.1,1,1,2,1
U013601,22,0.405,Al Jawf,12,3,4.1,21.0,1,0,1,1
U013602,40,0.512,Makkah,1,4,3.9,51.2,1,1,0,1
U013603,33,0.6,Jazan,9,1,1.1,7.5,1,1,3,1
U013604,59,0.322,Riyadh,0,0,1.5,17.4,1,0,0,1
U013605,23,0.55,Makkah,1,3,2.4,4.6,1,1,1,0
U013606,53,0.681,Eastern,4,6,3.5,13.7,0,1,1,1
U013607,45,0.518,Eastern,4,3,1.8,11.0,1,1,0,0
U013608,54,0.856,Tabuk,6,3,1.0,11.7,1,1,0,1
U013609,19,0.168,Riyadh,0,1,0.9,18.9,0,0,3,1
U013610,45,0.569,Riyadh,0,2,1.8,26.6,1,1,2,0
U013611,42,0.251,Makkah,1,2,2.8,3.2,0,1,0,1
U013612,33,0.692,Jazan,9,6,0.9,32.0,1,1,0,1
U013613,31,0.406,Al Bahah,11,1,1.1,65.6,1,0,1,0
U013614,43,0.523,Al Jawf,12,4,3.2,23.5,1,1,0,1
U013615,55,0.9,Eastern,4,2,2.8,48.4,1,1,0,1
U013616,61,0.486,Riyadh,0,3,2.9,8.0,0,1,1,0
U013617,37,0.376,Makkah,1,1,2.6,7.8,0,1,1,0
U013618,33,0.688,Riyadh,0,9,0.0,18.5,1,1,0,0
U013619,66,0.376,Asir,5,4,0.5,43.5,1,0,0,1
U013620,36,0.38,Riyadh,0,1,3.1,11.5,1,1,2,1
U013621,37,0.419,Makkah,1,2,2.2,17.9,1,0,0,1
U013622,32,0.65,Makkah,1,3,1.9,7.6,0,1,1,1
U013623,39,0.7,Hail,7,0,2.3,14.5,0,1,0,1
U013624,68,0.151,Riyadh,0,2,3.1,12.3,1,0,0,0
U013625,68,0.307,Qassim,3,3,4.1,36.7,1,1,1,1
U013626,62,0.815,Makkah,1,0,0.7,21.1,1,0,0,1
U013627,30,0.307,Riyadh,0,4,3.0,53.6,1,1,3,1
U013628,61,0.466,Al Bahah,11,3,0.0,21.2,0,0,0,0
U013629,24,0.311,Makkah,1,2,2.8,7.2,1,0,0,0
U013630,46,0.859,Asir,5,2,2.3,30.0,1,0,0,1
U013631,34,0.329,Makkah,1,2,1.7,30.1,1,0,3,0
U013632,20,0.757,Riyadh,0,3,2.8,8.4,1,1,1,1
U013633,68,0.118,Riyadh,0,0,3.4,22.9,1,0,1,0
U013634,40,0.201,Makkah,1,1,4.2,46.7,1,0,0,1
U013635,45,0.844,Riyadh,0,6,4.0,27.7,1,1,1,1
U013636,47,0.507,Riyadh,0,4,1.9,23.9,1,0,0,1
U013637,49,0.281,Eastern,4,2,2.8,34.9,1,0,1,0
U013638,56,0.05,Eastern,4,0,3.1,7.7,1,0,0,0
U013639,64,0.275,Najran,10,1,2.2,42.5,1,0,1,0
U013640,44,0.301,Riyadh,0,3,2.8,20.1,1,0,1,1
U013641,38,0.357,Riyadh,0,3,4.2,20.2,1,0,0,0
U013642,59,0.579,Riyadh,0,4,1.4,39.5,1,1,1,0
U013643,22,0.595,Riyadh,0,4,1.1,25.9,1,0,0,1
U013644,35,0.333,Riyadh,0,0,1.7,8.7,1,0,0,0
U013645,26,0.252,Al Jawf,12,4,2.8,7.5,1,0,1,1
U013646,32,0.113,Al Jawf,12,3,4.1,42.2,1,0,2,1
U013647,39,0.174,Al Jawf,12,0,2.2,17.7,1,1,3,0
U013648,20,0.301,Eastern,4,0,2.6,30.5,1,0,0,0
U013649,26,0.332,Riyadh,0,3,3.6,11.8,1,0,0,0
U013650,58,0.317,Makkah,1,0,1.3,51.4,1,1,0,1
U013651,34,0.574,Makkah,1,0,1.7,4.9,1,0,0,0
U013652,64,0.201,Madinah,2,0,2.9,34.3,1,1,0,0
U013653,61,0.373,Riyadh,0,3,1.7,19.4,1,0,0,0
U013654,32,0.787,Riyadh,0,3,0.8,6.3,1,0,0,0
U013655,22,0.34,Riyadh,0,1,1.8,51.8,1,0,1,0
U013656,19,0.226,Riyadh,0,2,1.6,45.9,1,1,0,1
U013657,20,0.619,Qassim,3,1,4.4,61.6,1,0,0,1
U013658,31,0.753,Makkah,1,4,3.1,31.3,1,1,1,1
U013659,26,0.147,Eastern,4,1,1.1,11.5,0,0,1,1
U013660,55,0.77,Riyadh,0,2,3.4,9.6,1,0,0,1
U013661,44,0.182,Makkah,1,3,1.9,7.7,1,0,0,1
U013662,47,0.491,Northern Borders,8,3,2.9,4.6,1,0,0,1
U013663,51,0.188,Riyadh,0,0,2.3,25.0,1,0,0,0
U013664,34,0.3,Makkah,1,3,1.8,31.5,1,0,0,1
U013665,22,0.484,Makkah,1,1,2.7,44.6,1,1,2,0
U013666,63,0.746,Riyadh,0,8,1.5,10.2,1,0,2,0
U013667,36,0.271,Makkah,1,4,1.3,17.7,1,1,2,0
U013668,41,0.54,Makkah,1,3,0.5,7.6,0,0,0,1
U013669,67,0.841,Riyadh,0,4,2.8,21.0,0,1,1,1
U013670,26,0.557,Tabuk,6,3,0.2,21.5,1,0,0,1
U013671,40,0.723,Qassim,3,4,1.6,13.8,1,1,0,1
U013672,62,0.374,Eastern,4,2,2.1,33.3,1,1,0,1
U013673,43,0.378,Riyadh,0,1,2.6,35.4,1,0,0,0
U013674,22,0.995,Makkah,1,6,0.0,11.8,1,1,0,1
U013675,38,0.65,Riyadh,0,3,1.3,37.6,1,1,0,0
U013676,36,0.726,Makkah,1,1,4.2,20.7,1,0,2,1
U013677,19,0.488,Jazan,9,5,4.1,28.4,1,1,2,0
U013678,45,0.628,Riyadh,0,2,1.6,6.8,1,0,1,1
U013679,39,0.423,Makkah,1,4,4.6,24.9,1,0,1,1
U013680,26,0.242,Makkah,1,1,1.5,35.4,1,0,0,1
U013681,68,0.077,Asir,5,1,1.7,14.9,0,0,1,0
U013682,63,0.608,Jazan,9,3,1.5,23.5,1,1,4,1
U013683,46,0.954,Makkah,1,2,0.3,8.1,1,1,0,0
U013684,53,0.3,Jazan,9,6,2.3,9.5,1,1,3,1
U013685,42,0.322,Eastern,4,3,2.4,18.3,1,1,1,1
U013686,69,0.874,Madinah,2,6,0.0,49.3,1,1,1,1
U013687,38,0.047,Jazan,9,2,4.1,16.2,1,1,1,0
U013688,60,0.295,Jazan,9,1,3.5,54.7,1,1,0,0
U013689,43,0.542,Qassim,3,5,2.2,3.1,0,1,0,1
U013690,67,0.34,Makkah,1,2,1.8,8.6,1,0,0,0
U013691,62,0.733,Riyadh,0,4,0.9,17.8,1,1,0,0
U013692,27,0.566,Jazan,9,2,0.6,66.5,1,1,1,1
U013693,29,0.848,Al Jawf,12,4,1.2,11.7,1,1,0,1
U013694,47,0.209,Qassim,3,2,2.2,45.2,1,0,1,1
U013695,46,0.783,Makkah,1,3,1.9,8.4,1,1,2,1
U013696,33,0.188,Al Bahah,11,3,2.0,28.3,1,0,0,0
U013697,51,0.266,Northern Borders,8,1,4.3,40.9,1,0,0,0
U013698,19,0.243,Makkah,1,0,4.0,72.6,1,0,0,0
U013699,27,0.491,Eastern,4,2,1.9,12.9,1,1,0,1
U013700,50,0.28,Makkah,1,2,2.5,38.4,1,0,0,0
U013701,49,0.523,Madinah,2,1,3.4,82.6,1,0,1,1
U013702,65,0.528,Makkah,1,4,5.3,5.3,0,1,0,1
U013703,21,0.674,Riyadh,0,1,2.0,21.7,1,1,0,1
U013704,42,0.302,Riyadh,0,2,1.7,36.3,1,1,1,1
U013705,23,0.322,Eastern,4,0,0.6,8.8,1,1,1,1
U013706,50,0.671,Madinah,2,5,0.3,33.3,1,1,2,1
U013707,48,0.205,Riyadh,0,0,3.2,96.1,1,0,1,1
U013708,58,0.356,Al Jawf,12,0,3.8,5.7,0,0,1,0
U013709,64,0.463,Qassim,3,5,3.1,4.0,1,0,0,0
U013710,27,0.439,Riyadh,0,5,0.5,13.6,1,1,0,1
U013711,34,0.763,Riyadh,0,5,1.4,60.2,1,1,1,1
U013712,36,0.363,Riyadh,0,2,1.6,72.6,1,0,0,1
U013713,48,0.505,Riyadh,0,2,2.4,4.0,1,0,2,1
U013714,27,0.612,Eastern,4,0,1.1,13.1,1,0,1,1
U013715,58,0.164,Asir,5,0,2.0,9.8,0,0,2,0
U013716,52,0.445,Riyadh,0,1,2.6,20.3,1,0,0,0
U013717,49,0.472,Makkah,1,2,2.8,15.7,1,0,0,0
U013718,27,0.607,Tabuk,6,6,2.3,25.0,1,1,1,1
U013719,44,0.158,Asir,5,3,2.0,23.7,1,0,0,0
U013720,58,0.46,Riyadh,0,2,1.4,22.4,0,0,1,1
U013721,51,0.767,Asir,5,2,3.2,32.0,1,0,0,1
U013722,54,0.359,Qassim,3,2,4.8,25.8,1,0,1,1
U013723,35,0.831,Riyadh,0,6,0.2,3.5,1,1,1,1
U013724,54,0.527,Eastern,4,3,2.1,2.9,1,1,1,0
U013725,24,0.767,Eastern,4,6,0.7,7.1,1,1,0,1
U013726,35,0.801,Qassim,3,7,0.0,6.1,1,1,3,1
U013727,23,0.742,Eastern,4,2,0.9,27.5,1,1,1,0
U013728,69,0.332,Makkah,1,3,3.1,23.7,1,0,0,0
U013729,42,0.401,Madinah,2,4,2.7,10.2,1,0,0,1
U013730,30,0.614,Eastern,4,3,1.7,22.5,1,1,0,0
U013731,20,0.394,Riyadh,0,3,0.9,21.1,1,1,2,1
U013732,51,0.41,Northern Borders,8,3,2.5,63.1,1,0,0,0
U013733,36,0.24,Asir,5,1,3.6,22.2,0,1,0,0
U013734,26,0.728,Makkah,1,4,0.3,15.5,1,1,3,1
U013735,63,0.68,Eastern,4,2,2.9,14.0,1,1,1,0
U013736,20,0.704,Madinah,2,1,3.3,31.8,1,1,2,1
U013737,65,0.552,Eastern,4,1,3.4,31.6,1,0,0,1
U013738,34,0.495,Riyadh,0,6,0.0,31.7,1,0,0,1
U013739,30,0.278,Najran,10,1,2.6,65.9,0,0,0,1
U013740,36,0.434,Makkah,1,2,4.4,43.9,1,1,2,1
U013741,50,0.683,Eastern,4,5,0.4,14.4,1,1,0,0
U013742,56,0.257,Makkah,1,2,1.1,19.7,0,1,0,0
U013743,19,0.225,Riyadh,0,1,1.8,5.9,1,0,1,1
U013744,39,0.56,Eastern,4,6,3.9,19.7,1,1,1,1
U013745,50,0.422,Eastern,4,1,1.4,4.9,1,1,1,1
U013746,55,0.527,Riyadh,0,4,0.7,13.7,1,1,0,1
U013747,19,0.416,Eastern,4,1,2.6,29.3,1,0,2,0
U013748,29,0.623,Eastern,4,6,1.9,36.8,1,0,0,1
U013749,37,0.19,Eastern,4,5,4.2,30.1,1,0,0,0
U013750,61,0.32,Makkah,1,4,2.7,8.5,1,1,1,0
U013751,69,0.241,Riyadh,0,1,1.2,41.5,1,0,0,0
U013752,21,0.074,Najran,10,1,3.1,15.8,1,0,2,0
U013753,59,0.422,Al Jawf,12,3,3.7,37.7,0,0,1,1
U013754,57,0.745,Riyadh,0,2,0.0,57.4,1,1,0,1
U013755,26,0.285,Qassim,3,1,1.8,6.8,1,0,1,1
U013756,51,0.386,Makkah,1,2,1.7,14.1,1,0,1,0
U013757,20,0.228,Riyadh,0,2,2.8,5.3,1,0,2,1
U013758,33,0.534,Makkah,1,2,2.3,18.3,1,1,1,0
U013759,24,0.155,Riyadh,0,1,2.2,49.9,1,0,1,1
U013760,39,0.158,Asir,5,1,2.8,23.2,1,1,4,0
U013761,64,0.883,Jazan,9,5,1.1,17.8,1,1,0,1
U013762,32,0.377,Tabuk,6,0,0.5,2.3,1,0,0,1
U013763,49,0.21,Makkah,1,2,3.4,21.5,0,0,1,1
U013764,18,0.468,Makkah,1,6,1.3,9.0,1,0,0,1
U013765,65,0.761,Makkah,1,6,2.3,0.5,1,1,0,1
U013766,34,0.552,Hail,7,1,1.4,21.7,0,0,0,1
U013767,46,0.494,Asir,5,5,1.7,4.4,1,1,0,0
U013768,24,0.694,Eastern,4,1,2.6,42.2,1,0,0,0
U013769,27,0.068,Jazan,9,3,2.8,39.9,0,0,2,0
U013770,51,0.372,Asir,5,2,4.4,33.3,1,0,1,1
U013771,65,0.691,Al Jawf,12,5,2.2,22.8,0,1,2,0
U013772,61,0.811,Eastern,4,1,3.0,14.3,1,1,1,0
U013773,38,0.787,Makkah,1,1,0.4,1.2,1,0,1,0
U013774,22,0.698,Madinah,2,2,2.1,38.7,1,0,1,1
U013775,26,0.68,Riyadh,0,6,0.9,55.4,1,1,2,1
U013776,36,0.576,Makkah,1,3,0.8,29.2,1,1,2,0
U013777,27,0.095,Asir,5,0,2.0,52.9,1,0,0,1
U013778,55,0.548,Hail,7,2,2.5,10.5,1,0,1,1
U013779,64,0.68,Makkah,1,5,0.0,92.6,1,1,3,1
U013780,41,0.635,Makkah,1,6,0.9,5.0,1,1,2,0
U013781,61,0.487,Jazan,9,3,3.8,80.6,1,1,2,1
U013782,38,0.524,Riyadh,0,6,3.3,9.9,1,0,0,1
U013783,46,0.17,Riyadh,0,3,1.9,11.1,1,1,3,1
U013784,34,0.286,Eastern,4,5,2.5,22.4,1,0,0,1
U013785,30,0.118,Makkah,1,2,1.0,11.2,1,1,1,1
U013786,47,0.603,Makkah,1,4,1.1,4.4,1,1,0,1
U013787,32,0.23,Tabuk,6,1,3.1,31.9,1,0,3,1
U013788,55,0.263,Makkah,1,3,5.1,28.4,0,0,0,0
U013789,68,0.737,Al Bahah,11,1,2.6,27.7,1,0,0,1
U013790,30,0.725,Hail,7,4,1.9,9.4,1,0,0,0
U013791,51,0.173,Tabuk,6,2,1.3,19.9,1,0,0,0
U013792,19,0.542,Qassim,3,5,2.8,16.6,1,1,1,0
U013793,40,0.899,Riyadh,0,2,0.0,26.8,0,0,2,0
U013794,19,0.042,Hail,7,2,3.1,40.1,1,1,1,1
U013795,51,0.336,Riyadh,0,0,3.1,38.7,1,0,1,1
U013796,33,0.139,Asir,5,2,2.5,3.6,1,0,1,0
U013797,39,0.42,Jazan,9,1,0.0,14.4,1,0,0,1
U013798,63,0.288,Eastern,4,2,0.4,42.8,1,0,0,1
U013799,53,0.427,Riyadh,0,2,2.5,1.5,1,0,1,0
U013800,19,0.593,Eastern,4,3,0.0,21.3,1,0,0,1
U013801,22,0.585,Hail,7,1,1.6,62.9,1,1,1,1
U013802,63,0.436,Eastern,4,2,2.5,13.6,0,1,2,1
U013803,69,0.553,Eastern,4,4,2.3,52.3,1,0,2,1
U013804,54,0.894,Asir,5,5,1.1,4.0,1,1,2,1
U013805,36,0.328,Riyadh,0,2,2.5,31.2,1,1,1,0
U013806,49,0.862,Al Jawf,12,2,2.0,19.7,0,1,0,0
U013807,30,0.692,Riyadh,0,4,1.2,32.8,1,1,2,1
U013808,62,0.168,Al Jawf,12,1,3.7,30.9,1,0,0,0
U013809,54,0.254,Makkah,1,4,3.5,11.5,1,0,0,0
U013810,33,0.417,Hail,7,2,2.1,18.0,0,0,0,1
U013811,18,0.564,Asir,5,4,1.4,31.0,1,0,1,1
U013812,48,0.447,Eastern,4,3,1.3,31.4,1,1,1,0
U013813,67,0.33,Makkah,1,2,2.1,41.1,1,0,2,1
U013814,48,0.262,Eastern,4,2,2.9,8.4,0,1,2,0
U013815,24,0.55,Riyadh,0,6,1.1,29.3,1,1,2,0
U013816,52,0.864,Eastern,4,2,0.9,25.7,1,1,0,1
U013817,24,0.356,Makkah,1,3,1.8,4.5,1,1,2,0
U013818,62,0.264,Eastern,4,1,2.8,3.6,0,0,0,0
U013819,64,0.733,Riyadh,0,4,3.3,43.9,1,0,1,1
U013820,47,0.21,Asir,5,0,3.0,17.4,0,0,0,1
U013821,62,0.531,Makkah,1,2,0.2,10.5,1,0,1,0
U013822,40,0.486,Riyadh,0,2,2.6,14.9,0,0,1,0
U013823,53,0.49,Asir,5,3,3.0,8.3,1,1,2,1
U013824,47,0.536,Riyadh,0,4,2.2,26.4,1,1,4,1
U013825,62,0.317,Eastern,4,2,2.0,10.2,1,0,1,0
U013826,66,0.682,Al Bahah,11,3,3.1,35.1,1,0,1,1
U013827,67,0.672,Asir,5,1,3.3,12.1,1,1,0,0
U013828,64,0.479,Jazan,9,2,0.5,33.2,1,0,0,1
U013829,53,0.833,Riyadh,0,4,2.7,23.2,1,1,1,1
U013830,31,0.856,Jazan,9,6,1.4,38.6,1,0,1,0
U013831,19,0.361,Makkah,1,1,3.3,49.6,1,0,0,1
U013832,33,0.37,Eastern,4,0,0.9,29.8,1,0,0,1
U013833,23,0.952,Makkah,1,4,2.4,2.4,1,1,1,1
U013834,38,0.719,Al Jawf,12,3,1.2,9.3,1,1,1,1
U013835,19,0.366,Asir,5,1,2.6,15.1,1,0,1,1
U013836,23,0.564,Asir,5,3,0.1,64.5,1,1,1,1
U013837,36,0.48,Riyadh,0,4,1.7,24.6,1,1,1,1
U013838,22,0.253,Riyadh,0,4,3.1,27.3,1,0,0,0
U013839,50,0.634,Riyadh,0,5,1.3,51.7,1,0,1,1
U013840,35,0.816,Qassim,3,4,1.7,22.7,1,1,3,1
U013841,19,0.761,Jazan,9,0,1.7,42.0,1,0,1,0
U013842,39,0.773,Eastern,4,3,3.5,23.3,1,1,0,1
U013843,27,0.249,Riyadh,0,4,5.2,17.5,1,0,0,0
U013844,26,0.51,Asir,5,4,3.1,31.2,0,1,1,1
U013845,55,0.625,Riyadh,0,4,1.2,18.3,1,1,1,0
U013846,65,0.642,Riyadh,0,3,0.9,16.3,1,1,1,0
U013847,57,0.427,Makkah,1,1,2.2,27.8,0,0,1,1
U013848,54,0.256,Madinah,2,6,3.4,18.6,1,0,0,1
U013849,44,0.707,Makkah,1,5,2.6,32.6,1,0,0,1
U013850,25,0.031,Makkah,1,0,1.9,22.8,0,0,1,1
U013851,60,0.234,Qassim,3,4,3.5,14.5,0,1,0,1
U013852,61,0.639,Jazan,9,3,4.0,31.9,1,1,0,0
U013853,49,0.756,Riyadh,0,3,0.4,66.3,1,1,3,1
U013854,32,0.499,Riyadh,0,1,3.2,39.8,1,0,0,1
U013855,67,0.727,Riyadh,0,6,2.6,23.3,1,1,1,0
U013856,28,0.635,Northern Borders,8,2,0.0,35.8,1,1,1,0
U013857,65,0.698,Makkah,1,4,1.0,16.1,0,1,0,0
U013858,35,0.143,Riyadh,0,1,1.6,48.2,1,0,1,0
U013859,60,0.638,Jazan,9,4,0.6,20.4,1,1,2,1
U013860,63,0.947,Al Bahah,11,6,0.0,8.0,1,1,1,0
U013861,24,0.344,Riyadh,0,1,4.0,80.8,1,1,3,1
U013862,46,0.359,Riyadh,0,0,1.7,13.6,1,0,1,0
U013863,27,0.522,Qassim,3,3,4.0,16.8,1,1,2,1
U013864,68,0.53,Makkah,1,3,1.6,35.3,1,1,1,1
U013865,52,0.051,Tabuk,6,2,4.9,14.4,0,0,1,0
U013866,65,0.86,Eastern,4,7,0.0,29.9,1,0,0,1
U013867,43,0.438,Northern Borders,8,4,2.8,20.3,1,1,2,0
U013868,41,0.121,Riyadh,0,3,4.4,13.0,0,0,0,1
U013869,63,0.443,Eastern,4,2,1.8,26.0,0,1,2,0
U013870,18,0.505,Makkah,1,5,4.0,32.2,1,0,0,1
U013871,49,0.467,Hail,7,4,2.9,32.7,1,0,0,1
U013872,63,0.24,Riyadh,0,1,2.7,40.3,1,0,3,0
U013873,27,0.296,Jazan,9,0,1.5,8.1,1,0,2,1
U013874,44,0.44,Makkah,1,4,2.7,18.5,0,0,1,1
U013875,25,0.254,Riyadh,0,0,1.6,35.8,1,0,0,1
U013876,61,0.939,Hail,7,1,3.4,57.7,1,1,1,1
U013877,50,0.789,Makkah,1,2,1.5,28.7,1,0,0,1
U013878,52,0.196,Makkah,1,3,1.7,35.9,1,0,0,0
U013879,39,0.234,Riyadh,0,3,0.5,22.6,1,1,0,1
U013880,63,0.362,Asir,5,1,2.3,6.9,0,0,1,0
U013881,60,0.801,Madinah,2,1,0.1,23.2,1,0,1,0
U013882,60,0.328,Riyadh,0,5,2.4,20.7,0,1,0,1
U013883,24,0.668,Riyadh,0,1,0.3,85.3,1,0,0,0
U013884,18,0.429,Makkah,1,3,1.9,14.4,1,0,1,1
U013885,54,0.329,Qassim,3,4,1.7,6.8,0,1,1,0
U013886,48,0.343,Asir,5,1,0.4,24.5,1,0,1,1
U013887,36,0.941,Makkah,1,6,1.4,12.4,0,1,1,1
U013888,42,0.48,Eastern,4,3,2.4,9.2,1,0,1,1
U013889,44,0.4,Riyadh,0,1,2.5,31.4,1,0,0,0
U013890,33,0.027,Eastern,4,1,3.5,74.1,1,0,1,1
U013891,27,0.709,Riyadh,0,2,1.4,1.8,1,1,4,1
U013892,47,0.549,Riyadh,0,1,1.2,27.3,1,0,0,0
U013893,35,0.322,Jazan,9,2,4.1,45.2,0,0,1,1
U013894,55,0.747,Makkah,1,6,2.2,16.9,1,1,5,1
U013895,32,0.722,Makkah,1,1,1.9,17.1,1,1,1,0
U013896,69,0.292,Riyadh,0,3,2.0,19.9,1,1,1,1
U013897,59,0.5,Riyadh,0,2,2.7,27.9,1,0,2,0
U013898,63,0.233,Eastern,4,3,4.0,39.2,1,1,1,1
U013899,29,0.6,Makkah,1,2,2.0,35.2,1,0,1,1
U013900,26,0.452,Eastern,4,4,0.8,31.0,1,1,2,1
U013901,56,0.27,Makkah,1,0,3.6,29.3,1,0,2,0
U013902,32,0.305,Makkah,1,3,1.9,6.6,1,0,0,0
U013903,47,0.053,Tabuk,6,2,4.1,15.2,0,0,1,0
U013904,64,0.234,Makkah,1,2,5.0,30.3,1,0,3,0
U013905,60,0.598,Riyadh,0,8,1.8,32.0,1,1,2,1
U013906,42,0.773,Riyadh,0,3,4.5,27.8,1,0,0,1
U013907,39,0.512,Makkah,1,1,1.6,29.7,1,0,2,0
U013908,38,0.313,Makkah,1,0,1.6,68.1,1,0,0,1
U013909,45,0.262,Riyadh,0,2,2.1,25.1,1,0,1,0
U013910,31,0.566,Eastern,4,3,2.6,21.1,0,0,0,1
U013911,37,0.436,Riyadh,0,1,2.3,13.1,1,1,2,0
U013912,53,0.033,Makkah,1,3,2.9,34.0,1,0,0,0
U013913,47,0.302,Jazan,9,2,4.7,14.5,0,1,1,0
U013914,66,0.196,Riyadh,0,2,4.1,11.5,0,1,0,1
U013915,45,0.378,Madinah,2,3,3.2,86.4,1,0,0,1
U013916,49,0.732,Riyadh,0,4,0.0,26.4,1,1,2,1
U013917,20,0.582,Al Bahah,11,0,1.0,14.5,0,0,0,1
U013918,20,0.182,Jazan,9,1,1.6,41.1,1,1,3,0
U013919,54,0.868,Makkah,1,5,1.4,7.2,1,1,0,0
U013920,45,0.855,Makkah,1,3,0.2,4.7,0,0,0,1
U013921,47,0.549,Makkah,1,1,1.5,3.6,1,0,1,1
U013922,67,0.842,Hail,7,4,2.9,14.8,1,1,1,1
U013923,25,0.431,Makkah,1,4,3.6,12.9,1,1,0,1
U013924,68,0.26,Makkah,1,3,2.6,4.7,0,1,0,0
U013925,48,0.217,Tabuk,6,2,4.8,34.3,1,0,3,0
U013926,66,0.936,Jazan,9,3,0.7,31.6,1,1,1,1
U013927,20,0.194,Makkah,1,5,4.2,16.0,0,0,1,1
U013928,32,0.759,Jazan,9,2,2.0,4.5,1,0,0,1
U013929,33,0.794,Madinah,2,7,0.0,22.3,1,1,0,1
U013930,38,0.582,Qassim,3,5,1.9,36.8,0,0,2,1
U013931,37,0.25,Asir,5,5,2.3,8.6,1,0,2,1
U013932,20,0.452,Makkah,1,3,0.0,3.9,0,0,2,1
U013933,47,0.314,Qassim,3,4,2.8,50.5,1,0,0,1
U013934,48,0.745,Eastern,4,8,0.0,19.8,0,1,0,1
U013935,66,0.55,Makkah,1,2,3.7,10.0,1,1,2,1
U013936,62,0.875,Riyadh,0,2,1.4,8.8,1,0,0,0
U013937,27,0.573,Eastern,4,1,1.2,30.4,1,0,2,1
U013938,54,0.429,Makkah,1,3,0.3,11.8,0,0,2,0
U013939,57,0.532,Eastern,4,3,1.8,33.1,1,0,1,1
U013940,24,0.736,Riyadh,0,3,1.8,15.6,1,1,2,1
U013941,42,0.525,Riyadh,0,1,2.4,3.6,1,0,1,1
U013942,47,0.16,Qassim,3,4,3.2,33.9,1,1,0,1
U013943,28,0.188,Jazan,9,3,1.2,23.2,1,0,1,0
U013944,34,0.585,Eastern,4,3,2.1,11.6,1,0,0,0
U013945,65,0.56,Riyadh,0,2,3.5,8.6,0,1,2,1
U013946,36,0.147,Asir,5,0,0.6,51.9,1,0,1,1
U013947,23,0.281,Eastern,4,0,3.0,17.9,1,0,0,1
U013948,29,0.36,Hail,7,0,1.4,9.5,1,0,2,0
U013949,49,0.505,Riyadh,0,2,3.0,24.6,1,0,2,0
U013950,29,0.793,Eastern,4,3,0.9,44.7,1,1,1,0
U013951,45,0.594,Makkah,1,5,2.2,48.4,1,1,2,1
U013952,69,0.601,Makkah,1,5,0.5,9.9,1,1,1,0
U013953,67,0.573,Riyadh,0,2,1.3,5.3,0,0,0,1
U013954,67,0.421,Jazan,9,4,0.7,29.2,1,1,2,1
U013955,29,0.452,Jazan,9,2,2.7,9.8,1,0,0,1
U013956,54,0.341,Eastern,4,1,0.9,10.5,1,0,0,1
U013957,64,0.331,Hail,7,3,4.1,30.5,0,0,1,0
U013958,24,0.279,Makkah,1,4,0.8,17.6,0,1,0,1
U013959,34,0.812,Eastern,4,5,3.2,14.4,1,0,0,1
U013960,18,0.623,Qassim,3,4,1.2,3.7,1,1,3,1
U013961,44,0.82,Eastern,4,3,0.6,45.3,1,1,2,1
U013962,23,0.538,Eastern,4,3,1.9,4.0,1,0,1,1
U013963,33,0.872,Hail,7,3,1.9,30.6,1,1,2,1
U013964,51,0.189,Makkah,1,2,1.8,26.5,1,1,1,1
U013965,55,0.24,Najran,10,2,2.3,17.4,1,1,0,1
U013966,44,0.477,Asir,5,3,1.6,64.8,1,0,0,1
U013967,35,0.114,Hail,7,0,4.0,52.7,1,1,2,1
U013968,23,0.624,Riyadh,0,3,0.8,13.5,1,1,1,1
U013969,31,0.497,Riyadh,0,0,4.0,69.6,1,0,0,0
U013970,43,0.739,Makkah,1,4,2.0,30.2,1,0,0,1
U013971,35,0.275,Riyadh,0,1,1.1,27.9,1,1,0,0
U013972,55,0.196,Al Jawf,12,0,3.8,57.2,1,0,0,0
U013973,58,0.53,Riyadh,0,3,2.9,9.6,0,1,1,1
U013974,36,0.774,Qassim,3,1,2.9,9.2,1,1,0,1
U013975,40,0.252,Tabuk,6,1,3.4,11.1,0,0,0,0
U013976,57,0.6,Eastern,4,3,0.7,13.2,0,1,2,1
U013977,20,0.196,Najran,10,2,3.4,1.2,1,0,0,1
U013978,51,0.261,Makkah,1,1,0.8,3.8,1,1,4,0
U013979,20,0.449,Eastern,4,0,2.0,18.4,0,1,1,1
U013980,61,0.537,Makkah,1,1,2.7,8.7,1,1,0,0
U013981,22,0.655,Makkah,1,0,1.2,33.5,1,1,0,1
U013982,46,0.248,Hail,7,1,4.2,23.5,0,0,2,0
U013983,50,0.409,Makkah,1,1,3.4,16.1,1,0,1,1
U013984,46,0.571,Al Bahah,11,1,0.6,18.3,1,0,1,1
U013985,37,0.693,Tabuk,6,3,1.6,16.2,1,1,0,1
U013986,69,0.586,Makkah,1,0,2.5,45.9,0,0,2,0
U013987,45,0.784,Al Bahah,11,2,0.0,24.9,1,1,2,0
U013988,60,0.352,Makkah,1,2,0.6,27.8,1,1,1,0
U013989,64,0.178,Riyadh,0,4,1.7,7.3,1,0,0,0
U013990,63,0.196,Makkah,1,4,3.6,9.1,1,0,1,0
U013991,34,0.418,Riyadh,0,1,2.1,13.1,1,0,0,1
U013992,68,0.643,Asir,5,2,2.2,28.6,1,1,3,1
U013993,52,0.374,Makkah,1,1,3.8,6.7,0,0,0,1
U013994,57,0.652,Riyadh,0,2,0.7,20.1,1,0,0,1
U013995,35,0.932,Makkah,1,5,1.2,26.1,1,1,1,1
U013996,51,0.568,Asir,5,3,2.3,7.7,1,1,1,1
U013997,60,0.279,Riyadh,0,3,0.5,13.4,1,0,1,1
U013998,68,0.48,Makkah,1,4,3.4,1.8,1,0,1,1
U013999,56,0.435,Hail,7,1,0.0,25.9,1,0,1,1
U014000,48,0.124,Madinah,2,2,3.2,40.7,1,0,0,0
U014001,54,0.296,Asir,5,1,1.1,18.5,1,0,1,0
U014002,63,0.448,Riyadh,0,3,1.8,11.1,0,0,1,0
U014003,24,0.412,Madinah,2,2,2.2,55.5,1,0,1,0
U014004,19,0.622,Makkah,1,1,0.0,15.0,0,0,1,1
U014005,32,0.299,Eastern,4,2,0.9,3.5,1,0,0,1
U014006,37,0.691,Riyadh,0,4,0.5,14.2,0,0,0,1
U014007,68,0.453,Asir,5,7,2.0,57.4,1,1,3,1
U014008,49,0.267,Riyadh,0,2,2.3,42.1,1,0,0,1
U014009,52,0.59,Al Bahah,11,0,0.3,2.8,0,0,0,1
U014010,38,0.729,Makkah,1,7,2.9,34.5,1,1,1,1
U014011,45,0.523,Madinah,2,2,0.0,2.1,1,0,1,1
U014012,18,0.337,Jazan,9,1,3.5,19.7,1,0,2,0
U014013,60,0.117,Jazan,9,1,1.2,5.2,0,0,1,1
U014014,25,0.197,Madinah,2,3,2.8,23.0,0,1,1,0
U014015,41,0.471,Jazan,9,3,3.8,24.0,1,1,0,1
U014016,34,0.316,Qassim,3,3,1.5,55.6,1,1,0,0
U014017,28,0.618,Eastern,4,1,0.7,30.8,1,1,1,0
U014018,20,0.417,Hail,7,1,2.0,12.2,1,0,1,0
U014019,40,0.243,Asir,5,4,3.5,26.6,1,1,1,1
U014020,57,0.549,Makkah,1,4,1.3,9.5,0,0,3,0
U014021,28,0.219,Hail,7,2,1.1,32.0,0,1,1,0
U014022,49,0.541,Madinah,2,4,0.7,19.4,1,1,3,1
U014023,20,0.71,Al Bahah,11,4,1.6,23.9,1,1,0,1
U014024,50,0.317,Asir,5,0,0.9,29.3,1,0,0,0
U014025,32,0.303,Riyadh,0,1,1.0,23.4,1,0,0,0
U014026,31,0.673,Riyadh,0,3,2.0,19.5,1,1,2,1
U014027,30,0.385,Makkah,1,7,2.9,25.0,1,0,0,0
U014028,65,0.857,Asir,5,4,0.7,23.1,1,1,0,1
U014029,43,0.331,Jazan,9,1,1.2,19.9,1,0,1,1
U014030,39,0.756,Makkah,1,2,1.6,21.2,1,1,1,1
U014031,37,0.308,Eastern,4,4,1.7,4.5,1,1,0,1
U014032,49,0.122,Jazan,9,4,2.9,20.1,1,0,1,1
U014033,44,0.824,Makkah,1,3,3.7,8.3,1,1,0,1
U014034,22,0.761,Makkah,1,2,1.6,15.5,1,0,0,1
U014035,26,0.448,Riyadh,0,4,1.8,24.1,1,0,2,0
U014036,50,0.509,Makkah,1,2,1.2,52.2,1,0,2,1
U014037,27,0.664,Riyadh,0,6,4.4,40.0,0,0,1,1
U014038,24,0.219,Riyadh,0,3,3.9,14.4,1,1,1,1
U014039,32,0.09,Riyadh,0,1,1.9,1.0,1,1,2,1
U014040,45,0.258,Makkah,1,0,3.4,22.9,1,0,1,0
U014041,56,0.416,Eastern,4,1,1.4,5.9,1,0,3,0
U014042,35,0.723,Northern Borders,8,5,0.3,15.2,1,0,0,1
U014043,46,0.577,Eastern,4,3,0.5,48.2,1,1,1,1
U014044,69,0.758,Al Bahah,11,2,3.2,6.3,0,1,0,1
U014045,42,0.616,Al Bahah,11,2,3.8,23.1,1,1,1,1
U014046,41,0.17,Al Jawf,12,3,3.3,7.8,1,1,1,0
U014047,43,0.265,Northern Borders,8,3,2.3,29.6,1,0,0,0
U014048,68,0.546,Riyadh,0,0,3.0,32.6,0,0,0,0
U014049,57,0.489,Riyadh,0,1,1.2,29.3,1,0,0,0
U014050,59,0.612,Riyadh,0,3,3.2,20.9,0,1,0,0
U014051,35,0.561,Riyadh,0,2,1.4,10.5,1,1,0,0
U014052,23,0.88,Eastern,4,6,0.9,17.3,1,0,0,1
U014053,48,0.549,Makkah,1,5,4.0,1.8,0,1,1,1
U014054,68,0.815,Eastern,4,4,1.2,43.3,1,0,0,0
U014055,47,0.31,Hail,7,3,4.0,22.6,1,0,0,1
U014056,36,0.563,Madinah,2,5,0.9,29.1,1,1,2,1
U014057,50,0.436,Tabuk,6,3,2.6,1.5,0,0,0,1
U014058,65,0.268,Riyadh,0,2,4.8,13.9,0,0,0,1
U014059,29,0.712,Madinah,2,2,1.0,11.3,1,1,0,0
U014060,37,0.852,Makkah,1,5,0.0,2.9,0,1,2,1
U014061,31,0.593,Northern Borders,8,3,0.7,8.8,1,1,1,1
U014062,27,0.494,Asir,5,3,2.0,28.6,1,0,0,0
U014063,45,0.597,Jazan,9,5,2.1,18.3,1,0,2,1
U014064,33,0.249,Riyadh,0,1,2.8,30.0,1,1,3,1
U014065,30,0.14,Riyadh,0,2,4.2,19.9,1,0,1,0
U014066,33,0.829,Eastern,4,3,2.3,10.9,1,0,0,0
U014067,37,0.405,Asir,5,0,1.8,21.0,0,0,0,0
U014068,22,0.557,Jazan,9,6,3.7,8.3,1,1,1,1
U014069,55,0.714,Eastern,4,0,1.2,14.6,1,1,1,1
U014070,65,0.532,Northern Borders,8,5,3.0,3.0,1,1,1,1
U014071,63,0.418,Riyadh,0,1,2.8,11.4,1,0,1,1
U014072,23,0.329,Eastern,4,1,2.7,16.8,1,0,0,1
U014073,20,0.688,Eastern,4,4,3.7,16.8,1,0,1,1
U014074,34,0.174,Makkah,1,4,4.6,21.4,1,0,0,0
U014075,42,0.422,Makkah,1,1,1.6,8.1,0,1,4,1
U014076,52,0.413,Asir,5,4,2.6,6.5,0,1,2,1
U014077,23,0.743,Makkah,1,2,1.3,19.1,1,0,0,1
U014078,60,0.384,Qassim,3,2,0.0,9.9,1,1,2,1
U014079,56,0.395,Makkah,1,3,1.7,16.5,1,0,1,1
U014080,30,0.526,Hail,7,1,2.4,10.7,0,0,0,1
U014081,54,0.619,Riyadh,0,2,1.1,11.5,1,0,1,1
U014082,28,0.246,Tabuk,6,5,3.3,17.4,0,1,3,1
U014083,69,0.249,Qassim,3,2,4.1,25.4,1,0,1,1
U014084,40,0.141,Al Jawf,12,1,2.2,40.1,1,0,1,0
U014085,39,0.412,Qassim,3,4,0.9,9.0,1,0,0,1
U014086,31,0.769,Northern Borders,8,3,0.2,31.0,1,1,2,1
U014087,39,0.148,Riyadh,0,2,1.1,22.6,1,0,0,0
U014088,66,0.455,Makkah,1,3,3.3,29.3,1,0,1,0
U014089,30,0.934,Hail,7,4,1.2,11.3,0,1,2,1
U014090,22,0.704,Madinah,2,6,1.5,16.3,1,1,0,1
U014091,35,0.211,Najran,10,0,2.6,14.5,1,1,3,0
U014092,32,0.512,Riyadh,0,2,0.8,38.9,1,1,1,0
U014093,34,0.814,Jazan,9,10,0.0,7.9,1,1,1,0
U014094,49,0.269,Riyadh,0,3,2.2,45.1,1,0,1,0
U014095,30,0.753,Madinah,2,5,0.0,33.8,1,1,1,1
U014096,54,0.803,Asir,5,4,3.5,62.6,1,1,0,0
U014097,55,0.158,Najran,10,0,1.5,24.6,1,0,1,1
U014098,59,0.216,Riyadh,0,5,3.4,33.5,0,1,3,0
U014099,28,0.434,Riyadh,0,0,4.7,55.1,1,0,1,0
U014100,65,0.168,Eastern,4,2,2.4,28.2,1,1,1,0
U014101,46,0.764,Eastern,4,1,0.8,9.6,0,1,1,1
U014102,27,0.346,Eastern,4,2,3.9,29.7,1,0,0,0
U014103,51,0.543,Riyadh,0,5,2.7,15.6,1,1,0,1
U014104,23,0.356,Madinah,2,3,3.0,9.3,0,0,1,1
U014105,53,0.757,Riyadh,0,4,2.7,7.1,1,0,0,1
U014106,55,0.468,Makkah,1,3,0.9,13.2,1,0,0,0
U014107,44,0.8,Riyadh,0,4,0.9,38.2,1,1,0,1
U014108,47,0.093,Al Jawf,12,0,3.3,25.4,1,0,1,1
U014109,47,0.891,Makkah,1,8,0.9,7.3,1,0,1,1
U014110,41,0.974,Riyadh,0,4,0.0,1.3,1,0,1,1
U014111,19,0.324,Eastern,4,2,4.2,11.6,1,0,1,1
U014112,50,0.567,Riyadh,0,1,0.0,20.1,1,0,1,1
U014113,39,0.592,Makkah,1,6,1.7,8.8,1,1,2,1
U014114,33,0.523,Riyadh,0,2,2.3,13.6,1,1,1,0
U014115,33,0.266,Eastern,4,1,0.9,11.7,1,0,1,1
U014116,31,0.34,Madinah,2,4,2.3,24.8,1,0,0,0
U014117,40,0.706,Al Bahah,11,2,1.4,24.7,1,0,0,0
U014118,53,0.803,Makkah,1,4,1.3,26.7,1,1,1,1
U014119,21,0.606,Eastern,4,5,1.2,31.0,1,0,0,1
U014120,22,0.423,Al Jawf,12,3,2.4,12.9,1,1,0,0
U014121,58,0.168,Makkah,1,2,2.5,42.3,1,0,2,0
U014122,26,0.292,Madinah,2,7,0.5,29.4,1,0,2,1
U014123,66,0.407,Al Jawf,12,3,1.0,45.0,1,1,1,1
U014124,36,0.864,Makkah,1,6,1.6,23.2,1,1,3,1
U014125,39,0.885,Riyadh,0,4,1.3,31.3,1,0,1,1
U014126,49,0.283,Eastern,4,1,3.2,28.6,1,0,1,1
U014127,32,0.556,Asir,5,4,2.5,13.2,1,1,1,0
U014128,46,0.806,Qassim,3,4,2.2,21.7,1,1,2,1
U014129,20,0.583,Makkah,1,2,3.6,16.3,1,0,0,1
U014130,65,0.213,Al Bahah,11,2,1.9,5.5,1,0,1,0
U014131,37,0.524,Asir,5,1,3.9,11.2,0,0,0,0
U014132,58,0.469,Eastern,4,4,4.8,39.9,1,0,0,1
U014133,19,0.35,Eastern,4,0,1.8,8.4,1,0,0,1
U014134,24,0.486,Qassim,3,4,4.2,6.0,0,0,1,0
U014135,49,0.25,Riyadh,0,6,1.1,26.6,0,0,0,1
U014136,57,0.312,Makkah,1,1,2.3,48.4,1,0,0,0
U014137,20,0.338,Tabuk,6,2,3.0,33.8,1,0,1,0
U014138,19,0.627,Riyadh,0,2,3.1,15.0,0,0,1,1
U014139,66,0.242,Riyadh,0,4,4.0,9.3,1,0,0,0
U014140,62,0.852,Madinah,2,8,2.3,0.8,0,0,0,1
U014141,69,0.746,Riyadh,0,3,0.0,34.6,1,0,0,0
U014142,25,0.635,Riyadh,0,5,1.3,17.7,1,0,1,0
U014143,19,0.372,Tabuk,6,2,3.6,12.5,1,1,1,0
U014144,41,0.404,Madinah,2,4,1.9,43.0,1,0,1,1
U014145,33,0.509,Madinah,2,5,2.6,29.9,1,1,2,1
U014146,59,0.86,Makkah,1,2,0.0,57.7,1,1,1,0
U014147,28,0.464,Riyadh,0,4,1.4,18.7,1,1,1,0
U014148,56,0.251,Makkah,1,0,2.3,23.9,1,0,0,0
U014149,31,0.462,Madinah,2,0,2.7,2.7,1,0,0,1
U014150,41,0.745,Asir,5,6,2.4,43.5,1,1,2,1
U014151,64,0.194,Eastern,4,1,2.2,25.7,1,0,0,0
U014152,28,0.565,Asir,5,5,2.5,11.2,0,0,1,1
U014153,21,0.128,Riyadh,0,1,1.0,5.7,0,0,0,0
U014154,43,0.1,Qassim,3,4,3.4,24.5,1,1,2,1
U014155,55,0.923,Riyadh,0,5,2.1,17.5,1,1,1,1
U014156,41,0.57,Riyadh,0,4,1.6,23.1,1,1,2,0
U014157,67,0.66,Eastern,4,2,0.0,4.7,1,0,1,1
U014158,68,0.977,Madinah,2,2,2.9,10.6,1,0,0,0
U014159,47,0.163,Madinah,2,2,2.4,16.9,1,0,1,0
U014160,22,0.463,Najran,10,7,2.0,7.1,1,1,2,1
U014161,67,0.35,Madinah,2,3,2.4,4.8,1,0,0,0
U014162,64,0.281,Riyadh,0,1,3.1,6.5,1,0,0,0
U014163,51,0.34,Makkah,1,2,4.9,26.3,1,0,0,0
U014164,51,0.804,Jazan,9,7,1.4,7.7,0,1,1,1
U014165,47,0.526,Hail,7,3,0.3,24.8,0,1,2,1
U014166,38,0.446,Makkah,1,3,3.1,6.4,1,1,0,1
U014167,58,0.329,Riyadh,0,2,1.4,7.7,1,1,0,1
U014168,51,0.772,Makkah,1,4,0.6,21.9,1,1,0,1
U014169,49,0.255,Riyadh,0,1,3.8,4.6,1,0,1,0
U014170,64,0.733,Makkah,1,5,4.8,43.7,1,1,0,1
U014171,20,0.349,Qassim,3,4,2.9,18.6,1,0,1,0
U014172,31,0.762,Riyadh,0,4,0.0,4.2,1,1,1,0
U014173,66,0.396,Makkah,1,3,1.8,23.8,1,0,0,0
U014174,66,0.663,Hail,7,4,0.5,20.1,1,0,0,1
U014175,31,0.118,Makkah,1,1,3.4,21.8,1,0,0,0
U014176,33,0.107,Makkah,1,1,4.3,37.0,1,0,0,0
U014177,46,0.535,Qassim,3,2,2.3,4.6,1,0,0,1
U014178,61,0.235,Eastern,4,2,4.2,17.3,1,1,1,1
U014179,27,0.216,Riyadh,0,1,2.9,38.1,1,0,0,0
U014180,55,0.785,Riyadh,0,1,0.0,1.4,0,0,0,1
U014181,57,0.434,Madinah,2,3,2.8,9.9,1,0,0,1
U014182,68,0.822,Eastern,4,4,1.0,26.9,1,1,1,0
U014183,46,0.151,Jazan,9,0,5.1,53.1,1,0,0,1
U014184,68,0.277,Najran,10,2,0.8,40.6,1,0,3,0
U014185,28,0.56,Makkah,1,4,3.3,33.0,1,1,0,0
U014186,58,0.553,Northern Borders,8,2,1.9,3.9,1,1,2,1
U014187,21,0.915,Riyadh,0,3,5.0,39.6,1,0,1,1
U014188,21,0.527,Riyadh,0,7,2.2,38.5,1,0,2,1
U014189,67,0.406,Makkah,1,0,1.7,7.3,0,0,0,1
U014190,34,0.723,Makkah,1,5,0.0,32.1,1,0,0,1
U014191,36,0.217,Jazan,9,2,6.2,3.3,0,0,1,1
U014192,67,0.197,Eastern,4,2,4.8,7.3,0,0,0,0
U014193,20,0.595,Asir,5,3,4.4,19.2,0,0,0,0
U014194,68,0.801,Eastern,4,2,2.3,24.3,1,0,1,0
U014195,62,0.687,Najran,10,1,2.3,11.0,1,1,1,0
U014196,55,0.421,Riyadh,0,1,3.0,5.2,0,0,0,0
U014197,26,0.314,Riyadh,0,2,1.5,25.8,1,0,1,0
U014198,59,0.46,Qassim,3,4,2.8,16.9,1,0,1,0
U014199,34,0.455,Makkah,1,6,4.2,11.2,1,0,0,1
U014200,35,0.435,Riyadh,0,2,4.2,65.9,1,0,0,1
U014201,18,0.241,Makkah,1,1,3.5,44.3,1,0,0,0
U014202,34,0.312,Madinah,2,1,3.0,5.3,1,0,1,0
U014203,57,0.208,Riyadh,0,4,2.3,48.0,1,0,1,0
U014204,49,0.487,Eastern,4,1,3.2,7.2,1,1,2,1
U014205,29,0.342,Makkah,1,0,1.4,17.7,0,0,0,1
U014206,64,0.443,Hail,7,1,1.6,22.5,1,1,1,1
U014207,55,0.339,Jazan,9,0,2.1,85.7,1,1,0,1
U014208,47,0.723,Makkah,1,2,1.0,34.1,1,1,0,0
U014209,57,0.708,Makkah,1,3,0.5,10.5,1,1,0,1
U014210,69,0.652,Qassim,3,3,0.0,8.0,1,0,0,1
U014211,65,0.836,Qassim,3,4,1.0,9.3,1,1,4,1
U014212,46,0.255,Makkah,1,3,1.4,8.0,0,0,2,1
U014213,61,0.585,Riyadh,0,2,1.2,32.8,1,1,1,0
U014214,31,0.628,Riyadh,0,2,2.9,12.5,1,1,2,1
U014215,67,0.701,Eastern,4,3,3.2,20.4,0,0,0,0
U014216,19,0.751,Riyadh,0,2,2.3,5.1,1,1,1,1
U014217,29,0.427,Makkah,1,4,1.8,29.3,1,0,0,1
U014218,40,0.606,Makkah,1,4,0.0,31.3,1,1,0,0
U014219,37,0.624,Madinah,2,4,0.7,46.6,1,0,2,1
U014220,58,0.544,Eastern,4,4,4.0,45.8,1,0,2,1
U014221,18,0.542,Makkah,1,2,3.0,28.3,0,1,1,1
U014222,51,0.704,Makkah,1,3,0.9,8.5,0,1,0,1
U014223,49,0.305,Najran,10,0,2.3,20.6,0,0,0,0
U014224,50,0.672,Riyadh,0,1,1.9,54.3,1,0,1,1
U014225,44,0.523,Riyadh,0,5,1.7,30.1,0,1,0,1
U014226,61,0.172,Najran,10,1,3.0,8.2,1,0,0,1
U014227,44,0.438,Makkah,1,5,0.9,4.7,0,1,3,0
U014228,69,0.404,Jazan,9,4,0.8,32.8,1,0,0,0
U014229,65,0.922,Makkah,1,3,0.0,9.2,0,0,0,0
U014230,22,0.049,Al Jawf,12,2,1.5,14.2,1,1,0,1
U014231,61,0.702,Madinah,2,5,1.1,7.9,1,0,0,1
U014232,61,0.425,Riyadh,0,2,2.6,30.7,1,0,0,0
U014233,28,0.28,Riyadh,0,3,1.2,31.5,1,1,1,0
U014234,33,0.035,Eastern,4,4,2.3,33.0,1,1,2,1
U014235,44,0.713,Riyadh,0,3,2.5,9.7,0,1,0,1
U014236,24,0.952,Hail,7,6,0.6,9.5,1,1,0,1
U014237,23,0.376,Riyadh,0,2,2.9,37.9,1,0,1,0
U014238,20,0.042,Qassim,3,2,0.0,18.6,1,1,1,1
U014239,23,0.263,Al Bahah,11,4,0.2,13.2,1,1,1,0
U014240,44,0.267,Eastern,4,3,2.6,21.1,1,0,1,1
U014241,37,0.362,Eastern,4,1,3.1,38.3,1,0,1,0
U014242,25,0.493,Madinah,2,2,1.0,5.5,0,1,2,1
U014243,38,0.328,Jazan,9,3,3.2,41.0,1,1,1,0
U014244,32,0.417,Makkah,1,8,3.5,28.0,1,0,0,0
U014245,39,0.558,Makkah,1,4,3.7,13.7,0,1,0,0
U014246,26,0.525,Riyadh,0,4,2.5,57.1,1,0,1,1
U014247,47,0.432,Jazan,9,3,2.6,32.5,1,0,0,0
U014248,42,0.672,Riyadh,0,5,2.6,32.4,1,0,1,1
U014249,58,0.529,Riyadh,0,0,0.3,14.2,1,1,0,1
U014250,67,0.27,Najran,10,5,2.9,25.3,1,0,0,1
U014251,63,0.588,Riyadh,0,2,1.5,75.7,1,0,0,0
U014252,30,0.574,Riyadh,0,2,0.0,7.3,1,0,0,0
U014253,69,0.831,Makkah,1,6,1.0,6.3,0,1,0,1
U014254,62,0.618,Riyadh,0,2,0.1,19.0,1,1,1,1
U014255,55,0.636,Riyadh,0,6,2.9,9.4,1,0,1,1
U014256,47,0.23,Riyadh,0,2,2.3,19.7,0,0,0,0
U014257,18,0.333,Makkah,1,0,2.7,29.8,1,0,0,1
U014258,49,0.153,Makkah,1,0,1.7,31.8,1,0,2,1
U014259,34,0.713,Riyadh,0,5,0.3,3.0,1,0,0,0
U014260,31,0.069,Qassim,3,2,2.6,0.5,0,0,3,0
U014261,53,0.222,Riyadh,0,0,3.0,36.8,0,0,0,0
U014262,28,0.743,Makkah,1,5,3.1,36.4,1,1,3,1
U014263,21,0.847,Northern Borders,8,3,2.9,19.8,1,1,2,1
U014264,24,0.426,Riyadh,0,1,3.1,8.5,1,0,2,0
U014265,62,0.542,Makkah,1,3,1.6,21.4,1,1,1,0
U014266,54,0.615,Eastern,4,6,3.1,60.8,1,1,1,1
U014267,46,0.094,Makkah,1,3,3.2,5.8,0,1,0,0
U014268,23,0.716,Riyadh,0,1,1.3,13.9,1,1,0,1
U014269,69,0.303,Eastern,4,5,3.3,6.0,1,0,0,0
U014270,25,0.451,Riyadh,0,0,1.8,42.8,1,0,1,0
U014271,36,0.63,Makkah,1,1,0.1,8.1,1,0,0,0
U014272,27,0.728,Al Jawf,12,0,2.0,6.2,1,0,0,1
U014273,53,0.522,Riyadh,0,3,2.7,19.5,1,1,3,1
U014274,23,0.683,Al Bahah,11,7,3.5,19.3,1,1,1,1
U014275,18,0.176,Riyadh,0,5,3.9,27.6,1,0,1,1
U014276,48,0.564,Northern Borders,8,2,2.4,11.0,1,0,0,1
U014277,50,0.114,Qassim,3,2,3.8,24.0,1,1,3,0
U014278,25,0.408,Al Jawf,12,1,1.5,54.0,1,0,0,1
U014279,61,0.583,Makkah,1,4,1.2,48.2,1,0,0,1
U014280,35,0.585,Asir,5,3,3.6,13.7,0,1,1,1
U014281,40,0.399,Najran,10,7,1.8,11.0,1,1,2,1
U014282,59,0.443,Eastern,4,7,3.0,17.3,1,1,2,1
U014283,33,0.744,Riyadh,0,1,0.6,5.6,1,0,0,1
U014284,45,0.699,Najran,10,1,3.3,7.8,1,0,1,0
U014285,49,0.484,Tabuk,6,5,1.4,22.0,0,1,0,0
U014286,30,0.171,Eastern,4,1,1.9,4.4,0,0,1,0
U014287,19,0.658,Riyadh,0,1,1.0,23.2,1,1,1,1
U014288,38,0.793,Eastern,4,5,1.0,36.8,1,1,1,1
U014289,46,0.578,Makkah,1,1,3.4,23.3,1,0,0,1
U014290,20,0.582,Riyadh,0,2,3.7,32.2,1,0,0,1
U014291,44,0.469,Madinah,2,6,4.8,27.8,1,0,0,0
U014292,36,0.671,Asir,5,1,1.7,8.4,1,0,0,1
U014293,58,0.42,Eastern,4,1,1.5,9.8,1,0,0,1
U014294,52,0.481,Asir,5,4,1.6,18.7,0,0,1,0
U014295,66,0.804,Northern Borders,8,3,1.1,36.9,1,1,0,0
U014296,39,0.194,Jazan,9,4,3.6,17.4,1,0,1,1
U014297,40,0.69,Madinah,2,4,2.3,24.8,1,1,2,1
U014298,25,0.178,Riyadh,0,3,1.6,10.2,1,1,2,1
U014299,20,0.338,Riyadh,0,5,4.3,35.3,1,0,1,1
U014300,24,0.461,Al Jawf,12,1,4.2,9.0,1,0,0,0
U014301,53,0.63,Makkah,1,3,0.3,34.4,1,0,1,1
U014302,43,0.464,Riyadh,0,0,1.4,23.2,1,0,0,0
U014303,64,0.836,Eastern,4,4,0.0,23.2,1,1,1,1
U014304,45,0.517,Madinah,2,3,3.6,17.9,1,0,0,0
U014305,21,0.901,Eastern,4,5,0.0,34.6,1,1,1,1
U014306,22,0.252,Makkah,1,0,1.9,3.8,1,0,0,1
U014307,42,0.549,Riyadh,0,1,0.6,25.8,1,1,1,0
U014308,65,0.554,Makkah,1,4,1.0,54.7,1,1,2,0
U014309,39,0.629,Riyadh,0,2,1.8,6.0,0,1,0,0
U014310,68,0.389,Al Bahah,11,1,1.7,13.0,0,0,0,0
U014311,53,0.078,Hail,7,3,0.0,7.5,1,0,0,0
U014312,29,0.287,Riyadh,0,0,4.0,2.8,0,0,1,1
U014313,45,0.834,Jazan,9,3,0.6,40.2,1,1,1,1
U014314,28,0.325,Qassim,3,3,2.1,24.1,1,1,0,1
U014315,28,0.785,Makkah,1,4,0.0,7.2,1,0,0,0
U014316,59,0.585,Riyadh,0,7,1.0,58.8,1,1,0,0
U014317,22,0.534,Eastern,4,3,3.2,20.0,0,0,0,0
U014318,30,0.792,Makkah,1,4,1.2,9.4,1,1,1,1
U014319,68,0.195,Eastern,4,1,2.8,25.7,1,0,0,1
U014320,58,0.7,Madinah,2,1,0.8,27.6,0,1,0,1
U014321,61,0.815,Riyadh,0,3,2.1,10.0,0,0,0,1
U014322,69,0.476,Hail,7,2,2.7,5.8,1,0,0,0
U014323,48,0.636,Riyadh,0,0,2.2,32.8,1,0,0,1
U014324,40,0.244,Riyadh,0,1,2.8,7.5,1,0,0,1
U014325,65,0.644,Eastern,4,1,2.5,10.9,1,1,1,1
U014326,39,0.16,Riyadh,0,3,3.3,18.5,1,0,1,0
U014327,35,0.392,Qassim,3,3,4.4,23.3,1,0,1,1
U014328,39,0.771,Tabuk,6,5,0.0,49.3,1,1,1,1
U014329,60,0.163,Riyadh,0,1,0.6,10.5,1,0,0,0
U014330,68,0.316,Riyadh,0,2,2.0,17.6,0,0,0,0
U014331,29,0.805,Makkah,1,2,2.4,61.0,1,1,0,1
U014332,58,0.037,Makkah,1,1,2.7,36.5,1,0,0,0
U014333,43,0.794,Jazan,9,6,0.8,115.9,1,1,1,1
U014334,51,0.439,Jazan,9,1,1.6,34.1,0,0,1,0
U014335,50,0.051,Riyadh,0,2,3.1,38.3,1,1,5,1
U014336,60,0.799,Hail,7,3,0.0,36.5,0,1,1,0
U014337,53,0.359,Makkah,1,2,0.0,25.7,0,0,0,0
U014338,42,0.942,Makkah,1,5,0.0,4.0,0,1,0,1
U014339,48,0.442,Eastern,4,3,2.6,29.4,1,0,0,1
U014340,69,0.504,Asir,5,1,2.4,8.8,0,1,1,0
U014341,50,0.864,Jazan,9,5,3.0,27.0,1,0,0,1
U014342,32,0.314,Riyadh,0,1,3.5,4.3,0,0,1,0
U014343,54,0.607,Asir,5,4,2.5,23.0,1,1,1,1
U014344,41,0.516,Northern Borders,8,2,1.9,33.3,1,1,0,0
U014345,31,0.472,Makkah,1,1,2.7,41.3,1,0,0,1
U014346,37,0.6,Riyadh,0,2,1.4,4.3,1,0,0,0
U014347,27,0.518,Jazan,9,1,3.9,64.9,1,0,3,1
U014348,35,0.399,Hail,7,2,1.3,39.1,1,1,3,0
U014349,21,0.596,Jazan,9,4,2.3,14.0,1,0,1,1
U014350,18,0.229,Tabuk,6,4,3.9,17.9,1,0,2,0
U014351,25,0.391,Hail,7,5,1.2,23.6,0,1,0,1
U014352,37,0.917,Eastern,4,8,1.5,14.0,1,1,1,1
U014353,50,0.447,Madinah,2,4,1.9,8.4,1,0,0,1
U014354,61,0.281,Makkah,1,6,2.6,11.1,0,0,0,0
U014355,28,0.289,Makkah,1,4,4.6,30.4,1,0,1,0
U014356,28,0.46,Eastern,4,0,3.0,19.3,1,1,1,0
U014357,33,0.595,Hail,7,4,2.7,27.2,1,1,2,1
U014358,22,0.78,Madinah,2,6,1.6,3.4,1,1,1,1
U014359,35,0.499,Qassim,3,2,2.1,16.9,1,0,0,1
U014360,25,0.444,Al Bahah,11,3,3.6,24.3,1,0,0,0
U014361,68,0.455,Makkah,1,1,2.5,34.4,1,0,2,1
U014362,41,0.827,Riyadh,0,5,0.9,3.3,1,1,0,0
U014363,38,0.354,Makkah,1,3,3.6,22.4,1,1,0,1
U014364,35,0.558,Makkah,1,4,0.3,11.5,0,1,1,1
U014365,56,0.597,Makkah,1,2,0.2,23.9,1,0,0,1
U014366,42,0.398,Makkah,1,1,2.1,11.5,1,1,1,1
U014367,69,0.683,Riyadh,0,4,0.9,54.9,1,0,0,1
U014368,39,0.395,Qassim,3,2,2.4,5.9,0,0,0,1
U014369,64,0.675,Makkah,1,3,1.0,4.0,1,1,0,0
U014370,68,0.421,Makkah,1,4,1.2,21.4,1,0,1,1
U014371,63,0.532,Eastern,4,4,2.8,40.0,1,0,1,1
U014372,32,0.452,Najran,10,6,2.9,15.0,1,1,1,0
U014373,69,0.646,Eastern,4,3,1.8,19.7,1,1,0,0
U014374,30,0.91,Riyadh,0,2,1.1,40.1,1,1,0,1
U014375,59,0.221,Northern Borders,8,3,2.9,22.9,1,0,1,0
U014376,60,0.925,Tabuk,6,2,1.9,51.0,1,0,0,1
U014377,53,0.551,Makkah,1,1,0.7,10.0,1,1,1,0
U014378,40,0.413,Makkah,1,3,0.9,4.9,1,0,0,1
U014379,28,0.506,Riyadh,0,1,0.5,29.4,1,1,1,1
U014380,35,0.336,Riyadh,0,3,3.4,25.6,0,0,0,1
U014381,65,0.638,Asir,5,6,4.2,7.0,1,1,1,1
U014382,33,0.867,Riyadh,0,2,0.0,31.9,0,0,1,1
U014383,30,0.298,Riyadh,0,2,1.0,6.0,1,0,1,1
U014384,45,0.484,Al Jawf,12,4,1.1,23.7,1,0,1,0
U014385,68,0.715,Riyadh,0,7,0.5,42.3,1,0,0,1
U014386,22,0.572,Eastern,4,5,5.7,6.7,1,0,2,1
U014387,60,0.489,Makkah,1,3,1.7,12.8,1,1,1,1
U014388,63,0.973,Makkah,1,5,0.0,13.8,1,0,0,1
U014389,42,0.363,Riyadh,0,0,0.4,23.8,1,0,0,0
U014390,38,0.504,Madinah,2,2,3.5,50.9,1,0,0,0
U014391,25,0.875,Makkah,1,1,0.0,9.3,1,1,0,1
U014392,47,0.203,Eastern,4,0,1.1,68.8,1,0,1,0
U014393,26,0.564,Makkah,1,3,0.2,85.4,1,0,0,0
U014394,34,0.283,Asir,5,3,2.7,17.5,0,1,0,1
U014395,27,0.429,Riyadh,0,1,0.8,24.3,1,0,0,1
U014396,39,0.561,Makkah,1,7,1.0,30.0,1,1,3,1
U014397,43,0.292,Eastern,4,2,4.5,10.1,1,0,0,1
U014398,42,0.045,Riyadh,0,4,1.9,10.9,0,0,0,0
U014399,35,0.578,Riyadh,0,6,0.4,36.1,1,1,3,1
U014400,19,0.296,Makkah,1,3,4.0,16.3,1,0,0,0
U014401,68,0.155,Asir,5,4,1.1,36.8,1,0,0,0
U014402,56,0.083,Asir,5,2,3.2,18.5,0,1,1,1
U014403,38,0.175,Hail,7,3,3.5,3.6,1,0,0,0
U014404,41,0.372,Makkah,1,7,0.8,16.0,0,1,3,1
U014405,54,0.096,Najran,10,4,2.0,38.1,1,1,1,1
U014406,36,0.596,Makkah,1,3,1.5,52.9,1,0,1,1
U014407,44,0.681,Makkah,1,4,2.4,14.6,1,1,1,1
U014408,38,0.407,Al Jawf,12,1,3.1,21.2,0,0,0,1
U014409,23,0.389,Qassim,3,1,0.7,26.9,1,0,1,1
U014410,68,0.918,Riyadh,0,5,0.0,36.0,1,1,0,1
U014411,34,0.17,Al Bahah,11,2,0.9,26.5,0,0,1,0
U014412,62,0.281,Makkah,1,2,2.2,30.2,1,0,0,0
U014413,51,0.805,Riyadh,0,3,1.0,40.7,1,1,2,1
U014414,18,0.252,Makkah,1,0,2.1,10.6,1,0,1,0
U014415,52,0.586,Riyadh,0,4,2.3,69.9,1,1,1,1
U014416,50,0.458,Makkah,1,6,2.7,1.3,0,0,0,0
U014417,30,0.814,Makkah,1,1,1.6,13.5,1,1,2,1
U014418,56,0.495,Al Jawf,12,3,2.4,44.4,1,1,1,0
U014419,29,0.507,Eastern,4,1,1.9,19.0,1,0,1,1
U014420,30,0.367,Makkah,1,1,0.0,25.1,1,1,2,1
U014421,31,0.543,Riyadh,0,2,0.4,16.3,1,1,1,0
U014422,46,0.554,Eastern,4,3,3.6,37.6,1,0,0,0
U014423,28,0.618,Riyadh,0,3,0.5,23.8,1,1,2,0
U014424,56,0.699,Eastern,4,3,2.4,7.4,1,1,0,0
U014425,61,0.576,Makkah,1,5,3.4,10.3,1,1,0,0
U014426,30,0.402,Asir,5,3,1.5,14.5,0,1,1,1
U014427,36,0.406,Madinah,2,3,6.8,26.6,1,0,2,1
U014428,26,0.835,Eastern,4,4,0.6,4.6,0,0,1,1
U014429,33,0.859,Makkah,1,3,0.2,29.4,1,1,2,1
U014430,60,0.726,Madinah,2,4,0.3,18.8,1,1,0,1
U014431,47,0.235,Al Bahah,11,2,3.9,28.9,1,1,1,1
U014432,54,0.611,Tabuk,6,5,1.8,25.2,1,1,2,1
U014433,23,0.079,Al Jawf,12,2,2.8,50.7,1,0,0,1
U014434,25,0.462,Riyadh,0,1,1.6,54.2,1,0,1,1
U014435,36,0.565,Makkah,1,4,4.5,15.1,1,0,0,0
U014436,68,0.141,Qassim,3,3,3.4,20.5,1,0,0,0
U014437,52,0.814,Makkah,1,2,0.0,34.4,0,0,0,1
U014438,37,0.313,Al Bahah,11,1,3.5,41.7,1,0,0,0
U014439,47,0.812,Eastern,4,2,2.1,36.3,1,1,3,0
U014440,29,0.286,Riyadh,0,4,3.3,31.9,1,1,0,0
U014441,38,0.355,Madinah,2,3,0.6,24.2,1,1,1,1
U014442,43,0.312,Makkah,1,4,2.3,31.1,1,1,0,1
U014443,57,0.696,Al Jawf,12,1,1.3,35.5,1,1,3,1
U014444,19,0.468,Makkah,1,5,2.4,9.3,1,1,2,1
U014445,50,0.591,Riyadh,0,2,1.1,14.3,0,0,2,0
U014446,56,0.624,Makkah,1,3,1.9,6.5,1,1,1,1
U014447,38,0.677,Riyadh,0,2,2.8,12.3,1,0,0,1
U014448,65,0.117,Makkah,1,2,0.7,2.1,1,0,0,0
U014449,50,0.315,Najran,10,5,3.1,70.9,1,1,2,0
U014450,35,0.668,Asir,5,3,0.9,28.4,1,0,2,1
U014451,62,0.056,Al Jawf,12,2,1.3,24.8,0,0,0,0
U014452,31,0.233,Madinah,2,1,2.3,2.1,1,1,0,0
U014453,25,0.842,Northern Borders,8,6,2.2,1.4,1,1,0,1
U014454,69,0.903,Riyadh,0,1,1.8,17.3,0,1,0,0
U014455,30,0.472,Eastern,4,4,3.4,65.9,1,0,1,0
U014456,22,0.306,Riyadh,0,5,2.7,31.9,1,1,3,1
U014457,25,0.076,Najran,10,3,3.9,8.7,1,0,0,1
U014458,37,0.487,Madinah,2,2,1.1,13.6,1,0,1,1
U014459,48,0.764,Eastern,4,4,1.4,7.6,0,1,2,0
U014460,42,0.683,Riyadh,0,5,1.5,28.1,1,1,1,1
U014461,55,0.65,Al Bahah,11,7,0.0,18.7,1,0,1,1
U014462,37,0.436,Jazan,9,5,3.1,15.3,1,0,0,0
U014463,39,0.351,Eastern,4,3,3.2,3.9,1,1,3,0
U014464,58,0.379,Eastern,4,6,2.0,8.6,1,1,2,0
U014465,33,0.659,Hail,7,2,0.8,57.6,1,0,1,1
U014466,36,0.498,Makkah,1,5,3.5,17.3,1,1,0,1
U014467,65,0.082,Makkah,1,2,2.7,30.9,1,0,0,1
U014468,65,0.275,Eastern,4,4,2.3,30.9,1,1,0,1
U014469,46,0.318,Najran,10,2,3.6,17.5,1,0,0,0
U014470,53,0.63,Eastern,4,3,3.4,9.2,1,0,1,0
U014471,50,0.646,Jazan,9,4,0.0,19.0,1,1,2,1
U014472,48,0.583,Qassim,3,2,1.8,7.7,0,0,0,0
U014473,33,0.334,Asir,5,4,2.9,26.5,1,0,0,1
U014474,27,0.806,Riyadh,0,5,2.3,34.8,0,1,2,1
U014475,40,0.67,Makkah,1,6,3.3,12.9,1,1,1,1
U014476,45,0.391,Eastern,4,3,3.8,26.7,1,0,0,1
U014477,44,0.472,Eastern,4,2,1.0,28.1,1,0,0,1
U014478,53,0.781,Al Jawf,12,4,2.2,2.1,1,0,0,1
U014479,54,0.525,Al Jawf,12,7,3.1,35.2,1,1,2,1
U014480,29,0.96,Eastern,4,3,1.6,37.0,1,1,0,1
U014481,44,0.206,Eastern,4,1,3.8,27.5,1,1,0,0
U014482,33,0.804,Eastern,4,3,1.7,6.6,1,1,1,0
U014483,59,0.274,Riyadh,0,2,2.6,41.3,1,0,0,1
U014484,64,0.392,Madinah,2,1,2.1,17.1,1,0,1,0
U014485,56,0.273,Makkah,1,3,1.1,29.3,1,0,0,1
U014486,67,0.347,Makkah,1,2,3.1,17.2,1,1,2,0
U014487,28,0.324,Riyadh,0,1,1.8,24.7,0,0,0,1
U014488,51,0.644,Eastern,4,5,3.6,6.0,0,1,2,1
U014489,48,0.802,Riyadh,0,5,1.4,2.6,0,1,0,1
U014490,55,0.606,Eastern,4,2,4.2,31.2,0,1,1,1
U014491,23,0.354,Eastern,4,4,2.8,12.9,1,0,0,1
U014492,54,0.591,Northern Borders,8,2,1.4,27.6,1,1,0,1
U014493,55,0.716,Hail,7,4,0.0,20.6,1,1,0,0
U014494,27,0.801,Riyadh,0,6,1.6,26.8,1,1,2,1
U014495,57,0.508,Al Bahah,11,2,2.4,21.7,1,1,2,1
U014496,59,0.549,Madinah,2,4,0.1,51.2,1,0,0,1
U014497,53,0.623,Makkah,1,1,1.6,20.7,0,1,1,1
U014498,66,0.118,Madinah,2,2,3.8,26.2,1,0,0,1
U014499,19,0.432,Makkah,1,5,3.1,66.2,1,0,0,1
U014500,66,0.523,Makkah,1,5,0.0,51.1,1,0,1,0
U014501,50,0.218,Eastern,4,3,2.4,18.9,1,0,0,1
U014502,52,0.253,Makkah,1,2,1.7,37.8,1,0,1,1
U014503,30,0.548,Eastern,4,5,0.9,45.4,1,1,0,1
U014504,31,0.078,Northern Borders,8,2,3.7,10.3,0,0,1,1
U014505,36,0.245,Riyadh,0,5,3.5,11.4,1,1,0,1
U014506,50,0.511,Madinah,2,2,2.3,35.5,1,0,2,1
U014507,30,0.219,Riyadh,0,2,1.9,16.9,1,1,1,0
U014508,64,0.347,Riyadh,0,1,0.0,29.0,0,0,0,0
U014509,59,0.443,Al Bahah,11,2,0.2,45.9,1,1,0,1
U014510,64,0.231,Riyadh,0,1,2.9,28.3,0,1,0,0
U014511,19,0.669,Riyadh,0,3,0.0,26.4,1,0,1,0
U014512,31,0.302,Asir,5,1,2.7,7.9,1,1,2,1
U014513,20,0.502,Al Bahah,11,3,0.6,12.2,1,0,1,0
U014514,50,0.54,Hail,7,1,1.3,54.0,0,0,0,0
U014515,52,0.421,Riyadh,0,6,2.0,19.4,0,0,0,1
U014516,57,0.198,Hail,7,0,2.1,10.7,1,1,0,0
U014517,53,0.703,Riyadh,0,1,1.3,59.5,1,0,0,0
U014518,53,0.125,Northern Borders,8,3,1.7,31.1,1,1,1,0
U014519,22,0.305,Makkah,1,2,0.0,29.5,1,0,0,0
U014520,65,0.796,Madinah,2,4,2.5,26.2,1,1,2,1
U014521,30,0.693,Riyadh,0,3,2.8,16.4,0,0,1,0
U014522,54,0.251,Asir,5,3,2.7,3.8,1,1,0,0
U014523,48,0.402,Riyadh,0,8,1.3,76.1,1,1,3,1
U014524,43,0.743,Asir,5,3,1.1,12.7,1,0,0,1
U014525,32,0.707,Northern Borders,8,3,0.0,4.4,1,0,1,1
U014526,62,0.573,Riyadh,0,5,2.3,39.8,1,1,0,1
U014527,30,0.794,Makkah,1,2,2.8,26.9,1,1,1,1
U014528,51,0.737,Riyadh,0,2,0.9,16.7,1,1,1,1
U014529,18,0.287,Al Bahah,11,4,0.7,20.0,1,1,1,1
U014530,34,0.387,Asir,5,1,3.5,27.2,1,0,0,0
U014531,20,0.769,Qassim,3,4,1.3,18.6,1,1,3,1
U014532,57,0.722,Jazan,9,3,4.8,19.5,1,1,0,0
U014533,35,0.458,Makkah,1,4,0.9,7.4,0,0,1,0
U014534,53,0.451,Makkah,1,6,1.5,30.8,1,1,2,1
U014535,47,0.339,Qassim,3,2,0.7,39.4,1,0,0,0
U014536,49,0.536,Makkah,1,0,0.9,27.0,1,0,1,0
U014537,52,0.416,Al Jawf,12,3,1.5,22.6,1,1,2,0
U014538,61,0.74,Eastern,4,2,2.4,19.4,1,0,1,0
U014539,62,0.813,Qassim,3,5,2.1,3.0,1,1,1,1
U014540,18,0.709,Al Jawf,12,11,3.1,18.8,0,1,0,0
U014541,57,0.748,Riyadh,0,4,1.0,24.5,1,0,0,1
U014542,19,0.804,Qassim,3,5,0.0,26.5,1,1,0,1
U014543,44,0.134,Al Jawf,12,0,2.1,22.6,1,1,1,0
U014544,68,0.302,Al Jawf,12,1,2.2,33.4,1,1,0,0
U014545,29,0.326,Makkah,1,0,2.5,18.1,1,0,3,0
U014546,27,0.124,Najran,10,4,1.7,6.7,0,1,0,0
U014547,45,0.452,Makkah,1,1,2.2,19.5,1,0,1,1
U014548,36,0.395,Makkah,1,1,0.0,43.9,1,0,0,1
U014549,34,0.097,Riyadh,0,1,3.9,38.4,0,0,0,0
U014550,53,0.964,Makkah,1,4,0.8,10.4,1,0,0,1
U014551,30,0.523,Najran,10,2,2.4,36.2,0,0,1,1
U014552,54,0.978,Qassim,3,4,2.2,17.5,1,1,0,1
U014553,36,0.484,Riyadh,0,2,2.3,26.0,1,0,0,0
U014554,55,0.588,Eastern,4,4,2.8,42.4,1,1,1,0
U014555,53,0.621,Hail,7,5,3.6,3.5,1,0,0,0
U014556,63,0.481,Makkah,1,6,0.9,31.8,1,1,1,0
U014557,22,0.324,Riyadh,0,4,0.1,13.9,0,1,3,1
U014558,25,0.472,Eastern,4,2,0.9,82.9,1,1,2,1
U014559,64,0.723,Riyadh,0,5,1.5,17.2,1,0,0,1
U014560,58,0.608,Al Jawf,12,2,3.3,23.4,0,0,0,0
U014561,34,0.618,Eastern,4,4,0.7,3.0,1,0,1,0
U014562,54,0.608,Qassim,3,3,2.0,11.5,1,1,1,1
U014563,19,0.543,Eastern,4,6,0.0,54.7,1,1,1,1
U014564,63,0.597,Al Jawf,12,1,3.0,18.1,1,0,1,0
U014565,51,0.564,Riyadh,0,2,1.8,29.8,1,1,2,1
U014566,29,0.345,Makkah,1,2,2.5,38.0,1,0,1,1
U014567,35,0.127,Riyadh,0,0,2.6,45.3,1,1,0,0
U014568,27,0.203,Makkah,1,4,2.5,27.5,1,0,0,1
U014569,38,0.841,Makkah,1,6,1.4,75.9,1,1,5,1
U014570,62,0.707,Riyadh,0,4,0.5,28.7,1,0,1,1
U014571,56,0.766,Eastern,4,4,1.4,22.7,1,0,0,1
U014572,24,0.755,Riyadh,0,3,3.3,80.5,1,1,1,1
U014573,64,0.203,Riyadh,0,0,4.9,15.0,0,0,0,0
U014574,28,0.61,Qassim,3,3,2.6,17.1,1,0,1,1
U014575,47,0.382,Riyadh,0,0,2.3,16.7,0,1,1,0
U014576,25,0.315,Asir,5,6,2.2,12.5,1,0,0,1
U014577,30,0.674,Riyadh,0,4,1.4,16.6,1,1,0,0
U014578,19,0.586,Makkah,1,5,0.8,1.0,1,1,0,1
U014579,26,0.744,Riyadh,0,0,0.2,21.0,1,1,2,0
U014580,33,0.857,Makkah,1,5,0.0,19.7,1,1,1,1
U014581,57,0.601,Tabuk,6,3,4.0,18.4,1,0,0,1
U014582,26,0.317,Asir,5,2,3.8,5.5,1,1,3,1
U014583,50,0.395,Madinah,2,1,3.5,9.3,1,1,2,1
U014584,23,0.597,Asir,5,4,1.9,15.8,1,1,3,1
U014585,18,0.934,Riyadh,0,1,1.5,36.5,1,1,1,1
U014586,48,0.7,Qassim,3,2,4.0,46.3,1,0,0,0
U014587,61,0.565,Riyadh,0,3,1.0,28.6,0,1,1,0
U014588,55,0.294,Riyadh,0,1,2.5,27.7,0,1,2,1
U014589,34,0.298,Asir,5,2,3.6,19.4,1,0,0,0
U014590,21,0.385,Makkah,1,4,2.2,18.3,1,0,2,1
U014591,25,0.762,Makkah,1,7,0.8,57.8,1,1,1,1
U014592,44,0.186,Makkah,1,1,3.0,8.9,1,0,1,1
U014593,39,0.578,Riyadh,0,5,2.3,17.6,1,1,2,0
U014594,61,0.791,Tabuk,6,1,3.9,9.7,1,1,0,0
U014595,68,0.219,Riyadh,0,2,2.8,27.0,1,0,0,0
U014596,30,0.563,Hail,7,3,2.8,42.3,1,0,1,1
U014597,47,0.377,Makkah,1,5,4.5,40.9,1,0,1,0
U014598,53,0.104,Eastern,4,6,5.6,9.6,1,0,1,0
U014599,45,0.03,Eastern,4,1,4.9,35.3,1,0,1,1
U014600,49,0.435,Riyadh,0,6,2.8,22.0,1,1,0,1
U014601,24,0.345,Riyadh,0,4,2.0,46.5,1,0,1,1
U014602,56,0.415,Qassim,3,1,1.1,5.8,1,0,2,1
U014603,54,0.177,Makkah,1,2,1.9,11.5,1,1,2,1
U014604,34,0.931,Madinah,2,1,1.2,39.8,1,0,2,0
U014605,40,0.642,Eastern,4,5,0.9,41.5,1,1,1,1
U014606,69,0.567,Northern Borders,8,1,1.7,46.2,1,0,0,1
U014607,21,0.346,Makkah,1,4,1.4,20.8,1,0,2,0
U014608,56,0.924,Northern Borders,8,8,3.6,2.5,1,0,0,1
U014609,48,0.045,Riyadh,0,1,2.9,6.2,0,0,0,1
U014610,48,0.855,Madinah,2,5,1.7,64.5,1,1,1,1
U014611,29,0.277,Qassim,3,1,2.0,28.4,1,0,1,1
U014612,20,0.5,Eastern,4,9,1.5,13.7,1,1,0,0
U014613,39,0.752,Al Bahah,11,3,0.0,34.5,1,1,2,1
U014614,56,0.584,Eastern,4,2,1.0,13.8,1,1,0,0
U014615,36,0.212,Makkah,1,3,6.5,9.9,0,1,0,0
U014616,64,0.754,Najran,10,7,2.9,33.6,1,1,0,1
U014617,63,0.509,Makkah,1,2,2.2,24.5,1,0,0,0
U014618,21,0.787,Hail,7,8,1.2,34.3,1,1,1,1
U014619,48,0.387,Hail,7,3,0.0,17.6,1,0,0,0
U014620,29,0.216,Makkah,1,1,2.6,1.1,0,0,0,0
U014621,44,0.19,Eastern,4,1,3.6,9.1,1,0,1,1
U014622,61,0.283,Riyadh,0,2,3.0,30.2,1,1,2,1
U014623,40,0.589,Qassim,3,3,1.9,9.6,1,1,0,1
U014624,60,0.564,Hail,7,1,0.6,9.0,0,1,0,0
U014625,50,0.348,Riyadh,0,3,3.3,59.3,1,1,1,0
U014626,38,0.869,Riyadh,0,3,0.0,29.3,0,0,0,1
U014627,40,0.374,Hail,7,3,1.9,31.0,1,1,1,1
U014628,42,0.643,Makkah,1,3,0.2,43.2,1,0,1,1
U014629,29,0.442,Makkah,1,0,2.1,28.3,0,0,0,0
U014630,44,0.597,Northern Borders,8,3,2.6,18.1,1,0,0,0
U014631,44,0.44,Makkah,1,3,4.0,31.9,1,1,0,1
U014632,22,0.865,Tabuk,6,6,1.9,6.3,1,1,1,1
U014633,52,0.41,Riyadh,0,3,2.4,13.9,1,0,1,1
U014634,29,0.55,Makkah,1,3,1.2,1.8,1,0,0,1
U014635,32,0.548,Najran,10,3,1.8,47.5,1,1,0,1
U014636,40,0.488,Riyadh,0,1,1.5,24.7,1,0,1,0
U014637,32,0.281,Tabuk,6,1,2.6,25.5,1,0,0,0
U014638,32,0.292,Tabuk,6,2,3.5,20.7,0,0,0,1
U014639,68,0.829,Northern Borders,8,5,2.3,59.2,1,1,1,1
U014640,26,0.888,Riyadh,0,5,2.6,36.7,1,0,0,1
U014641,66,0.956,Eastern,4,5,0.1,26.7,1,0,0,1
U014642,54,0.177,Eastern,4,2,1.6,0.9,1,0,1,1
U014643,43,0.839,Riyadh,0,3,0.0,21.8,1,1,2,0
U014644,67,0.679,Qassim,3,3,3.0,9.1,1,0,2,0
U014645,46,0.683,Eastern,4,1,2.9,31.7,1,1,0,0
U014646,38,0.587,Al Jawf,12,2,1.4,48.2,1,0,0,1
U014647,40,0.316,Jazan,9,2,3.8,23.0,0,0,2,1
U014648,19,0.354,Riyadh,0,1,2.4,13.4,1,0,0,1
U014649,53,0.196,Tabuk,6,0,4.8,19.8,0,0,0,0
U014650,32,0.463,Eastern,4,5,0.4,16.3,1,1,1,1
U014651,48,0.347,Makkah,1,4,2.1,24.8,1,1,0,0
U014652,21,0.63,Makkah,1,1,0.6,12.8,1,0,1,0
U014653,27,0.725,Qassim,3,4,1.5,82.1,1,0,0,1
U014654,22,0.443,Makkah,1,2,2.2,41.0,1,0,0,1
U014655,19,0.79,Riyadh,0,0,0.7,12.0,1,1,1,0
U014656,36,0.597,Northern Borders,8,4,1.9,9.5,1,0,0,0
U014657,60,0.393,Riyadh,0,4,3.6,1.6,0,0,0,0
U014658,29,0.079,Madinah,2,3,1.2,10.0,1,0,0,0
U014659,62,0.195,Riyadh,0,2,4.0,25.2,1,0,1,0
U014660,21,0.358,Makkah,1,2,5.4,11.6,0,0,0,0
U014661,23,0.104,Eastern,4,0,3.9,12.7,1,0,1,1
U014662,52,0.553,Jazan,9,4,2.8,23.5,1,1,1,1
U014663,67,0.695,Makkah,1,5,4.4,23.1,1,1,0,1
U014664,37,0.105,Riyadh,0,3,0.9,29.4,1,0,1,1
U014665,26,0.866,Tabuk,6,1,0.0,12.8,1,0,0,1
U014666,63,0.731,Eastern,4,6,2.0,16.0,1,1,2,1
U014667,30,0.225,Eastern,4,2,2.0,37.4,1,0,0,0
U014668,33,0.204,Riyadh,0,2,2.5,5.0,0,0,0,0
U014669,22,0.618,Riyadh,0,1,1.8,2.4,1,0,1,0
U014670,49,0.412,Eastern,4,3,0.0,17.9,1,1,2,1
U014671,26,0.39,Riyadh,0,2,0.1,58.0,1,0,0,1
U014672,28,0.289,Jazan,9,3,4.2,30.8,1,1,1,1
U014673,59,0.822,Riyadh,0,6,1.5,21.8,1,0,0,1
U014674,46,0.574,Makkah,1,2,3.1,3.7,1,0,0,0
U014675,65,0.737,Hail,7,5,4.2,9.5,1,1,0,1
U014676,22,0.559,Northern Borders,8,5,2.2,19.6,1,1,2,1
U014677,53,0.462,Riyadh,0,3,1.3,11.5,1,0,0,0
U014678,23,0.555,Riyadh,0,5,0.0,20.8,1,0,2,0
U014679,69,0.51,Makkah,1,5,1.6,74.9,0,0,0,1
U014680,26,0.603,Madinah,2,3,3.7,36.0,1,1,0,0
U014681,20,0.163,Madinah,2,2,2.4,11.3,1,0,3,1
U014682,21,0.39,Riyadh,0,3,2.7,21.4,1,0,0,0
U014683,18,0.714,Riyadh,0,2,1.7,13.2,1,0,0,0
U014684,41,0.446,Eastern,4,3,1.5,31.7,1,1,1,1
U014685,66,0.666,Makkah,1,4,3.2,5.8,1,0,0,1
U014686,29,0.511,Madinah,2,1,2.7,27.0,1,1,2,1
U014687,42,0.211,Eastern,4,2,0.3,28.3,1,1,2,0
U014688,22,0.547,Eastern,4,5,2.3,19.1,1,0,2,1
U014689,53,0.741,Makkah,1,2,2.1,26.4,1,1,1,1
U014690,23,0.466,Makkah,1,3,1.3,25.9,1,0,0,1
U014691,56,0.764,Makkah,1,5,1.2,14.8,1,1,0,1
U014692,20,0.432,Eastern,4,2,2.4,37.4,1,0,0,1
U014693,18,0.116,Makkah,1,2,5.3,10.4,0,0,1,0
U014694,19,0.631,Riyadh,0,3,2.1,27.8,1,0,0,1
U014695,60,0.138,Makkah,1,3,3.4,7.1,1,1,2,0
U014696,48,0.726,Riyadh,0,6,1.1,24.7,1,1,1,0
U014697,43,0.47,Makkah,1,3,2.5,24.9,1,0,2,0
U014698,58,0.555,Makkah,1,7,4.5,26.3,1,1,1,1
U014699,63,0.718,Makkah,1,3,1.3,6.9,1,1,0,1
U014700,69,0.899,Najran,10,4,0.0,60.9,1,0,0,0
U014701,61,0.923,Asir,5,4,1.7,37.7,1,1,0,1
U014702,39,0.168,Eastern,4,7,0.6,17.1,1,0,1,1
U014703,53,0.747,Makkah,1,1,2.1,33.0,1,0,1,1
U014704,58,0.654,Eastern,4,3,1.9,13.7,1,1,0,1
U014705,46,0.776,Eastern,4,5,2.5,11.4,1,1,1,0
U014706,60,0.767,Eastern,4,0,1.5,24.7,1,0,1,1
U014707,28,0.33,Makkah,1,2,1.6,15.5,1,0,2,1
U014708,19,0.746,Najran,10,3,2.7,17.2,1,0,1,1
U014709,57,0.755,Jazan,9,1,2.0,17.4,1,1,0,0
U014710,53,0.656,Qassim,3,7,3.2,42.6,1,1,0,1
U014711,40,0.632,Riyadh,0,3,3.6,27.7,1,1,3,0
U014712,41,0.317,Al Jawf,12,3,2.7,15.4,1,0,0,1
U014713,22,0.956,Riyadh,0,8,3.0,28.9,1,1,1,1
U014714,47,0.736,Najran,10,1,0.0,11.1,0,0,0,0
U014715,27,0.469,Hail,7,2,0.2,16.5,1,0,0,0
U014716,26,0.274,Madinah,2,4,1.8,80.8,1,0,1,1
U014717,69,0.55,Eastern,4,2,0.5,6.3,1,0,1,0
U014718,25,0.609,Makkah,1,4,4.1,22.9,1,1,0,1
U014719,58,0.589,Riyadh,0,4,2.5,4.7,1,1,1,1
U014720,52,0.22,Qassim,3,1,0.9,10.5,1,0,2,1
U014721,69,0.528,Madinah,2,0,3.6,18.7,0,0,1,1
U014722,44,0.796,Eastern,4,5,3.1,8.9,0,1,1,1
U014723,42,0.742,Jazan,9,7,2.6,67.6,1,1,0,1
U014724,56,0.574,Riyadh,0,3,1.5,42.2,0,1,2,0
U014725,33,0.699,Riyadh,0,5,1.6,9.5,0,0,0,0
U014726,42,0.415,Jazan,9,2,3.0,31.6,0,0,1,0
U014727,25,0.36,Makkah,1,3,2.3,10.5,1,0,2,1
U014728,33,0.718,Hail,7,0,3.1,52.1,1,1,1,1
U014729,39,0.733,Qassim,3,4,1.7,48.3,1,0,0,0
U014730,65,0.974,Asir,5,2,0.6,1.9,1,1,2,0
U014731,34,0.772,Makkah,1,2,0.0,6.0,1,0,0,1
U014732,22,0.389,Madinah,2,4,1.7,33.0,1,0,0,1
U014733,67,0.48,Riyadh,0,3,3.2,36.2,0,1,1,1
U014734,27,0.281,Riyadh,0,4,3.4,34.4,1,0,1,1
U014735,33,0.647,Tabuk,6,9,2.5,20.8,1,0,1,1
U014736,65,0.4,Eastern,4,3,2.5,43.6,0,0,1,1
U014737,32,0.342,Riyadh,0,1,2.9,28.1,1,0,2,1
U014738,53,0.424,Riyadh,0,3,2.6,12.5,1,0,0,1
U014739,52,0.715,Makkah,1,4,0.1,45.8,1,1,2,0
U014740,41,0.51,Makkah,1,6,1.1,36.9,1,1,2,1
U014741,34,0.493,Riyadh,0,1,3.3,39.0,1,0,1,1
U014742,42,0.733,Riyadh,0,4,0.4,23.1,1,1,2,0
U014743,50,0.397,Riyadh,0,4,2.1,3.7,0,0,0,1
U014744,52,0.435,Eastern,4,0,1.8,21.5,1,0,0,0
U014745,47,0.571,Makkah,1,5,0.0,35.6,1,1,0,0
U014746,67,0.816,Jazan,9,2,1.0,21.4,1,1,0,0
U014747,36,0.522,Makkah,1,4,0.3,12.5,1,1,1,1
U014748,51,0.605,Northern Borders,8,0,2.8,61.2,1,0,0,0
U014749,48,0.77,Asir,5,3,1.5,18.7,1,1,2,1
U014750,31,0.616,Qassim,3,0,1.8,25.1,1,0,1,1
U014751,68,0.125,Madinah,2,1,4.5,29.7,1,0,1,0
U014752,40,0.426,Madinah,2,1,1.8,19.7,1,1,2,0
U014753,18,0.464,Al Bahah,11,3,3.4,15.5,1,0,1,0
U014754,26,0.528,Northern Borders,8,2,2.6,19.6,1,1,2,1
U014755,21,0.346,Eastern,4,0,3.4,22.9,1,0,1,0
U014756,19,0.178,Riyadh,0,3,4.4,67.9,1,0,0,1
U014757,33,0.196,Jazan,9,4,3.7,15.7,1,0,0,0
U014758,52,0.769,Riyadh,0,2,0.0,60.2,1,0,0,1
U014759,52,0.513,Eastern,4,4,0.7,25.3,0,0,0,0
U014760,52,0.942,Riyadh,0,8,2.7,4.2,0,1,0,1
U014761,22,0.281,Riyadh,0,4,3.6,23.4,1,0,0,0
U014762,36,0.579,Makkah,1,5,0.9,47.6,1,1,0,1
U014763,30,0.628,Madinah,2,2,1.3,8.2,1,1,1,0
U014764,43,0.335,Tabuk,6,3,2.9,43.1,1,1,0,1
U014765,51,0.384,Qassim,3,3,3.0,39.1,0,0,0,0
U014766,24,0.467,Makkah,1,5,3.2,41.1,1,0,0,0
U014767,38,0.506,Asir,5,3,1.5,37.9,1,1,2,1
U014768,66,0.493,Riyadh,0,1,1.7,58.1,1,0,1,0
U014769,64,0.457,Riyadh,0,1,1.4,54.0,1,1,2,0
U014770,45,0.805,Riyadh,0,1,1.2,26.7,1,0,0,1
U014771,53,0.171,Riyadh,0,4,2.9,14.6,1,0,3,1
U014772,47,0.552,Eastern,4,2,3.7,20.7,1,1,2,1
U014773,37,0.362,Madinah,2,3,2.9,42.1,0,1,1,0
U014774,37,0.944,Makkah,1,5,1.7,6.5,1,0,1,1
U014775,18,0.141,Madinah,2,7,2.4,38.1,1,1,2,1
U014776,45,0.696,Makkah,1,5,1.0,5.1,1,0,1,1
U014777,51,0.208,Makkah,1,3,2.7,2.1,1,0,0,0
U014778,61,0.436,Madinah,2,5,4.0,3.5,1,0,0,0
U014779,21,0.767,Riyadh,0,7,2.0,16.2,1,1,1,1
U014780,25,0.393,Riyadh,0,2,3.0,30.9,1,0,2,0
U014781,18,0.738,Hail,7,5,1.5,11.5,1,1,0,1
U014782,36,0.532,Riyadh,0,1,1.1,16.1,1,0,1,1
U014783,42,0.251,Riyadh,0,2,2.9,16.9,1,0,0,0
U014784,21,0.182,Asir,5,1,3.1,16.4,0,0,1,0
U014785,59,0.364,Makkah,1,3,1.4,8.6,0,0,0,1
U014786,41,0.603,Madinah,2,2,2.6,70.8,1,0,0,1
U014787,34,0.789,Al Bahah,11,4,0.4,32.2,1,0,0,1
U014788,32,0.505,Qassim,3,2,0.1,31.7,1,1,2,0
U014789,29,0.287,Riyadh,0,3,3.7,19.1,1,0,0,1
U014790,61,0.317,Tabuk,6,0,1.5,59.8,1,0,0,0
U014791,18,0.418,Al Jawf,12,0,1.5,16.6,0,0,0,0
U014792,35,0.712,Makkah,1,3,2.2,41.1,1,0,0,0
U014793,41,0.118,Riyadh,0,1,2.4,23.3,1,1,1,0
U014794,42,0.51,Northern Borders,8,1,2.0,70.1,1,1,1,1
U014795,34,0.673,Makkah,1,4,1.5,15.4,1,0,0,0
U014796,69,0.201,Makkah,1,2,2.3,16.0,0,0,0,1
U014797,18,0.318,Riyadh,0,2,3.1,8.4,1,1,3,0
U014798,43,0.266,Makkah,1,2,1.3,36.4,1,0,0,0
U014799,24,0.464,Eastern,4,5,2.7,49.6,1,1,3,0
U014800,41,0.092,Northern Borders,8,0,1.3,13.7,0,0,0,1
U014801,64,0.378,Eastern,4,2,3.3,25.3,1,1,0,0
U014802,39,0.479,Riyadh,0,2,1.1,23.3,1,0,0,0
U014803,60,0.475,Tabuk,6,3,1.6,19.3,1,0,0,1
U014804,23,0.129,Al Bahah,11,2,4.7,22.9,1,0,0,1
U014805,50,0.488,Riyadh,0,3,2.1,18.4,0,0,3,1
U014806,56,0.298,Jazan,9,3,3.5,37.1,1,0,0,0
U014807,46,0.433,Eastern,4,0,1.3,24.9,1,0,1,1
U014808,51,0.375,Eastern,4,1,1.1,34.4,1,0,2,1
U014809,22,0.709,Makkah,1,3,1.5,23.6,1,1,1,1
U014810,29,0.493,Eastern,4,6,1.2,17.6,1,0,0,0
U014811,26,0.416,Najran,10,3,0.8,43.6,1,1,0,1
U014812,26,0.51,Qassim,3,1,1.6,4.2,0,0,0,0
U014813,34,0.611,Jazan,9,5,2.5,36.3,1,1,3,1
U014814,45,0.725,Riyadh,0,5,0.5,19.2,1,0,0,1
U014815,28,0.456,Eastern,4,3,3.5,19.6,1,1,2,1
U014816,68,0.201,Riyadh,0,3,3.3,8.6,0,1,2,1
U014817,49,0.191,Tabuk,6,2,2.2,22.9,1,0,0,1
U014818,30,0.687,Qassim,3,5,2.3,15.3,1,1,0,1
U014819,49,0.853,Tabuk,6,4,0.7,23.4,1,1,3,1
U014820,58,0.537,Riyadh,0,2,3.3,46.5,1,0,0,1
U014821,26,0.529,Najran,10,3,1.5,12.0,1,0,1,1
U014822,51,0.662,Eastern,4,2,1.3,21.3,0,0,0,0
U014823,46,0.005,Eastern,4,0,2.6,28.0,1,0,0,0
U014824,22,0.719,Eastern,4,2,0.0,10.4,1,0,0,0
U014825,24,0.389,Riyadh,0,4,3.2,9.6,1,0,0,1
U014826,65,0.746,Makkah,1,1,0.2,28.1,1,1,2,0
U014827,46,0.495,Madinah,2,4,0.4,80.9,1,1,2,1
U014828,45,0.701,Hail,7,5,2.5,25.6,1,1,0,1
U014829,47,0.654,Makkah,1,4,0.9,9.6,1,0,0,1
U014830,29,0.307,Makkah,1,1,2.9,14.8,1,0,0,0
U014831,67,0.657,Jazan,9,3,0.9,13.9,1,1,0,1
U014832,27,0.378,Najran,10,4,2.1,30.3,1,0,0,0
U014833,18,0.403,Eastern,4,1,1.4,38.5,1,0,1,1
U014834,69,0.437,Madinah,2,5,1.3,13.8,1,0,0,0
U014835,21,0.772,Al Jawf,12,4,0.0,10.0,1,1,0,1
U014836,63,0.179,Al Jawf,12,4,1.5,43.5,1,0,0,1
U014837,68,0.794,Riyadh,0,2,1.5,24.3,1,0,1,1
U014838,28,0.511,Riyadh,0,4,0.4,21.4,0,1,2,0
U014839,52,0.85,Najran,10,3,2.1,27.5,1,1,1,1
U014840,45,0.437,Jazan,9,2,1.4,5.7,1,1,1,0
U014841,38,0.435,Jazan,9,1,0.7,28.6,1,0,1,1
U014842,49,0.17,Makkah,1,4,2.1,9.7,0,0,1,1
U014843,53,0.199,Eastern,4,5,2.8,75.6,1,1,1,1
U014844,42,0.186,Jazan,9,1,2.3,7.6,0,1,2,1
U014845,50,0.709,Asir,5,4,2.6,92.0,1,1,2,1
U014846,46,0.599,Qassim,3,2,1.4,9.2,1,0,2,1
U014847,54,0.805,Riyadh,0,3,0.4,53.3,1,1,1,1
U014848,51,0.241,Riyadh,0,2,3.1,21.0,1,0,0,0
U014849,55,0.79,Asir,5,1,0.5,28.0,1,1,1,0
U014850,41,0.911,Jazan,9,2,1.1,30.0,1,1,2,1
U014851,35,0.071,Riyadh,0,3,4.8,10.2,1,0,1,1
U014852,62,0.285,Makkah,1,2,4.7,9.4,1,0,1,1
U014853,37,0.665,Eastern,4,4,2.8,97.7,1,1,0,1
U014854,67,0.547,Qassim,3,1,1.3,23.8,1,0,2,1
U014855,67,0.421,Eastern,4,1,2.1,5.4,1,0,0,0
U014856,67,0.203,Makkah,1,2,2.0,60.1,1,1,2,0
U014857,47,0.565,Eastern,4,3,2.8,7.6,1,0,0,0
U014858,47,0.587,Madinah,2,3,0.0,25.8,1,0,0,1
U014859,36,0.451,Riyadh,0,3,4.3,37.7,1,0,1,1
U014860,69,0.571,Makkah,1,5,2.1,8.2,0,1,4,0
U014861,37,0.496,Asir,5,2,1.7,16.4,1,1,2,1
U014862,56,0.745,Makkah,1,2,2.1,13.4,1,1,2,0
U014863,21,0.725,Eastern,4,4,1.8,19.0,1,0,1,1
U014864,35,0.54,Eastern,4,4,2.2,20.1,1,0,2,1
U014865,49,0.368,Riyadh,0,3,1.4,17.4,1,0,2,1
U014866,47,0.732,Riyadh,0,3,1.3,33.1,1,0,0,1
U014867,28,0.531,Riyadh,0,5,2.3,55.2,1,1,0,1
U014868,56,0.345,Eastern,4,2,4.3,17.9,1,0,2,1
U014869,35,0.207,Eastern,4,2,4.9,1.9,1,0,0,0
U014870,28,0.356,Eastern,4,4,3.1,12.8,1,1,3,1
U014871,36,0.127,Riyadh,0,3,0.6,20.8,0,0,2,0
U014872,27,0.919,Eastern,4,4,0.0,11.3,1,1,0,1
U014873,36,0.661,Makkah,1,3,2.2,8.7,1,1,0,0
U014874,32,0.772,Riyadh,0,4,1.3,20.1,1,0,2,1
U014875,44,0.78,Jazan,9,4,1.4,15.4,1,0,1,1
U014876,42,0.115,Makkah,1,1,0.9,20.4,1,0,0,0
U014877,56,0.534,Riyadh,0,1,0.6,7.5,1,0,0,0
U014878,52,0.219,Northern Borders,8,0,3.8,10.4,1,0,0,1
U014879,45,0.522,Makkah,1,1,2.8,13.9,1,0,0,0
U014880,47,0.856,Riyadh,0,5,0.0,22.0,0,1,1,1
U014881,69,0.413,Tabuk,6,1,3.0,16.9,1,1,2,0
U014882,52,0.324,Riyadh,0,5,4.0,43.6,1,1,0,1
U014883,42,0.608,Madinah,2,3,0.9,43.3,1,1,0,1
U014884,35,0.619,Qassim,3,2,2.7,31.1,1,1,1,0
U014885,49,0.31,Riyadh,0,1,2.7,17.2,1,0,2,0
U014886,36,0.546,Makkah,1,4,0.8,17.1,1,1,1,1
U014887,26,0.388,Riyadh,0,5,1.4,41.7,1,1,2,1
U014888,62,0.624,Riyadh,0,2,0.0,4.8,1,1,4,0
U014889,36,0.355,Hail,7,3,1.3,103.4,1,0,0,0
U014890,32,0.389,Makkah,1,7,4.3,18.1,1,0,1,1
U014891,53,0.042,Riyadh,0,3,6.6,6.9,1,0,1,0
U014892,54,0.467,Makkah,1,2,3.0,37.3,1,0,0,1
U014893,42,0.562,Riyadh,0,3,0.3,14.2,1,0,1,1
U014894,47,0.218,Makkah,1,0,1.5,26.2,0,0,0,0
U014895,62,0.185,Madinah,2,1,2.6,45.7,1,1,0,0
U014896,33,0.041,Makkah,1,1,1.2,4.8,0,0,1,1
U014897,60,0.32,Al Jawf,12,3,2.4,9.1,1,1,1,1
U014898,33,0.051,Eastern,4,3,3.0,31.5,1,0,1,1
U014899,69,0.711,Qassim,3,3,1.2,16.4,0,1,1,1
U014900,67,0.701,Makkah,1,1,0.0,1.7,1,0,0,1
U014901,66,0.435,Makkah,1,1,0.3,18.1,1,0,1,1
U014902,50,0.4,Qassim,3,3,3.5,12.5,1,1,1,1
U014903,59,0.897,Qassim,3,3,1.7,13.1,1,1,3,1
U014904,28,0.607,Eastern,4,3,1.7,18.2,1,0,0,1
U014905,65,0.774,Eastern,4,2,1.3,16.2,1,1,0,1
U014906,55,0.706,Hail,7,4,5.7,2.4,1,1,1,1
U014907,20,0.877,Riyadh,0,2,1.1,16.0,1,1,2,1
U014908,43,0.933,Makkah,1,2,1.2,32.5,1,0,0,1
U014909,30,0.492,Eastern,4,4,1.8,8.0,1,1,1,1
U014910,19,0.248,Eastern,4,2,3.5,54.9,1,0,2,1
U014911,69,0.557,Riyadh,0,2,2.3,7.0,1,1,1,0
U014912,54,0.885,Riyadh,0,5,0.1,20.3,0,1,2,0
U014913,60,0.841,Eastern,4,4,2.8,32.1,1,0,2,1
U014914,58,0.529,Qassim,3,3,0.6,47.7,1,0,0,1
U014915,52,0.373,Asir,5,5,2.8,34.6,1,1,1,0
U014916,56,0.133,Tabuk,6,2,2.3,22.3,1,0,0,1
U014917,64,0.388,Najran,10,5,2.5,12.0,1,1,3,0
U014918,27,0.513,Tabuk,6,0,2.1,19.2,1,0,0,1
U014919,26,0.529,Asir,5,4,3.4,57.6,1,0,0,1
U014920,22,0.739,Madinah,2,3,0.5,15.0,1,0,1,0
U014921,50,0.759,Makkah,1,5,1.4,22.6,1,1,0,0
U014922,35,0.742,Northern Borders,8,3,0.3,13.7,1,0,0,0
U014923,58,0.533,Asir,5,1,1.6,83.6,1,0,1,0
U014924,32,0.611,Makkah,1,6,1.1,11.3,1,1,1,1
U014925,29,0.418,Makkah,1,1,1.3,26.5,1,1,1,0
U014926,39,0.813,Makkah,1,3,0.0,51.8,1,1,0,1
U014927,61,0.429,Makkah,1,2,0.8,25.6,1,0,0,1
U014928,22,0.139,Tabuk,6,2,1.9,28.1,1,0,0,0
U014929,50,0.681,Hail,7,7,2.0,32.3,1,1,0,1
U014930,33,0.485,Makkah,1,1,4.8,29.1,1,0,1,0
U014931,65,0.593,Tabuk,6,4,0.9,27.0,1,0,0,1
U014932,30,0.67,Makkah,1,7,1.1,42.8,1,1,0,0
U014933,51,0.39,Riyadh,0,2,2.8,12.5,0,0,1,0
U014934,28,0.526,Al Bahah,11,4,2.1,8.3,1,1,1,1
U014935,68,0.343,Riyadh,0,1,3.6,17.0,1,0,0,1
U014936,48,0.549,Riyadh,0,1,2.6,9.9,1,0,1,1
U014937,60,0.777,Al Jawf,12,3,0.1,15.4,1,1,2,0
U014938,20,0.863,Asir,5,4,3.1,4.3,0,0,1,1
U014939,56,0.651,Makkah,1,8,3.6,23.5,0,1,1,1
U014940,40,0.771,Makkah,1,0,3.0,5.1,1,0,1,1
U014941,23,0.771,Riyadh,0,3,0.0,19.7,1,1,4,1
U014942,22,0.55,Makkah,1,2,2.3,29.3,1,0,0,1
U014943,59,0.23,Eastern,4,3,3.6,36.3,1,0,1,0
U014944,52,0.181,Riyadh,0,2,1.6,4.0,0,0,1,0
U014945,29,0.401,Makkah,1,5,2.3,9.2,1,0,1,1
U014946,40,0.647,Madinah,2,2,2.3,58.5,1,1,0,0
U014947,44,0.116,Makkah,1,3,1.8,31.0,1,0,1,0
U014948,20,0.204,Makkah,1,1,1.8,12.6,1,0,0,1
U014949,61,0.689,Makkah,1,6,2.3,57.5,1,1,2,1
U014950,30,0.921,Makkah,1,6,0.6,0.8,1,1,0,1
U014951,62,0.416,Makkah,1,4,6.0,24.8,1,1,0,0
U014952,27,0.471,Eastern,4,2,3.1,7.3,1,1,2,0
U014953,38,0.305,Eastern,4,3,0.7,14.9,1,1,1,1
U014954,36,0.563,Riyadh,0,2,2.6,18.8,1,0,0,0
U014955,59,0.457,Madinah,2,5,0.0,59.7,1,0,0,1
U014956,54,0.494,Eastern,4,4,2.8,13.9,1,0,0,1
U014957,58,0.534,Makkah,1,2,3.8,34.9,1,0,1,0
U014958,55,0.204,Riyadh,0,3,1.9,11.4,0,0,2,0
U014959,22,0.245,Riyadh,0,2,2.2,19.8,1,1,0,1
U014960,40,0.185,Jazan,9,3,1.9,24.7,1,0,0,1
U014961,41,0.49,Asir,5,3,1.4,15.3,1,1,2,0
U014962,35,0.229,Makkah,1,0,1.5,17.1,1,0,0,0
U014963,62,0.794,Riyadh,0,4,0.6,31.7,1,1,2,1
U014964,35,0.682,Qassim,3,1,3.0,37.2,1,1,0,1
U014965,37,0.685,Riyadh,0,2,2.7,26.4,1,1,0,0
U014966,60,0.601,Eastern,4,5,2.9,22.0,1,1,3,1
U014967,66,0.461,Makkah,1,4,3.1,24.5,0,1,1,1
U014968,61,0.39,Riyadh,0,3,0.8,18.9,0,0,1,0
U014969,29,0.96,Makkah,1,4,0.0,14.0,1,1,1,1
U014970,37,0.43,Makkah,1,2,0.3,3.6,1,0,2,0
U014971,36,0.651,Makkah,1,3,1.3,7.0,1,0,1,1
U014972,53,0.611,Qassim,3,5,1.2,19.3,1,1,1,1
U014973,39,0.21,Makkah,1,1,4.5,11.2,0,0,0,0
U014974,29,0.397,Qassim,3,3,1.6,56.5,1,0,1,0
U014975,28,0.377,Eastern,4,4,0.0,10.4,0,0,1,1
U014976,57,0.734,Riyadh,0,3,0.6,27.5,1,1,1,1
U014977,34,0.446,Asir,5,0,0.7,38.4,1,1,1,0
U014978,60,0.388,Makkah,1,4,3.1,43.5,1,0,0,0
U014979,45,0.669,Jazan,9,3,2.2,13.4,0,1,1,1
U014980,65,0.353,Riyadh,0,2,2.6,43.6,1,0,0,1
U014981,26,0.538,Al Jawf,12,2,4.6,44.5,1,1,1,1
U014982,56,0.331,Eastern,4,3,1.7,7.9,1,0,2,1
U014983,55,0.282,Riyadh,0,1,1.4,28.3,1,1,2,1
U014984,69,0.386,Jazan,9,0,0.6,13.7,1,0,0,0
U014985,19,0.688,Eastern,4,1,1.5,26.5,1,1,0,0
U014986,68,0.858,Makkah,1,7,0.0,19.3,1,1,1,1
U014987,51,0.596,Riyadh,0,5,2.4,33.0,0,0,1,0
U014988,50,0.418,Qassim,3,1,2.8,13.6,1,1,2,0
U014989,58,0.562,Northern Borders,8,2,2.4,50.1,1,1,1,1
U014990,55,0.573,Riyadh,0,3,0.3,29.7,1,1,0,1
U014991,32,0.441,Riyadh,0,4,1.2,9.5,1,1,1,0
U014992,27,0.666,Riyadh,0,6,1.7,47.3,1,1,0,1
U014993,59,0.016,Riyadh,0,0,4.4,4.9,1,0,0,0
U014994,55,0.578,Northern Borders,8,6,0.0,4.0,0,0,1,0
U014995,19,0.78,Asir,5,7,1.2,39.7,1,1,0,0
U014996,39,0.576,Riyadh,0,4,3.1,36.4,1,1,1,0
U014997,49,0.467,Madinah,2,3,0.3,21.0,1,1,1,0
U014998,65,0.736,Qassim,3,4,3.0,10.6,1,0,0,1
U014999,66,0.151,Makkah,1,5,4.2,15.7,1,1,0,0
U015000,41,0.347,Riyadh,0,3,1.6,19.0,1,1,0,0
U015001,40,0.77,Riyadh,0,5,0.1,70.1,1,1,1,1
U015002,33,0.747,Makkah,1,4,1.6,5.3,1,1,1,0
U015003,61,0.359,Hail,7,1,2.4,17.4,1,0,1,1
U015004,61,0.392,Makkah,1,0,0.0,25.6,1,0,1,0
U015005,69,0.099,Qassim,3,2,0.8,13.0,0,0,1,1
U015006,43,0.478,Makkah,1,5,1.9,13.3,1,1,0,0
U015007,64,0.767,Eastern,4,2,2.4,12.4,1,0,0,0
U015008,20,0.593,Al Jawf,12,5,3.4,13.3,1,0,1,1
U015009,64,0.52,Asir,5,3,0.9,14.7,0,0,0,1
U015010,27,0.626,Makkah,1,5,3.7,30.6,1,0,1,1
U015011,23,0.53,Qassim,3,4,1.0,5.5,1,1,1,0
U015012,24,0.591,Qassim,3,5,0.8,36.4,1,1,1,1
U015013,39,0.974,Eastern,4,3,0.0,34.9,1,1,0,1
U015014,23,0.506,Makkah,1,3,4.1,54.0,0,0,1,1
U015015,29,0.439,Riyadh,0,4,1.9,16.0,1,1,1,0
U015016,55,0.151,Makkah,1,2,3.7,11.1,0,0,1,1
U015017,64,0.825,Riyadh,0,0,0.0,7.7,1,1,1,0
U015018,47,0.727,Asir,5,1,1.5,20.0,1,0,0,1
U015019,50,0.654,Riyadh,0,4,0.1,21.3,1,0,2,0
U015020,30,0.75,Riyadh,0,4,0.2,29.0,1,0,0,1
U015021,46,0.321,Makkah,1,4,1.5,47.4,1,0,0,1
U015022,68,0.569,Madinah,2,5,0.6,12.5,0,1,2,1
U015023,42,0.83,Jazan,9,5,0.2,59.0,1,0,1,1
U015024,42,0.676,Riyadh,0,2,1.2,38.9,1,1,0,0
U015025,32,0.176,Eastern,4,2,2.2,21.8,0,0,1,1
U015026,22,0.222,Makkah,1,2,3.3,16.8,1,1,3,1
U015027,29,0.587,Northern Borders,8,1,2.2,52.3,1,0,2,1
U015028,69,0.215,Eastern,4,5,0.0,3.2,0,0,2,0
U015029,62,0.335,Madinah,2,6,2.0,6.1,0,1,2,1
U015030,46,0.473,Madinah,2,3,2.4,34.1,1,0,1,1
U015031,67,0.02,Riyadh,0,0,4.0,20.2,1,0,0,0
U015032,51,0.779,Jazan,9,6,0.5,4.1,0,0,1,0
U015033,51,0.605,Najran,10,2,0.6,18.4,0,0,1,1
U015034,30,0.897,Makkah,1,3,0.5,2.6,1,0,3,1
U015035,28,0.843,Najran,10,2,0.0,9.8,1,0,0,1
U015036,53,0.274,Makkah,1,3,1.6,11.0,1,0,0,0
U015037,25,0.845,Asir,5,4,0.9,7.9,1,0,0,1
U015038,36,0.071,Riyadh,0,0,4.2,19.2,1,0,1,1
U015039,18,0.375,Asir,5,0,2.6,10.3,0,0,1,0
U015040,57,0.286,Makkah,1,4,2.7,21.2,1,0,2,1
U015041,40,0.636,Riyadh,0,1,0.1,18.9,1,1,1,0
U015042,55,0.676,Makkah,1,3,1.0,9.5,1,1,2,1
U015043,57,0.405,Riyadh,0,3,2.4,7.8,1,1,0,0
U015044,49,0.209,Riyadh,0,3,2.7,11.4,1,0,2,0
U015045,61,0.771,Makkah,1,4,0.9,36.3,1,1,1,1
U015046,66,0.318,Makkah,1,3,3.1,5.3,1,0,1,1
U015047,61,0.338,Makkah,1,3,0.6,29.8,1,1,2,1
U015048,26,0.168,Makkah,1,0,2.9,3.9,1,0,1,1
U015049,50,0.732,Makkah,1,3,2.4,31.8,1,1,0,1
U015050,44,0.897,Makkah,1,1,1.4,36.7,1,1,1,1
U015051,61,0.789,Najran,10,2,1.1,51.0,1,1,1,0
U015052,19,0.373,Eastern,4,2,2.7,20.2,1,0,0,0
U015053,54,0.274,Riyadh,0,4,1.8,8.3,0,0,2,1
U015054,39,0.499,Asir,5,3,3.2,12.5,1,1,0,1
U015055,25,0.17,Eastern,4,5,3.4,1.1,1,1,2,0
U015056,61,0.66,Riyadh,0,4,3.1,42.5,1,0,0,0
U015057,43,0.567,Riyadh,0,4,4.1,26.8,1,0,0,1
U015058,48,0.713,Eastern,4,6,2.1,50.1,0,1,1,1
U015059,59,0.373,Asir,5,1,2.3,19.9,1,0,0,1
U015060,38,0.735,Riyadh,0,3,2.0,11.2,1,0,0,1
U015061,45,0.856,Eastern,4,4,3.3,5.4,1,1,1,1
U015062,33,0.429,Makkah,1,2,0.6,34.5,1,0,0,1
U015063,40,0.711,Riyadh,0,7,1.6,9.7,0,1,1,1
U015064,18,0.486,Riyadh,0,3,5.0,2.7,1,0,0,1
U015065,24,0.542,Riyadh,0,3,0.6,20.2,1,1,1,0
U015066,67,0.448,Asir,5,3,1.8,28.3,1,0,0,1
U015067,56,0.486,Makkah,1,3,2.5,38.6,0,1,1,1
U015068,30,0.309,Riyadh,0,3,0.0,33.6,1,0,0,1
U015069,30,0.674,Makkah,1,5,3.5,11.1,1,1,2,1
U015070,47,0.752,Eastern,4,8,0.0,1.5,1,0,2,1
U015071,46,0.681,Najran,10,4,1.7,29.6,1,0,2,1
U015072,40,0.476,Jazan,9,3,0.5,13.2,1,0,0,1
U015073,51,0.799,Riyadh,0,3,1.8,4.6,1,0,1,1
U015074,22,0.368,Riyadh,0,1,3.7,8.8,1,1,0,0
U015075,57,0.651,Jazan,9,2,0.6,50.9,1,0,2,1
U015076,50,0.412,Eastern,4,2,2.8,36.0,1,1,1,0
U015077,65,0.371,Eastern,4,4,1.7,27.7,1,1,3,1
U015078,61,0.082,Eastern,4,2,3.2,20.1,0,0,3,0
U015079,35,0.067,Madinah,2,1,1.6,33.6,1,0,2,0
U015080,25,0.831,Madinah,2,4,1.1,13.4,1,1,0,1
U015081,66,0.605,Asir,5,3,1.9,22.8,1,0,0,0
U015082,26,0.205,Riyadh,0,1,4.7,25.8,1,0,0,0
U015083,26,0.369,Makkah,1,2,3.1,42.9,1,1,1,1
U015084,59,0.844,Eastern,4,6,2.2,8.7,1,1,1,1
U015085,61,0.536,Eastern,4,2,2.3,39.8,1,1,3,1
U015086,54,0.316,Eastern,4,2,2.9,10.3,1,0,0,0
U015087,44,0.711,Riyadh,0,6,2.5,18.3,1,0,1,1
U015088,47,0.372,Al Jawf,12,2,2.0,6.8,0,1,0,1
U015089,45,0.417,Eastern,4,4,1.9,7.1,1,0,0,1
U015090,25,0.313,Madinah,2,2,2.6,35.4,1,1,1,1
U015091,39,0.153,Makkah,1,1,1.9,32.9,1,0,0,0
U015092,50,0.362,Riyadh,0,3,1.8,12.5,0,0,1,0
U015093,24,0.412,Qassim,3,0,6.1,24.2,1,1,1,1
U015094,44,0.587,Makkah,1,4,2.5,35.8,1,1,1,1
U015095,28,0.42,Eastern,4,5,1.6,7.4,1,1,2,1
U015096,39,0.298,Tabuk,6,2,2.5,11.6,1,1,0,1
U015097,44,0.309,Makkah,1,3,3.4,4.3,1,0,1,0
U015098,64,0.522,Makkah,1,3,1.9,15.3,1,0,0,1
U015099,64,0.736,Qassim,3,8,0.4,13.1,1,1,4,0
U015100,54,0.643,Riyadh,0,5,2.5,7.0,1,0,0,1
U015101,32,0.415,Riyadh,0,3,2.0,26.5,1,1,1,0
U015102,26,0.476,Madinah,2,2,0.6,7.1,1,0,0,1
U015103,44,0.938,Eastern,4,2,1.5,8.1,1,1,3,1
U015104,49,0.323,Madinah,2,1,2.9,7.0,1,0,1,1
U015105,20,0.411,Asir,5,2,1.7,19.5,1,0,0,0
U015106,53,0.914,Eastern,4,5,1.6,9.7,1,1,0,0
U015107,41,0.449,Eastern,4,5,1.6,28.2,1,0,0,1
U015108,18,0.599,Makkah,1,3,1.3,42.2,1,0,0,1
U015109,36,0.568,Al Jawf,12,4,0.6,15.8,1,1,3,1
U015110,63,0.148,Eastern,4,0,1.9,39.3,1,0,1,0
U015111,43,0.542,Riyadh,0,4,3.4,86.6,1,0,0,0
U015112,59,0.882,Jazan,9,4,0.6,13.4,1,1,0,0
U015113,40,0.766,Northern Borders,8,5,0.8,49.2,1,1,1,1
U015114,31,0.567,Riyadh,0,1,3.6,52.6,1,0,1,1
U015115,43,0.793,Asir,5,2,3.9,11.6,1,0,2,1
U015116,31,0.698,Al Bahah,11,4,0.5,97.1,1,1,0,1
U015117,20,0.535,Al Jawf,12,3,1.8,11.8,0,0,1,0
U015118,37,0.685,Madinah,2,5,2.5,6.9,0,1,0,0
U015119,67,0.663,Asir,5,2,0.5,10.5,0,0,1,1
U015120,64,0.791,Makkah,1,6,0.0,46.9,1,1,1,0
U015121,45,0.527,Riyadh,0,2,1.8,27.4,1,1,1,0
U015122,24,0.587,Riyadh,0,3,2.8,16.6,1,1,0,1
U015123,53,0.115,Al Bahah,11,4,3.1,12.9,0,1,1,0
U015124,29,0.775,Al Bahah,11,5,2.6,4.2,1,0,1,1
U015125,58,0.33,Riyadh,0,4,2.5,5.4,0,1,0,0
U015126,42,0.743,Eastern,4,3,0.5,15.3,1,0,0,0
U015127,26,0.27,Makkah,1,3,2.2,12.5,1,0,0,0
U015128,45,0.268,Makkah,1,2,1.4,23.8,0,1,1,0
U015129,34,0.333,Jazan,9,2,2.6,25.4,0,1,2,0
U015130,22,0.419,Asir,5,4,4.6,13.8,1,1,4,0
U015131,68,0.556,Riyadh,0,3,1.3,17.5,1,1,0,1
U015132,28,0.382,Makkah,1,0,0.0,19.2,1,0,1,0
U015133,25,0.939,Riyadh,0,3,0.5,15.7,1,0,0,0
U015134,25,0.572,Al Jawf,12,2,2.7,21.0,1,0,1,1
U015135,65,0.468,Makkah,1,5,1.7,21.7,1,0,1,1
U015136,22,0.695,Northern Borders,8,2,2.0,4.8,1,1,0,0
U015137,40,0.621,Riyadh,0,6,2.5,16.0,1,1,0,1
U015138,29,0.081,Riyadh,0,2,4.7,25.0,1,0,0,1
U015139,21,0.411,Madinah,2,3,0.8,26.6,1,0,1,1
U015140,29,0.601,Jazan,9,5,1.0,5.7,1,1,2,1
U015141,53,0.427,Qassim,3,7,1.8,9.1,0,0,0,1
U015142,32,0.627,Al Bahah,11,6,3.7,9.0,1,0,1,0
U015143,18,0.13,Riyadh,0,2,3.6,13.3,1,0,0,0
U015144,45,0.792,Makkah,1,4,1.3,38.1,1,1,0,1
U015145,40,0.096,Madinah,2,2,0.5,35.5,1,0,0,0
U015146,68,0.53,Riyadh,0,1,4.3,11.1,1,0,0,1
U015147,18,0.531,Riyadh,0,3,2.5,16.3,0,0,0,1
U015148,52,0.656,Jazan,9,3,4.0,53.3,1,1,0,1
U015149,59,0.89,Najran,10,2,0.9,20.2,1,1,0,1
U015150,63,0.409,Riyadh,0,2,1.3,12.5,0,0,0,0
U015151,53,0.354,Al Jawf,12,3,2.0,24.8,1,1,2,0
U015152,31,0.763,Asir,5,5,1.6,3.8,1,1,1,1
U015153,63,0.768,Riyadh,0,2,1.9,8.6,1,1,0,1
U015154,56,0.226,Makkah,1,3,3.2,10.4,1,0,1,0
U015155,30,0.577,Madinah,2,4,2.5,22.5,1,0,1,0
U015156,52,0.504,Makkah,1,7,2.7,9.7,1,1,0,0
U015157,63,0.343,Makkah,1,1,2.0,19.6,1,0,1,0
U015158,46,0.392,Makkah,1,3,1.1,13.9,1,1,2,1
U015159,65,0.681,Riyadh,0,7,0.0,4.3,1,0,0,1
U015160,35,0.164,Madinah,2,5,1.8,19.4,0,0,1,1
U015161,36,0.414,Makkah,1,2,2.4,19.4,1,0,1,0
U015162,37,0.524,Riyadh,0,5,0.1,67.3,1,1,1,0
U015163,68,0.174,Asir,5,2,2.8,92.4,1,0,0,1
U015164,50,0.634,Eastern,4,0,4.4,12.1,0,0,1,0
U015165,58,0.509,Eastern,4,0,3.7,27.5,1,0,0,1
U015166,52,0.074,Eastern,4,0,1.6,7.6,0,0,0,0
U015167,49,0.932,Al Jawf,12,5,2.0,5.1,1,1,2,1
U015168,32,0.096,Makkah,1,0,3.8,7.5,1,0,1,1
U015169,59,0.379,Jazan,9,3,2.6,33.3,0,0,1,1
U015170,48,0.724,Makkah,1,8,0.0,12.9,1,1,1,1
U015171,21,0.73,Hail,7,5,1.0,19.5,1,1,0,1
U015172,31,0.45,Makkah,1,5,1.0,36.8,1,1,1,1
U015173,64,0.822,Eastern,4,6,1.8,34.0,1,1,1,1
U015174,40,0.301,Asir,5,5,3.7,24.9,1,0,1,0
U015175,35,0.809,Eastern,4,3,0.0,2.4,1,0,2,0
U015176,25,0.627,Qassim,3,4,1.2,16.7,1,1,1,1
U015177,20,0.501,Riyadh,0,5,3.2,12.6,1,0,0,0
U015178,26,0.355,Eastern,4,1,3.1,3.9,1,0,1,0
U015179,65,0.797,Al Bahah,11,6,2.8,17.7,1,1,1,1
U015180,45,0.233,Najran,10,1,0.8,12.8,1,0,1,0
U015181,43,0.344,Eastern,4,4,0.6,2.1,0,0,0,1
U015182,24,0.331,Asir,5,2,2.1,6.6,1,1,1,0
U015183,48,0.606,Riyadh,0,2,2.7,32.6,1,1,1,1
U015184,56,0.236,Northern Borders,8,2,3.2,7.6,1,0,1,0
U015185,62,0.144,Tabuk,6,2,1.9,6.5,0,0,0,0
U015186,19,0.947,Makkah,1,4,0.0,28.7,0,1,1,1
U015187,27,0.642,Makkah,1,2,0.7,18.0,1,1,1,1
U015188,34,0.853,Eastern,4,3,2.2,14.5,0,1,2,1
U015189,36,0.456,Makkah,1,5,3.0,48.1,0,1,3,0
U015190,69,0.329,Makkah,1,2,3.2,49.4,1,0,1,0
U015191,44,0.566,Eastern,4,2,0.8,35.7,1,0,0,0
U015192,41,0.626,Riyadh,0,4,1.2,17.3,1,0,0,0
U015193,30,0.437,Makkah,1,1,3.9,1.7,1,0,1,0
U015194,53,0.297,Riyadh,0,1,1.9,22.7,1,0,0,1
U015195,67,0.678,Riyadh,0,3,1.3,4.6,0,1,1,1
U015196,68,0.591,Eastern,4,1,0.0,32.2,1,0,0,0
U015197,41,0.2,Eastern,4,1,3.0,30.1,1,0,0,1
U015198,32,0.288,Riyadh,0,4,4.4,30.7,1,1,0,0
U015199,40,0.853,Makkah,1,2,0.8,22.3,1,1,1,1
U015200,20,0.63,Riyadh,0,0,2.7,6.2,1,0,1,0
U015201,40,0.421,Al Jawf,12,3,1.8,10.3,1,0,0,1
U015202,44,0.147,Eastern,4,2,3.6,13.5,1,0,1,0
U015203,39,0.857,Eastern,4,3,2.5,73.9,1,1,0,0
U015204,49,0.579,Riyadh,0,2,0.0,78.6,1,1,2,1
U015205,62,0.357,Jazan,9,3,2.1,4.3,1,1,1,1
U015206,31,0.396,Riyadh,0,0,2.1,32.9,1,0,0,1
U015207,34,0.294,Makkah,1,2,4.7,11.0,1,0,0,0
U015208,27,0.595,Eastern,4,4,1.0,6.6,0,1,2,1
U015209,44,0.552,Jazan,9,4,2.5,44.1,0,0,0,1
U015210,67,0.766,Madinah,2,0,1.2,38.3,1,0,1,1
U015211,38,0.287,Eastern,4,2,0.0,27.6,1,1,3,0
U015212,64,0.118,Makkah,1,2,2.2,41.0,0,0,0,1
U015213,56,0.484,Eastern,4,9,2.7,19.3,0,0,1,1
U015214,39,0.45,Eastern,4,5,0.9,17.8,1,0,2,1
U015215,30,0.096,Eastern,4,0,1.3,23.2,0,0,0,0
U015216,44,0.571,Riyadh,0,1,1.3,6.7,1,0,1,1
U015217,54,0.502,Asir,5,4,2.6,13.6,1,0,0,1
U015218,35,0.165,Riyadh,0,0,3.7,26.9,1,0,0,1
U015219,55,0.411,Najran,10,3,0.7,14.7,1,0,2,0
U015220,46,0.414,Riyadh,0,2,2.5,13.6,1,1,1,0
U015221,37,0.065,Hail,7,0,3.4,17.1,1,0,1,0
U015222,37,0.475,Riyadh,0,3,4.7,40.6,0,1,0,1
U015223,60,0.572,Makkah,1,3,4.0,6.1,1,1,1,1
U015224,66,0.302,Makkah,1,2,2.1,9.9,1,1,2,0
U015225,18,0.482,Tabuk,6,2,1.6,32.9,1,0,0,0
U015226,29,0.367,Riyadh,0,1,1.5,19.7,0,0,0,0
U015227,50,0.814,Riyadh,0,0,0.0,17.1,1,1,2,0
U015228,64,0.678,Eastern,4,4,2.2,9.8,1,1,0,1
U015229,66,0.385,Hail,7,2,0.0,10.8,1,1,3,0
U015230,38,0.446,Qassim,3,5,3.0,49.8,1,1,1,1
U015231,56,0.403,Al Bahah,11,1,4.1,24.8,1,0,1,1
U015232,35,0.674,Madinah,2,4,0.0,13.8,1,0,0,0
U015233,35,0.562,Eastern,4,3,3.0,28.6,0,1,0,1
U015234,28,0.925,Asir,5,4,0.0,30.9,1,1,1,1
U015235,55,0.344,Asir,5,4,0.3,39.2,1,0,0,1
U015236,52,0.661,Riyadh,0,4,1.7,15.9,1,1,1,0
U015237,43,0.364,Riyadh,0,1,1.0,30.3,1,1,1,0
U015238,61,0.57,Makkah,1,9,3.4,1.5,0,1,2,1
U015239,26,0.559,Tabuk,6,1,1.0,0.7,1,0,2,0
U015240,24,0.431,Qassim,3,2,1.6,28.1,1,0,0,1
U015241,54,0.897,Eastern,4,3,0.8,28.7,1,0,1,0
U015242,26,0.641,Asir,5,2,1.3,6.4,1,0,3,1
U015243,65,0.583,Eastern,4,7,2.0,21.5,1,0,0,1
U015244,60,0.496,Eastern,4,3,2.8,13.5,0,0,1,0
U015245,31,0.207,Tabuk,6,5,5.1,37.8,1,1,1,1
U015246,46,0.69,Eastern,4,3,0.9,9.1,1,0,0,0
U015247,29,0.679,Makkah,1,4,3.2,27.3,1,1,5,1
U015248,52,0.748,Al Jawf,12,2,0.8,20.5,0,0,3,1
U015249,46,0.169,Makkah,1,0,3.3,12.9,1,0,1,0
U015250,20,0.74,Riyadh,0,3,0.0,29.6,1,0,1,1
U015251,60,0.804,Eastern,4,3,2.4,0.6,0,1,2,1
U015252,18,0.299,Jazan,9,3,1.4,22.2,1,1,1,0
U015253,33,0.277,Hail,7,1,1.6,79.0,1,0,1,0
U015254,47,0.807,Jazan,9,5,0.5,21.0,0,1,0,1
U015255,21,0.71,Riyadh,0,4,2.0,37.0,1,1,1,1
U015256,32,0.892,Riyadh,0,5,3.0,64.9,1,1,0,1
U015257,59,0.606,Riyadh,0,5,3.3,30.8,1,1,1,1
U015258,37,0.898,Tabuk,6,5,1.3,34.6,1,1,1,1
U015259,34,0.712,Makkah,1,4,2.4,22.7,1,1,0,1
U015260,58,0.773,Asir,5,4,0.0,21.4,1,1,2,1
U015261,56,0.613,Eastern,4,3,3.8,62.0,1,0,0,0
U015262,49,0.569,Riyadh,0,4,0.4,24.5,1,0,0,1
U015263,45,0.344,Makkah,1,4,2.3,41.6,0,0,1,0
U015264,55,0.729,Eastern,4,10,0.3,28.0,1,1,2,1
U015265,55,0.534,Northern Borders,8,3,2.8,24.0,1,1,0,0
U015266,57,0.595,Riyadh,0,2,2.8,23.2,1,0,2,1
U015267,62,0.375,Riyadh,0,4,4.5,28.5,1,0,0,0
U015268,41,0.831,Jazan,9,11,1.7,10.6,1,1,0,1
U015269,55,0.589,Eastern,4,7,2.9,10.2,1,1,0,1
U015270,33,0.282,Eastern,4,2,4.0,6.6,1,0,0,0
U015271,47,0.355,Asir,5,6,3.2,18.2,1,0,1,0
U015272,68,0.281,Eastern,4,1,3.4,45.0,1,0,0,0
U015273,54,0.527,Qassim,3,5,3.9,34.0,1,0,0,1
U015274,21,0.937,Hail,7,2,2.2,3.6,1,0,1,0
U015275,56,0.374,Riyadh,0,2,4.8,27.1,1,1,2,0
U015276,54,0.877,Qassim,3,0,0.4,6.3,1,0,2,1
U015277,66,0.433,Riyadh,0,2,3.1,19.5,1,0,0,1
U015278,48,0.364,Riyadh,0,5,1.9,17.1,1,1,0,1
U015279,26,0.453,Asir,5,1,1.1,20.6,1,0,0,0
U015280,20,0.739,Eastern,4,5,0.7,18.2,1,1,1,1
U015281,51,0.778,Asir,5,1,1.7,9.7,1,0,1,1
U015282,62,0.341,Qassim,3,5,4.1,13.5,1,0,1,1
U015283,25,0.604,Makkah,1,4,0.9,9.0,1,0,0,1
U015284,60,0.079,Al Bahah,11,1,1.7,29.0,0,1,2,1
U015285,18,0.883,Riyadh,0,5,1.8,23.6,1,1,0,1
U015286,20,0.864,Hail,7,3,0.0,11.7,1,1,2,0
U015287,23,0.416,Madinah,2,2,3.0,42.6,1,1,0,0
U015288,46,0.533,Eastern,4,2,3.5,32.2,1,0,0,0
U015289,33,0.29,Najran,10,1,2.2,37.2,0,0,0,1
U015290,21,0.488,Tabuk,6,3,4.7,42.1,1,0,0,1
U015291,18,0.903,Madinah,2,8,1.1,16.1,1,1,0,1
U015292,19,0.383,Riyadh,0,2,1.8,33.5,1,1,2,0
U015293,59,0.516,Makkah,1,1,2.6,69.2,1,0,1,0
U015294,22,0.214,Makkah,1,2,0.4,7.6,1,0,0,0
U015295,27,0.574,Eastern,4,3,4.4,34.6,1,1,0,1
U015296,42,0.46,Al Jawf,12,4,2.5,24.5,1,1,2,1
U015297,21,0.938,Al Bahah,11,4,1.4,5.2,0,1,0,1
U015298,66,0.456,Eastern,4,2,0.4,51.0,1,0,0,1
U015299,45,0.004,Eastern,4,4,2.9,1.8,1,0,2,1
U015300,52,0.47,Qassim,3,2,0.7,10.3,1,0,0,0
U015301,59,0.664,Najran,10,3,0.0,20.7,0,0,0,1
U015302,22,0.41,Al Bahah,11,4,1.5,27.4,1,0,1,1
U015303,37,0.407,Eastern,4,3,1.0,40.8,1,0,4,1
U015304,27,0.864,Asir,5,4,0.3,31.4,1,0,0,1
U015305,36,0.509,Makkah,1,1,2.3,23.5,1,0,2,1
U015306,37,0.684,Riyadh,0,3,4.5,57.5,1,0,0,0
U015307,50,0.73,Madinah,2,0,2.2,41.9,1,1,0,0
U015308,45,0.878,Eastern,4,4,3.6,30.9,1,1,2,1
U015309,63,0.603,Riyadh,0,4,2.9,7.0,1,1,1,1
U015310,31,0.627,Riyadh,0,4,0.5,41.7,1,0,0,1
U015311,34,0.522,Riyadh,0,4,2.4,50.6,1,1,0,1
U015312,20,0.888,Eastern,4,6,0.1,35.0,1,1,3,1
U015313,24,0.308,Makkah,1,2,5.5,31.2,1,0,0,1
U015314,57,0.442,Riyadh,0,0,3.6,46.5,1,1,0,1
U015315,51,0.429,Hail,7,2,2.6,11.7,1,0,0,0
U015316,23,0.241,Asir,5,2,0.6,19.9,1,0,1,1
U015317,27,0.439,Riyadh,0,4,1.2,4.0,1,1,1,1
U015318,37,0.723,Makkah,1,6,0.9,17.2,1,1,1,1
U015319,59,0.29,Eastern,4,4,3.5,32.7,1,0,0,1
U015320,43,0.305,Jazan,9,2,2.5,13.6,0,0,0,1
U015321,28,0.67,Eastern,4,4,0.0,2.3,1,0,0,1
U015322,20,0.873,Najran,10,1,3.6,84.5,1,1,0,1
U015323,45,0.571,Jazan,9,5,1.6,20.2,1,1,2,1
U015324,52,0.722,Qassim,3,1,0.7,6.0,1,1,1,1
U015325,44,0.787,Makkah,1,4,1.1,24.4,1,1,1,1
U015326,18,0.6,Makkah,1,1,4.2,43.7,1,0,0,1
U015327,18,0.604,Makkah,1,5,3.8,10.7,1,1,0,1
U015328,61,0.546,Eastern,4,2,2.9,84.0,1,0,0,0
U015329,60,0.448,Riyadh,0,5,1.2,20.6,0,1,2,1
U015330,24,0.789,Makkah,1,2,2.2,20.5,1,1,0,1
U015331,48,0.23,Makkah,1,1,2.9,48.6,1,0,1,1
U015332,32,0.63,Asir,5,4,0.0,8.7,1,1,1,0
U015333,26,0.368,Riyadh,0,2,4.2,27.0,1,0,1,0
U015334,66,0.284,Eastern,4,4,2.7,19.6,1,0,0,0
U015335,58,0.784,Madinah,2,3,2.6,35.1,1,1,2,0
U015336,69,0.468,Makkah,1,0,2.6,35.2,1,0,0,1
U015337,66,0.702,Madinah,2,4,3.2,7.1,1,1,1,1
U015338,37,0.489,Eastern,4,4,0.0,20.5,1,0,1,1
U015339,28,0.889,Riyadh,0,1,0.0,46.2,1,1,2,1
U015340,19,0.609,Jazan,9,3,1.5,36.5,1,1,2,1
U015341,23,0.934,Riyadh,0,3,0.6,14.1,1,1,0,1
U015342,38,0.534,Qassim,3,2,0.9,30.4,1,0,2,0
U015343,61,0.729,Riyadh,0,2,1.3,17.7,1,1,1,0
U015344,29,0.793,Riyadh,0,9,1.8,30.3,1,1,1,1
U015345,58,0.775,Eastern,4,2,2.4,7.7,1,0,1,0
U015346,42,0.76,Eastern,4,8,3.4,39.4,1,1,0,0
U015347,64,0.415,Makkah,1,3,0.6,43.3,1,1,2,0
U015348,64,0.494,Makkah,1,2,2.6,32.4,1,1,0,0
U015349,64,0.603,Qassim,3,2,0.4,25.4,1,0,1,1
U015350,30,0.897,Asir,5,5,0.0,43.2,1,1,0,1
U015351,32,0.46,Makkah,1,4,0.7,25.3,1,1,0,1
U015352,43,0.755,Eastern,4,3,3.5,10.3,1,0,2,1
U015353,54,0.349,Tabuk,6,3,1.9,14.5,1,0,0,1
U015354,26,0.184,Najran,10,4,5.5,28.6,1,0,1,0
U015355,39,0.574,Makkah,1,7,2.9,13.6,1,0,0,1
U015356,36,0.647,Eastern,4,3,0.0,15.8,1,0,0,0
U015357,69,0.355,Eastern,4,7,2.5,23.1,1,0,0,1
U015358,63,0.104,Riyadh,0,0,3.0,28.2,1,0,0,1
U015359,49,0.471,Riyadh,0,1,1.2,15.9,1,0,0,0
U015360,18,0.502,Riyadh,0,3,3.1,9.4,1,1,1,0
U015361,18,0.52,Asir,5,0,0.0,25.1,0,0,0,1
U015362,64,0.707,Makkah,1,4,1.6,56.3,1,1,2,0
U015363,65,0.226,Madinah,2,5,2.0,14.2,0,1,2,0
U015364,38,0.699,Jazan,9,3,0.7,5.2,1,0,1,1
U015365,37,0.341,Najran,10,5,2.2,14.0,0,0,1,0
U015366,19,0.385,Riyadh,0,2,1.6,4.2,0,1,2,0
U015367,61,0.582,Makkah,1,6,1.9,21.4,1,1,0,0
U015368,59,0.801,Makkah,1,1,3.0,17.7,1,0,0,1
U015369,68,0.762,Jazan,9,3,1.6,21.1,1,1,0,1
U015370,49,0.216,Makkah,1,0,0.9,6.4,1,0,2,1
U015371,42,0.379,Makkah,1,5,2.0,25.4,1,1,2,1
U015372,46,0.377,Jazan,9,2,1.9,20.3,0,0,0,0
U015373,39,0.205,Madinah,2,0,1.5,6.3,1,0,0,1
U015374,24,0.341,Makkah,1,4,4.2,12.6,1,1,1,1
U015375,65,0.298,Al Jawf,12,3,0.8,3.9,1,1,0,0
U015376,39,0.382,Eastern,4,5,0.6,18.2,1,0,1,1
U015377,54,0.389,Riyadh,0,3,2.4,42.5,0,1,1,1
U015378,30,0.516,Riyadh,0,2,2.9,37.8,1,1,0,1
U015379,67,0.45,Riyadh,0,5,1.8,33.7,1,1,1,0
U015380,26,0.811,Northern Borders,8,8,0.4,49.9,1,1,1,1
U015381,26,0.626,Riyadh,0,3,1.6,13.6,1,0,0,0
U015382,56,0.608,Eastern,4,3,2.2,7.9,1,0,0,0
U015383,55,0.572,Riyadh,0,4,3.3,31.1,1,0,0,0
U015384,26,0.319,Riyadh,0,3,3.4,26.7,0,1,1,0
U015385,49,0.234,Northern Borders,8,3,1.4,118.6,1,0,0,0
U015386,46,0.804,Eastern,4,4,2.5,52.3,1,1,0,0
U015387,20,0.844,Makkah,1,3,2.1,17.5,1,1,1,1
U015388,43,0.79,Madinah,2,3,0.7,24.3,1,1,0,0
U015389,51,0.286,Makkah,1,2,2.8,25.2,1,1,2,1
U015390,39,0.513,Riyadh,0,1,3.8,42.7,1,0,0,1
U015391,21,0.84,Qassim,3,3,0.0,23.9,1,1,2,1
U015392,49,0.554,Riyadh,0,0,0.3,12.7,0,0,0,0
U015393,64,0.724,Makkah,1,3,0.0,11.5,1,1,3,0
U015394,50,0.218,Tabuk,6,1,3.3,12.8,1,0,1,0
U015395,37,0.231,Makkah,1,3,0.2,29.2,1,0,0,1
U015396,50,0.674,Riyadh,0,7,1.6,32.2,1,1,0,0
U015397,40,0.283,Makkah,1,0,2.6,0.5,1,0,0,0
U015398,48,0.35,Riyadh,0,2,2.2,20.2,0,1,2,0
U015399,51,0.279,Riyadh,0,5,3.1,1.6,1,1,4,1
U015400,59,0.689,Al Bahah,11,1,2.2,29.3,1,1,0,0
U015401,29,0.479,Najran,10,3,3.5,10.8,1,1,0,0
U015402,57,0.137,Makkah,1,2,2.3,17.8,0,0,0,1
U015403,30,0.51,Eastern,4,2,2.9,27.4,1,0,1,0
U015404,28,0.375,Eastern,4,7,2.2,4.1,0,0,1,1
U015405,42,0.457,Qassim,3,4,3.4,2.1,1,0,0,0
U015406,45,0.288,Tabuk,6,3,1.2,25.0,1,0,0,0
U015407,18,0.608,Riyadh,0,6,1.1,26.0,1,0,0,0
U015408,39,0.811,Makkah,1,6,1.8,37.8,1,1,0,1
U015409,57,0.802,Hail,7,5,1.6,74.5,1,0,2,0
U015410,25,0.429,Eastern,4,1,0.2,10.9,1,0,1,0
U015411,29,0.796,Makkah,1,3,1.6,9.1,1,1,0,1
U015412,28,0.374,Riyadh,0,3,2.6,38.2,1,1,0,0
U015413,30,0.549,Madinah,2,4,2.7,12.4,1,1,0,1
U015414,57,0.086,Asir,5,3,3.1,60.9,0,0,2,0
U015415,66,0.757,Makkah,1,7,3.6,29.7,1,1,0,1
U015416,52,0.16,Makkah,1,1,1.5,45.6,1,1,3,0
U015417,32,0.135,Riyadh,0,0,4.3,19.1,1,0,1,1
U015418,43,0.454,Madinah,2,2,2.3,63.0,1,1,1,1
U015419,65,0.398,Eastern,4,3,0.0,13.2,1,1,0,1
U015420,23,0.15,Eastern,4,3,1.2,15.9,1,1,1,1
U015421,34,0.522,Makkah,1,5,2.4,41.8,1,1,0,0
U015422,47,0.31,Madinah,2,1,4.3,32.2,0,0,0,0
U015423,19,0.366,Asir,5,4,3.1,42.3,1,1,3,1
U015424,54,0.661,Riyadh,0,3,0.4,9.7,1,0,0,1
U015425,35,0.345,Makkah,1,3,2.1,11.5,1,1,1,0
U015426,58,0.609,Najran,10,3,1.3,31.4,1,0,0,0
U015427,25,0.223,Riyadh,0,6,2.8,3.3,0,1,2,0
U015428,48,0.176,Qassim,3,4,3.5,51.3,1,1,2,0
U015429,56,0.851,Riyadh,0,4,0.0,24.2,1,1,1,1
U015430,37,0.795,Asir,5,0,2.4,38.2,1,0,0,1
U015431,52,0.612,Riyadh,0,4,0.5,31.2,1,1,3,1
U015432,45,0.89,Riyadh,0,3,1.6,6.8,1,1,1,1
U015433,54,0.399,Asir,5,5,1.0,24.9,1,0,0,0
U015434,30,0.816,Jazan,9,5,0.0,39.0,1,0,0,1
U015435,32,0.916,Makkah,1,2,1.9,41.5,1,1,1,1
U015436,42,0.527,Makkah,1,4,1.9,10.7,1,1,0,1
U015437,52,0.706,Riyadh,0,4,2.0,26.8,1,1,1,0
U015438,49,0.93,Hail,7,4,0.9,21.1,1,0,0,1
U015439,46,0.122,Makkah,1,3,1.6,27.8,0,0,1,1
U015440,35,0.838,Makkah,1,2,2.6,23.4,1,1,1,0
U015441,68,0.467,Riyadh,0,4,3.2,9.5,1,0,1,0
U015442,39,0.169,Eastern,4,6,0.6,15.5,1,0,0,0
U015443,69,0.828,Hail,7,4,0.0,12.6,1,1,4,1
U015444,22,0.094,Eastern,4,2,3.8,20.4,1,0,0,1
U015445,49,0.507,Madinah,2,2,1.6,31.3,1,1,1,0
U015446,41,0.714,Eastern,4,3,0.4,24.0,1,0,1,1
U015447,23,0.583,Riyadh,0,1,1.3,32.1,1,0,0,1
U015448,46,0.754,Al Bahah,11,4,3.9,56.3,1,1,0,1
U015449,46,0.59,Makkah,1,0,1.4,17.8,1,0,1,0
U015450,59,0.179,Makkah,1,0,3.5,27.2,1,1,4,1
U015451,49,0.655,Eastern,4,1,2.9,4.2,1,0,1,1
U015452,36,0.376,Makkah,1,5,2.5,41.4,1,1,2,1
U015453,56,0.556,Makkah,1,6,0.0,15.1,0,1,3,0
U015454,51,0.012,Makkah,1,3,2.5,10.7,0,0,1,1
U015455,33,0.332,Makkah,1,5,0.0,64.2,1,0,0,1
U015456,38,0.321,Riyadh,0,0,4.2,35.2,1,0,1,0
U015457,60,0.597,Qassim,3,4,3.1,56.1,1,0,0,0
U015458,56,0.421,Riyadh,0,3,2.4,25.2,1,0,1,0
U015459,47,0.844,Jazan,9,2,0.9,10.7,1,1,2,1
U015460,36,0.159,Riyadh,0,2,3.9,28.8,0,0,1,1
U015461,48,0.812,Riyadh,0,2,0.8,13.1,1,1,0,0
U015462,27,0.6,Riyadh,0,3,2.0,14.7,1,0,1,1
U015463,30,0.832,Riyadh,0,5,2.1,92.7,1,1,1,0
U015464,49,0.255,Riyadh,0,3,2.4,20.5,1,0,1,0
U015465,25,0.352,Eastern,4,1,3.1,25.1,1,1,0,0
U015466,36,0.297,Eastern,4,4,1.9,20.3,1,1,1,1
U015467,27,0.457,Makkah,1,1,2.9,19.6,0,1,1,0
U015468,38,0.615,Eastern,4,1,1.0,23.2,1,1,3,1
U015469,63,0.819,Eastern,4,6,2.1,29.8,1,1,2,1
U015470,47,0.517,Eastern,4,5,1.9,27.0,1,1,2,1
U015471,48,0.407,Makkah,1,3,1.5,56.7,1,0,1,0
U015472,28,0.31,Riyadh,0,2,2.1,26.0,1,0,1,0
U015473,66,0.653,Riyadh,0,2,0.0,47.9,1,1,2,0
U015474,60,0.512,Jazan,9,4,1.4,35.0,0,0,0,1
U015475,40,0.451,Najran,10,0,3.3,32.2,1,0,0,1
U015476,67,0.905,Riyadh,0,10,0.0,35.4,1,0,1,1
U015477,54,0.495,Riyadh,0,2,2.7,50.9,1,0,0,1
U015478,54,0.671,Al Bahah,11,5,1.8,19.5,0,1,2,1
U015479,57,0.47,Eastern,4,2,0.4,33.5,1,0,1,0
U015480,23,0.296,Riyadh,0,6,1.8,20.9,1,1,0,0
U015481,49,0.142,Eastern,4,2,4.4,32.8,1,0,0,1
U015482,61,0.722,Eastern,4,0,2.6,12.5,0,0,0,0
U015483,45,0.835,Riyadh,0,4,1.7,21.8,1,1,0,1
U015484,39,0.085,Riyadh,0,2,2.1,24.2,1,0,2,0
U015485,20,0.065,Makkah,1,1,3.3,21.9,1,0,0,1
U015486,25,0.151,Makkah,1,1,5.0,6.5,1,0,1,0
U015487,69,0.112,Najran,10,3,2.9,25.8,0,0,0,1
U015488,18,0.508,Riyadh,0,3,1.3,34.6,1,1,0,1
U015489,37,0.672,Makkah,1,1,1.0,3.9,1,0,1,1
U015490,44,0.187,Qassim,3,1,3.4,29.0,1,0,3,1
U015491,27,0.795,Riyadh,0,3,2.0,35.3,1,1,1,1
U015492,49,0.218,Makkah,1,3,1.9,22.8,1,0,0,1
U015493,62,0.712,Makkah,1,4,1.9,49.5,1,0,3,1
U015494,20,0.325,Riyadh,0,1,0.8,26.6,1,0,3,1
U015495,37,0.829,Northern Borders,8,5,1.5,24.6,1,1,0,1
U015496,48,0.466,Riyadh,0,3,0.6,21.6,1,0,0,1
U015497,50,0.486,Al Jawf,12,3,0.0,23.2,1,0,0,1
U015498,65,0.609,Qassim,3,6,1.1,5.8,1,1,0,1
U015499,54,0.755,Makkah,1,3,1.5,7.4,0,0,1,0
U015500,22,0.845,Makkah,1,5,2.2,33.7,1,1,1,1
U015501,54,0.409,Jazan,9,6,1.3,4.4,0,0,1,1
U015502,67,0.905,Riyadh,0,1,1.0,11.2,1,1,1,1
U015503,37,0.297,Riyadh,0,2,4.2,24.7,1,0,1,0
U015504,67,0.855,Eastern,4,4,2.0,16.8,1,1,3,0
U015505,56,0.427,Eastern,4,9,0.1,31.5,1,1,1,1
U015506,49,0.242,Eastern,4,2,1.4,25.9,1,0,0,1
U015507,64,0.116,Al Bahah,11,3,2.8,17.1,1,1,3,0
U015508,49,0.611,Qassim,3,4,0.0,99.9,1,1,0,1
U015509,44,0.221,Northern Borders,8,2,0.6,25.2,1,0,1,0
U015510,61,0.377,Makkah,1,2,2.3,42.8,1,0,0,0
U015511,39,0.793,Riyadh,0,4,2.4,66.7,1,1,1,1
U015512,25,0.5,Riyadh,0,4,0.5,16.0,1,1,1,0
U015513,19,0.82,Tabuk,6,6,2.6,15.1,1,1,0,1
U015514,19,0.423,Makkah,1,0,2.7,3.2,1,0,1,0
U015515,27,0.49,Riyadh,0,2,0.0,24.4,0,0,0,0
U015516,21,0.242,Riyadh,0,4,3.7,12.5,1,0,1,0
U015517,62,0.276,Qassim,3,2,1.8,20.7,1,0,2,0
U015518,56,0.533,Riyadh,0,0,3.2,35.9,1,0,2,0
U015519,35,0.822,Makkah,1,8,1.2,13.0,1,1,3,1
U015520,68,0.292,Riyadh,0,6,2.9,23.9,0,1,0,1
U015521,20,0.793,Najran,10,8,0.0,60.8,1,1,1,1
U015522,31,0.417,Eastern,4,5,1.9,10.2,1,1,0,0
U015523,51,0.172,Eastern,4,1,3.8,41.4,1,0,0,0
U015524,25,0.405,Makkah,1,0,3.2,11.2,1,0,0,0
U015525,57,0.587,Jazan,9,2,1.9,25.7,1,1,2,1
U015526,34,0.619,Hail,7,1,1.8,41.1,1,0,0,1
U015527,56,0.136,Riyadh,0,1,1.9,25.8,0,0,0,1
U015528,69,0.409,Eastern,4,2,1.8,15.8,1,0,0,0
U015529,24,0.596,Jazan,9,2,2.8,40.2,1,0,1,1
U015530,28,0.567,Madinah,2,4,0.7,41.0,0,0,0,1
U015531,38,0.686,Tabuk,6,4,0.0,23.9,1,0,1,0
U015532,39,0.389,Eastern,4,1,0.9,17.3,1,0,1,1
U015533,20,0.824,Madinah,2,3,0.7,8.7,1,0,1,0
U015534,28,0.817,Riyadh,0,3,1.0,5.9,1,0,0,0
U015535,34,0.393,Makkah,1,1,1.4,23.7,1,0,1,1
U015536,27,0.649,Makkah,1,2,1.2,4.5,0,0,0,1
U015537,30,0.525,Riyadh,0,3,0.0,17.8,1,1,2,1
U015538,55,0.664,Makkah,1,4,1.2,22.8,1,1,1,1
U015539,57,0.731,Riyadh,0,6,1.0,25.9,1,1,1,1
U015540,68,0.407,Madinah,2,3,1.1,34.5,1,1,3,1
U015541,43,0.482,Riyadh,0,3,3.1,45.6,1,0,0,0
U015542,44,0.602,Eastern,4,3,3.2,13.4,0,0,1,1
U015543,59,0.248,Jazan,9,3,0.9,9.1,1,0,0,0
U015544,35,0.905,Makkah,1,2,1.7,16.6,1,0,0,0
U015545,59,0.817,Riyadh,0,7,1.1,7.8,1,1,2,1
U015546,24,0.494,Riyadh,0,3,3.7,16.0,1,0,0,0
U015547,47,0.688,Jazan,9,3,1.7,9.8,1,1,1,0
U015548,26,0.322,Makkah,1,4,2.0,12.4,0,0,0,1
U015549,38,0.929,Jazan,9,5,0.6,8.1,1,1,3,1
U015550,51,0.742,Al Jawf,12,1,1.4,28.1,1,0,1,1
U015551,57,0.432,Makkah,1,3,2.2,16.1,0,1,0,0
U015552,25,0.626,Makkah,1,6,2.3,47.4,1,1,0,1
U015553,45,0.25,Riyadh,0,3,3.3,18.9,1,0,0,1
U015554,21,0.859,Madinah,2,2,1.0,19.4,1,0,1,1
U015555,33,0.38,Riyadh,0,3,2.4,3.5,1,0,0,1
U015556,59,0.283,Qassim,3,2,2.7,50.6,1,0,1,1
U015557,22,0.699,Eastern,4,5,2.5,34.3,1,1,2,1
U015558,46,0.951,Eastern,4,5,1.1,25.0,0,1,0,1
U015559,68,0.347,Makkah,1,4,1.2,56.3,1,1,4,1
U015560,34,0.548,Riyadh,0,4,0.1,36.3,1,1,0,1
U015561,68,0.647,Makkah,1,1,3.2,34.4,1,0,1,0
U015562,34,0.116,Eastern,4,0,1.2,52.3,0,0,0,0
U015563,34,0.559,Al Bahah,11,3,3.5,5.3,1,1,1,1
U015564,20,0.851,Al Jawf,12,4,0.4,33.2,1,0,0,1
U015565,62,0.908,Asir,5,2,2.4,13.0,1,1,0,1
U015566,31,0.213,Qassim,3,1,3.5,27.4,1,1,1,1
U015567,67,0.112,Makkah,1,5,0.7,11.8,0,0,1,0
U015568,36,0.434,Qassim,3,4,3.9,10.3,1,0,2,1
U015569,31,0.324,Makkah,1,3,1.9,24.3,0,1,2,0
U015570,31,0.981,Riyadh,0,4,3.4,9.5,1,1,0,1
U015571,48,0.502,Riyadh,0,4,2.9,16.5,1,1,2,1
U015572,60,0.398,Riyadh,0,3,1.5,9.6,1,1,0,0
U015573,28,0.534,Riyadh,0,2,1.2,22.3,1,0,1,1
U015574,45,0.209,Al Bahah,11,4,2.2,13.2,1,0,3,1
U015575,48,0.868,Riyadh,0,5,2.5,54.3,1,1,1,1
U015576,23,0.778,Riyadh,0,2,0.7,17.3,1,1,1,1
U015577,43,0.405,Madinah,2,1,1.1,16.2,1,1,3,1
U015578,28,0.534,Asir,5,2,2.5,20.9,1,1,1,1
U015579,34,0.662,Tabuk,6,3,1.4,20.5,1,1,3,0
U015580,27,0.172,Riyadh,0,0,2.0,44.7,1,0,0,0
U015581,20,0.82,Al Jawf,12,3,3.0,15.9,0,0,0,1
U015582,42,0.536,Makkah,1,3,1.6,23.6,1,0,0,0
U015583,27,0.485,Eastern,4,2,3.1,35.5,1,0,0,1
U015584,39,0.724,Eastern,4,4,2.5,19.8,1,0,1,1
U015585,61,0.307,Riyadh,0,2,5.0,27.7,1,0,1,0
U015586,45,0.246,Najran,10,2,3.9,59.7,1,0,0,0
U015587,49,0.646,Al Jawf,12,3,0.6,17.7,1,1,2,1
U015588,33,0.331,Qassim,3,1,1.8,11.1,1,0,1,1
U015589,34,0.843,Riyadh,0,3,1.6,20.4,1,1,0,1
U015590,28,0.274,Najran,10,1,1.1,31.7,1,0,2,0
U015591,65,0.607,Riyadh,0,3,0.9,11.1,1,1,0,1
U015592,52,0.574,Jazan,9,3,4.3,20.6,0,0,0,0
U015593,24,0.564,Madinah,2,6,3.1,43.8,1,1,1,1
U015594,51,0.513,Hail,7,3,1.5,40.7,1,1,1,1
U015595,40,0.557,Asir,5,4,1.9,12.6,1,0,0,1
U015596,62,0.164,Eastern,4,2,0.8,21.4,1,0,1,0
U015597,51,0.187,Eastern,4,3,3.8,7.2,1,0,0,1
U015598,62,0.882,Riyadh,0,5,0.6,40.0,1,1,0,0
U015599,43,0.224,Qassim,3,3,1.4,34.6,1,1,2,1
U015600,53,0.772,Northern Borders,8,1,0.0,25.0,1,0,0,1
U015601,58,0.542,Al Bahah,11,1,3.0,5.1,1,1,1,1
U015602,33,0.163,Riyadh,0,3,2.0,28.5,1,0,1,1
U015603,46,0.532,Makkah,1,1,1.4,23.5,0,1,2,0
U015604,51,0.173,Eastern,4,3,3.6,16.7,0,0,0,0
U015605,33,0.066,Riyadh,0,1,4.5,5.1,1,0,0,0
U015606,39,0.388,Makkah,1,2,2.5,46.1,1,0,0,0
U015607,26,0.448,Hail,7,2,2.2,14.5,1,0,2,1
U015608,27,0.669,Makkah,1,2,1.8,33.2,1,0,0,1
U015609,44,0.377,Riyadh,0,1,1.5,67.4,1,1,1,1
U015610,58,0.474,Jazan,9,5,1.7,17.8,1,0,1,1
U015611,55,0.83,Makkah,1,3,0.9,23.9,1,1,1,1
U015612,59,0.264,Madinah,2,2,0.6,62.7,0,0,2,1
U015613,66,0.287,Jazan,9,1,4.2,30.4,0,0,0,1
U015614,49,0.721,Eastern,4,3,0.0,22.7,1,0,0,1
U015615,59,0.254,Riyadh,0,3,2.0,9.8,0,0,0,1
U015616,45,0.557,Tabuk,6,3,2.0,18.8,0,0,0,1
U015617,22,0.538,Riyadh,0,1,1.5,7.7,1,0,0,0
U015618,64,0.693,Makkah,1,6,0.6,53.1,1,1,0,1
U015619,45,0.674,Asir,5,4,0.4,19.2,1,0,1,1
U015620,58,0.862,Makkah,1,1,2.8,10.4,1,1,1,0
U015621,43,0.295,Qassim,3,1,4.9,28.7,1,0,0,1
U015622,28,0.382,Najran,10,1,1.5,4.4,1,1,1,0
U015623,67,0.307,Makkah,1,3,0.0,71.3,1,0,0,0
U015624,54,0.682,Jazan,9,9,3.3,20.1,1,1,0,1
U015625,65,0.346,Riyadh,0,2,3.4,45.9,1,0,0,1
U015626,57,0.537,Makkah,1,2,1.4,9.5,1,1,1,1
U015627,50,0.625,Eastern,4,0,2.5,35.9,1,0,0,1
U015628,34,0.31,Eastern,4,4,4.9,54.5,1,0,1,0
U015629,57,0.444,Al Bahah,11,3,3.5,21.3,1,0,0,1
U015630,57,0.113,Riyadh,0,3,3.4,14.6,0,0,1,1
U015631,55,0.286,Madinah,2,1,2.0,52.1,1,1,1,1
U015632,26,0.296,Makkah,1,3,3.6,18.8,0,1,1,1
U015633,43,0.162,Tabuk,6,0,2.0,28.9,0,0,0,0
U015634,67,0.594,Riyadh,0,7,1.1,6.0,1,1,1,0
U015635,69,0.137,Madinah,2,1,1.2,10.8,0,0,0,0
U015636,64,0.504,Makkah,1,3,3.2,6.1,0,0,1,1
U015637,33,0.492,Riyadh,0,4,0.0,24.7,0,1,1,0
U015638,31,0.185,Riyadh,0,6,5.5,4.0,1,1,0,0
U015639,28,0.35,Makkah,1,1,1.4,46.8,1,0,0,0
U015640,36,0.183,Eastern,4,1,1.3,21.4,1,0,0,1
U015641,33,0.245,Makkah,1,1,2.5,61.5,1,0,1,1
U015642,44,0.805,Makkah,1,3,0.7,12.7,1,1,0,1
U015643,49,0.163,Northern Borders,8,0,4.7,8.3,1,0,0,0
U015644,68,0.773,Riyadh,0,4,0.4,58.3,1,1,1,1
U015645,57,0.632,Riyadh,0,7,0.6,13.7,1,1,0,1
U015646,28,0.254,Eastern,4,3,2.8,21.0,1,1,0,1
U015647,35,0.267,Madinah,2,3,5.3,11.9,1,0,1,0
U015648,48,0.349,Riyadh,0,1,3.8,5.3,1,0,1,1
U015649,51,0.609,Eastern,4,5,0.0,28.9,1,1,3,0
U015650,64,0.841,Asir,5,6,1.2,19.3,1,0,0,1
U015651,49,0.593,Asir,5,4,1.3,29.3,1,1,1,1
U015652,38,0.484,Makkah,1,1,1.8,63.4,1,0,1,0
U015653,32,0.864,Makkah,1,6,2.0,23.3,1,0,0,1
U015654,27,0.403,Jazan,9,2,1.4,12.7,0,1,0,1
U015655,56,0.46,Riyadh,0,3,3.4,28.8,0,0,2,0
U015656,54,0.245,Riyadh,0,2,2.6,2.4,1,1,1,1
U015657,61,0.417,Qassim,3,2,0.9,29.0,1,0,0,0
U015658,40,0.666,Makkah,1,6,2.7,8.0,0,0,1,0
U015659,57,0.532,Najran,10,3,0.3,17.1,1,1,2,1
U015660,43,0.231,Riyadh,0,0,3.1,18.1,0,1,1,1
U015661,66,0.437,Al Jawf,12,1,3.4,66.0,1,0,0,1
U015662,64,0.355,Hail,7,3,1.3,12.0,1,1,1,0
U015663,39,0.79,Makkah,1,4,2.0,21.7,1,1,0,1
U015664,35,0.424,Qassim,3,2,4.2,61.8,1,1,0,0
U015665,19,0.199,Tabuk,6,3,2.2,29.6,1,0,0,1
U015666,34,0.276,Riyadh,0,5,1.5,38.9,1,1,3,1
U015667,45,0.183,Riyadh,0,1,1.3,57.3,0,0,0,0
U015668,26,0.647,Jazan,9,7,1.7,22.9,1,1,4,1
U015669,68,0.607,Riyadh,0,0,1.8,2.8,1,0,0,0
U015670,41,0.049,Qassim,3,2,2.3,69.9,1,0,1,0
U015671,39,0.318,Al Jawf,12,2,2.7,37.8,1,0,0,0
U015672,53,0.269,Eastern,4,3,1.8,2.3,0,0,0,1
U015673,33,0.259,Qassim,3,3,3.3,12.1,1,1,3,1
U015674,27,0.143,Eastern,4,0,2.7,8.0,1,0,0,1
U015675,59,0.83,Northern Borders,8,1,1.9,13.3,1,0,2,0
U015676,31,0.536,Riyadh,0,1,0.0,6.5,1,0,0,0
U015677,36,0.776,Qassim,3,3,1.5,19.8,0,1,0,1
U015678,27,0.481,Asir,5,1,3.8,92.6,1,1,0,1
U015679,43,0.456,Riyadh,0,1,2.1,25.7,0,0,0,0
U015680,56,0.589,Eastern,4,3,1.1,22.6,0,0,0,1
U015681,49,0.208,Eastern,4,0,2.7,32.9,1,0,0,0
U015682,63,0.819,Madinah,2,4,0.3,27.2,1,0,1,1
U015683,26,0.248,Madinah,2,0,2.7,10.8,0,0,1,0
U015684,66,0.063,Hail,7,2,3.3,7.3,0,0,3,0
U015685,56,0.572,Eastern,4,3,1.1,5.4,1,1,0,0
U015686,42,0.245,Makkah,1,3,1.4,32.0,1,1,0,1
U015687,28,0.591,Makkah,1,4,1.7,4.6,1,0,2,1
U015688,40,0.674,Asir,5,7,2.0,4.1,1,1,1,1
U015689,42,0.193,Makkah,1,3,1.9,2.9,0,0,0,0
U015690,47,0.214,Jazan,9,2,3.4,21.5,0,0,0,0
U015691,23,0.794,Hail,7,5,0.8,54.2,1,0,0,1
U015692,60,0.355,Qassim,3,1,1.3,38.5,0,1,1,1
U015693,65,0.795,Riyadh,0,4,1.7,34.4,1,1,1,0
U015694,59,0.781,Makkah,1,4,2.6,42.4,1,0,0,1
U015695,35,0.421,Hail,7,1,2.8,14.1,1,0,3,0
U015696,18,0.851,Eastern,4,1,2.1,13.8,1,0,0,1
U015697,44,0.913,Al Jawf,12,4,1.4,27.6,1,1,0,0
U015698,68,0.659,Asir,5,5,0.8,11.8,1,1,2,1
U015699,62,0.599,Riyadh,0,4,0.8,70.6,1,0,1,1
U015700,19,0.521,Qassim,3,2,3.6,10.1,0,0,0,0
U015701,58,0.439,Eastern,4,4,2.4,22.4,1,1,0,0
U015702,60,0.22,Makkah,1,1,2.7,34.0,1,0,2,0
U015703,46,0.479,Riyadh,0,1,0.0,29.3,1,1,1,1
U015704,61,0.317,Makkah,1,4,3.6,9.1,1,1,1,0
U015705,57,0.558,Eastern,4,2,1.7,95.6,1,1,2,0
U015706,37,0.624,Eastern,4,1,0.6,10.6,1,0,0,1
U015707,42,0.442,Qassim,3,2,4.5,26.4,1,0,0,0
U015708,64,0.766,Makkah,1,2,0.6,32.8,1,0,1,1
U015709,55,0.58,Eastern,4,2,1.6,49.5,1,1,1,1
U015710,58,0.186,Makkah,1,2,1.7,24.4,0,0,0,0
U015711,25,0.828,Najran,10,3,0.9,6.8,1,1,0,1
U015712,59,0.347,Northern Borders,8,2,2.5,26.5,1,0,0,1
U015713,29,0.243,Riyadh,0,2,1.7,30.0,1,0,1,1
U015714,67,0.632,Makkah,1,3,1.1,84.5,1,0,0,1
U015715,51,0.576,Eastern,4,3,0.9,2.0,1,1,1,1
U015716,45,0.296,Makkah,1,2,3.0,34.5,1,0,0,1
U015717,61,0.221,Al Jawf,12,3,1.8,33.3,1,0,0,1
U015718,34,0.441,Riyadh,0,3,1.5,10.9,1,0,1,0
U015719,30,0.621,Makkah,1,4,1.9,27.3,1,0,0,1
U015720,52,0.562,Asir,5,3,2.7,40.2,1,1,0,1
U015721,22,0.273,Riyadh,0,3,1.7,44.9,1,0,0,1
U015722,60,0.181,Madinah,2,0,4.7,14.4,1,0,0,0
U015723,52,0.183,Makkah,1,2,1.3,15.2,0,0,0,1
U015724,41,0.266,Tabuk,6,4,0.8,18.9,1,0,1,1
U015725,23,0.86,Asir,5,3,3.6,9.2,1,1,2,1
U015726,30,0.69,Eastern,4,5,1.7,32.5,1,1,1,1
U015727,67,0.535,Riyadh,0,3,1.3,8.8,1,1,1,1
U015728,31,0.309,Qassim,3,3,4.4,43.0,1,0,0,0
U015729,62,0.623,Makkah,1,2,0.5,9.4,0,1,0,1
U015730,36,0.41,Eastern,4,5,1.2,19.0,0,0,1,1
U015731,68,0.186,Riyadh,0,5,1.5,44.2,1,0,0,0
U015732,50,0.403,Qassim,3,4,0.5,53.2,1,1,2,1
U015733,63,0.767,Makkah,1,2,0.0,32.0,1,0,0,1
U015734,48,0.234,Qassim,3,1,3.6,33.5,1,0,0,0
U015735,56,0.245,Eastern,4,2,3.3,15.2,1,0,0,0
U015736,68,0.046,Eastern,4,3,1.4,0.8,1,0,0,0
U015737,41,0.569,Najran,10,5,0.0,36.8,1,1,1,0
U015738,64,0.71,Riyadh,0,5,1.5,8.9,0,1,2,1
U015739,50,0.294,Jazan,9,2,1.8,59.4,1,0,1,0
U015740,53,0.436,Makkah,1,6,2.8,44.8,1,1,0,1
U015741,55,0.228,Asir,5,1,2.5,31.0,1,0,1,1
U015742,52,0.347,Riyadh,0,4,3.1,8.3,1,1,2,1
U015743,55,0.739,Makkah,1,7,1.5,50.8,1,1,2,1
U015744,29,0.588,Makkah,1,1,2.8,11.5,1,0,0,0
U015745,68,0.185,Riyadh,0,2,4.2,41.3,1,0,1,1
U015746,37,0.466,Najran,10,4,1.7,20.1,1,1,0,1
U015747,24,0.441,Eastern,4,2,2.2,7.0,1,1,0,1
U015748,46,0.366,Eastern,4,1,2.7,9.4,1,0,1,0
U015749,67,0.733,Jazan,9,4,0.0,21.7,1,1,0,0
U015750,65,0.504,Riyadh,0,4,3.7,24.0,1,0,0,1
U015751,68,0.383,Northern Borders,8,2,4.0,38.2,1,0,0,0
U015752,29,0.554,Qassim,3,4,3.6,9.3,1,1,2,1
U015753,54,0.505,Eastern,4,3,0.0,22.9,1,0,0,0
U015754,36,0.397,Al Jawf,12,3,2.8,41.4,1,1,1,1
U015755,26,0.798,Riyadh,0,7,0.4,23.8,1,1,0,1
U015756,40,0.277,Eastern,4,3,3.8,5.3,0,0,0,0
U015757,64,0.429,Eastern,4,2,2.1,70.1,1,1,1,0
U015758,37,0.513,Riyadh,0,5,0.6,37.3,1,1,1,1
U015759,34,0.747,Riyadh,0,1,2.4,4.6,1,1,3,1
U015760,37,0.886,Makkah,1,4,3.4,15.8,0,1,0,1
U015761,66,0.521,Makkah,1,4,1.2,52.0,1,1,2,0
U015762,59,0.609,Eastern,4,0,0.3,12.2,1,1,2,1
U015763,21,0.237,Makkah,1,1,4.1,11.5,0,0,1,0
U015764,40,0.684,Asir,5,6,1.2,26.9,1,1,1,1
U015765,47,0.333,Qassim,3,3,2.9,42.6,1,1,4,1
U015766,48,0.473,Makkah,1,2,2.7,37.5,1,0,0,1
U015767,24,0.624,Qassim,3,1,2.0,29.1,1,0,2,0
U015768,38,0.774,Tabuk,6,5,1.0,22.4,1,0,0,1
U015769,36,0.41,Riyadh,0,4,2.1,16.8,0,0,0,1
U015770,32,0.726,Riyadh,0,6,0.3,55.6,1,1,2,1
U015771,21,0.169,Riyadh,0,3,3.3,29.5,1,0,0,0
U015772,45,0.334,Asir,5,5,4.9,13.9,1,1,0,0
U015773,22,0.308,Riyadh,0,2,2.0,17.8,1,0,2,0
U015774,46,0.116,Tabuk,6,3,2.2,14.6,0,1,0,0
U015775,61,0.735,Madinah,2,2,1.6,16.3,1,0,0,0
U015776,27,0.389,Riyadh,0,0,0.9,5.6,1,0,0,1
U015777,55,0.522,Riyadh,0,1,1.7,20.2,1,1,0,1
U015778,24,0.764,Eastern,4,4,0.8,19.4,0,1,0,0
U015779,42,0.32,Hail,7,5,0.0,45.2,1,0,1,0
U015780,51,0.94,Makkah,1,1,1.0,42.8,1,0,1,1
U015781,27,0.547,Eastern,4,7,1.0,25.8,1,0,0,1
U015782,66,0.619,Asir,5,3,2.6,17.8,1,1,2,0
U015783,67,0.299,Al Bahah,11,0,2.4,27.0,0,0,1,0
U015784,50,0.131,Riyadh,0,2,2.9,21.7,1,0,2,1
U015785,31,0.972,Eastern,4,6,0.5,7.5,1,1,1,1
U015786,22,0.524,Riyadh,0,2,5.8,12.0,0,0,1,1
U015787,51,0.187,Eastern,4,1,3.5,38.8,1,0,3,0
U015788,29,0.822,Makkah,1,2,0.7,35.1,1,1,0,1
U015789,62,0.893,Asir,5,3,1.5,26.4,1,1,0,0
U015790,21,0.599,Tabuk,6,3,4.4,23.6,1,1,1,1
U015791,24,0.287,Eastern,4,4,3.1,20.5,1,0,0,1
U015792,68,0.535,Riyadh,0,5,2.0,2.4,0,1,1,1
U015793,65,0.126,Jazan,9,1,1.7,18.5,1,1,1,0
U015794,30,0.147,Riyadh,0,2,1.8,10.3,1,0,0,1
U015795,55,0.235,Riyadh,0,4,4.5,15.9,1,0,1,0
U015796,35,0.602,Eastern,4,4,1.8,9.9,1,1,0,1
U015797,22,0.396,Jazan,9,1,2.0,7.5,1,1,2,0
U015798,20,0.545,Riyadh,0,1,2.8,59.7,1,0,1,1
U015799,43,0.308,Najran,10,0,0.7,3.2,1,0,1,1
U015800,59,0.084,Riyadh,0,1,0.4,30.8,1,0,1,0
U015801,26,0.786,Eastern,4,3,2.8,17.6,0,0,0,1
U015802,19,0.704,Makkah,1,4,2.3,21.9,1,1,0,1
U015803,68,0.48,Makkah,1,3,0.0,17.2,1,0,0,0
U015804,64,0.618,Riyadh,0,3,2.5,54.8,1,0,0,0
U015805,25,0.442,Riyadh,0,2,0.9,8.8,1,1,2,0
U015806,42,0.216,Makkah,1,2,2.0,40.3,1,1,0,0
U015807,34,0.614,Eastern,4,4,0.7,21.8,1,1,1,1
U015808,67,0.574,Riyadh,0,5,2.4,23.0,1,0,1,1
U015809,39,0.567,Riyadh,0,5,4.9,10.1,0,1,2,1
U015810,67,0.445,Jazan,9,3,3.6,6.6,1,0,0,0
U015811,31,0.357,Hail,7,1,5.6,27.2,1,0,0,0
U015812,39,0.505,Eastern,4,1,2.7,12.1,1,0,0,1
U015813,47,0.925,Makkah,1,7,1.2,36.3,1,1,1,0
U015814,23,0.47,Madinah,2,7,0.0,4.8,1,0,0,0
U015815,48,0.502,Makkah,1,6,1.5,21.3,1,1,3,1
U015816,55,0.727,Makkah,1,1,1.4,21.9,1,0,1,0
U015817,35,0.898,Makkah,1,2,0.9,16.2,1,1,0,1
U015818,42,0.619,Eastern,4,4,1.8,5.0,1,0,0,1
U015819,43,0.75,Northern Borders,8,1,1.2,33.0,1,0,0,1
U015820,18,0.207,Jazan,9,1,3.6,34.1,1,0,0,1
U015821,46,0.67,Madinah,2,0,1.2,35.3,1,0,0,0
U015822,69,0.676,Makkah,1,5,3.3,25.1,1,1,0,1
U015823,64,0.692,Riyadh,0,6,2.2,25.7,1,1,0,1
U015824,38,0.502,Hail,7,4,1.0,13.2,1,1,3,1
U015825,32,0.584,Madinah,2,4,2.5,30.9,1,1,0,1
U015826,29,0.199,Makkah,1,3,2.2,16.9,1,0,0,1
U015827,50,0.675,Madinah,2,2,2.1,15.7,1,0,0,0
U015828,36,0.871,Eastern,4,1,0.2,7.0,1,0,1,1
U015829,58,0.23,Riyadh,0,3,3.3,20.4,0,1,1,0
U015830,37,0.431,Eastern,4,1,2.5,37.8,0,1,0,1
U015831,42,0.496,Makkah,1,1,1.4,49.2,1,0,0,0
U015832,48,0.857,Riyadh,0,4,1.1,15.3,1,1,1,1
U015833,23,0.479,Eastern,4,2,2.5,8.3,1,0,0,0
U015834,45,0.052,Al Jawf,12,6,1.8,26.1,0,0,0,0
U015835,33,0.553,Eastern,4,5,2.2,21.8,1,1,1,1
U015836,55,0.512,Makkah,1,3,1.8,33.4,1,0,0,0
U015837,36,0.606,Eastern,4,4,0.0,11.5,1,1,1,1
U015838,22,0.748,Makkah,1,1,1.7,8.7,1,1,2,1
U015839,49,0.221,Eastern,4,1,2.7,22.8,1,0,0,0
U015840,59,0.329,Eastern,4,4,0.6,37.7,1,0,0,1
U015841,18,0.775,Madinah,2,3,2.1,42.8,1,1,1,1
U015842,23,0.739,Al Jawf,12,1,0.0,13.7,0,1,2,1
U015843,45,0.163,Tabuk,6,2,3.5,4.2,1,1,2,0
U015844,51,0.783,Makkah,1,3,1.3,17.3,1,0,0,1
U015845,65,0.233,Eastern,4,5,1.1,31.1,1,0,1,1
U015846,60,0.35,Riyadh,0,3,2.8,26.2,1,0,0,1
U015847,26,0.457,Jazan,9,0,0.3,35.5,1,0,0,0
U015848,27,0.483,Riyadh,0,9,1.7,61.3,1,1,1,1
U015849,48,0.213,Asir,5,3,3.9,40.2,1,0,1,1
U015850,59,0.773,Riyadh,0,3,1.6,12.9,1,0,0,1
U015851,33,0.571,Jazan,9,3,1.8,10.7,1,1,1,0
U015852,47,0.488,Al Bahah,11,4,0.7,4.8,1,0,0,0
U015853,32,0.53,Qassim,3,3,2.2,20.2,1,1,2,1
U015854,35,0.491,Riyadh,0,4,0.0,7.6,1,1,2,1
U015855,62,0.688,Riyadh,0,3,4.0,13.0,1,0,0,1
U015856,54,0.757,Riyadh,0,4,1.0,17.9,1,1,2,0
U015857,57,0.071,Riyadh,0,1,2.1,17.0,1,0,0,0
U015858,40,0.721,Makkah,1,4,1.0,49.8,0,1,1,1
U015859,49,0.699,Riyadh,0,2,4.5,2.9,1,1,0,1
U015860,47,0.491,Najran,10,2,0.4,62.0,1,0,1,1
U015861,23,0.321,Asir,5,2,4.0,12.6,1,0,1,0
U015862,51,0.726,Makkah,1,2,0.6,2.5,1,0,0,0
U015863,57,0.482,Makkah,1,1,2.2,23.5,1,0,0,1
U015864,34,0.276,Najran,10,2,0.7,6.9,1,0,0,1
U015865,42,0.614,Hail,7,4,3.0,16.3,1,0,0,1
U015866,40,0.194,Makkah,1,3,4.4,15.3,0,1,1,0
U015867,65,0.901,Madinah,2,4,0.2,16.0,1,0,1,1
U015868,48,0.549,Asir,5,6,2.2,11.4,1,1,1,0
U015869,41,0.221,Riyadh,0,1,1.9,38.7,1,0,1,1
U015870,53,0.722,Riyadh,0,5,2.5,4.0,1,0,1,0
U015871,25,0.536,Hail,7,0,0.0,17.5,1,1,1,0
U015872,64,0.649,Eastern,4,4,0.0,19.0,1,1,1,1
U015873,21,0.223,Madinah,2,1,2.4,13.8,1,0,1,1
U015874,48,0.532,Makkah,1,5,1.3,7.9,1,1,0,1
U015875,69,0.729,Qassim,3,3,0.0,7.5,1,1,1,1
U015876,32,0.266,Makkah,1,5,3.6,40.1,1,1,1,0
U015877,39,0.585,Tabuk,6,2,4.1,25.8,1,0,0,0
U015878,20,0.588,Madinah,2,3,3.8,9.5,1,1,2,1
U015879,28,0.662,Jazan,9,5,1.7,19.6,1,1,3,1
U015880,53,0.475,Asir,5,11,1.8,22.3,1,1,1,1
U015881,69,0.653,Riyadh,0,3,2.3,26.7,1,1,3,0
U015882,30,0.24,Riyadh,0,2,3.3,11.6,1,0,2,0
U015883,33,0.123,Makkah,1,4,2.8,8.2,1,0,0,0
U015884,39,0.419,Makkah,1,3,4.0,32.1,1,0,2,1
U015885,32,0.277,Makkah,1,0,3.4,21.5,0,0,1,0
U015886,51,0.619,Najran,10,5,1.1,47.7,1,0,0,1
U015887,29,0.719,Eastern,4,2,0.6,11.0,1,1,0,0
U015888,32,0.742,Eastern,4,10,1.3,23.8,1,1,1,1
U015889,21,0.143,Eastern,4,5,3.5,19.0,1,1,3,0
U015890,19,0.568,Qassim,3,2,3.1,19.9,0,0,0,1
U015891,62,0.226,Riyadh,0,3,2.8,41.0,1,0,0,1
U015892,53,0.537,Makkah,1,8,1.9,1.5,1,1,4,0
U015893,66,0.589,Jazan,9,4,2.4,30.8,1,1,0,1
U015894,48,0.408,Riyadh,0,4,4.1,31.4,1,0,0,1
U015895,54,0.425,Eastern,4,2,2.4,34.0,1,0,2,1
U015896,41,0.201,Riyadh,0,3,0.5,39.4,1,0,0,0
U015897,36,0.578,Riyadh,0,2,3.4,20.0,1,0,0,1
U015898,18,0.483,Makkah,1,2,3.2,36.8,1,0,2,0
U015899,69,0.095,Asir,5,5,1.5,28.8,0,1,0,0
U015900,51,0.251,Jazan,9,3,2.8,13.0,1,0,0,1
U015901,26,0.261,Riyadh,0,1,4.5,9.8,1,0,2,1
U015902,57,0.2,Qassim,3,0,1.4,25.3,1,0,0,0
U015903,54,0.548,Jazan,9,7,1.6,15.1,0,1,1,1
U015904,56,0.691,Makkah,1,4,1.5,6.8,1,0,1,1
U015905,54,0.464,Qassim,3,5,2.2,18.2,1,0,0,0
U015906,53,0.719,Riyadh,0,2,3.0,70.9,1,0,0,1
U015907,48,0.465,Riyadh,0,7,2.3,49.6,1,1,1,0
U015908,41,0.763,Riyadh,0,8,0.9,5.6,0,1,3,1
U015909,66,0.674,Eastern,4,2,2.2,14.9,1,1,4,1
U015910,63,0.543,Qassim,3,2,1.7,76.5,0,0,2,0
U015911,27,0.675,Riyadh,0,2,4.2,26.8,1,0,3,1
U015912,34,0.27,Riyadh,0,2,2.2,16.6,0,0,0,0
U015913,18,0.156,Riyadh,0,3,3.4,55.4,1,1,0,0
U015914,66,0.298,Eastern,4,2,3.2,17.7,1,0,2,0
U015915,60,0.524,Eastern,4,6,0.0,47.3,1,0,0,0
U015916,66,0.533,Al Jawf,12,3,4.1,7.0,0,0,1,0
U015917,28,0.694,Makkah,1,4,1.8,16.0,1,1,0,0
U015918,54,0.556,Riyadh,0,2,0.9,20.6,0,1,3,0
U015919,66,0.522,Qassim,3,5,0.0,18.1,1,1,1,0
U015920,61,0.618,Eastern,4,4,1.6,22.8,1,0,0,0
U015921,53,0.122,Eastern,4,4,4.5,13.5,1,0,2,1
U015922,42,0.677,Asir,5,1,0.0,30.8,1,1,1,1
U015923,40,0.868,Madinah,2,4,0.3,46.7,1,0,1,0
U015924,22,0.737,Madinah,2,8,0.7,8.1,1,1,0,1
U015925,54,0.269,Eastern,4,1,1.9,12.3,1,0,0,0
U015926,56,0.536,Makkah,1,6,0.0,36.0,1,0,0,1
U015927,19,0.38,Riyadh,0,4,2.8,33.7,1,0,0,0
U015928,46,0.91,Eastern,4,3,0.9,18.5,1,1,0,1
U015929,44,0.486,Riyadh,0,2,0.1,93.1,1,0,0,0
U015930,22,0.02,Najran,10,0,3.1,18.4,0,0,2,0
U015931,48,0.247,Makkah,1,5,0.4,20.7,0,1,4,1
U015932,48,0.288,Riyadh,0,0,0.0,21.0,1,0,0,0
U015933,26,0.344,Makkah,1,3,2.7,25.5,1,0,2,0
U015934,44,0.416,Eastern,4,2,3.0,60.0,0,1,0,0
U015935,49,0.621,Northern Borders,8,4,2.9,49.2,1,1,0,0
U015936,20,0.618,Riyadh,0,4,1.7,9.6,1,0,2,1
U015937,39,0.605,Riyadh,0,5,2.7,23.9,1,1,2,1
U015938,19,0.525,Eastern,4,6,2.1,5.7,1,1,2,0
U015939,35,0.159,Makkah,1,2,4.3,30.6,1,0,0,0
U015940,50,0.31,Asir,5,2,2.9,12.9,1,1,1,1
U015941,54,0.387,Eastern,4,3,3.1,17.2,1,0,0,1
U015942,30,0.626,Makkah,1,3,1.4,16.1,1,0,1,1
U015943,25,0.157,Makkah,1,3,4.4,8.7,1,0,0,1
U015944,23,0.577,Makkah,1,2,0.9,32.1,1,0,1,1
U015945,20,0.574,Madinah,2,4,3.4,14.2,1,0,0,0
U015946,65,0.293,Jazan,9,6,3.0,35.4,0,0,0,0
U015947,46,0.139,Makkah,1,1,2.5,18.4,1,1,2,0
U015948,47,0.721,Makkah,1,4,1.1,38.9,1,0,0,0
U015949,40,0.156,Jazan,9,3,5.4,30.0,1,0,1,1
U015950,22,0.32,Makkah,1,2,2.1,6.1,1,0,1,0
U015951,45,0.92,Riyadh,0,5,0.7,12.9,0,1,1,1
U015952,62,0.507,Riyadh,0,6,0.6,47.3,1,0,1,1
U015953,46,0.605,Riyadh,0,5,1.7,21.2,0,1,1,1
U015954,45,0.936,Asir,5,2,1.1,18.0,1,0,0,0
U015955,61,0.745,Jazan,9,9,3.0,6.2,1,0,0,0
U015956,33,0.443,Eastern,4,2,0.6,6.3,1,0,0,0
U015957,48,0.322,Tabuk,6,1,2.2,13.8,1,0,0,1
U015958,43,0.637,Makkah,1,2,2.2,12.0,0,1,1,1
U015959,42,0.668,Eastern,4,1,1.7,21.8,1,1,1,1
U015960,22,0.715,Madinah,2,3,3.8,15.4,1,0,0,1
U015961,23,0.797,Riyadh,0,5,2.9,52.7,1,1,2,0
U015962,65,0.101,Jazan,9,2,1.6,22.0,1,1,3,0
U015963,26,0.263,Riyadh,0,1,2.1,4.4,1,0,1,1
U015964,66,0.821,Northern Borders,8,4,1.8,41.8,1,1,1,1
U015965,64,0.621,Makkah,1,1,3.6,49.7,1,0,0,0
U015966,41,0.311,Makkah,1,2,2.8,33.1,1,0,2,0
U015967,32,0.686,Makkah,1,1,0.6,11.5,1,1,2,1
U015968,63,0.581,Al Jawf,12,3,0.5,3.9,0,0,0,0
U015969,22,0.251,Al Jawf,12,2,0.0,26.0,0,0,2,1
U015970,18,0.608,Madinah,2,3,0.8,16.5,1,1,1,0
U015971,38,0.65,Riyadh,0,2,1.3,27.1,1,0,1,0
U015972,56,0.527,Eastern,4,4,2.3,26.2,1,0,0,0
U015973,66,0.058,Asir,5,1,3.9,37.9,1,0,0,1
U015974,50,0.667,Qassim,3,5,1.3,12.6,0,1,0,1
U015975,36,0.734,Makkah,1,5,1.1,26.1,1,0,0,1
U015976,56,0.414,Hail,7,2,0.4,23.5,1,1,2,1
U015977,48,0.447,Makkah,1,2,2.7,69.3,1,0,1,0
U015978,62,0.94,Jazan,9,5,2.9,11.0,1,1,0,1
U015979,26,0.141,Riyadh,0,2,2.4,14.5,1,0,0,0
U015980,41,0.208,Riyadh,0,2,2.8,35.4,0,0,0,0
U015981,22,0.785,Northern Borders,8,2,0.2,68.4,1,0,0,1
U015982,57,0.906,Makkah,1,4,1.8,23.4,1,1,0,1
U015983,54,0.167,Tabuk,6,4,1.7,5.9,1,1,1,0
U015984,48,0.706,Eastern,4,5,2.5,21.6,1,1,1,1
U015985,69,0.468,Makkah,1,4,1.6,12.1,1,1,0,1
U015986,43,0.351,Riyadh,0,1,1.3,31.9,1,0,1,1
U015987,69,0.245,Eastern,4,0,2.7,27.8,1,0,0,0
U015988,58,0.396,Al Jawf,12,1,2.6,17.9,0,0,1,0
U015989,37,0.149,Asir,5,3,3.1,20.6,0,0,2,0
U015990,44,0.625,Asir,5,5,4.5,14.6,1,0,0,1
U015991,34,0.52,Asir,5,4,1.2,11.9,1,0,0,0
U015992,63,0.276,Jazan,9,0,3.9,30.8,1,1,1,0
U015993,30,0.577,Makkah,1,3,2.7,26.3,1,0,0,1
U015994,24,0.53,Riyadh,0,3,1.8,5.5,1,1,0,0
U015995,31,0.485,Qassim,3,3,0.3,24.0,1,1,4,0
U015996,36,0.717,Tabuk,6,2,2.9,43.3,1,0,0,1
U015997,39,0.732,Madinah,2,3,2.2,50.5,1,0,2,1
U015998,69,0.277,Makkah,1,1,2.3,11.1,0,0,1,0
U015999,22,0.284,Makkah,1,1,2.1,19.7,1,0,1,0
U016000,31,0.093,Riyadh,0,3,1.3,6.5,1,1,1,1
U016001,25,0.59,Qassim,3,4,4.3,23.9,1,0,1,1
U016002,67,0.757,Qassim,3,4,0.2,18.8,1,1,0,1
U016003,57,0.821,Makkah,1,1,1.3,48.9,1,1,2,1
U016004,58,0.281,Makkah,1,2,0.7,8.9,1,0,0,0
U016005,28,0.104,Makkah,1,3,2.5,35.7,1,0,0,1
U016006,58,0.601,Makkah,1,6,2.2,19.6,1,1,2,1
U016007,28,0.268,Riyadh,0,3,2.7,39.5,1,0,0,1
U016008,51,0.832,Madinah,2,2,0.0,19.4,1,0,3,0
U016009,61,0.914,Eastern,4,4,1.7,5.9,1,1,1,1
U016010,33,0.45,Asir,5,4,0.8,40.6,1,1,1,1
U016011,43,0.087,Najran,10,0,2.4,39.6,1,0,0,0
U016012,24,0.921,Eastern,4,11,1.8,23.8,0,1,1,1
U016013,52,0.576,Madinah,2,4,0.0,9.7,1,1,3,1
U016014,62,0.756,Tabuk,6,4,1.6,22.1,0,0,1,0
U016015,50,0.719,Riyadh,0,2,2.0,35.0,1,1,2,1
U016016,19,0.201,Hail,7,3,3.9,9.7,1,0,1,0
U016017,52,0.655,Najran,10,9,2.1,16.7,1,1,0,1
U016018,24,0.721,Riyadh,0,4,0.5,18.8,1,1,2,1
U016019,62,0.157,Makkah,1,2,2.3,8.3,0,0,3,0
U016020,23,0.545,Makkah,1,2,0.6,2.7,1,1,1,1
U016021,30,0.898,Riyadh,0,2,1.1,28.4,1,0,1,1
U016022,24,0.324,Makkah,1,3,3.7,39.6,1,0,1,1
U016023,48,0.575,Riyadh,0,0,1.3,11.1,1,0,0,0
U016024,40,0.689,Makkah,1,5,0.0,15.6,1,1,0,0
U016025,26,0.544,Makkah,1,2,1.7,10.9,1,0,2,1
U016026,64,0.754,Eastern,4,4,1.1,46.7,1,0,0,1
U016027,21,0.181,Northern Borders,8,0,0.5,24.8,1,0,1,0
U016028,29,0.267,Riyadh,0,3,3.3,21.0,1,0,2,1
U016029,69,0.674,Riyadh,0,3,3.5,25.0,1,1,3,1
U016030,38,0.803,Qassim,3,2,0.3,65.8,1,0,2,1
U016031,20,0.205,Riyadh,0,1,2.6,57.9,1,0,1,0
U016032,55,0.638,Najran,10,4,1.2,30.5,1,1,3,1
U016033,28,0.137,Eastern,4,1,2.4,7.3,0,0,2,1
U016034,30,0.441,Eastern,4,5,2.2,14.2,1,1,1,1
U016035,57,0.84,Riyadh,0,6,1.9,21.6,1,1,1,1
U016036,29,0.299,Makkah,1,2,3.2,18.4,1,0,1,0
U016037,33,0.242,Hail,7,2,4.5,45.8,1,0,1,0
U016038,45,0.298,Al Jawf,12,1,2.7,20.7,1,0,1,0
U016039,44,0.582,Madinah,2,0,2.3,30.7,1,0,1,0
U016040,38,0.262,Makkah,1,1,2.8,28.8,1,0,0,1
U016041,55,0.501,Madinah,2,1,1.0,29.0,1,1,1,0
U016042,44,0.845,Riyadh,0,2,1.5,42.0,1,1,1,0
U016043,51,0.073,Jazan,9,3,4.0,46.5,1,1,1,1
U016044,52,0.641,Madinah,2,3,0.0,94.6,1,0,0,1
U016045,22,0.698,Qassim,3,2,4.2,19.0,1,1,0,0
U016046,22,0.846,Madinah,2,4,1.9,58.3,1,1,2,1
U016047,54,0.27,Riyadh,0,3,2.7,6.7,1,1,4,1
U016048,33,0.809,Eastern,4,5,2.1,17.8,1,1,0,1
U016049,27,0.286,Riyadh,0,2,0.0,50.6,1,0,0,0
U016050,42,0.524,Al Jawf,12,4,1.6,6.9,1,1,1,0
U016051,21,0.82,Makkah,1,5,3.0,23.7,1,0,0,1
U016052,54,0.494,Riyadh,0,3,2.2,12.0,1,1,0,0
U016053,49,0.171,Riyadh,0,2,3.7,13.4,1,0,0,1
U016054,41,0.581,Riyadh,0,5,3.5,36.8,1,1,0,1
U016055,20,0.252,Riyadh,0,1,0.1,13.3,1,1,0,0
U016056,52,0.724,Riyadh,0,2,1.7,35.6,1,1,0,1
U016057,32,0.282,Riyadh,0,2,2.1,14.5,1,0,0,0
U016058,51,0.698,Riyadh,0,2,2.5,67.1,1,0,0,1
U016059,46,0.387,Riyadh,0,3,1.8,26.7,1,1,1,0
U016060,23,0.123,Al Bahah,11,1,3.0,50.9,1,1,0,1
U016061,25,0.349,Qassim,3,2,2.8,5.9,0,1,0,1
U016062,18,0.871,Riyadh,0,7,2.0,22.5,1,1,0,0
U016063,23,0.32,Riyadh,0,3,2.0,24.7,1,0,2,1
U016064,49,0.463,Eastern,4,3,2.1,42.3,1,1,2,1
U016065,32,0.263,Makkah,1,2,2.9,8.7,1,1,1,1
U016066,47,0.255,Makkah,1,1,2.1,14.7,0,0,1,0
U016067,37,0.483,Makkah,1,3,2.2,22.6,1,1,0,1
U016068,28,0.268,Eastern,4,1,2.0,25.4,1,1,1,0
U016069,28,0.272,Riyadh,0,2,1.1,12.5,1,0,0,0
U016070,23,0.257,Makkah,1,3,2.6,14.2,1,0,0,0
U016071,55,0.773,Northern Borders,8,2,3.1,14.5,1,0,0,1
U016072,38,0.816,Eastern,4,4,0.0,21.0,0,1,1,1
U016073,48,0.495,Asir,5,3,4.1,39.9,1,0,1,1
U016074,58,0.395,Tabuk,6,3,3.4,15.5,1,0,0,1
U016075,23,0.768,Riyadh,0,3,0.5,18.6,1,0,0,1
U016076,49,0.732,Makkah,1,5,1.9,12.3,0,1,0,0
U016077,22,0.893,Qassim,3,5,1.0,7.9,1,0,0,1
U016078,35,0.317,Eastern,4,3,2.1,42.9,1,0,0,1
U016079,64,0.361,Najran,10,1,2.3,20.4,1,0,0,0
U016080,54,0.582,Qassim,3,3,4.7,21.3,1,0,1,1
U016081,20,0.317,Northern Borders,8,3,3.2,17.9,1,1,0,1
U016082,26,0.458,Eastern,4,2,2.4,14.8,1,0,0,0
U016083,63,0.344,Makkah,1,1,0.8,4.8,0,0,0,1
U016084,47,0.402,Riyadh,0,4,3.1,45.7,1,0,0,1
U016085,57,0.399,Makkah,1,2,0.5,28.5,1,0,1,1
U016086,42,0.261,Riyadh,0,2,2.2,66.2,1,0,1,0
U016087,63,0.84,Makkah,1,8,1.1,1.8,1,1,1,1
U016088,41,0.784,Hail,7,4,1.4,31.7,1,1,1,0
U016089,69,0.569,Riyadh,0,3,0.0,9.7,1,0,0,1
U016090,25,0.319,Makkah,1,2,2.7,15.3,1,0,0,0
U016091,33,0.555,Madinah,2,2,0.0,6.0,1,0,1,0
U016092,33,0.391,Tabuk,6,0,2.4,28.3,1,0,0,0
U016093,38,0.015,Riyadh,0,1,2.2,12.0,1,0,1,0
U016094,55,0.312,Eastern,4,1,0.4,10.0,1,0,1,0
U016095,68,0.13,Riyadh,0,2,3.5,34.5,1,1,1,1
U016096,27,0.717,Al Bahah,11,4,2.9,32.0,1,1,1,1
U016097,31,0.661,Jazan,9,6,0.2,4.0,0,1,1,1
U016098,50,0.76,Riyadh,0,5,2.3,19.3,1,0,0,1
U016099,40,0.261,Riyadh,0,2,3.1,11.4,0,1,0,1
U016100,67,0.359,Makkah,1,2,1.2,54.2,0,0,1,1
U016101,32,0.612,Riyadh,0,1,2.0,40.1,0,0,0,1
U016102,37,0.558,Najran,10,1,0.0,3.3,1,0,0,0
U016103,40,0.585,Asir,5,3,2.2,5.3,0,0,0,1
U016104,47,0.393,Eastern,4,3,2.7,12.0,0,1,2,1
U016105,69,0.488,Tabuk,6,2,0.5,10.7,0,0,1,1
U016106,46,0.378,Riyadh,0,3,2.3,20.0,1,1,1,1
U016107,57,0.212,Riyadh,0,1,2.5,15.2,1,0,2,1
U016108,56,0.79,Eastern,4,1,2.0,6.5,1,0,0,1
U016109,23,0.461,Al Jawf,12,2,2.4,26.6,1,0,0,0
U016110,37,0.206,Madinah,2,2,0.7,13.0,1,1,0,0
U016111,22,0.422,Madinah,2,1,3.2,45.8,1,0,1,1
U016112,25,0.63,Riyadh,0,4,0.5,19.0,1,1,2,1
U016113,23,0.177,Najran,10,1,3.1,25.9,1,0,0,0
U016114,21,0.292,Tabuk,6,4,2.0,13.5,1,0,1,1
U016115,54,0.502,Makkah,1,4,0.9,6.0,1,0,0,0
U016116,45,0.565,Riyadh,0,4,0.5,8.9,1,0,0,1
U016117,56,0.161,Riyadh,0,3,0.6,11.8,1,1,3,1
U016118,42,0.579,Northern Borders,8,3,3.4,16.5,1,0,1,0
U016119,48,0.364,Makkah,1,2,2.0,25.6,1,0,0,0
U016120,49,0.103,Eastern,4,2,3.6,36.5,1,0,0,1
U016121,31,0.57,Makkah,1,2,1.1,14.2,1,0,0,0
U016122,66,0.547,Al Bahah,11,1,0.7,34.7,1,1,0,0
U016123,51,0.827,Makkah,1,6,0.9,20.3,1,1,2,1
U016124,61,0.12,Madinah,2,1,1.9,21.2,1,0,0,0
U016125,62,0.528,Riyadh,0,2,2.7,16.1,1,1,0,0
U016126,43,0.574,Makkah,1,3,1.9,13.7,0,1,0,1
U016127,42,0.302,Makkah,1,3,3.5,28.5,0,0,0,0
U016128,63,0.624,Riyadh,0,3,1.5,15.0,1,0,0,0
U016129,27,0.427,Makkah,1,5,1.2,30.6,1,1,0,1
U016130,53,0.648,Riyadh,0,1,1.7,23.3,1,1,0,0
U016131,57,0.411,Al Bahah,11,2,1.3,55.7,1,0,0,1
U016132,69,0.278,Eastern,4,2,3.6,13.3,1,0,1,1
U016133,37,0.197,Qassim,3,1,3.3,11.0,1,0,0,0
U016134,35,0.801,Tabuk,6,10,0.1,20.9,1,0,1,1
U016135,67,0.645,Riyadh,0,7,0.7,50.7,1,1,2,1
U016136,39,0.293,Makkah,1,2,3.3,46.8,1,0,1,1
U016137,36,0.343,Riyadh,0,3,1.6,38.0,1,0,0,0
U016138,68,0.662,Eastern,4,2,2.3,35.8,1,1,0,0
U016139,64,0.83,Asir,5,4,0.0,17.3,1,1,0,1
U016140,51,0.496,Hail,7,2,1.2,30.3,1,1,0,1
U016141,62,0.464,Tabuk,6,4,1.9,45.2,1,0,0,0
U016142,21,0.827,Riyadh,0,6,0.0,11.2,1,1,1,0
U016143,37,0.071,Makkah,1,1,2.1,40.7,1,1,0,0
U016144,55,0.825,Jazan,9,3,2.9,10.7,1,0,2,1
U016145,32,0.283,Qassim,3,5,3.4,16.8,1,0,0,0
U016146,29,0.539,Madinah,2,6,0.6,37.6,0,1,1,0
U016147,34,0.742,Qassim,3,2,0.0,43.5,1,1,1,1
U016148,43,0.648,Makkah,1,2,2.3,15.8,1,1,2,0
U016149,30,0.469,Hail,7,1,0.0,29.3,0,0,0,0
U016150,68,0.334,Jazan,9,4,1.4,11.0,1,0,0,0
U016151,30,0.252,Asir,5,3,3.1,20.3,1,0,0,1
U016152,19,0.301,Eastern,4,2,2.7,14.6,1,0,1,1
U016153,20,0.112,Makkah,1,1,3.9,112.4,1,0,0,0
U016154,37,0.401,Tabuk,6,3,1.5,26.7,1,1,1,0
U016155,43,0.319,Riyadh,0,4,2.7,8.8,0,0,0,0
U016156,55,0.57,Tabuk,6,7,2.5,1.5,0,0,3,1
U016157,18,0.76,Jazan,9,2,1.9,19.0,1,1,3,1
U016158,53,0.567,Makkah,1,4,1.3,7.9,0,0,2,1
U016159,50,0.285,Riyadh,0,2,1.9,15.2,1,0,1,0
U016160,56,0.201,Riyadh,0,3,3.1,21.9,1,0,1,0
U016161,31,0.52,Eastern,4,4,1.2,45.3,1,0,0,1
U016162,65,0.943,Eastern,4,4,0.8,30.2,1,1,1,1
U016163,50,0.155,Makkah,1,0,0.2,7.1,1,0,3,0
U016164,39,0.727,Madinah,2,4,1.6,6.2,1,0,0,1
U016165,68,0.319,Jazan,9,4,4.2,14.0,1,0,0,0
U016166,40,0.171,Riyadh,0,4,2.8,32.5,1,0,1,1
U016167,60,0.163,Makkah,1,9,4.7,8.9,0,1,3,1
U016168,44,0.627,Northern Borders,8,3,2.8,11.1,0,1,0,1
U016169,39,0.257,Riyadh,0,2,1.6,11.1,0,0,0,1
U016170,30,0.439,Riyadh,0,4,0.5,40.0,1,0,0,1
U016171,62,0.409,Makkah,1,1,1.5,2.5,1,1,0,0
U016172,20,0.591,Al Jawf,12,3,1.8,25.9,1,1,1,1
U016173,18,0.949,Hail,7,4,0.0,6.8,1,1,0,1
U016174,60,0.635,Madinah,2,7,1.4,38.8,1,0,1,1
U016175,63,0.633,Tabuk,6,5,4.0,32.8,0,0,0,1
U016176,36,0.416,Qassim,3,1,2.8,15.0,1,0,0,0
U016177,56,0.302,Al Bahah,11,5,2.5,67.5,1,0,0,1
U016178,32,0.425,Riyadh,0,4,1.2,37.8,1,1,1,1
U016179,53,0.365,Riyadh,0,2,1.2,24.2,1,0,1,0
U016180,66,0.351,Jazan,9,6,1.5,26.5,1,1,1,0
U016181,39,0.545,Riyadh,0,2,2.0,18.7,1,1,1,1
U016182,50,0.749,Riyadh,0,4,2.1,63.8,1,1,1,0
U016183,61,0.281,Riyadh,0,1,1.7,18.1,0,0,0,1
U016184,47,0.194,Qassim,3,1,2.1,45.3,1,1,2,0
U016185,39,0.575,Makkah,1,4,1.6,11.5,1,1,0,1
U016186,32,0.771,Makkah,1,4,1.8,22.1,1,0,0,0
U016187,48,0.453,Qassim,3,3,0.0,26.3,0,0,0,1
U016188,44,0.57,Eastern,4,5,1.8,34.7,1,1,1,0
U016189,54,0.011,Riyadh,0,2,2.2,48.1,0,1,2,0
U016190,60,0.482,Eastern,4,6,1.3,20.5,1,0,1,0
U016191,39,0.551,Makkah,1,1,1.0,37.2,1,0,0,1
U016192,50,0.633,Makkah,1,3,2.6,22.4,1,0,0,1
U016193,19,0.825,Qassim,3,2,2.2,7.0,1,1,0,1
U016194,49,0.79,Makkah,1,3,1.5,17.7,1,0,0,1
U016195,27,0.284,Makkah,1,3,0.6,6.1,1,0,0,0
U016196,59,0.356,Eastern,4,1,1.4,10.4,0,0,0,1
U016197,40,0.847,Eastern,4,3,2.6,39.2,1,1,2,1
U016198,31,0.368,Eastern,4,5,4.1,29.5,1,1,2,1
U016199,40,0.348,Eastern,4,1,3.6,7.1,0,0,1,1
U016200,43,0.547,Hail,7,0,3.0,21.2,1,0,0,1
U016201,63,0.244,Eastern,4,7,3.0,15.2,1,0,1,1
U016202,27,0.587,Northern Borders,8,2,2.1,52.5,1,0,1,0
U016203,52,0.126,Madinah,2,1,3.0,22.2,0,1,2,0
U016204,65,0.612,Qassim,3,3,0.6,21.5,1,0,1,0
U016205,50,0.549,Riyadh,0,2,2.8,43.3,1,0,0,1
U016206,33,0.131,Makkah,1,0,3.0,20.6,1,0,1,0
U016207,54,0.48,Northern Borders,8,4,2.2,22.0,1,1,3,1
U016208,64,0.862,Jazan,9,6,3.0,23.7,1,1,0,0
U016209,45,0.423,Riyadh,0,9,1.4,30.5,1,0,0,1
U016210,38,0.868,Riyadh,0,2,0.5,12.6,1,1,2,1
U016211,54,0.125,Eastern,4,0,2.5,32.2,1,0,1,0
U016212,51,0.798,Eastern,4,6,3.4,54.3,1,0,0,1
U016213,19,0.428,Al Jawf,12,4,3.1,33.2,1,1,0,0
U016214,35,0.347,Makkah,1,0,3.3,39.7,1,0,3,1
U016215,59,0.563,Riyadh,0,3,1.3,4.2,1,1,0,0
U016216,23,0.645,Riyadh,0,3,2.4,27.7,1,1,1,1
U016217,46,0.137,Riyadh,0,3,4.0,55.8,1,0,1,1
U016218,44,0.768,Al Bahah,11,3,0.5,16.4,1,0,0,0
U016219,41,0.905,Makkah,1,5,1.8,7.1,1,0,1,0
U016220,41,0.286,Riyadh,0,3,1.7,56.1,1,0,0,0
U016221,42,0.142,Tabuk,6,1,0.0,29.8,1,0,0,0
U016222,43,0.586,Makkah,1,2,1.8,3.8,1,1,2,0
U016223,28,0.482,Asir,5,1,0.5,103.1,1,0,0,1
U016224,39,0.866,Madinah,2,6,2.3,26.2,1,1,1,0
U016225,53,0.738,Makkah,1,2,1.7,8.8,0,1,1,1
U016226,55,0.402,Qassim,3,2,1.8,41.8,1,1,3,1
U016227,40,0.517,Makkah,1,4,1.9,19.7,1,0,0,1
U016228,46,0.459,Tabuk,6,4,1.4,28.9,1,0,0,1
U016229,58,0.439,Riyadh,0,3,1.8,13.3,1,0,1,1
U016230,52,0.594,Eastern,4,2,0.2,36.2,1,1,1,1
U016231,48,0.748,Riyadh,0,2,3.2,11.6,0,1,2,1
U016232,40,0.508,Tabuk,6,0,2.4,80.8,1,0,1,1
U016233,47,0.125,Makkah,1,1,0.9,47.1,1,0,1,0
U016234,48,0.784,Madinah,2,7,1.8,20.3,1,1,2,1
U016235,45,0.482,Riyadh,0,2,1.8,13.3,1,1,0,1
U016236,28,0.264,Riyadh,0,5,5.3,15.6,1,0,0,1
U016237,50,0.551,Riyadh,0,4,1.6,15.9,1,0,0,0
U016238,46,0.571,Riyadh,0,6,2.8,32.6,1,0,0,0
U016239,56,0.586,Riyadh,0,4,1.1,5.7,1,0,1,0
U016240,57,0.777,Makkah,1,6,0.9,11.5,1,1,0,0
U016241,58,0.605,Najran,10,2,3.1,59.0,1,1,1,0
U016242,33,0.45,Eastern,4,4,0.4,16.4,1,1,1,1
U016243,39,0.223,Makkah,1,2,2.2,17.7,0,1,1,0
U016244,40,0.726,Makkah,1,4,0.6,17.8,1,1,1,1
U016245,55,0.194,Makkah,1,4,2.8,92.0,1,1,0,0
U016246,67,0.874,Makkah,1,2,0.5,1.2,1,0,0,0
U016247,34,0.676,Riyadh,0,5,2.4,32.4,0,0,0,0
U016248,66,0.144,Riyadh,0,5,3.5,37.5,0,0,1,1
U016249,37,0.736,Makkah,1,1,2.5,63.0,1,0,1,1
U016250,18,0.467,Makkah,1,4,2.1,43.9,1,1,4,1
U016251,38,0.67,Eastern,4,6,0.8,28.7,0,0,0,1
U016252,59,0.408,Makkah,1,5,2.0,7.2,1,1,2,1
U016253,61,0.96,Qassim,3,10,0.0,46.4,1,1,1,1
U016254,33,0.092,Tabuk,6,2,3.1,6.5,1,0,0,0
U016255,24,0.095,Riyadh,0,2,3.3,45.0,1,0,2,0
U016256,38,0.266,Asir,5,2,1.9,21.4,1,0,0,1
U016257,25,0.601,Eastern,4,4,3.0,16.2,0,1,0,1
U016258,37,0.459,Madinah,2,6,4.3,8.5,0,1,0,1
U016259,25,0.558,Hail,7,2,3.8,6.6,1,0,1,0
U016260,46,0.637,Riyadh,0,2,0.0,27.3,1,1,0,0
U016261,24,0.313,Tabuk,6,6,1.1,5.5,1,0,0,1
U016262,64,0.61,Eastern,4,2,1.3,35.4,1,0,0,1
U016263,37,0.515,Makkah,1,4,2.8,13.1,1,0,0,1
U016264,25,0.298,Riyadh,0,5,2.0,8.4,0,0,0,1
U016265,44,0.42,Asir,5,0,4.0,45.9,1,0,0,0
U016266,65,0.374,Makkah,1,2,2.5,8.5,1,0,0,1
U016267,47,0.09,Asir,5,2,1.1,4.8,1,0,0,0
U016268,24,0.387,Riyadh,0,2,3.0,17.4,1,0,0,0
U016269,47,0.603,Hail,7,2,2.1,55.8,1,0,1,1
U016270,55,0.347,Qassim,3,1,3.3,9.9,1,0,0,0
U016271,58,0.116,Makkah,1,1,3.1,19.0,0,0,0,0
U016272,45,0.583,Riyadh,0,6,0.4,19.7,1,1,0,1
U016273,47,0.808,Tabuk,6,4,0.0,46.2,1,0,0,1
U016274,46,0.253,Tabuk,6,1,3.2,7.3,1,0,0,1
U016275,44,0.296,Madinah,2,2,2.4,14.6,1,1,2,1
U016276,45,0.338,Makkah,1,4,3.3,30.1,1,1,1,0
U016277,66,0.194,Makkah,1,1,1.3,42.7,1,0,0,0
U016278,50,0.915,Makkah,1,6,1.2,75.6,1,1,1,1
U016279,35,0.563,Riyadh,0,1,1.7,9.7,1,0,0,1
U016280,23,0.431,Asir,5,2,3.0,21.9,1,1,3,1
U016281,68,0.652,Asir,5,2,0.0,71.8,1,0,1,0
U016282,23,0.192,Makkah,1,2,2.0,8.5,0,1,1,1
U016283,35,0.375,Asir,5,1,2.3,27.2,0,0,0,0
U016284,61,0.482,Makkah,1,3,2.0,14.3,1,0,0,1
U016285,21,0.458,Riyadh,0,1,1.0,7.1,1,0,0,1
U016286,39,0.441,Asir,5,3,0.0,4.9,1,0,1,0
U016287,56,0.31,Hail,7,3,3.8,30.7,1,0,0,1
U016288,18,0.229,Qassim,3,0,1.2,6.8,1,0,2,1
U016289,18,0.203,Makkah,1,5,2.9,22.8,0,1,0,1
U016290,65,0.631,Makkah,1,5,0.6,16.1,1,1,0,1
U016291,20,0.616,Madinah,2,3,1.4,24.5,1,1,0,1
U016292,25,0.547,Makkah,1,2,1.5,21.0,1,0,1,1
U016293,67,0.737,Riyadh,0,2,2.3,50.5,1,0,0,1
U016294,20,0.311,Riyadh,0,4,2.2,41.8,1,1,0,0
U016295,23,0.129,Makkah,1,0,4.5,29.2,1,0,0,0
U016296,33,0.858,Northern Borders,8,9,0.3,12.5,1,0,0,1
U016297,33,0.295,Riyadh,0,3,0.2,24.7,1,1,2,0
U016298,27,0.457,Tabuk,6,3,3.4,4.9,1,1,1,0
U016299,36,0.663,Eastern,4,1,1.4,14.9,0,1,5,1
U016300,22,0.757,Riyadh,0,7,3.2,25.8,1,1,2,1
U016301,51,0.78,Tabuk,6,7,1.6,47.2,1,1,0,1
U016302,31,0.784,Madinah,2,5,2.7,18.7,0,0,0,1
U016303,47,0.166,Tabuk,6,3,1.4,6.9,1,0,0,0
U016304,23,0.911,Makkah,1,4,0.0,55.2,1,1,0,1
U016305,61,0.436,Tabuk,6,1,2.4,16.1,0,1,2,0
U016306,53,0.751,Makkah,1,3,2.5,13.5,1,0,0,1
U016307,57,0.782,Madinah,2,5,3.5,46.3,1,1,2,1
U016308,32,0.386,Tabuk,6,0,1.5,15.4,1,0,1,1
U016309,36,0.086,Eastern,4,3,1.8,19.0,0,0,0,1
U016310,41,0.657,Eastern,4,1,0.0,49.7,1,1,1,0
U016311,68,0.475,Makkah,1,1,0.8,38.3,1,0,2,1
U016312,25,0.638,Al Jawf,12,4,3.8,3.7,0,1,2,0
U016313,21,0.776,Eastern,4,5,2.2,11.2,1,0,0,1
U016314,26,0.518,Eastern,4,5,1.2,45.3,1,0,0,0
U016315,20,0.158,Qassim,3,4,2.6,19.3,1,0,1,1
U016316,55,0.534,Makkah,1,4,1.5,38.3,1,1,0,1
U016317,42,0.188,Riyadh,0,2,4.1,15.0,0,1,0,1
U016318,25,0.74,Madinah,2,4,0.5,8.7,1,1,2,1
U016319,41,0.394,Al Jawf,12,3,2.5,17.0,1,1,0,0
U016320,60,0.84,Madinah,2,3,0.5,7.8,1,1,0,1
U016321,43,0.449,Madinah,2,4,3.4,10.3,1,0,2,0
U016322,48,0.7,Eastern,4,6,2.8,37.6,1,1,2,1
U016323,60,0.184,Riyadh,0,1,2.1,17.5,1,0,1,0
U016324,18,0.517,Eastern,4,2,2.1,27.5,1,0,1,1
U016325,69,0.157,Hail,7,3,2.9,6.4,1,0,4,1
U016326,65,0.669,Qassim,3,3,1.7,6.6,0,1,0,1
U016327,41,0.567,Makkah,1,1,0.8,33.2,0,1,0,0
U016328,37,0.787,Asir,5,3,0.9,8.6,0,1,0,1
U016329,49,0.392,Riyadh,0,2,2.4,59.9,1,0,0,1
U016330,44,0.479,Eastern,4,5,1.6,22.6,1,1,1,0
U016331,28,0.663,Eastern,4,4,1.0,34.0,1,0,0,1
U016332,34,0.166,Riyadh,0,3,1.1,36.4,0,0,0,0
U016333,22,0.429,Asir,5,2,3.7,37.1,0,0,2,0
U016334,67,0.33,Al Bahah,11,2,4.0,38.5,0,0,1,0
U016335,20,0.768,Eastern,4,5,3.0,12.9,1,1,0,0
U016336,51,0.613,Najran,10,5,1.3,55.4,1,0,0,1
U016337,42,0.502,Eastern,4,5,1.0,6.0,1,1,1,1
U016338,41,0.356,Najran,10,3,2.3,13.9,0,0,1,1
U016339,50,0.483,Riyadh,0,6,1.6,29.7,1,1,0,1
U016340,27,0.453,Jazan,9,2,2.0,43.4,0,1,1,1
U016341,33,0.667,Eastern,4,5,1.4,12.0,1,0,1,0
U016342,44,0.104,Qassim,3,0,1.9,73.0,1,1,1,1
U016343,48,0.648,Riyadh,0,12,2.8,69.7,1,1,0,1
U016344,63,0.361,Eastern,4,1,1.9,15.8,0,1,1,0
U016345,37,0.135,Riyadh,0,0,4.1,23.1,0,0,1,0
U016346,57,0.756,Makkah,1,1,5.0,8.1,1,0,0,1
U016347,43,0.493,Qassim,3,2,2.3,40.3,1,0,1,1
U016348,46,0.435,Northern Borders,8,0,1.6,9.5,1,0,0,0
U016349,53,0.442,Riyadh,0,0,1.5,15.1,1,0,0,0
U016350,49,0.565,Makkah,1,4,4.5,6.7,1,0,0,0
U016351,43,0.155,Eastern,4,5,3.4,27.4,1,0,1,0
U016352,35,0.551,Makkah,1,3,0.1,17.6,1,1,1,1
U016353,31,0.444,Jazan,9,1,1.9,47.9,1,1,3,1
U016354,66,0.979,Najran,10,3,0.6,5.5,1,1,0,1
U016355,37,0.235,Riyadh,0,2,1.2,40.5,1,0,0,0
U016356,39,0.333,Qassim,3,3,3.9,45.0,1,1,3,0
U016357,58,0.996,Riyadh,0,4,0.0,11.5,1,1,2,1
U016358,32,0.654,Eastern,4,1,1.4,33.4,1,0,0,0
U016359,69,0.086,Makkah,1,3,2.3,15.0,0,0,2,0
U016360,30,0.446,Jazan,9,6,1.8,34.8,1,0,1,0
U016361,36,0.237,Najran,10,0,2.4,17.0,1,1,0,1
U016362,26,0.436,Eastern,4,2,3.0,4.6,1,0,0,0
U016363,44,0.542,Riyadh,0,5,2.5,43.4,0,1,0,0
U016364,59,0.446,Najran,10,2,1.7,29.2,1,1,0,1
U016365,55,0.635,Makkah,1,3,2.4,22.9,1,1,3,0
U016366,60,0.695,Makkah,1,6,1.4,31.1,1,0,0,0
U016367,59,0.43,Riyadh,0,2,1.3,4.9,0,1,3,0
U016368,64,0.513,Madinah,2,1,0.1,33.8,1,1,1,1
U016369,33,0.2,Riyadh,0,3,0.5,25.3,1,0,2,1
U016370,49,0.233,Asir,5,1,2.0,19.5,1,0,0,0
U016371,36,0.662,Qassim,3,2,2.5,21.7,1,0,1,1
U016372,33,0.506,Tabuk,6,4,1.6,48.3,1,1,1,1
U016373,64,0.584,Madinah,2,0,3.6,15.6,1,0,0,0
U016374,67,0.266,Riyadh,0,1,2.2,31.8,1,0,0,0
U016375,35,0.498,Makkah,1,4,4.2,74.3,1,1,2,1
U016376,19,0.582,Eastern,4,2,0.9,4.7,1,0,0,1
U016377,28,0.235,Makkah,1,3,0.9,8.4,0,0,0,1
U016378,54,0.704,Riyadh,0,4,4.7,12.9,0,1,0,1
U016379,44,0.542,Najran,10,2,2.5,24.1,1,1,2,0
U016380,52,0.206,Riyadh,0,2,2.6,62.3,0,0,2,1
U016381,29,0.269,Makkah,1,2,3.1,10.2,1,0,0,0
U016382,43,0.674,Makkah,1,4,3.4,46.8,1,1,0,1
U016383,23,0.493,Eastern,4,2,1.6,10.0,1,0,2,1
U016384,34,0.584,Northern Borders,8,6,0.0,36.0,1,1,2,1
U016385,62,0.791,Hail,7,8,2.9,2.9,1,1,2,1
U016386,64,0.654,Makkah,1,4,0.0,29.3,1,0,0,1
U016387,66,0.295,Jazan,9,0,2.0,16.5,1,0,1,0
U016388,41,0.89,Riyadh,0,3,0.0,29.7,1,0,1,1
U016389,38,0.335,Riyadh,0,2,2.6,10.1,1,1,1,1
U016390,33,0.518,Hail,7,3,0.0,16.6,1,1,2,0
U016391,54,0.886,Makkah,1,2,2.0,8.2,1,0,0,1
U016392,64,0.479,Al Jawf,12,2,1.3,3.4,1,1,3,1
U016393,69,0.211,Riyadh,0,3,2.3,12.5,0,0,1,1
U016394,40,0.798,Eastern,4,3,0.2,34.4,1,0,0,0
U016395,69,0.697,Riyadh,0,4,3.1,19.1,0,1,3,1
U016396,21,0.434,Riyadh,0,4,1.5,26.7,1,0,1,0
U016397,63,0.435,Makkah,1,5,1.1,9.5,1,0,1,0
U016398,26,0.669,Riyadh,0,3,1.6,14.7,1,1,2,1
U016399,51,0.248,Eastern,4,2,4.0,13.9,1,0,2,0
U016400,63,0.242,Asir,5,1,3.3,23.4,1,0,1,1
U016401,64,0.202,Madinah,2,3,1.9,23.3,0,1,1,0
U016402,33,0.486,Riyadh,0,4,2.5,25.3,1,0,1,1
U016403,40,0.454,Al Jawf,12,4,2.8,19.2,1,1,3,0
U016404,53,0.221,Qassim,3,1,4.4,5.0,0,1,3,1
U016405,31,0.438,Eastern,4,4,0.3,14.2,1,0,0,1
U016406,19,0.814,Makkah,1,3,2.5,36.0,1,1,1,1
U016407,19,0.612,Hail,7,6,0.7,30.9,1,1,1,1
U016408,44,0.314,Al Bahah,11,2,3.5,34.9,1,0,2,0
U016409,18,0.37,Makkah,1,5,3.5,16.5,1,1,2,1
U016410,43,0.73,Asir,5,8,3.3,54.5,1,0,0,1
U016411,39,0.392,Riyadh,0,5,2.2,21.3,1,0,1,0
U016412,24,0.589,Riyadh,0,5,1.3,14.6,1,0,0,0
U016413,40,0.436,Northern Borders,8,1,2.2,20.4,1,0,1,1
U016414,21,0.169,Asir,5,1,0.5,32.8,1,0,0,0
U016415,18,0.228,Madinah,2,2,4.3,20.0,1,0,0,1
U016416,20,0.478,Qassim,3,0,1.6,9.0,1,0,0,0
U016417,24,0.237,Al Bahah,11,2,1.4,27.9,1,0,0,1
U016418,24,0.44,Makkah,1,5,0.3,47.4,1,1,1,0
U016419,53,0.604,Qassim,3,2,0.3,5.0,1,1,1,1
U016420,37,0.341,Eastern,4,3,2.1,9.0,0,0,0,1
U016421,54,0.409,Riyadh,0,4,2.4,5.0,0,0,0,1
U016422,19,0.668,Jazan,9,1,2.1,7.2,1,1,1,0
U016423,32,0.548,Eastern,4,6,3.0,8.6,1,1,5,0
U016424,58,0.386,Najran,10,3,3.4,15.2,0,0,0,0
U016425,31,0.399,Makkah,1,3,3.7,15.6,1,0,0,1
U016426,27,0.727,Al Jawf,12,3,1.8,19.3,1,0,1,1
U016427,42,0.706,Makkah,1,3,0.0,36.8,1,0,0,0
U016428,36,0.335,Riyadh,0,1,3.4,6.9,1,0,2,0
U016429,55,0.792,Riyadh,0,4,0.7,41.7,1,1,0,0
U016430,45,0.587,Makkah,1,1,2.6,33.3,1,1,2,1
U016431,63,0.76,Makkah,1,2,0.3,22.3,0,0,0,1
U016432,69,0.346,Tabuk,6,3,2.3,34.7,1,0,0,0
U016433,68,0.436,Riyadh,0,2,3.1,57.5,1,0,0,0
U016434,24,0.413,Makkah,1,5,2.7,67.6,1,1,0,1
U016435,67,0.828,Riyadh,0,11,0.4,6.7,1,1,3,0
U016436,35,0.493,Makkah,1,0,3.4,5.9,1,1,1,0
U016437,63,0.302,Qassim,3,4,2.1,50.9,1,1,1,0
U016438,68,0.219,Asir,5,4,0.5,28.1,1,0,0,0
U016439,43,0.139,Riyadh,0,1,3.6,12.8,0,0,1,0
U016440,34,0.535,Najran,10,2,2.4,18.4,0,0,0,1
U016441,38,0.894,Al Jawf,12,6,2.7,18.1,1,1,0,1
U016442,33,0.693,Makkah,1,3,2.4,20.2,1,0,0,0
U016443,43,0.277,Riyadh,0,2,3.0,37.0,0,0,0,0
U016444,50,0.759,Madinah,2,9,0.8,10.7,1,1,0,0
U016445,38,0.766,Makkah,1,7,1.9,28.7,1,1,0,1
U016446,39,0.258,Qassim,3,2,1.7,29.8,0,0,1,1
U016447,23,0.658,Eastern,4,2,2.9,14.8,0,0,0,0
U016448,53,0.376,Eastern,4,4,3.4,56.1,1,1,2,0
U016449,34,0.447,Jazan,9,2,0.1,39.8,1,0,1,0
U016450,64,0.387,Riyadh,0,3,5.2,19.4,1,0,0,1
U016451,57,0.534,Najran,10,3,1.5,38.7,0,0,1,1
U016452,18,0.169,Tabuk,6,2,2.3,28.1,1,0,1,0
U016453,26,0.345,Makkah,1,3,2.2,4.5,1,1,2,1
U016454,36,0.741,Riyadh,0,2,1.1,19.9,1,1,1,1
U016455,51,0.623,Eastern,4,2,1.3,6.3,1,0,0,1
U016456,49,0.064,Makkah,1,2,2.6,34.7,1,0,1,0
U016457,18,0.657,Riyadh,0,3,1.1,26.0,1,0,0,1
U016458,39,0.659,Eastern,4,2,3.1,5.2,1,1,0,1
U016459,18,0.505,Riyadh,0,5,3.2,30.3,1,0,0,1
U016460,69,0.673,Madinah,2,3,1.6,27.9,1,1,2,1
U016461,56,0.321,Al Jawf,12,5,2.3,9.4,0,1,2,1
U016462,33,0.853,Al Bahah,11,4,0.4,35.3,1,1,0,1
U016463,69,0.853,Makkah,1,5,1.3,31.8,1,1,3,1
U016464,56,0.109,Al Jawf,12,1,3.3,9.5,0,0,1,0
U016465,53,0.628,Riyadh,0,4,3.6,33.4,1,0,0,0
U016466,47,0.827,Makkah,1,8,0.2,74.4,1,1,1,0
U016467,50,0.336,Eastern,4,3,4.4,50.5,1,1,0,1
U016468,59,0.164,Riyadh,0,3,2.6,14.8,1,0,0,0
U016469,54,0.388,Riyadh,0,1,2.3,4.5,1,0,0,1
U016470,47,0.252,Eastern,4,3,2.4,32.7,0,0,1,0
U016471,25,0.491,Madinah,2,2,1.7,15.4,1,0,0,1
U016472,44,0.527,Al Jawf,12,2,3.1,60.5,1,1,1,1
U016473,18,0.442,Makkah,1,6,0.0,24.1,0,0,1,0
U016474,55,0.513,Makkah,1,1,1.3,22.8,1,0,0,1
U016475,63,0.244,Riyadh,0,4,2.3,11.1,0,0,1,0
U016476,53,0.635,Riyadh,0,4,3.6,4.6,1,1,2,0
U016477,67,0.256,Makkah,1,1,1.8,8.8,1,0,1,0
U016478,35,0.146,Riyadh,0,3,3.1,7.2,0,0,3,0
U016479,22,0.813,Makkah,1,2,1.2,10.3,1,1,2,1
U016480,65,0.401,Makkah,1,2,3.9,25.8,0,0,0,1
U016481,32,0.582,Makkah,1,4,2.8,8.1,1,1,1,1
U016482,46,0.68,Makkah,1,6,2.2,4.9,0,0,1,1
U016483,47,0.629,Makkah,1,4,1.5,18.0,1,0,1,1
U016484,69,0.291,Riyadh,0,0,2.2,26.8,1,0,2,0
U016485,33,0.224,Makkah,1,2,3.5,12.9,1,0,0,0
U016486,24,0.762,Riyadh,0,2,3.1,14.8,1,1,1,1
U016487,43,0.817,Tabuk,6,9,1.5,27.1,1,0,1,0
U016488,18,0.684,Northern Borders,8,5,2.2,12.2,1,1,0,1
U016489,67,0.187,Hail,7,1,2.7,43.3,1,0,0,0
U016490,29,0.432,Makkah,1,1,1.4,78.3,1,1,1,0
U016491,18,0.148,Eastern,4,1,3.6,36.0,1,1,1,0
U016492,67,0.617,Makkah,1,2,2.2,14.2,1,1,0,1
U016493,38,0.853,Eastern,4,4,0.6,6.4,0,0,1,1
U016494,50,0.857,Qassim,3,5,0.5,10.2,1,0,0,1
U016495,55,0.556,Najran,10,6,2.4,17.8,1,1,1,0
U016496,48,0.481,Riyadh,0,2,1.9,44.3,1,0,0,0
U016497,18,0.272,Al Bahah,11,1,0.8,34.3,1,0,0,0
U016498,31,0.312,Riyadh,0,1,4.2,39.4,1,0,1,1
U016499,51,0.054,Jazan,9,1,3.6,13.1,1,0,0,1
U016500,59,0.607,Makkah,1,1,3.8,22.9,1,0,1,0
U016501,39,0.28,Hail,7,4,0.3,16.5,1,0,1,1
U016502,41,0.624,Riyadh,0,2,3.0,6.5,1,0,0,1
U016503,41,0.587,Eastern,4,5,0.2,68.6,1,1,2,1
U016504,34,0.219,Makkah,1,2,4.1,45.5,1,0,0,1
U016505,46,0.432,Riyadh,0,1,0.3,24.1,1,1,1,0
U016506,41,0.177,Riyadh,0,2,2.9,25.8,1,0,0,0
U016507,22,0.93,Northern Borders,8,3,0.0,43.6,1,1,1,0
U016508,43,0.806,Madinah,2,6,1.4,8.6,0,1,1,1
U016509,43,0.708,Makkah,1,3,3.7,33.9,1,1,0,1
U016510,22,0.637,Northern Borders,8,1,0.9,14.4,1,1,0,0
U016511,47,0.514,Riyadh,0,4,1.0,26.3,1,1,2,1
U016512,31,0.324,Makkah,1,2,1.9,16.3,0,0,0,1
U016513,42,0.908,Riyadh,0,6,0.3,8.0,1,1,3,1
U016514,68,0.546,Riyadh,0,3,2.0,19.7,1,0,0,0
U016515,33,0.412,Makkah,1,3,2.0,18.6,1,0,2,0
U016516,29,0.561,Riyadh,0,2,2.5,66.7,1,0,1,1
U016517,30,0.351,Al Jawf,12,4,3.6,62.0,1,0,0,1
U016518,36,0.579,Madinah,2,2,0.8,26.6,1,0,2,1
U016519,42,0.103,Eastern,4,2,5.2,43.2,1,0,0,0
U016520,29,0.463,Eastern,4,1,2.1,56.6,1,0,0,1
U016521,30,0.545,Al Jawf,12,3,1.3,10.1,0,1,0,1
U016522,63,0.491,Asir,5,3,2.1,9.6,1,0,0,0
U016523,41,0.405,Makkah,1,0,2.9,18.5,1,1,2,1
U016524,65,0.524,Al Jawf,12,3,0.6,46.2,1,1,1,0
U016525,56,0.519,Makkah,1,3,2.1,21.9,1,0,0,1
U016526,43,0.43,Eastern,4,0,0.8,2.4,1,0,1,1
U016527,68,0.194,Northern Borders,8,4,3.5,28.0,0,1,3,1
U016528,58,0.137,Eastern,4,3,1.6,10.6,1,0,2,1
U016529,56,0.649,Eastern,4,3,2.4,9.1,1,0,0,1
U016530,39,0.636,Eastern,4,0,3.7,17.5,1,0,0,1
U016531,22,0.796,Jazan,9,5,1.6,49.1,1,1,1,1
U016532,55,0.133,Makkah,1,1,2.9,29.8,1,0,0,0
U016533,34,0.251,Riyadh,0,0,3.1,22.5,1,0,3,0
U016534,35,0.364,Asir,5,3,0.8,12.4,1,1,1,0
U016535,60,0.196,Riyadh,0,1,0.3,41.4,1,0,1,0
U016536,18,0.412,Makkah,1,2,5.4,2.0,1,0,0,1
U016537,53,0.494,Al Jawf,12,0,2.0,38.2,1,0,0,0
U016538,60,0.531,Makkah,1,3,1.1,16.8,0,0,0,0
U016539,68,0.313,Eastern,4,2,4.0,45.0,1,0,1,1
U016540,27,0.72,Hail,7,2,1.5,12.1,1,1,1,1
U016541,54,0.382,Eastern,4,3,2.8,18.1,1,0,1,1
U016542,60,0.841,Al Jawf,12,4,0.4,48.4,1,1,0,1
U016543,27,0.43,Madinah,2,0,2.0,49.9,1,0,1,0
U016544,32,0.833,Makkah,1,2,2.4,8.9,0,0,1,0
U016545,51,0.765,Al Jawf,12,7,1.8,92.0,1,1,4,1
U016546,38,0.524,Riyadh,0,3,0.0,20.6,1,0,3,0
U016547,66,0.259,Asir,5,0,2.1,15.5,1,1,1,1
U016548,36,0.667,Makkah,1,2,2.7,14.3,1,0,0,1
U016549,43,0.351,Riyadh,0,3,3.3,23.7,1,1,0,1
U016550,62,0.527,Hail,7,3,2.7,33.6,1,1,0,0
U016551,66,0.887,Riyadh,0,2,1.3,11.6,0,1,2,0
U016552,34,0.408,Riyadh,0,1,4.3,13.4,1,0,2,1
U016553,50,0.471,Al Jawf,12,1,0.7,55.5,1,0,1,0
U016554,31,0.305,Makkah,1,2,2.3,16.8,1,1,2,1
U016555,20,0.112,Eastern,4,0,3.1,4.0,1,0,3,0
U016556,30,0.607,Makkah,1,3,1.4,17.3,1,1,3,1
U016557,67,0.398,Riyadh,0,3,3.3,9.9,0,1,0,0
U016558,56,0.649,Northern Borders,8,4,4.0,14.2,1,0,0,1
U016559,32,0.449,Eastern,4,2,0.6,16.3,1,1,0,0
U016560,60,0.616,Jazan,9,2,2.5,54.9,1,0,0,1
U016561,65,0.119,Madinah,2,1,4.5,41.3,1,0,0,1
U016562,54,0.346,Makkah,1,2,3.9,31.7,1,0,0,1
U016563,54,0.327,Riyadh,0,1,3.1,6.4,1,1,1,0
U016564,52,0.485,Tabuk,6,3,1.2,30.1,0,1,4,0
U016565,67,0.202,Riyadh,0,3,2.9,47.1,1,0,0,0
U016566,49,0.655,Makkah,1,3,4.9,22.8,1,1,1,1
U016567,48,0.417,Hail,7,3,1.6,22.2,1,0,1,1
U016568,35,0.684,Riyadh,0,5,0.2,24.1,1,1,1,1
U016569,39,0.383,Makkah,1,2,3.2,13.7,0,1,0,1
U016570,68,0.76,Qassim,3,2,2.3,22.5,1,0,2,0
U016571,69,0.292,Asir,5,4,1.4,40.3,1,1,1,1
U016572,40,0.739,Eastern,4,4,1.9,20.3,0,1,3,1
U016573,66,0.834,Makkah,1,3,2.0,8.2,1,1,1,1
U016574,54,0.719,Riyadh,0,4,0.0,16.1,1,1,0,0
U016575,21,0.726,Tabuk,6,2,0.9,17.1,1,1,0,1
U016576,69,0.516,Al Bahah,11,2,0.7,22.6,1,0,0,0
U016577,61,0.765,Hail,7,5,0.0,32.7,0,1,2,1
U016578,47,0.948,Eastern,4,6,0.0,25.8,1,1,1,0
U016579,55,0.432,Riyadh,0,2,3.0,14.5,1,0,1,1
U016580,59,0.821,Makkah,1,4,1.3,50.2,1,0,1,1
U016581,28,0.602,Makkah,1,2,2.6,44.6,0,1,4,1
U016582,50,0.147,Madinah,2,2,3.1,13.5,1,0,1,0
U016583,18,0.389,Jazan,9,1,3.1,11.1,1,0,0,0
U016584,53,0.291,Eastern,4,2,0.0,30.1,1,0,0,0
U016585,69,0.555,Riyadh,0,3,0.0,8.0,1,0,0,1
U016586,33,0.491,Eastern,4,5,1.5,19.2,1,0,0,1
U016587,35,0.453,Eastern,4,2,3.1,25.8,1,0,0,1
U016588,33,0.444,Al Bahah,11,1,3.1,21.7,1,0,0,0
U016589,37,0.443,Riyadh,0,1,1.4,18.2,1,0,0,1
U016590,29,0.035,Riyadh,0,2,4.2,9.2,1,0,1,0
U016591,45,0.285,Jazan,9,2,1.9,57.0,1,1,3,1
U016592,34,0.637,Riyadh,0,3,0.0,16.9,1,0,0,1
U016593,55,0.515,Eastern,4,2,2.4,52.8,1,0,0,1
U016594,27,0.511,Jazan,9,1,4.6,7.3,1,1,2,1
U016595,49,0.256,Tabuk,6,3,2.9,17.0,1,0,2,0
U016596,38,0.327,Jazan,9,5,3.6,14.2,1,0,0,0
U016597,36,0.88,Asir,5,2,0.0,53.8,1,0,0,1
U016598,27,0.258,Makkah,1,1,3.7,16.6,1,0,0,1
U016599,63,0.517,Jazan,9,4,4.1,20.5,0,1,1,1
U016600,22,0.283,Eastern,4,2,4.3,10.5,1,0,1,1
U016601,31,0.176,Eastern,4,1,0.0,34.2,0,0,0,1
U016602,27,0.116,Riyadh,0,1,4.9,32.7,0,1,0,0
U016603,25,0.343,Eastern,4,3,4.4,9.8,1,0,1,1
U016604,63,0.246,Jazan,9,0,0.5,23.4,1,0,0,0
U016605,67,0.494,Riyadh,0,4,3.3,12.1,1,0,0,1
U016606,27,0.292,Eastern,4,5,1.4,31.2,1,1,3,1
U016607,53,0.21,Eastern,4,3,2.7,27.8,1,0,0,0
U016608,63,0.299,Najran,10,3,2.1,57.6,1,0,1,1
U016609,57,0.389,Makkah,1,1,3.7,70.8,1,1,0,1
U016610,56,0.564,Qassim,3,1,1.8,32.1,1,0,1,1
U016611,43,0.311,Asir,5,2,1.2,10.3,1,0,1,0
U016612,56,0.18,Asir,5,3,3.8,21.7,0,0,1,0
U016613,50,0.766,Al Jawf,12,4,1.4,47.8,0,1,2,1
U016614,36,0.6,Eastern,4,1,1.8,14.6,1,0,1,0
U016615,56,0.765,Riyadh,0,5,1.7,45.1,1,1,2,1
U016616,47,0.758,Makkah,1,6,0.5,13.2,1,1,0,1
U016617,23,0.831,Riyadh,0,5,1.4,8.1,1,1,1,0
U016618,64,0.049,Qassim,3,1,3.1,23.4,0,0,1,1
U016619,60,0.456,Eastern,4,4,2.5,13.5,0,0,0,1
U016620,61,0.688,Madinah,2,1,0.0,25.4,0,1,0,1
U016621,54,0.249,Riyadh,0,1,3.0,31.3,1,0,1,0
U016622,25,0.57,Riyadh,0,3,0.0,31.6,1,1,2,1
U016623,27,0.408,Makkah,1,4,2.1,34.5,1,1,0,1
U016624,58,0.886,Makkah,1,4,1.4,21.2,1,1,1,0
U016625,62,0.413,Tabuk,6,4,1.5,28.8,1,1,1,0
U016626,45,0.382,Riyadh,0,6,2.8,44.9,1,0,3,1
U016627,38,0.307,Makkah,1,3,3.1,18.7,0,0,0,0
U016628,59,0.96,Makkah,1,5,1.1,36.1,1,0,0,1
U016629,68,0.386,Riyadh,0,5,3.6,58.2,1,1,1,1
U016630,45,0.3,Eastern,4,4,1.2,42.1,0,0,0,0
U016631,31,0.402,Makkah,1,5,2.5,24.8,1,1,0,1
U016632,36,0.473,Najran,10,5,1.8,34.2,1,1,1,1
U016633,37,0.411,Jazan,9,1,2.7,16.5,0,0,1,1
U016634,59,0.795,Al Bahah,11,4,3.1,26.0,1,0,0,1
U016635,19,0.695,Northern Borders,8,2,1.4,30.9,1,1,3,0
U016636,33,0.456,Makkah,1,2,2.3,71.2,1,1,0,1
U016637,54,0.852,Qassim,3,7,1.3,1.8,0,1,0,1
U016638,41,0.664,Tabuk,6,5,1.1,65.0,1,0,1,1
U016639,28,0.523,Eastern,4,5,1.3,26.0,1,1,4,1
U016640,40,0.154,Riyadh,0,2,2.5,7.3,1,0,0,1
U016641,26,0.254,Al Jawf,12,5,3.6,9.9,1,1,3,0
U016642,26,0.538,Riyadh,0,5,2.6,19.2,1,1,2,1
U016643,27,0.616,Riyadh,0,3,2.1,1.1,1,0,1,0
U016644,50,0.716,Eastern,4,4,1.4,39.1,1,1,0,1
U016645,54,0.553,Makkah,1,2,1.5,23.7,1,0,0,1
U016646,47,0.821,Northern Borders,8,5,1.9,98.6,1,1,0,0
U016647,28,0.049,Eastern,4,1,4.4,14.4,1,0,0,1
U016648,56,0.301,Tabuk,6,5,3.4,10.9,0,0,0,1
U016649,69,0.83,Eastern,4,3,1.9,20.3,0,0,0,1
U016650,22,0.632,Riyadh,0,1,1.2,8.5,0,0,1,0
U016651,27,0.37,Madinah,2,2,2.3,32.4,1,0,1,0
U016652,26,0.621,Riyadh,0,12,2.3,19.8,1,0,1,1
U016653,24,0.314,Makkah,1,1,0.0,12.3,1,0,0,0
U016654,22,0.579,Hail,7,4,0.7,17.7,1,1,1,1
U016655,49,0.537,Eastern,4,5,2.3,27.7,1,0,0,1
U016656,61,0.237,Riyadh,0,0,3.7,11.2,1,0,0,1
U016657,57,0.374,Eastern,4,3,2.4,21.4,1,0,0,0
U016658,50,0.283,Makkah,1,2,1.7,20.5,0,0,0,0
U016659,28,0.179,Makkah,1,3,3.8,9.8,1,0,0,1
U016660,59,0.508,Al Bahah,11,4,1.7,31.4,1,0,1,1
U016661,56,0.827,Makkah,1,2,0.0,15.4,1,1,0,1
U016662,58,0.229,Riyadh,0,1,2.7,22.2,1,1,2,1
U016663,45,0.205,Eastern,4,4,3.9,36.4,1,0,2,0
U016664,60,0.549,Riyadh,0,7,0.7,29.9,1,1,1,1
U016665,66,0.35,Riyadh,0,4,2.3,7.4,1,0,2,1
U016666,36,0.395,Makkah,1,2,3.7,61.7,1,0,3,0
U016667,64,0.283,Riyadh,0,3,4.1,33.0,1,1,0,0
U016668,57,0.858,Jazan,9,4,3.3,26.3,1,1,0,1
U016669,34,0.485,Riyadh,0,5,1.2,39.4,1,0,2,1
U016670,22,0.387,Madinah,2,3,3.0,75.9,1,1,1,1
U016671,51,0.785,Makkah,1,7,0.0,7.4,1,0,2,1
U016672,21,0.526,Jazan,9,3,0.9,10.6,1,0,0,1
U016673,56,0.178,Tabuk,6,2,5.3,14.9,1,1,0,0
U016674,60,0.119,Riyadh,0,2,3.1,56.0,1,0,1,1
U016675,41,0.885,Riyadh,0,3,1.3,37.7,1,0,1,1
U016676,21,0.931,Makkah,1,6,1.9,18.4,1,1,1,1
U016677,33,0.452,Makkah,1,2,3.1,9.2,0,0,0,1
U016678,30,0.525,Northern Borders,8,3,2.9,44.4,1,1,0,1
U016679,44,0.811,Asir,5,4,0.0,13.9,1,1,2,0
U016680,20,0.456,Hail,7,5,3.3,21.1,1,1,3,1
U016681,43,0.337,Jazan,9,2,2.6,29.9,1,0,3,0
U016682,49,0.156,Eastern,4,3,1.8,31.0,1,1,1,0
U016683,30,0.708,Makkah,1,3,2.5,19.1,1,1,0,1
U016684,42,0.662,Riyadh,0,7,3.3,32.9,1,1,1,1
U016685,43,0.642,Makkah,1,1,1.6,16.0,1,1,1,0
U016686,27,0.302,Tabuk,6,2,0.5,59.5,1,1,1,1
U016687,44,0.562,Jazan,9,4,3.6,23.6,1,1,1,1
U016688,64,0.667,Eastern,4,2,1.3,23.0,1,0,0,0
U016689,64,0.236,Makkah,1,2,0.7,29.7,1,1,1,1
U016690,41,0.676,Qassim,3,5,0.9,24.5,1,1,0,1
U016691,30,0.421,Makkah,1,2,3.0,25.9,0,0,0,1
U016692,56,0.103,Riyadh,0,1,2.6,13.1,1,1,1,1
U016693,67,0.714,Makkah,1,4,3.5,35.1,1,0,1,1
U016694,45,0.692,Al Jawf,12,3,1.9,37.6,0,1,2,1
U016695,32,0.471,Al Bahah,11,3,4.2,21.7,0,1,3,1
U016696,54,0.37,Madinah,2,3,1.3,28.5,1,1,2,1
U016697,56,0.367,Makkah,1,2,3.6,8.2,0,1,0,1
U016698,46,0.502,Madinah,2,0,2.2,26.7,1,0,0,0
U016699,19,0.57,Asir,5,9,1.1,47.6,1,1,1,1
U016700,35,0.364,Asir,5,3,4.1,19.9,1,0,1,1
U016701,44,0.146,Makkah,1,1,3.4,9.6,0,1,2,0
U016702,60,0.258,Qassim,3,4,2.6,1.2,0,1,1,0
U016703,29,0.632,Eastern,4,7,1.4,21.4,0,1,1,1
U016704,31,0.368,Riyadh,0,3,3.1,22.6,1,1,0,0
U016705,34,0.208,Asir,5,0,2.5,26.3,1,0,0,0
U016706,19,0.249,Riyadh,0,5,3.1,54.0,1,1,2,1
U016707,48,0.797,Riyadh,0,2,1.4,24.4,1,0,0,1
U016708,23,0.193,Al Bahah,11,4,2.1,4.2,1,0,0,0
U016709,46,0.603,Riyadh,0,5,2.6,45.4,1,1,0,0
U016710,42,0.698,Asir,5,6,0.7,9.5,1,1,1,0
U016711,51,0.332,Asir,5,4,3.2,16.2,1,0,0,1
U016712,35,0.904,Qassim,3,0,1.4,77.2,1,1,1,0
U016713,52,0.253,Makkah,1,6,1.6,27.1,1,0,1,1
U016714,37,0.466,Riyadh,0,3,2.5,15.5,1,0,1,1
U016715,52,0.449,Makkah,1,3,2.6,34.2,1,0,0,1
U016716,38,0.537,Riyadh,0,4,2.1,27.3,1,1,2,1
U016717,56,0.489,Eastern,4,3,3.5,19.2,0,0,0,1
U016718,57,0.125,Makkah,1,1,3.4,48.3,1,0,1,0
U016719,38,0.778,Riyadh,0,3,2.0,28.7,1,1,1,0
U016720,60,0.374,Riyadh,0,1,3.9,31.2,1,1,0,0
U016721,65,0.5,Asir,5,5,3.5,35.8,0,1,1,0
U016722,62,0.909,Riyadh,0,5,0.3,17.1,1,1,2,1
U016723,56,0.48,Riyadh,0,2,5.9,33.6,1,1,0,1
U016724,34,0.35,Eastern,4,5,2.0,33.8,1,0,0,0
U016725,65,0.454,Riyadh,0,5,1.4,13.4,1,0,0,0
U016726,50,0.594,Riyadh,0,4,1.2,3.1,1,1,0,1
U016727,48,0.218,Najran,10,0,3.6,6.2,1,0,0,0
U016728,29,0.625,Riyadh,0,7,4.8,42.5,1,0,0,0
U016729,60,0.563,Madinah,2,3,2.6,27.6,1,0,0,0
U016730,38,0.165,Riyadh,0,0,4.3,12.7,1,0,1,0
U016731,57,0.787,Eastern,4,1,4.6,13.0,1,0,0,1
U016732,49,0.099,Makkah,1,4,1.5,37.4,1,0,0,0
U016733,62,0.118,Eastern,4,4,2.7,18.0,1,0,1,1
U016734,19,0.54,Al Bahah,11,2,3.0,12.4,1,1,0,1
U016735,37,0.221,Makkah,1,5,0.6,35.9,1,0,1,1
U016736,35,0.363,Riyadh,0,3,4.3,19.1,1,0,1,0
U016737,41,0.781,Makkah,1,4,1.0,32.8,1,1,0,1
U016738,23,0.943,Eastern,4,4,0.6,18.9,1,1,0,1
U016739,34,0.278,Makkah,1,0,1.8,6.3,0,0,1,0
U016740,28,0.213,Qassim,3,3,2.9,35.6,1,0,2,1
U016741,29,0.51,Riyadh,0,4,1.9,4.2,1,1,2,0
U016742,59,0.913,Riyadh,0,2,0.6,14.6,1,1,0,1
U016743,50,0.938,Makkah,1,6,2.5,13.8,1,1,1,1
U016744,26,0.502,Riyadh,0,0,1.8,49.7,1,1,1,0
U016745,33,0.652,Tabuk,6,2,2.3,67.0,1,0,0,1
U016746,19,0.594,Riyadh,0,1,1.6,16.8,1,0,0,1
U016747,53,0.541,Makkah,1,5,1.9,13.1,1,1,1,0
U016748,36,0.117,Qassim,3,1,4.1,21.9,1,0,0,0
U016749,46,0.501,Najran,10,8,2.6,58.0,1,1,2,0
U016750,29,0.389,Jazan,9,2,1.9,23.0,1,1,1,0
U016751,36,0.383,Riyadh,0,2,0.3,47.4,1,0,0,1
U016752,59,0.498,Riyadh,0,3,2.3,14.0,0,1,3,1
U016753,57,0.443,Eastern,4,2,0.0,16.2,0,0,1,0
U016754,28,0.296,Qassim,3,2,0.0,16.3,1,0,0,0
U016755,40,0.346,Eastern,4,1,0.6,8.2,1,0,1,1
U016756,55,0.375,Najran,10,4,3.1,35.2,0,0,1,1
U016757,60,0.281,Madinah,2,1,2.1,53.2,1,0,1,1
U016758,46,0.681,Qassim,3,8,0.5,31.3,1,0,0,0
U016759,32,0.859,Asir,5,3,1.0,23.3,1,1,1,1
U016760,30,0.654,Riyadh,0,3,3.0,17.2,0,1,0,1
U016761,59,0.677,Jazan,9,0,0.5,19.8,1,0,0,1
U016762,41,0.405,Qassim,3,4,0.0,57.8,1,1,0,1
U016763,39,0.615,Riyadh,0,6,2.6,14.8,1,1,1,1
U016764,40,0.269,Asir,5,2,1.6,3.4,0,0,1,1
U016765,29,0.895,Asir,5,2,0.0,15.1,1,1,0,0
U016766,64,0.624,Eastern,4,6,1.2,17.4,1,1,1,1
U016767,60,0.471,Eastern,4,4,2.1,10.2,1,0,2,0
U016768,54,0.554,Riyadh,0,6,0.8,6.7,0,1,0,0
U016769,26,0.768,Tabuk,6,3,1.7,10.5,1,1,1,1
U016770,39,0.315,Riyadh,0,1,3.0,11.9,1,1,2,0
U016771,43,0.48,Jazan,9,2,3.6,21.1,1,0,0,1
U016772,63,0.431,Makkah,1,2,0.9,6.7,1,0,1,0
U016773,64,0.334,Qassim,3,2,1.7,28.0,1,0,2,0
U016774,44,0.441,Eastern,4,3,1.5,18.5,1,0,0,0
U016775,46,0.672,Makkah,1,0,2.7,21.4,1,1,3,1
U016776,69,0.104,Madinah,2,3,2.1,28.1,0,0,3,0
U016777,45,0.461,Makkah,1,1,2.2,18.7,0,0,0,0
U016778,39,0.571,Makkah,1,3,1.5,28.6,1,1,2,1
U016779,50,0.804,Jazan,9,3,1.5,19.6,1,0,1,0
U016780,23,0.494,Makkah,1,4,0.2,11.1,1,0,1,1
U016781,67,0.834,Makkah,1,5,1.4,19.9,1,1,1,1
U016782,61,0.444,Eastern,4,2,2.1,16.2,0,1,0,0
U016783,42,0.446,Asir,5,6,1.8,8.0,0,0,0,0
U016784,30,0.678,Eastern,4,2,0.8,24.6,0,0,0,1
U016785,57,0.313,Qassim,3,2,2.4,20.2,1,1,0,0
U016786,59,0.777,Madinah,2,3,0.9,12.7,1,1,1,0
U016787,57,0.954,Eastern,4,3,0.0,11.5,0,1,2,0
U016788,29,0.546,Hail,7,7,2.0,12.1,1,1,1,1
U016789,55,0.712,Riyadh,0,6,3.1,21.4,1,1,2,1
U016790,51,0.206,Madinah,2,1,2.5,29.9,0,1,0,0
U016791,62,0.334,Jazan,9,5,3.5,18.5,1,1,2,1
U016792,20,0.722,Makkah,1,3,1.4,9.2,1,1,0,1
U016793,24,0.877,Jazan,9,6,0.9,37.1,1,1,4,1
U016794,21,0.319,Qassim,3,1,2.6,6.9,0,1,3,1
U016795,60,0.314,Riyadh,0,2,3.3,34.4,1,0,3,0
U016796,22,0.458,Asir,5,4,2.6,18.5,1,1,0,1
U016797,21,0.443,Makkah,1,5,3.2,31.3,1,1,2,1
U016798,28,0.863,Asir,5,4,3.4,7.1,1,1,0,1
U016799,46,0.232,Eastern,4,1,1.9,13.0,1,0,1,0
U016800,38,0.37,Asir,5,3,3.1,59.3,1,1,2,0
U016801,47,0.812,Qassim,3,5,0.0,40.7,1,1,1,1
U016802,49,0.283,Tabuk,6,1,3.6,36.6,1,0,0,1
U016803,36,0.126,Eastern,4,1,2.5,34.3,0,1,3,1
U016804,26,0.538,Eastern,4,3,0.1,36.7,1,1,2,0
U016805,63,0.403,Al Jawf,12,3,1.5,20.2,1,0,1,0
U016806,49,0.444,Makkah,1,5,2.9,29.8,1,0,1,0
U016807,51,0.358,Makkah,1,3,4.0,44.4,0,0,1,1
U016808,42,0.508,Asir,5,2,1.0,10.1,1,1,3,1
U016809,52,0.798,Asir,5,1,3.8,4.6,0,1,0,1
U016810,23,0.519,Makkah,1,6,1.9,24.0,1,1,1,1
U016811,59,0.444,Makkah,1,1,1.5,36.1,1,0,0,0
U016812,58,0.17,Madinah,2,1,2.8,53.8,0,0,0,0
U016813,30,0.86,Makkah,1,4,0.4,29.7,1,0,3,1
U016814,50,0.648,Makkah,1,2,1.8,28.0,1,1,1,1
U016815,25,0.362,Eastern,4,1,1.3,12.9,1,0,1,0
U016816,31,0.25,Makkah,1,1,2.5,32.4,1,0,1,1
U016817,29,0.51,Riyadh,0,3,2.9,35.4,1,0,0,1
U016818,50,0.893,Riyadh,0,6,1.6,1.2,1,1,0,0
U016819,35,0.65,Jazan,9,6,1.1,19.9,1,1,1,1
U016820,24,0.649,Makkah,1,3,3.0,20.6,1,0,1,1
U016821,18,0.938,Makkah,1,1,1.3,11.2,1,1,0,1
U016822,47,0.843,Eastern,4,5,1.7,21.6,1,1,1,1
U016823,25,0.395,Asir,5,1,3.5,45.1,1,1,1,1
U016824,68,0.78,Jazan,9,4,2.2,17.7,1,1,2,0
U016825,53,0.566,Tabuk,6,3,4.3,21.3,1,0,0,0
U016826,61,0.405,Riyadh,0,5,1.8,22.8,0,1,1,1
U016827,36,0.425,Eastern,4,1,2.2,17.7,1,0,1,1
U016828,46,0.249,Riyadh,0,4,3.1,5.1,1,1,1,0
U016829,36,0.276,Eastern,4,2,0.6,35.1,1,0,0,0
U016830,29,0.352,Eastern,4,2,1.8,7.5,1,0,0,1
U016831,33,0.447,Eastern,4,5,3.4,28.0,1,0,0,1
U016832,44,0.204,Qassim,3,0,3.4,29.8,1,0,0,1
U016833,55,0.635,Asir,5,4,3.3,9.1,1,1,0,0
U016834,32,0.456,Riyadh,0,2,4.8,9.3,1,0,0,0
U016835,56,0.788,Makkah,1,2,0.8,25.3,1,1,1,1
U016836,50,0.503,Makkah,1,1,4.2,19.2,1,1,3,1
U016837,54,0.403,Makkah,1,0,4.3,41.6,1,1,0,1
U016838,54,0.87,Makkah,1,2,1.7,18.3,1,0,1,1
U016839,47,0.205,Asir,5,2,3.0,5.8,0,0,0,1
U016840,46,0.516,Riyadh,0,4,2.0,18.9,1,0,2,1
U016841,66,0.713,Makkah,1,3,3.0,29.0,1,1,1,0
U016842,46,0.794,Makkah,1,6,1.8,16.9,1,1,3,0
U016843,35,0.444,Riyadh,0,2,0.1,10.3,1,0,1,1
U016844,22,0.868,Riyadh,0,6,0.9,10.5,0,1,0,1
U016845,35,0.201,Eastern,4,2,0.9,20.9,1,1,0,1
U016846,18,0.669,Qassim,3,7,1.8,22.8,1,1,3,1
U016847,40,0.807,Eastern,4,2,0.8,27.6,1,0,0,0
U016848,50,0.7,Jazan,9,6,0.0,33.0,1,1,0,1
U016849,30,0.621,Eastern,4,2,3.8,14.2,1,0,0,1
U016850,44,0.305,Jazan,9,2,4.5,10.6,0,0,1,0
U016851,65,0.477,Al Bahah,11,2,0.0,3.1,1,0,1,0
U016852,34,0.122,Eastern,4,1,3.6,26.0,1,1,2,0
U016853,37,0.703,Riyadh,0,2,0.9,11.1,1,1,1,1
U016854,67,0.382,Makkah,1,2,1.6,18.0,1,0,0,0
U016855,45,0.726,Riyadh,0,3,1.4,5.3,1,0,0,1
U016856,35,0.191,Riyadh,0,2,3.6,22.4,1,0,0,1
U016857,24,0.425,Makkah,1,3,3.0,15.1,1,0,2,1
U016858,62,0.209,Riyadh,0,1,3.7,17.4,1,1,1,1
U016859,47,0.587,Asir,5,1,2.2,28.0,1,1,0,0
U016860,34,0.789,Riyadh,0,7,0.4,42.5,1,0,0,1
U016861,64,0.503,Tabuk,6,3,1.1,50.3,1,1,1,1
U016862,33,0.679,Makkah,1,3,0.3,40.7,1,1,1,1
U016863,30,0.437,Riyadh,0,1,0.9,18.7,1,1,3,1
U016864,66,0.174,Riyadh,0,3,1.8,4.0,1,0,0,1
U016865,39,0.323,Eastern,4,4,0.0,2.7,1,0,0,0
U016866,37,0.573,Al Bahah,11,2,2.4,38.9,1,1,1,1
U016867,22,0.68,Riyadh,0,0,2.2,7.2,1,1,2,0
U016868,63,0.217,Riyadh,0,2,2.0,70.0,0,0,1,1
U016869,44,0.586,Riyadh,0,5,1.2,36.7,1,0,0,1
U016870,52,0.106,Eastern,4,2,2.7,20.9,0,0,1,0
U016871,47,0.69,Riyadh,0,6,2.7,14.8,1,0,0,1
U016872,38,0.378,Eastern,4,5,1.2,5.7,0,1,0,0
U016873,22,0.833,Northern Borders,8,6,0.4,21.7,1,1,0,1
U016874,44,0.893,Makkah,1,5,0.0,3.8,1,1,0,0
U016875,39,0.686,Riyadh,0,5,2.3,65.3,1,1,2,1
U016876,68,0.645,Eastern,4,4,2.3,43.4,1,0,2,1
U016877,42,0.47,Makkah,1,1,4.2,50.7,1,1,3,1
U016878,68,0.506,Makkah,1,2,0.8,21.2,1,0,1,1
U016879,69,0.188,Madinah,2,3,2.9,26.0,0,0,0,0
U016880,68,0.437,Najran,10,5,2.6,6.8,1,0,2,1
U016881,33,0.409,Asir,5,6,0.0,5.0,1,1,0,1
U016882,18,0.707,Makkah,1,4,2.9,8.9,1,1,1,0
U016883,53,0.54,Makkah,1,4,4.1,8.6,0,1,1,0
U016884,26,0.59,Riyadh,0,4,1.5,26.0,1,0,0,0
U016885,50,0.838,Eastern,4,4,2.0,52.6,1,1,1,1
U016886,52,0.764,Riyadh,0,3,0.6,16.9,1,1,4,1
U016887,55,0.749,Northern Borders,8,5,2.6,29.6,0,1,1,1
U016888,40,0.96,Eastern,4,2,1.1,32.6,1,1,2,1
U016889,33,0.794,Makkah,1,7,0.6,13.4,1,0,1,1
U016890,29,0.49,Madinah,2,3,0.7,19.0,1,0,0,0
U016891,64,0.749,Riyadh,0,3,0.1,26.8,0,1,1,1
U016892,46,0.767,Riyadh,0,7,0.1,46.1,1,1,2,0
U016893,25,0.249,Asir,5,0,6.4,50.5,1,0,3,1
U016894,20,0.172,Makkah,1,2,4.3,65.2,1,0,0,1
U016895,36,0.707,Hail,7,3,0.4,32.9,1,1,2,1
U016896,59,0.064,Riyadh,0,0,0.7,6.6,1,0,1,0
U016897,50,0.831,Riyadh,0,5,0.0,14.6,1,1,1,1
U016898,28,0.591,Asir,5,2,4.4,19.6,1,0,1,0
U016899,52,0.602,Makkah,1,2,2.2,34.8,0,0,0,0
U016900,61,0.657,Eastern,4,1,2.9,21.3,1,1,2,0
U016901,30,0.288,Eastern,4,2,0.9,32.4,1,0,0,1
U016902,46,0.496,Riyadh,0,2,2.7,7.6,1,1,0,1
U016903,34,0.165,Riyadh,0,3,3.9,17.1,1,1,0,0
U016904,55,0.637,Makkah,1,3,1.8,20.0,1,1,1,0
U016905,62,0.347,Makkah,1,1,2.0,11.3,1,0,1,1
U016906,51,0.788,Makkah,1,0,1.6,34.9,1,0,1,0
U016907,27,0.483,Najran,10,1,0.8,3.8,0,0,1,1
U016908,34,0.85,Asir,5,6,0.0,18.3,1,1,0,1
U016909,47,0.38,Eastern,4,2,2.1,23.1,1,0,1,1
U016910,48,0.87,Makkah,1,2,3.8,12.5,1,1,1,1
U016911,43,0.644,Qassim,3,3,2.0,8.5,1,0,1,1
U016912,54,0.11,Tabuk,6,2,3.9,14.5,0,0,1,0
U016913,42,0.572,Al Jawf,12,2,2.1,28.9,1,1,1,1
U016914,51,0.756,Madinah,2,3,2.5,12.9,1,1,1,1
U016915,30,0.739,Tabuk,6,2,2.2,15.0,1,1,1,1
U016916,21,0.734,Riyadh,0,3,0.6,3.8,0,0,0,1
U016917,24,0.233,Qassim,3,3,0.5,28.3,1,1,0,1
U016918,36,0.298,Jazan,9,4,2.2,6.7,1,0,0,0
U016919,33,0.238,Eastern,4,1,0.4,37.3,1,0,0,0
U016920,34,0.228,Madinah,2,2,3.1,5.4,1,0,2,0
U016921,55,0.657,Riyadh,0,2,0.4,48.0,1,0,2,0
U016922,69,0.722,Jazan,9,2,0.3,13.6,0,1,0,1
U016923,39,0.207,Riyadh,0,3,3.2,18.1,1,0,1,0
U016924,26,0.809,Riyadh,0,5,2.0,32.2,1,0,0,1
U016925,20,0.416,Madinah,2,4,0.9,21.8,1,0,1,0
U016926,54,0.271,Eastern,4,2,1.8,25.8,1,0,2,1
U016927,42,0.684,Eastern,4,5,1.4,6.7,0,1,1,1
U016928,69,0.132,Riyadh,0,0,2.8,46.6,1,0,0,0
U016929,67,0.598,Makkah,1,5,2.4,35.0,1,1,0,0
U016930,57,0.679,Northern Borders,8,3,2.8,24.1,1,0,1,0
U016931,19,0.768,Tabuk,6,3,2.7,7.8,1,0,0,1
U016932,25,0.264,Eastern,4,3,2.7,19.5,1,0,2,0
U016933,44,0.483,Eastern,4,1,0.8,33.3,1,1,0,0
U016934,36,0.237,Makkah,1,0,0.9,12.4,1,1,1,0
U016935,47,0.555,Riyadh,0,4,0.3,9.3,0,1,1,1
U016936,54,0.615,Riyadh,0,4,1.5,14.0,0,1,1,1
U016937,24,0.675,Makkah,1,2,2.5,17.8,1,1,3,1
U016938,52,0.668,Eastern,4,3,0.0,12.6,0,1,0,0
U016939,23,0.251,Asir,5,2,0.6,19.6,1,1,1,0
U016940,31,0.681,Eastern,4,3,0.7,17.7,1,1,1,1
U016941,30,0.873,Qassim,3,4,1.2,27.0,1,1,2,1
U016942,20,0.592,Hail,7,3,2.4,21.3,1,0,0,0
U016943,65,0.5,Qassim,3,3,0.8,12.2,1,0,0,0
U016944,18,0.234,Asir,5,2,2.0,36.0,1,0,1,1
U016945,46,0.758,Riyadh,0,2,0.6,21.4,1,1,0,0
U016946,24,0.514,Riyadh,0,4,3.2,21.9,1,0,1,1
U016947,63,0.115,Riyadh,0,1,2.2,14.5,0,0,0,1
U016948,43,0.363,Makkah,1,2,1.3,13.7,1,0,2,0
U016949,55,0.77,Makkah,1,2,0.3,32.4,0,1,0,1
U016950,57,0.472,Makkah,1,2,1.3,5.7,0,0,0,1
U016951,45,0.254,Makkah,1,2,3.7,41.3,1,0,0,0
U016952,54,0.136,Riyadh,0,3,1.1,23.2,1,1,2,1
U016953,51,0.221,Makkah,1,0,2.4,14.4,0,0,0,0
U016954,67,0.43,Qassim,3,4,0.7,36.3,1,0,0,0
U016955,44,0.443,Asir,5,4,4.0,56.5,1,0,0,1
U016956,65,0.643,Eastern,4,5,5.5,15.3,1,1,1,1
U016957,31,0.367,Al Jawf,12,1,0.4,15.3,1,0,0,0
U016958,26,0.677,Riyadh,0,9,1.8,23.3,1,1,0,1
U016959,25,0.705,Asir,5,4,4.7,22.8,1,0,0,1
U016960,42,0.373,Makkah,1,2,1.5,7.0,1,0,1,0
U016961,20,0.699,Al Bahah,11,7,2.4,11.2,0,1,3,1
U016962,55,0.308,Madinah,2,0,1.5,25.4,1,0,1,0
U016963,30,0.684,Riyadh,0,3,1.6,29.7,1,1,1,1
U016964,24,0.716,Hail,7,6,1.0,37.0,1,1,1,1
U016965,64,0.58,Eastern,4,5,2.2,38.5,1,0,1,0
U016966,30,0.484,Riyadh,0,1,4.0,23.8,1,1,1,0
U016967,30,0.69,Eastern,4,2,1.3,13.0,1,1,1,1
U016968,49,0.262,Makkah,1,2,4.3,7.7,1,1,3,0
U016969,30,0.4,Jazan,9,4,4.0,39.2,1,1,1,1
U016970,18,0.428,Jazan,9,2,6.4,12.2,1,0,0,0
U016971,47,0.69,Jazan,9,4,2.3,22.5,1,1,1,0
U016972,32,0.948,Madinah,2,4,0.0,14.3,1,0,0,1
U016973,67,0.217,Eastern,4,2,1.5,23.1,0,1,1,1
U016974,63,0.566,Asir,5,2,2.3,13.4,1,0,0,1
U016975,43,0.863,Eastern,4,5,1.0,17.6,1,1,2,1
U016976,34,0.604,Madinah,2,3,2.3,7.4,1,1,1,1
U016977,25,0.626,Makkah,1,5,0.0,27.0,1,1,1,0
U016978,32,0.354,Makkah,1,2,2.0,29.8,1,0,0,0
U016979,37,0.48,Makkah,1,3,3.7,12.8,1,0,0,0
U016980,49,0.523,Hail,7,3,1.2,3.6,1,1,2,1
U016981,47,0.534,Makkah,1,3,1.4,18.1,1,1,0,1
U016982,52,0.289,Makkah,1,1,1.8,14.3,1,0,1,1
U016983,18,0.228,Qassim,3,3,4.2,44.0,1,0,0,1
U016984,24,0.51,Madinah,2,4,0.4,13.9,0,0,0,0
U016985,69,0.161,Eastern,4,2,3.0,15.1,1,1,1,1
U016986,45,0.652,Riyadh,0,3,3.5,9.9,1,0,0,1
U016987,21,0.594,Al Bahah,11,4,4.1,20.3,1,1,1,1
U016988,53,0.661,Makkah,1,3,1.4,62.5,1,1,1,0
U016989,54,0.09,Riyadh,0,1,2.3,9.5,0,0,0,1
U016990,69,0.767,Riyadh,0,6,3.4,17.0,0,0,0,0
U016991,55,0.72,Asir,5,2,1.3,33.9,1,1,1,1
U016992,25,0.356,Jazan,9,1,0.6,36.0,1,1,1,1
U016993,33,0.795,Makkah,1,4,0.0,20.3,1,1,0,1
U016994,65,0.658,Tabuk,6,2,3.6,7.6,1,1,0,0
U016995,21,0.68,Riyadh,0,5,2.7,29.8,1,1,0,1
U016996,57,0.854,Madinah,2,3,1.6,29.1,1,1,1,1
U016997,50,0.548,Makkah,1,4,1.6,10.4,1,1,2,0
U016998,40,0.598,Makkah,1,9,0.2,5.0,1,1,3,0
U016999,51,0.747,Makkah,1,6,1.9,12.3,1,1,0,1
U017000,32,0.38,Najran,10,0,2.6,39.7,1,1,2,1
U017001,46,0.896,Eastern,4,2,1.3,40.0,1,1,0,1
U017002,42,0.279,Al Jawf,12,4,0.0,34.3,0,0,1,1
U017003,38,0.673,Makkah,1,6,1.3,23.6,1,1,3,1
U017004,65,0.548,Qassim,3,4,3.1,29.3,1,0,1,0
U017005,35,0.313,Eastern,4,2,3.7,56.4,1,0,1,1
U017006,50,0.288,Eastern,4,3,3.2,10.1,1,0,0,0
U017007,62,0.433,Najran,10,2,4.0,41.4,1,1,1,1
U017008,52,0.508,Northern Borders,8,5,1.6,95.8,1,0,1,1
U017009,53,0.284,Riyadh,0,4,2.7,12.0,1,0,1,0
U017010,37,0.438,Riyadh,0,4,2.3,19.9,0,0,0,1
U017011,66,0.603,Madinah,2,0,3.1,10.1,1,0,0,0
U017012,21,0.475,Riyadh,0,3,0.9,12.6,1,0,0,1
U017013,55,0.356,Riyadh,0,1,2.6,14.3,0,0,0,0
U017014,65,0.43,Riyadh,0,1,0.9,8.3,0,1,1,0
U017015,31,0.655,Northern Borders,8,4,3.1,14.7,1,1,2,1
U017016,53,0.55,Riyadh,0,6,3.4,12.5,1,0,0,1
U017017,54,0.143,Northern Borders,8,2,3.8,22.2,1,0,1,0
U017018,65,0.57,Makkah,1,3,1.4,3.0,0,0,0,1
U017019,36,0.631,Eastern,4,6,3.2,11.0,1,0,0,1
U017020,58,0.707,Makkah,1,2,0.0,8.9,0,1,2,0
U017021,34,0.206,Asir,5,1,1.5,19.5,1,0,0,1
U017022,36,0.695,Riyadh,0,4,1.8,19.1,1,1,1,1
U017023,63,0.713,Asir,5,4,1.5,5.9,1,1,0,0
U017024,46,0.65,Eastern,4,0,3.7,13.9,1,0,2,1
U017025,65,0.328,Najran,10,3,0.7,13.8,1,0,1,0
U017026,59,0.712,Riyadh,0,7,3.2,23.9,0,1,2,1
U017027,63,0.839,Al Jawf,12,3,0.6,22.8,0,0,1,1
U017028,39,0.444,Jazan,9,2,0.2,43.4,1,0,1,1
U017029,66,0.586,Al Jawf,12,3,2.2,4.0,0,0,1,0
U017030,64,0.396,Eastern,4,2,2.1,25.4,1,0,0,0
U017031,35,0.648,Jazan,9,2,1.1,16.8,1,0,1,0
U017032,61,0.447,Northern Borders,8,5,2.3,4.5,1,0,1,1
U017033,35,0.428,Qassim,3,1,1.9,57.9,1,0,0,0
U017034,51,0.436,Al Jawf,12,4,1.4,11.6,0,1,2,1
U017035,20,0.238,Riyadh,0,0,1.6,32.3,1,0,3,1
U017036,34,0.194,Makkah,1,3,0.2,32.8,1,0,0,1
U017037,56,0.158,Eastern,4,1,5.1,31.4,0,0,1,1
U017038,40,0.874,Makkah,1,5,0.1,15.1,1,1,1,1
U017039,34,0.366,Riyadh,0,1,3.3,35.9,1,0,2,1
U017040,31,0.312,Eastern,4,0,1.7,34.8,1,1,1,1
U017041,38,0.169,Al Bahah,11,1,2.9,1.8,0,0,1,1
U017042,37,0.474,Makkah,1,3,3.6,1.2,1,1,1,1
U017043,33,0.151,Tabuk,6,1,1.8,13.1,1,0,0,0
U017044,66,0.512,Riyadh,0,3,2.3,24.7,1,1,1,0
U017045,53,0.484,Eastern,4,2,1.1,13.6,1,1,1,0
U017046,26,0.217,Tabuk,6,1,1.1,46.1,1,0,1,1
U017047,67,0.271,Riyadh,0,1,1.6,34.6,0,0,0,0
U017048,47,0.849,Makkah,1,5,0.8,5.4,1,1,0,1
U017049,42,0.451,Riyadh,0,3,2.9,8.4,1,1,0,1
U017050,68,0.286,Makkah,1,2,4.3,6.9,0,0,0,0
U017051,23,0.223,Eastern,4,1,2.5,3.6,1,0,0,1
U017052,28,0.525,Riyadh,0,2,0.2,5.2,1,0,1,1
U017053,20,0.655,Riyadh,0,5,3.6,19.6,1,1,1,1
U017054,47,0.604,Eastern,4,1,1.4,68.7,1,0,0,1
U017055,68,0.113,Eastern,4,4,2.5,16.3,1,0,1,1
U017056,62,0.275,Riyadh,0,2,4.7,18.9,1,0,0,0
U017057,55,0.227,Makkah,1,2,3.3,30.2,1,0,2,0
U017058,49,0.706,Eastern,4,4,1.0,38.9,1,0,1,0
U017059,26,0.597,Eastern,4,3,0.7,14.6,1,0,2,1
U017060,23,0.291,Riyadh,0,7,3.5,23.2,1,1,2,0
U017061,18,0.445,Makkah,1,2,0.2,24.7,1,0,1,1
U017062,47,0.44,Asir,5,2,3.3,1.8,0,1,1,0
U017063,38,0.46,Al Jawf,12,3,0.4,28.1,1,1,1,1
U017064,27,0.325,Riyadh,0,2,2.5,14.6,0,0,1,1
U017065,30,0.502,Riyadh,0,4,1.3,15.2,0,1,1,0
U017066,34,0.565,Al Bahah,11,4,3.0,51.6,1,0,0,1
U017067,23,0.768,Riyadh,0,3,1.0,29.6,1,0,0,1
U017068,27,0.673,Qassim,3,1,3.2,15.9,0,1,1,0
U017069,48,0.5,Jazan,9,4,0.5,14.5,0,1,3,1
U017070,62,0.705,Makkah,1,2,1.6,60.3,0,0,1,1
U017071,44,0.392,Madinah,2,3,1.0,19.7,1,0,0,1
U017072,31,0.544,Makkah,1,3,0.0,52.2,1,0,1,1
U017073,64,0.049,Riyadh,0,0,3.0,10.1,1,0,1,1
U017074,42,0.221,Northern Borders,8,0,3.4,17.3,1,0,4,1
U017075,46,0.865,Riyadh,0,5,0.1,21.3,1,1,0,1
U017076,67,0.907,Jazan,9,6,1.2,24.6,1,0,0,1
U017077,68,0.348,Eastern,4,2,2.0,14.2,1,0,1,0
U017078,25,0.798,Northern Borders,8,7,2.8,14.6,1,1,1,1
U017079,30,0.77,Eastern,4,4,0.8,34.3,1,0,1,1
U017080,42,0.514,Jazan,9,5,3.1,9.4,0,1,5,1
U017081,29,0.893,Asir,5,2,0.0,12.0,0,0,0,1
U017082,41,0.297,Madinah,2,3,3.2,4.6,1,0,0,1
U017083,48,0.179,Riyadh,0,4,3.0,31.5,1,0,0,0
U017084,57,0.859,Makkah,1,5,1.0,31.9,1,1,2,1
U017085,32,0.464,Asir,5,1,2.4,17.2,0,0,0,1
U017086,25,0.783,Eastern,4,4,2.3,29.5,0,1,0,1
U017087,53,0.661,Madinah,2,5,4.1,24.5,1,1,0,0
U017088,48,0.147,Riyadh,0,0,1.9,25.5,1,0,0,1
U017089,68,0.291,Hail,7,0,2.1,9.8,1,1,1,1
U017090,66,0.461,Riyadh,0,1,5.6,42.4,1,0,1,0
U017091,59,0.309,Makkah,1,2,2.1,40.8,1,0,0,1
U017092,20,0.514,Madinah,2,4,0.3,15.2,1,0,1,1
U017093,47,0.401,Makkah,1,5,4.5,22.9,0,1,0,0
U017094,33,0.372,Riyadh,0,0,2.4,21.8,1,0,0,1
U017095,36,0.663,Jazan,9,3,1.2,37.6,1,1,1,1
U017096,61,0.871,Riyadh,0,0,0.3,20.0,1,0,1,1
U017097,61,0.624,Al Jawf,12,3,3.5,35.0,1,1,4,1
U017098,18,0.226,Riyadh,0,1,1.6,4.8,1,0,0,0
U017099,44,0.269,Eastern,4,2,1.9,11.4,1,0,0,0
U017100,53,0.523,Makkah,1,4,1.8,1.2,1,0,0,1
U017101,49,0.606,Eastern,4,4,2.2,43.3,1,0,1,1
U017102,68,0.886,Al Bahah,11,3,2.9,32.7,0,1,2,0
U017103,28,0.426,Eastern,4,3,3.4,17.4,1,1,2,0
U017104,62,0.284,Eastern,4,2,4.2,11.4,1,1,3,1
U017105,24,0.858,Jazan,9,5,0.1,29.9,1,0,0,1
U017106,41,0.613,Riyadh,0,2,3.7,27.1,1,0,0,1
U017107,24,0.559,Makkah,1,5,0.8,8.8,0,1,0,1
U017108,68,0.203,Makkah,1,1,2.6,5.5,1,0,1,1
U017109,30,0.384,Tabuk,6,3,5.2,10.0,1,0,1,0
U017110,48,0.585,Riyadh,0,2,2.8,10.0,1,1,0,1
U017111,44,0.451,Asir,5,3,1.4,8.4,1,0,1,1
U017112,62,0.519,Riyadh,0,3,2.2,24.2,1,0,0,0
U017113,53,0.141,Makkah,1,4,1.9,21.4,0,1,3,1
U017114,41,0.177,Riyadh,0,4,3.8,8.0,1,1,0,1
U017115,61,0.526,Riyadh,0,4,3.5,28.3,1,1,3,0
U017116,44,0.583,Asir,5,3,0.0,32.0,1,1,0,0
U017117,43,0.539,Riyadh,0,4,1.6,21.2,0,0,1,1
U017118,23,0.425,Riyadh,0,4,1.0,38.9,1,1,1,1
U017119,48,0.532,Najran,10,2,2.6,39.9,1,0,1,1
U017120,36,0.141,Riyadh,0,1,2.4,35.9,1,1,0,0
U017121,55,0.744,Makkah,1,4,0.0,3.2,1,0,0,0
U017122,68,0.693,Northern Borders,8,7,4.3,21.6,1,0,1,1
U017123,37,0.429,Najran,10,2,2.2,10.8,1,0,1,1
U017124,55,0.865,Madinah,2,9,0.9,35.6,1,1,0,1
U017125,47,0.458,Makkah,1,5,3.5,16.3,1,1,2,1
U017126,25,0.913,Riyadh,0,5,0.9,43.8,1,1,2,0
U017127,44,0.661,Asir,5,4,3.3,15.2,1,0,1,1
U017128,30,0.407,Al Jawf,12,0,0.3,32.4,1,0,0,1
U017129,34,0.296,Eastern,4,3,2.1,18.2,1,0,1,1
U017130,68,0.692,Riyadh,0,3,2.2,1.9,1,1,2,1
U017131,35,0.278,Riyadh,0,3,2.7,15.7,0,0,0,1
U017132,35,0.627,Al Jawf,12,3,0.0,11.2,1,0,0,1
U017133,65,0.222,Najran,10,1,1.8,8.3,0,0,1,0
U017134,27,0.668,Eastern,4,2,1.4,35.3,1,0,1,1
U017135,18,0.532,Qassim,3,3,0.4,42.7,1,0,3,0
U017136,52,0.382,Makkah,1,3,2.9,66.1,1,0,1,0
U017137,56,0.227,Makkah,1,5,2.9,61.8,1,0,1,1
U017138,35,0.413,Makkah,1,5,1.9,9.4,1,0,0,0
U017139,51,0.915,Makkah,1,6,1.8,50.1,1,1,1,1
U017140,44,0.913,Riyadh,0,5,0.7,7.0,0,1,1,1
U017141,35,0.142,Makkah,1,1,4.0,12.9,0,0,1,0
U017142,52,0.421,Makkah,1,4,0.5,27.9,1,0,0,1
U017143,65,0.108,Eastern,4,2,2.1,37.1,1,1,5,1
U017144,49,0.615,Riyadh,0,5,1.7,14.9,1,0,1,1
U017145,46,0.309,Madinah,2,5,2.0,16.0,0,1,1,0
U017146,30,0.76,Riyadh,0,2,0.8,21.0,1,1,0,0
U017147,43,0.52,Riyadh,0,7,3.3,15.8,1,1,2,1
U017148,18,0.682,Makkah,1,5,0.0,26.1,1,0,2,1
U017149,24,0.642,Jazan,9,9,0.9,11.9,0,1,0,1
U017150,31,0.93,Jazan,9,8,0.7,21.7,1,1,1,1
U017151,45,0.503,Makkah,1,1,0.4,25.3,1,1,2,1
U017152,51,0.824,Hail,7,5,1.4,31.6,1,1,0,1
U017153,55,0.158,Eastern,4,2,2.2,56.4,1,0,0,0
U017154,44,0.528,Makkah,1,4,0.1,22.1,1,1,3,0
U017155,24,0.405,Tabuk,6,4,0.6,36.0,1,1,2,0
U017156,63,0.58,Riyadh,0,8,2.6,37.7,1,0,0,1
U017157,41,0.338,Makkah,1,2,2.3,32.0,1,0,0,0
U017158,39,0.298,Makkah,1,1,2.3,14.6,1,0,0,1
U017159,30,0.183,Riyadh,0,0,3.5,8.0,1,0,0,0
U017160,24,0.173,Makkah,1,3,0.3,32.7,1,0,1,0
U017161,66,0.269,Riyadh,0,1,1.6,6.2,0,1,1,1
U017162,30,0.273,Riyadh,0,2,2.3,8.0,0,0,0,1
U017163,61,0.278,Riyadh,0,3,2.2,36.2,1,0,1,1
U017164,51,0.379,Jazan,9,4,3.3,7.4,0,1,4,1
U017165,28,0.543,Al Bahah,11,3,3.3,11.6,0,1,0,1
U017166,39,0.602,Jazan,9,3,1.7,41.6,0,0,0,1
U017167,68,0.349,Qassim,3,3,2.2,51.0,1,0,1,1
U017168,28,0.552,Asir,5,1,1.2,30.1,1,0,0,0
U017169,40,0.214,Riyadh,0,1,4.3,17.3,0,0,0,0
U017170,46,0.646,Madinah,2,3,2.4,36.8,1,1,1,1
U017171,47,0.399,Makkah,1,4,1.9,34.4,1,0,0,1
U017172,64,0.573,Asir,5,3,3.4,18.9,1,0,0,1
U017173,69,0.594,Riyadh,0,7,1.7,4.9,1,0,0,0
U017174,66,0.565,Riyadh,0,4,1.5,38.3,1,1,2,1
U017175,63,0.587,Makkah,1,3,1.9,51.1,1,0,1,0
U017176,57,0.594,Makkah,1,5,1.2,9.5,1,1,1,1
U017177,39,0.383,Riyadh,0,3,3.4,18.4,1,0,0,1
U017178,58,0.546,Makkah,1,1,3.8,25.5,1,1,1,1
U017179,19,0.542,Jazan,9,2,3.8,20.9,0,0,0,0
U017180,18,0.422,Riyadh,0,4,2.5,62.4,1,0,0,1
U017181,57,0.487,Jazan,9,3,0.7,32.2,1,1,0,0
U017182,26,0.832,Riyadh,0,3,1.4,18.5,1,1,1,0
U017183,29,0.523,Asir,5,3,1.4,17.1,0,1,2,0
U017184,45,0.493,Makkah,1,4,2.0,11.9,1,1,1,0
U017185,39,0.293,Eastern,4,4,2.3,16.9,0,0,0,0
U017186,22,0.848,Makkah,1,3,1.8,32.4,1,1,1,0
U017187,35,0.741,Tabuk,6,7,2.3,10.2,1,0,0,1
U017188,32,0.703,Jazan,9,7,1.0,10.3,1,0,1,0
U017189,50,0.754,Riyadh,0,2,1.3,43.0,1,1,0,1
U017190,25,0.76,Qassim,3,3,0.1,6.1,1,0,0,0
U017191,21,0.429,Riyadh,0,1,2.3,45.9,1,0,1,0
U017192,68,0.587,Asir,5,1,1.4,43.4,1,1,2,1
U017193,32,0.309,Asir,5,1,0.9,46.7,1,1,0,1
U017194,19,0.892,Makkah,1,4,0.4,6.5,1,1,2,1
U017195,34,0.143,Asir,5,1,3.0,10.9,0,0,0,1
U017196,24,0.751,Makkah,1,3,2.5,14.5,1,1,1,1
U017197,68,0.953,Asir,5,2,0.7,34.4,1,0,0,0
U017198,33,0.159,Qassim,3,3,3.0,28.5,1,0,2,1
U017199,58,0.414,Qassim,3,3,3.2,14.8,1,1,2,1
U017200,33,0.775,Makkah,1,3,0.4,27.7,1,1,0,1
U017201,33,0.906,Makkah,1,5,2.6,29.3,1,1,1,1
U017202,42,0.645,Jazan,9,6,2.9,32.2,1,1,2,1
U017203,25,0.489,Riyadh,0,4,2.6,46.8,1,1,1,0
U017204,21,0.145,Al Jawf,12,2,2.2,36.2,1,0,0,0
U017205,53,0.191,Riyadh,0,3,2.2,2.9,1,1,0,1
U017206,57,0.139,Madinah,2,1,2.4,12.8,0,0,0,0
U017207,32,0.946,Riyadh,0,8,0.9,24.7,1,0,0,1
U017208,49,0.682,Riyadh,0,4,1.8,40.3,1,0,0,0
U017209,35,0.538,Makkah,1,3,0.2,33.5,1,0,0,1
U017210,34,0.488,Madinah,2,4,2.0,1.6,1,1,0,0
U017211,45,0.684,Riyadh,0,4,1.4,15.4,1,1,2,0
U017212,41,0.237,Hail,7,4,1.9,3.5,1,1,1,0
U017213,39,0.571,Riyadh,0,2,3.4,50.8,1,0,1,1
U017214,31,0.18,Makkah,1,1,1.6,20.1,1,1,2,0
U017215,47,0.589,Makkah,1,4,1.9,21.6,1,1,1,1
U017216,37,0.295,Eastern,4,4,2.6,2.5,1,0,0,1
U017217,57,0.77,Makkah,1,5,1.4,25.4,1,1,2,1
U017218,26,0.507,Riyadh,0,5,2.1,28.9,1,0,0,1
U017219,53,0.509,Jazan,9,2,1.7,12.2,1,1,0,0
U017220,44,0.185,Riyadh,0,2,2.1,18.0,1,0,0,1
U017221,59,0.898,Eastern,4,6,0.3,6.8,1,1,0,1
U017222,51,0.88,Riyadh,0,6,0.8,11.1,1,1,1,0
U017223,69,0.285,Asir,5,5,0.5,6.6,1,0,0,0
U017224,50,0.41,Riyadh,0,7,3.5,15.9,1,0,1,0
U017225,61,0.541,Jazan,9,5,3.5,16.0,1,1,0,0
U017226,21,0.115,Makkah,1,4,4.7,3.7,1,1,1,1
U017227,20,0.288,Makkah,1,0,0.9,20.3,0,1,1,0
U017228,28,0.671,Riyadh,0,1,1.4,26.9,1,0,0,1
U017229,62,0.52,Asir,5,1,2.6,4.7,0,0,0,1
U017230,48,0.71,Eastern,4,1,0.0,10.1,1,1,1,1
U017231,25,0.47,Northern Borders,8,3,2.9,70.2,1,0,1,1
U017232,63,0.216,Qassim,3,2,3.6,69.8,1,0,1,0
U017233,34,0.65,Eastern,4,3,2.4,4.4,1,1,3,1
U017234,48,0.476,Madinah,2,3,3.2,13.6,0,0,2,0
U017235,49,0.85,Hail,7,1,1.6,15.1,1,0,1,1
U017236,27,0.437,Riyadh,0,7,4.8,19.6,1,1,1,1
U017237,51,0.484,Makkah,1,5,4.4,27.2,1,1,2,1
U017238,60,0.651,Asir,5,4,0.8,29.8,1,1,0,0
U017239,59,0.818,Hail,7,5,1.3,10.9,1,0,1,1
U017240,26,0.128,Riyadh,0,4,2.1,23.6,1,0,2,0
U017241,26,0.513,Hail,7,3,1.1,5.0,1,0,0,1
U017242,65,0.351,Tabuk,6,3,2.2,80.6,1,1,0,0
U017243,64,0.729,Al Jawf,12,2,5.1,39.5,1,1,0,0
U017244,22,0.481,Eastern,4,6,1.6,27.0,1,0,0,0
U017245,59,0.422,Madinah,2,2,2.1,36.4,1,0,0,1
U017246,58,0.646,Riyadh,0,4,2.7,16.7,1,0,0,1
U017247,31,0.532,Madinah,2,1,2.8,77.3,1,0,0,1
U017248,21,0.875,Asir,5,3,1.2,10.1,1,1,3,0
U017249,65,0.449,Tabuk,6,4,2.8,73.3,1,1,0,1
U017250,19,0.348,Tabuk,6,4,2.5,24.1,1,0,0,1
U017251,56,0.46,Eastern,4,1,3.8,38.4,1,1,0,1
U017252,58,0.796,Najran,10,7,1.2,11.3,1,1,1,1
U017253,65,0.441,Madinah,2,2,4.6,16.0,1,0,0,0
U017254,21,0.556,Madinah,2,3,1.5,11.1,1,0,1,1
U017255,39,0.635,Eastern,4,1,4.9,46.0,1,1,0,0
U017256,54,0.342,Eastern,4,1,2.7,23.8,1,0,0,1
U017257,27,0.398,Makkah,1,2,0.1,37.3,1,0,0,1
U017258,38,0.079,Al Jawf,12,3,1.1,9.8,1,1,6,1
U017259,25,0.354,Asir,5,4,0.0,29.8,1,0,1,0
U017260,24,0.149,Makkah,1,2,2.0,42.9,1,1,0,1
U017261,43,0.487,Makkah,1,3,0.6,31.4,1,0,1,1
U017262,21,0.112,Riyadh,0,1,3.4,15.1,1,1,0,0
U017263,68,0.905,Makkah,1,5,0.9,57.2,1,1,1,1
U017264,65,0.523,Eastern,4,1,3.0,4.2,1,0,0,1
U017265,36,0.727,Al Bahah,11,3,2.4,30.8,1,1,2,1
U017266,20,0.513,Madinah,2,2,3.3,30.9,1,1,0,1
U017267,39,0.619,Riyadh,0,2,1.1,35.0,0,1,1,1
U017268,61,0.311,Makkah,1,1,2.0,22.8,1,0,1,1
U017269,39,0.626,Eastern,4,2,1.5,48.3,1,0,0,1
U017270,35,0.595,Najran,10,1,3.2,35.9,1,1,2,0
U017271,35,0.087,Al Bahah,11,2,2.6,38.5,1,0,1,1
U017272,56,0.408,Jazan,9,3,3.3,24.5,1,0,0,1
U017273,24,0.434,Jazan,9,2,2.0,11.5,1,0,1,1
U017274,64,0.495,Riyadh,0,1,2.2,20.7,1,0,0,0
U017275,63,0.085,Tabuk,6,1,2.6,22.0,1,0,0,1
U017276,51,0.354,Eastern,4,0,3.3,74.6,1,1,1,1
U017277,57,0.445,Riyadh,0,2,0.5,44.7,1,1,0,0
U017278,54,0.214,Eastern,4,2,0.0,63.1,0,1,0,0
U017279,55,0.168,Hail,7,2,3.9,22.3,1,0,0,0
U017280,62,0.649,Northern Borders,8,6,2.7,20.6,1,0,0,1
U017281,58,0.766,Riyadh,0,4,0.0,15.5,0,0,0,1
U017282,42,0.522,Madinah,2,4,2.5,32.2,1,0,0,0
U017283,54,0.598,Eastern,4,0,2.9,30.4,1,1,0,1
U017284,58,0.293,Eastern,4,5,1.3,3.8,1,0,2,1
U017285,33,0.499,Makkah,1,1,4.0,27.3,0,1,0,0
U017286,40,0.23,Madinah,2,0,0.8,10.4,1,0,0,0
U017287,63,0.494,Makkah,1,3,2.9,30.8,0,0,1,0
U017288,56,0.299,Makkah,1,5,1.1,35.6,1,1,2,1
U017289,55,0.128,Qassim,3,0,2.8,8.2,0,0,0,1
U017290,37,0.299,Riyadh,0,4,3.0,36.4,1,1,0,1
U017291,57,0.21,Eastern,4,5,1.2,29.8,0,0,1,1
U017292,63,0.386,Northern Borders,8,5,2.0,5.1,1,0,0,1
U017293,33,0.612,Hail,7,1,2.3,11.2,0,0,1,0
U017294,59,0.552,Eastern,4,1,1.5,33.9,1,0,0,1
U017295,24,0.815,Asir,5,1,2.4,22.6,1,1,0,1
U017296,24,0.409,Riyadh,0,3,3.0,48.3,1,0,2,0
U017297,62,0.37,Madinah,2,2,3.1,28.2,1,0,1,1
U017298,50,0.478,Riyadh,0,5,2.6,42.2,1,0,0,0
U017299,52,0.509,Al Bahah,11,2,1.6,29.9,1,1,1,0
U017300,42,0.529,Makkah,1,2,3.4,25.5,1,1,1,0
U017301,57,0.459,Makkah,1,3,1.7,38.2,1,1,2,0
U017302,51,0.724,Makkah,1,7,2.9,38.8,1,1,0,1
U017303,38,0.141,Makkah,1,2,2.7,27.5,1,0,1,0
U017304,29,0.165,Madinah,2,1,3.1,42.0,1,0,0,0
U017305,46,0.474,Tabuk,6,2,0.1,50.2,1,0,0,0
U017306,35,0.355,Eastern,4,4,2.9,27.0,0,1,3,1
U017307,48,0.308,Makkah,1,1,3.6,11.3,0,0,0,1
U017308,56,0.811,Makkah,1,6,1.5,2.8,1,1,0,1
U017309,25,0.384,Tabuk,6,2,1.8,9.8,1,0,0,0
U017310,24,0.616,Makkah,1,2,1.7,10.3,1,1,1,1
U017311,20,0.644,Al Jawf,12,3,2.6,10.4,1,0,0,1
U017312,21,0.636,Asir,5,3,3.6,20.4,1,1,1,1
U017313,48,0.707,Riyadh,0,3,1.5,3.4,1,0,0,1
U017314,58,0.322,Asir,5,3,5.6,22.4,1,1,0,0
U017315,62,0.364,Madinah,2,4,0.6,32.2,1,1,0,0
U017316,65,0.296,Asir,5,2,3.8,20.3,0,0,1,0
U017317,61,0.549,Riyadh,0,6,2.3,39.1,1,1,1,1
U017318,65,0.691,Makkah,1,5,0.3,15.8,1,0,1,0
U017319,44,0.473,Makkah,1,3,0.9,2.7,0,1,3,1
U017320,38,0.55,Tabuk,6,3,0.1,38.6,1,0,0,1
U017321,67,0.508,Riyadh,0,3,3.1,23.6,1,0,1,0
U017322,61,0.927,Riyadh,0,7,1.6,29.8,1,1,0,1
U017323,61,0.231,Eastern,4,2,5.2,6.9,1,0,1,0
U017324,43,0.643,Eastern,4,3,0.8,13.6,1,0,0,0
U017325,19,0.544,Makkah,1,2,0.9,7.2,1,0,1,1
U017326,44,0.036,Al Jawf,12,2,2.7,55.5,1,0,0,0
U017327,38,0.48,Eastern,4,1,3.7,5.8,1,1,1,0
U017328,18,0.774,Qassim,3,1,2.3,14.4,1,0,0,0
U017329,19,0.55,Makkah,1,2,4.9,35.0,1,1,0,1
U017330,66,0.404,Qassim,3,2,1.9,13.8,1,1,1,0
U017331,37,0.663,Eastern,4,4,2.9,17.4,1,0,1,1
U017332,56,0.453,Riyadh,0,6,1.3,17.8,1,1,2,1
U017333,28,0.323,Makkah,1,2,3.4,38.3,1,1,1,1
U017334,52,0.401,Riyadh,0,1,4.8,17.7,0,0,1,1
U017335,18,0.659,Qassim,3,3,1.7,12.6,1,0,2,0
U017336,45,0.508,Makkah,1,2,0.0,9.1,0,1,1,1
U017337,22,0.742,Riyadh,0,6,1.2,21.5,1,1,1,1
U017338,33,0.52,Northern Borders,8,2,2.7,29.4,1,1,1,0
U017339,48,0.71,Al Jawf,12,4,1.3,12.3,1,1,2,1
U017340,24,0.466,Makkah,1,4,0.4,17.1,1,1,2,0
U017341,28,0.612,Hail,7,3,2.6,8.9,1,0,0,0
U017342,25,0.453,Riyadh,0,3,0.7,12.3,0,1,0,1
U017343,57,0.457,Riyadh,0,3,0.3,4.9,0,1,1,1
U017344,37,0.295,Riyadh,0,1,3.1,69.1,1,0,0,1
U017345,55,0.163,Eastern,4,2,2.7,9.7,0,0,1,0
U017346,57,0.66,Makkah,1,7,3.7,11.8,0,0,0,0
U017347,52,0.472,Madinah,2,2,2.7,28.3,1,0,0,0
U017348,40,0.882,Makkah,1,5,1.7,63.1,1,0,0,1
U017349,69,0.878,Makkah,1,3,0.5,25.1,1,0,0,1
U017350,41,0.468,Makkah,1,2,2.1,40.1,0,1,2,1
U017351,20,0.812,Riyadh,0,8,1.8,13.4,1,1,1,1
U017352,51,0.512,Eastern,4,2,1.7,41.5,1,1,0,0
U017353,28,0.586,Makkah,1,2,0.6,38.6,1,0,0,1
U017354,33,0.683,Al Jawf,12,1,2.3,20.2,1,1,1,1
U017355,40,0.626,Makkah,1,2,2.4,46.2,1,0,0,1
U017356,52,0.683,Riyadh,0,1,1.5,6.0,1,0,0,0
U017357,24,0.494,Tabuk,6,4,1.4,30.9,1,1,0,0
U017358,36,0.559,Riyadh,0,1,0.1,15.0,1,0,1,1
U017359,47,0.468,Riyadh,0,1,2.6,40.3,1,1,4,0
U017360,30,0.605,Makkah,1,4,2.0,5.3,1,1,0,1
U017361,28,0.637,Al Jawf,12,4,2.5,33.6,1,1,0,1
U017362,62,0.475,Makkah,1,4,0.0,4.3,1,0,0,0
U017363,23,0.691,Al Bahah,11,3,2.1,14.7,1,1,1,1
U017364,46,0.247,Eastern,4,4,0.4,11.3,1,1,3,1
U017365,42,0.225,Eastern,4,1,3.2,7.7,1,1,0,1
U017366,48,0.304,Riyadh,0,2,3.5,23.0,1,1,1,0
U017367,43,0.819,Jazan,9,1,1.5,8.3,1,1,1,0
U017368,50,0.669,Makkah,1,5,1.3,11.6,1,1,1,0
U017369,37,0.088,Riyadh,0,1,3.7,56.9,1,0,0,0
U017370,54,0.126,Riyadh,0,2,2.5,13.0,0,0,0,0
U017371,31,0.929,Qassim,3,6,1.4,19.0,1,1,0,1
U017372,69,0.804,Qassim,3,2,0.5,17.0,1,1,0,0
U017373,37,0.288,Northern Borders,8,1,2.9,8.7,0,0,1,0
U017374,53,0.806,Makkah,1,5,1.9,11.1,1,1,1,0
U017375,48,0.75,Riyadh,0,3,0.8,65.0,1,1,2,0
U017376,19,0.802,Riyadh,0,4,2.6,2.4,1,1,1,1
U017377,67,0.598,Eastern,4,1,0.0,21.6,1,0,0,1
U017378,43,0.574,Makkah,1,5,1.6,6.5,1,1,2,1
U017379,28,0.38,Qassim,3,0,3.3,10.2,0,0,2,1
U017380,47,0.599,Makkah,1,6,0.0,6.8,1,1,1,1
U017381,27,0.078,Makkah,1,1,2.1,8.5,1,0,0,0
U017382,65,0.666,Eastern,4,3,2.9,23.0,1,1,1,1
U017383,54,0.337,Makkah,1,1,3.3,9.3,0,0,1,0
U017384,21,0.593,Riyadh,0,1,1.1,8.7,1,0,0,1
U017385,19,0.59,Eastern,4,2,2.0,21.0,0,1,3,1
U017386,52,0.141,Eastern,4,2,3.6,45.3,1,0,0,1
U017387,22,0.337,Eastern,4,2,2.8,31.1,1,1,2,1
U017388,39,0.816,Qassim,3,4,3.0,22.6,0,1,2,1
U017389,24,0.328,Tabuk,6,4,2.3,14.5,1,0,1,0
U017390,65,0.471,Makkah,1,2,2.8,12.7,0,0,1,1
U017391,47,0.484,Makkah,1,3,3.1,46.2,1,0,0,0
U017392,24,0.418,Makkah,1,2,2.4,12.6,1,0,2,0
U017393,20,0.171,Eastern,4,2,4.5,7.3,0,1,2,0
U017394,32,0.778,Makkah,1,5,1.7,17.4,1,1,2,0
U017395,31,0.643,Asir,5,4,2.0,31.2,1,1,0,1
U017396,24,0.233,Najran,10,2,1.6,5.4,1,1,2,0
U017397,33,0.428,Makkah,1,2,0.0,5.9,0,0,1,1
U017398,49,0.311,Makkah,1,2,4.8,10.9,1,0,0,0
U017399,50,0.696,Eastern,4,4,2.9,15.2,1,1,1,0
U017400,66,0.169,Riyadh,0,3,4.6,40.8,0,0,1,0
U017401,29,0.783,Makkah,1,6,0.0,35.1,1,1,1,1
U017402,32,0.488,Makkah,1,2,4.3,39.4,1,0,0,1
U017403,64,0.427,Makkah,1,1,0.3,38.9,1,1,0,0
U017404,68,0.124,Asir,5,1,2.2,15.6,1,0,1,1
U017405,41,0.135,Eastern,4,6,2.9,3.3,1,0,1,0
U017406,58,0.452,Tabuk,6,3,2.2,10.6,0,0,0,1
U017407,37,0.19,Tabuk,6,3,3.1,18.3,1,0,0,0
U017408,67,0.685,Asir,5,1,0.9,17.9,1,0,1,1
U017409,55,0.542,Eastern,4,3,1.9,24.1,1,1,0,1
U017410,46,0.204,Hail,7,6,1.8,4.1,1,1,2,0
U017411,35,0.63,Hail,7,2,1.2,46.6,1,1,2,0
U017412,62,0.441,Eastern,4,2,2.3,3.4,1,0,1,0
U017413,34,0.248,Eastern,4,2,1.5,3.7,0,0,0,0
U017414,39,0.912,Riyadh,0,3,0.9,10.0,1,1,2,1
U017415,55,0.451,Riyadh,0,2,2.6,22.6,1,1,4,0
U017416,65,0.585,Makkah,1,3,4.0,17.1,1,1,2,0
U017417,66,0.913,Eastern,4,6,0.7,11.4,1,1,2,1
U017418,68,0.125,Eastern,4,1,2.3,44.0,1,0,1,1
U017419,20,0.905,Madinah,2,3,0.6,24.4,1,0,0,1
U017420,52,0.474,Makkah,1,3,3.1,4.1,1,1,1,0
U017421,56,0.345,Eastern,4,2,2.8,5.6,0,0,1,0
U017422,24,0.659,Makkah,1,4,1.3,5.4,0,0,0,0
U017423,40,0.794,Madinah,2,5,1.6,28.2,1,1,1,1
U017424,30,0.433,Riyadh,0,1,2.0,21.6,1,0,1,1
U017425,21,0.625,Qassim,3,4,3.2,2.6,0,1,1,1
U017426,44,0.727,Riyadh,0,3,1.1,10.9,1,1,1,0
U017427,26,0.643,Asir,5,0,2.0,17.0,1,1,1,1
U017428,37,0.796,Eastern,4,5,0.0,14.1,1,0,0,1
U017429,23,0.508,Qassim,3,4,1.6,29.2,1,0,1,0
U017430,55,0.748,Eastern,4,4,0.0,25.7,1,1,2,1
U017431,28,0.453,Riyadh,0,0,0.0,11.2,1,0,0,1
U017432,64,0.231,Riyadh,0,2,3.1,68.3,1,0,1,0
U017433,56,0.633,Makkah,1,5,1.8,27.1,1,1,4,1
U017434,40,0.679,Madinah,2,0,2.3,62.5,1,0,0,0
U017435,63,0.618,Riyadh,0,2,0.0,3.6,0,0,1,0
U017436,23,0.217,Qassim,3,4,2.7,10.8,1,1,1,1
U017437,45,0.751,Makkah,1,6,1.1,12.8,1,1,0,1
U017438,35,0.865,Asir,5,1,1.5,12.3,1,1,2,0
U017439,51,0.311,Riyadh,0,1,2.2,18.8,1,0,1,1
U017440,43,0.42,Riyadh,0,0,1.9,14.6,1,0,0,0
U017441,19,0.326,Riyadh,0,2,2.1,8.0,0,0,0,1
U017442,66,0.193,Riyadh,0,2,3.0,35.7,1,0,0,0
U017443,58,0.128,Riyadh,0,2,4.6,14.0,1,0,1,0
U017444,65,0.668,Jazan,9,6,3.8,30.0,1,1,1,1
U017445,42,0.449,Makkah,1,1,3.5,55.1,1,0,0,1
U017446,23,0.73,Makkah,1,5,0.7,9.4,1,1,1,1
U017447,33,0.948,Riyadh,0,7,0.6,24.1,1,0,1,0
U017448,66,0.622,Makkah,1,5,1.4,25.9,1,0,0,0
U017449,59,0.349,Asir,5,3,3.4,22.6,0,1,0,1
U017450,49,0.518,Makkah,1,2,0.8,29.4,1,0,0,1
U017451,60,0.333,Eastern,4,5,2.1,9.6,0,1,3,0
U017452,51,0.195,Al Jawf,12,2,3.0,18.1,1,1,0,0
U017453,49,0.199,Madinah,2,2,1.9,18.7,1,1,0,0
U017454,30,0.335,Qassim,3,2,1.5,1.9,1,0,1,0
U017455,46,0.595,Jazan,9,2,1.4,10.3,1,0,1,0
U017456,23,0.502,Northern Borders,8,3,4.4,12.0,1,0,2,1
U017457,35,0.84,Riyadh,0,2,3.6,26.1,1,1,2,1
U017458,22,0.84,Riyadh,0,2,1.1,2.0,1,1,0,1
U017459,29,0.573,Asir,5,3,1.1,5.0,1,1,0,0
U017460,25,0.87,Al Bahah,11,4,1.8,26.2,1,1,1,1
U017461,68,0.126,Najran,10,2,2.9,28.0,0,0,0,0
U017462,34,0.285,Makkah,1,2,2.5,26.0,1,0,0,0
U017463,32,0.671,Makkah,1,3,2.3,11.9,1,0,0,0
U017464,29,0.623,Jazan,9,7,0.0,1.7,1,0,1,1
U017465,51,0.354,Makkah,1,5,1.6,27.9,1,1,0,0
U017466,25,0.652,Riyadh,0,1,1.9,14.1,1,1,0,1
U017467,42,0.956,Jazan,9,5,3.1,18.1,1,1,1,0
U017468,64,0.552,Riyadh,0,4,1.7,53.0,1,1,0,0
U017469,37,0.585,Al Bahah,11,5,0.5,9.6,0,1,1,1
U017470,65,0.39,Makkah,1,3,0.0,50.2,1,1,2,0
U017471,50,0.193,Asir,5,1,3.6,17.3,0,0,0,1
U017472,55,0.827,Northern Borders,8,0,1.5,1.1,1,0,1,0
U017473,57,0.49,Eastern,4,4,1.9,18.3,1,0,0,0
U017474,47,0.317,Eastern,4,3,4.3,7.0,0,0,1,1
U017475,58,0.463,Riyadh,0,4,2.8,14.5,1,0,1,0
U017476,21,0.709,Eastern,4,4,2.7,14.4,1,1,1,1
U017477,32,0.598,Qassim,3,2,1.7,28.3,1,0,3,1
U017478,59,0.687,Al Jawf,12,1,0.2,36.6,1,0,1,1
U017479,50,0.576,Asir,5,5,0.5,15.4,1,1,0,0
U017480,22,0.445,Riyadh,0,4,2.3,3.6,1,0,1,0
U017481,24,0.2,Eastern,4,4,0.9,25.6,1,0,0,1
U017482,31,0.452,Makkah,1,5,1.5,21.7,0,0,0,1
U017483,42,0.886,Riyadh,0,3,2.4,42.2,1,1,2,1
U017484,34,0.428,Makkah,1,6,2.3,42.4,1,1,0,0
U017485,35,0.6,Makkah,1,5,0.1,18.9,0,1,2,0
U017486,35,0.277,Riyadh,0,3,2.4,21.5,0,1,1,1
U017487,57,0.331,Makkah,1,1,3.1,27.5,1,1,2,1
U017488,57,0.234,Northern Borders,8,2,1.9,9.3,0,0,0,0
U017489,58,0.513,Eastern,4,4,0.7,23.0,1,1,1,1
U017490,47,0.298,Eastern,4,4,1.6,30.1,1,0,0,0
U017491,41,0.099,Riyadh,0,3,4.7,2.4,1,0,0,1
U017492,51,0.591,Makkah,1,1,2.7,27.0,1,0,2,1
U017493,45,0.806,Al Jawf,12,4,3.0,17.3,1,0,0,1
U017494,20,0.685,Riyadh,0,14,0.9,50.7,1,1,1,1
U017495,28,0.557,Al Bahah,11,5,0.0,28.3,1,0,1,1
U017496,21,0.852,Asir,5,2,3.4,25.5,1,1,0,0
U017497,58,0.184,Tabuk,6,3,2.6,18.6,0,0,2,0
U017498,28,0.733,Makkah,1,2,1.4,10.4,1,1,2,1
U017499,34,0.286,Riyadh,0,1,6.0,6.2,1,0,0,1
U017500,48,0.45,Riyadh,0,4,1.9,38.1,1,1,2,1
U017501,28,0.944,Najran,10,3,1.0,39.3,1,1,1,0
U017502,65,0.515,Riyadh,0,5,0.3,4.2,1,1,0,0
U017503,23,0.214,Riyadh,0,0,1.9,15.9,1,1,1,1
U017504,66,0.598,Qassim,3,7,0.0,19.1,0,1,1,1
U017505,49,0.444,Asir,5,2,2.8,20.9,1,0,2,1
U017506,37,0.32,Makkah,1,1,2.0,29.0,1,0,1,1
U017507,38,0.2,Madinah,2,1,0.7,15.0,1,1,2,0
U017508,24,0.567,Jazan,9,4,1.1,26.3,1,1,2,1
U017509,33,0.558,Riyadh,0,6,2.7,58.4,1,1,2,1
U017510,64,0.173,Eastern,4,2,4.9,17.1,1,0,0,1
U017511,61,0.876,Makkah,1,1,1.1,44.7,1,0,0,1
U017512,31,0.573,Riyadh,0,4,3.7,13.6,1,1,1,1
U017513,55,0.514,Eastern,4,3,2.4,35.1,1,0,1,1
U017514,52,0.128,Riyadh,0,0,3.7,21.3,0,0,0,1
U017515,37,0.324,Riyadh,0,0,2.6,7.3,1,1,0,0
U017516,63,0.358,Asir,5,4,3.9,10.8,1,0,0,0
U017517,43,0.438,Riyadh,0,2,2.0,18.6,1,1,3,0
U017518,66,0.599,Jazan,9,7,0.1,21.5,0,1,0,0
U017519,20,0.797,Riyadh,0,1,1.3,7.1,1,1,1,1
U017520,22,0.456,Riyadh,0,2,3.4,9.1,1,1,1,0
U017521,44,0.494,Madinah,2,10,2.9,12.2,0,1,0,1
U017522,67,0.161,Riyadh,0,1,2.2,16.3,0,0,0,0
U017523,54,0.865,Riyadh,0,3,2.1,74.6,1,1,2,1
U017524,56,0.235,Makkah,1,3,2.3,25.7,1,1,2,0
U017525,34,0.517,Eastern,4,3,1.7,18.9,1,0,0,1
U017526,62,0.289,Riyadh,0,5,1.9,11.1,1,0,1,0
U017527,59,0.288,Hail,7,1,4.3,34.5,1,0,0,0
U017528,54,0.438,Riyadh,0,2,3.0,21.1,1,0,0,0
U017529,32,0.818,Eastern,4,5,0.9,15.5,1,1,1,0
U017530,41,0.34,Makkah,1,1,3.4,21.4,1,0,0,0
U017531,52,0.828,Riyadh,0,5,2.8,40.8,0,1,1,0
U017532,21,0.395,Asir,5,2,3.4,40.5,1,0,0,1
U017533,56,0.892,Makkah,1,7,3.3,14.0,0,1,0,1
U017534,40,0.499,Madinah,2,2,4.0,16.3,1,0,2,1
U017535,22,0.358,Najran,10,5,4.0,8.6,1,1,1,1
U017536,40,0.182,Najran,10,2,4.0,10.5,1,0,1,0
U017537,69,0.698,Makkah,1,3,1.6,27.3,1,0,0,1
U017538,48,0.17,Asir,5,1,2.4,3.5,1,1,1,1
U017539,46,0.297,Makkah,1,1,3.1,46.9,0,1,2,0
U017540,38,0.657,Qassim,3,4,3.6,51.9,1,1,4,0
U017541,25,0.088,Eastern,4,1,3.5,19.8,1,0,0,0
U017542,55,0.202,Qassim,3,1,4.0,36.5,1,1,2,1
U017543,52,0.455,Najran,10,2,1.3,10.6,0,0,0,0
U017544,68,0.252,Madinah,2,2,2.9,28.6,1,0,0,1
U017545,41,0.645,Jazan,9,6,1.4,31.9,1,0,0,1
U017546,47,0.169,Makkah,1,2,2.4,5.3,0,1,1,0
U017547,62,0.579,Riyadh,0,2,2.6,30.7,1,1,0,0
U017548,20,0.614,Qassim,3,0,3.2,19.7,1,0,0,0
U017549,23,0.096,Riyadh,0,1,4.3,0.8,1,0,0,1
U017550,65,0.142,Riyadh,0,2,1.6,1.6,1,0,1,1
U017551,19,0.795,Jazan,9,6,0.0,8.3,1,1,0,1
U017552,56,0.538,Makkah,1,2,0.0,19.1,1,0,2,1
U017553,39,0.209,Al Jawf,12,6,0.8,46.9,1,1,1,1
U017554,69,0.872,Makkah,1,8,0.0,4.1,1,1,3,1
U017555,51,0.133,Riyadh,0,4,3.6,60.0,1,1,1,0
U017556,40,0.336,Jazan,9,4,0.0,63.2,1,0,1,1
U017557,55,0.494,Jazan,9,3,1.9,32.7,1,0,1,1
U017558,36,0.729,Riyadh,0,3,2.4,69.7,1,1,1,0
U017559,29,0.845,Eastern,4,6,4.5,13.9,1,1,1,1
U017560,41,0.281,Jazan,9,3,2.1,55.4,1,1,0,1
U017561,68,0.411,Eastern,4,5,5.6,10.5,1,0,0,1
U017562,53,0.642,Riyadh,0,3,2.4,25.9,0,1,2,1
U017563,32,0.641,Makkah,1,5,2.0,25.9,1,1,0,0
U017564,53,0.392,Makkah,1,4,1.4,24.1,1,1,2,1
U017565,21,0.339,Tabuk,6,2,2.7,45.0,1,1,1,1
U017566,51,0.577,Makkah,1,2,3.1,32.7,1,0,0,0
U017567,25,0.899,Eastern,4,7,0.0,32.9,1,1,2,1
U017568,26,0.325,Eastern,4,5,3.7,7.3,1,1,3,1
U017569,44,0.571,Asir,5,7,0.0,27.8,0,1,3,0
U017570,40,0.956,Najran,10,6,0.1,30.5,1,1,0,1
U017571,56,0.502,Riyadh,0,6,3.7,45.2,1,1,3,1
U017572,23,0.344,Northern Borders,8,1,2.8,2.8,0,0,0,0
U017573,55,0.208,Eastern,4,5,1.0,56.0,1,0,0,1
U017574,46,0.447,Makkah,1,1,3.3,35.1,1,0,0,1
U017575,47,0.101,Makkah,1,3,5.5,6.4,1,0,0,0
U017576,19,0.094,Eastern,4,1,3.3,15.0,1,1,2,0
U017577,44,0.77,Madinah,2,1,2.4,32.5,1,1,2,1
U017578,53,0.622,Riyadh,0,5,2.8,19.0,1,1,0,1
U017579,61,0.263,Makkah,1,6,0.0,43.5,1,0,0,1
U017580,63,0.112,Makkah,1,3,4.2,12.6,1,0,0,0
U017581,56,0.245,Eastern,4,1,2.8,21.2,1,0,1,0
U017582,24,0.579,Makkah,1,5,0.6,27.5,1,1,2,0
U017583,30,0.572,Riyadh,0,3,0.0,33.9,1,1,1,1
U017584,66,0.235,Qassim,3,3,1.7,15.5,0,1,0,0
U017585,40,0.819,Makkah,1,7,1.9,7.6,1,1,1,1
U017586,43,0.326,Asir,5,3,2.3,40.3,1,0,0,1
U017587,38,0.362,Hail,7,4,1.9,4.8,0,1,2,1
U017588,64,0.364,Asir,5,2,1.9,6.0,0,0,4,0
U017589,56,0.87,Eastern,4,4,1.8,14.3,1,1,0,0
U017590,47,0.309,Riyadh,0,3,2.8,27.5,1,1,1,0
U017591,68,0.537,Riyadh,0,6,3.7,24.8,0,0,1,1
U017592,25,0.565,Al Jawf,12,4,2.0,3.6,0,0,1,0
U017593,48,0.337,Jazan,9,1,1.7,25.6,0,0,1,1
U017594,28,0.174,Makkah,1,2,0.5,73.5,1,0,0,1
U017595,52,0.534,Asir,5,2,0.4,24.3,1,1,3,1
U017596,56,0.949,Riyadh,0,5,0.0,27.4,0,1,2,1
U017597,40,0.44,Riyadh,0,1,2.0,44.7,1,1,1,1
U017598,61,0.547,Riyadh,0,6,4.7,7.1,0,1,0,0
U017599,53,0.539,Makkah,1,1,3.3,26.5,1,1,0,1
U017600,60,0.788,Makkah,1,3,0.1,13.6,1,1,0,1
U017601,60,0.646,Riyadh,0,3,1.8,32.9,1,0,0,1
U017602,66,0.526,Riyadh,0,6,2.5,13.1,1,1,0,0
U017603,37,0.262,Northern Borders,8,0,2.4,73.5,0,0,3,1
U017604,33,0.249,Riyadh,0,6,1.6,20.0,1,0,0,1
U017605,28,0.533,Riyadh,0,2,1.7,21.5,0,1,1,0
U017606,27,0.434,Riyadh,0,3,1.6,15.6,1,1,0,1
U017607,58,0.202,Madinah,2,5,1.2,33.7,1,0,2,1
U017608,27,0.94,Jazan,9,3,0.9,27.5,1,0,1,1
U017609,28,0.331,Riyadh,0,6,2.2,92.4,1,0,0,1
U017610,34,0.403,Hail,7,3,0.0,73.8,1,0,0,0
U017611,31,0.536,Madinah,2,1,3.6,20.3,1,0,0,1
U017612,25,0.025,Makkah,1,1,3.5,1.9,1,0,0,1
U017613,57,0.8,Jazan,9,4,2.4,25.7,1,1,2,1
U017614,27,0.356,Eastern,4,3,2.4,10.2,1,1,1,1
U017615,39,0.425,Riyadh,0,4,1.0,98.1,1,0,0,1
U017616,28,0.352,Riyadh,0,4,2.0,37.5,1,0,3,1
U017617,22,0.603,Qassim,3,6,0.4,22.4,1,1,1,1
U017618,22,0.722,Riyadh,0,3,1.3,29.1,1,0,1,0
U017619,41,0.714,Eastern,4,10,1.4,75.5,1,1,1,1
U017620,61,0.911,Jazan,9,3,2.2,9.9,1,0,1,1
U017621,66,0.797,Makkah,1,1,0.0,26.3,1,1,1,0
U017622,61,0.591,Riyadh,0,5,2.3,33.0,1,1,1,1
U017623,28,0.51,Eastern,4,4,0.5,31.3,1,1,0,1
U017624,36,0.046,Asir,5,1,4.2,15.5,1,0,1,1
U017625,29,0.163,Eastern,4,3,2.9,6.8,1,0,1,0
U017626,33,0.875,Asir,5,7,2.2,74.8,1,1,0,1
U017627,22,0.339,Riyadh,0,3,2.3,29.5,1,0,0,0
U017628,53,0.619,Riyadh,0,3,1.8,9.6,1,0,0,1
U017629,51,0.73,Qassim,3,5,0.1,16.9,0,1,0,1
U017630,33,0.131,Asir,5,4,3.8,40.3,0,1,0,0
U017631,53,0.697,Asir,5,4,2.1,8.9,1,1,0,1
U017632,56,0.721,Al Jawf,12,1,0.8,4.9,0,0,0,1
U017633,42,0.578,Riyadh,0,4,0.8,18.0,1,1,1,1
U017634,55,0.155,Riyadh,0,3,1.7,44.5,1,0,0,1
U017635,59,0.642,Northern Borders,8,2,1.0,8.6,0,0,0,1
U017636,46,0.634,Makkah,1,3,1.2,27.0,1,1,0,0
U017637,63,0.266,Najran,10,2,3.6,7.8,1,1,0,0
U017638,23,0.753,Al Bahah,11,3,0.9,13.7,1,0,0,1
U017639,63,0.086,Najran,10,2,2.6,27.6,1,0,0,0
U017640,41,0.565,Asir,5,0,2.4,1.4,1,0,1,1
U017641,32,0.444,Riyadh,0,2,2.0,17.5,1,0,2,0
U017642,68,0.703,Eastern,4,2,1.8,27.6,1,1,0,1
U017643,24,0.156,Makkah,1,0,2.5,59.3,1,0,0,0
U017644,31,0.398,Riyadh,0,3,3.0,39.2,1,0,0,0
U017645,35,0.517,Makkah,1,2,3.2,52.6,1,0,3,1
U017646,40,0.942,Riyadh,0,2,0.4,32.6,1,0,1,1
U017647,23,0.311,Makkah,1,5,1.7,18.0,1,1,0,1
U017648,46,0.197,Qassim,3,0,1.9,28.2,1,0,0,0
U017649,63,0.459,Asir,5,3,1.5,5.5,1,0,0,0
U017650,63,0.894,Tabuk,6,5,0.0,28.9,1,1,0,1
U017651,33,0.732,Makkah,1,4,2.8,12.4,0,1,0,1
U017652,46,0.443,Makkah,1,1,1.5,59.9,1,1,3,1
U017653,60,0.28,Eastern,4,5,2.4,7.3,1,1,1,1
U017654,27,0.704,Najran,10,3,1.2,44.5,0,0,0,0
U017655,57,0.272,Asir,5,2,0.8,14.4,0,0,1,1
U017656,50,0.403,Hail,7,1,1.2,12.7,1,0,0,0
U017657,36,0.297,Riyadh,0,2,3.2,16.0,1,1,4,0
U017658,36,0.322,Al Bahah,11,3,2.3,12.0,1,0,0,0
U017659,29,0.458,Eastern,4,1,2.3,8.6,1,1,1,0
U017660,56,0.902,Makkah,1,7,0.0,3.5,1,1,0,1
U017661,55,0.883,Makkah,1,3,2.0,51.7,1,1,1,1
U017662,67,0.31,Najran,10,3,1.7,10.1,1,0,1,0
U017663,18,0.351,Riyadh,0,3,1.9,27.3,1,0,1,0
U017664,41,0.91,Riyadh,0,4,0.1,2.3,1,1,1,1
U017665,69,0.696,Eastern,4,4,2.0,35.5,1,0,1,0
U017666,49,0.435,Madinah,2,3,4.7,19.5,0,1,1,1
U017667,52,0.343,Najran,10,2,2.3,4.5,1,0,0,0
U017668,62,0.843,Makkah,1,1,2.1,63.3,0,0,0,1
U017669,47,0.432,Riyadh,0,1,3.7,31.6,1,1,1,1
U017670,42,0.704,Northern Borders,8,3,0.0,21.8,1,1,0,1
U017671,21,0.21,Al Jawf,12,2,1.2,16.2,1,1,1,1
U017672,52,0.604,Makkah,1,10,2.4,11.3,1,0,0,1
U017673,31,0.203,Asir,5,2,3.1,5.4,0,0,1,0
U017674,37,0.43,Riyadh,0,1,3.1,9.4,1,0,0,0
U017675,29,0.7,Eastern,4,2,0.5,17.3,1,1,0,1
U017676,42,0.501,Northern Borders,8,4,1.8,17.8,1,1,1,1
U017677,41,0.393,Eastern,4,7,2.0,40.5,1,1,2,1
U017678,59,0.261,Riyadh,0,2,2.2,42.4,1,0,0,1
U017679,33,0.879,Riyadh,0,3,0.3,37.6,1,1,3,1
U017680,28,0.427,Makkah,1,0,2.0,40.8,1,0,0,1
U017681,24,0.244,Makkah,1,5,2.3,24.0,0,0,1,1
U017682,23,0.909,Riyadh,0,7,2.4,44.1,1,0,0,1
U017683,49,0.544,Makkah,1,6,1.7,20.0,1,1,2,0
U017684,59,0.259,Makkah,1,3,1.9,6.2,0,1,0,1
U017685,28,0.867,Riyadh,0,0,1.8,43.3,1,1,1,0
U017686,30,0.736,Al Jawf,12,6,1.9,7.5,1,0,2,0
U017687,62,0.641,Riyadh,0,3,2.2,19.8,0,0,0,0
U017688,33,0.576,Riyadh,0,2,1.0,7.7,1,0,1,0
U017689,24,0.489,Hail,7,7,3.3,29.9,1,1,2,1
U017690,52,0.238,Al Bahah,11,0,3.6,13.5,1,0,0,0
U017691,56,0.186,Riyadh,0,2,2.2,20.3,1,0,1,0
U017692,46,0.03,Qassim,3,1,1.7,37.2,0,0,0,1
U017693,40,0.73,Al Bahah,11,3,2.8,54.8,1,0,0,0
U017694,62,0.679,Makkah,1,2,3.2,18.7,1,0,0,1
U017695,68,0.471,Makkah,1,1,2.5,36.7,1,0,0,0
U017696,34,0.51,Eastern,4,3,2.0,30.0,1,0,2,1
U017697,27,0.37,Riyadh,0,1,2.2,20.0,1,0,2,1
U017698,43,0.195,Najran,10,1,0.9,24.8,1,0,1,0
U017699,56,0.605,Riyadh,0,3,0.0,44.1,1,1,1,1
U017700,42,0.276,Hail,7,3,0.9,59.5,1,1,1,0
U017701,32,0.374,Riyadh,0,0,0.4,13.4,1,0,0,1
U017702,29,0.33,Madinah,2,2,0.0,33.7,1,0,1,1
U017703,65,0.727,Qassim,3,4,0.9,14.6,1,1,1,1
U017704,54,0.757,Eastern,4,5,2.3,14.5,1,1,1,1
U017705,48,0.704,Riyadh,0,6,2.8,13.4,0,1,1,0
U017706,60,0.167,Makkah,1,3,3.3,18.2,1,1,0,0
U017707,46,0.273,Hail,7,3,1.9,22.6,1,0,2,0
U017708,20,0.346,Makkah,1,3,1.9,3.6,0,0,3,1
U017709,61,0.772,Riyadh,0,6,1.4,42.6,1,1,1,0
U017710,63,0.708,Makkah,1,1,0.7,119.0,1,1,0,1
U017711,45,0.071,Asir,5,2,0.1,73.6,1,0,1,1
U017712,29,0.8,Najran,10,1,0.9,24.1,1,1,1,0
U017713,36,0.525,Tabuk,6,4,1.3,9.2,1,1,0,0
U017714,38,0.469,Madinah,2,3,3.1,7.4,1,1,0,1
U017715,53,0.191,Makkah,1,3,1.7,29.0,1,0,0,1
U017716,66,0.499,Hail,7,5,2.4,17.0,1,0,1,1
U017717,43,0.805,Najran,10,7,1.8,8.8,1,1,0,1
U017718,52,0.662,Riyadh,0,6,0.9,22.5,1,1,2,1
U017719,53,0.279,Riyadh,0,3,3.1,39.7,1,1,0,0
U017720,64,0.601,Jazan,9,7,1.8,33.9,1,1,0,0
U017721,33,0.772,Eastern,4,7,0.1,29.4,1,1,0,1
U017722,45,0.774,Makkah,1,1,1.1,6.7,1,0,0,1
U017723,30,0.502,Riyadh,0,1,1.6,15.1,1,0,0,0
U017724,59,0.775,Eastern,4,7,2.2,10.4,0,1,0,0
U017725,54,0.063,Riyadh,0,0,2.8,71.5,1,0,1,0
U017726,31,0.608,Riyadh,0,6,1.1,8.7,1,1,1,1
U017727,63,0.942,Riyadh,0,5,1.9,5.1,1,1,1,1
U017728,59,0.785,Makkah,1,5,0.7,14.5,1,1,2,1
U017729,42,0.486,Najran,10,6,1.5,51.3,1,0,1,1
U017730,41,0.072,Makkah,1,2,2.2,48.6,1,0,0,0
U017731,65,0.501,Qassim,3,4,2.2,32.2,1,0,0,0
U017732,52,0.701,Asir,5,4,2.4,20.7,0,1,0,1
U017733,28,0.813,Hail,7,6,0.6,2.3,1,0,1,1
U017734,44,0.53,Tabuk,6,4,3.7,48.0,1,1,3,0
U017735,66,0.909,Makkah,1,5,0.7,12.4,1,1,2,1
U017736,47,0.164,Asir,5,0,0.8,36.0,1,0,1,0
U017737,42,0.481,Madinah,2,2,0.6,17.6,1,1,0,1
U017738,26,0.46,Riyadh,0,7,2.5,7.4,1,0,0,1
U017739,61,0.61,Al Jawf,12,3,3.1,9.1,1,0,0,1
U017740,50,0.79,Qassim,3,6,1.0,16.2,1,1,2,1
U017741,59,0.424,Madinah,2,3,2.8,24.6,1,0,0,0
U017742,49,0.693,Eastern,4,4,1.9,14.8,1,0,0,1
U017743,52,0.135,Al Jawf,12,0,4.4,29.6,1,1,3,1
U017744,34,0.57,Eastern,4,4,1.7,23.7,1,1,0,1
U017745,60,0.152,Eastern,4,2,1.9,15.1,0,0,0,1
U017746,20,0.266,Makkah,1,5,4.3,58.7,1,1,3,1
U017747,61,0.151,Riyadh,0,0,1.3,1.7,1,0,0,0
U017748,48,0.756,Eastern,4,3,1.4,15.8,0,0,0,1
U017749,35,0.236,Makkah,1,3,1.6,19.1,0,0,1,0
U017750,22,0.852,Makkah,1,4,2.1,2.8,0,1,2,1
U017751,64,0.973,Eastern,4,1,2.4,48.0,1,1,1,1
U017752,25,0.739,Al Bahah,11,3,0.8,14.9,0,1,2,1
U017753,61,0.603,Qassim,3,3,0.8,26.7,1,1,0,1
U017754,34,0.264,Makkah,1,3,2.5,3.3,1,1,1,0
U017755,41,0.573,Qassim,3,3,3.6,61.5,1,1,0,1
U017756,32,0.112,Asir,5,3,2.4,22.4,1,1,1,1
U017757,18,0.381,Makkah,1,3,1.9,13.6,1,1,0,0
U017758,69,0.181,Riyadh,0,2,4.4,44.5,1,0,0,0
U017759,28,0.742,Riyadh,0,2,1.8,29.9,1,1,2,1
U017760,69,0.404,Riyadh,0,2,3.2,23.9,0,0,2,0
U017761,48,0.561,Makkah,1,1,1.0,41.9,1,0,2,0
U017762,54,0.115,Makkah,1,0,2.5,5.2,0,0,1,0
U017763,21,0.635,Riyadh,0,3,1.8,37.9,1,1,1,1
U017764,24,0.761,Riyadh,0,6,0.8,9.2,1,1,0,1
U017765,41,0.197,Riyadh,0,2,2.2,10.2,1,0,0,0
U017766,59,0.739,Eastern,4,1,0.4,28.5,1,0,0,1
U017767,68,0.323,Tabuk,6,5,2.4,12.8,0,1,1,1
U017768,58,0.424,Riyadh,0,7,2.9,8.7,1,1,1,0
U017769,60,0.823,Eastern,4,6,2.5,53.0,1,1,1,1
U017770,21,0.668,Qassim,3,0,1.1,6.4,1,0,0,0
U017771,21,0.523,Riyadh,0,2,3.4,20.0,1,0,0,1
U017772,61,0.669,Hail,7,2,3.3,11.1,1,0,0,0
U017773,53,0.571,Northern Borders,8,3,3.0,35.7,1,1,2,0
U017774,56,0.622,Qassim,3,6,2.8,36.7,1,1,0,1
U017775,23,0.57,Makkah,1,3,1.4,22.7,0,1,0,1
U017776,59,0.889,Jazan,9,4,0.6,14.7,1,0,0,1
U017777,65,0.647,Qassim,3,4,1.6,25.3,1,1,0,1
U017778,56,0.13,Asir,5,4,4.4,18.0,1,0,0,1
U017779,39,0.502,Makkah,1,7,2.7,9.9,1,0,1,0
U017780,26,0.294,Hail,7,5,2.7,28.4,1,0,2,1
U017781,23,0.308,Makkah,1,3,0.0,4.9,0,0,0,0
U017782,43,0.273,Riyadh,0,3,1.6,5.0,1,0,1,1
U017783,39,0.582,Najran,10,5,0.6,42.3,1,1,0,1
U017784,42,0.913,Eastern,4,1,1.4,14.1,1,1,1,0
U017785,59,0.414,Eastern,4,2,3.5,29.0,1,0,0,1
U017786,29,0.464,Eastern,4,1,0.0,45.5,1,0,0,0
U017787,40,0.452,Riyadh,0,4,0.8,9.1,1,0,1,0
U017788,29,0.137,Makkah,1,2,4.2,12.2,0,0,0,0
U017789,65,0.602,Makkah,1,1,3.1,15.9,1,0,0,0
U017790,26,0.42,Riyadh,0,1,0.8,8.7,1,0,0,1
U017791,58,0.471,Eastern,4,3,0.9,12.5,1,1,1,0
U017792,41,0.34,Hail,7,3,2.2,43.6,0,1,0,0
U017793,58,0.855,Asir,5,5,1.0,29.9,1,1,1,1
U017794,45,0.479,Al Bahah,11,6,0.3,2.7,1,0,1,1
U017795,64,0.473,Riyadh,0,1,3.9,12.2,0,1,0,1
U017796,40,0.737,Madinah,2,2,0.0,42.3,1,0,0,0
U017797,57,0.212,Eastern,4,2,3.6,10.6,0,0,3,0
U017798,46,0.383,Riyadh,0,1,1.6,45.3,1,0,1,1
U017799,28,0.544,Eastern,4,2,2.1,17.4,1,1,1,1
U017800,32,0.51,Asir,5,5,0.0,12.1,1,1,2,1
U017801,38,0.534,Makkah,1,6,0.2,7.0,1,1,1,1
U017802,47,0.864,Makkah,1,3,0.6,3.0,1,1,2,1
U017803,23,0.587,Makkah,1,1,0.0,81.4,1,0,0,1
U017804,61,0.214,Al Bahah,11,3,0.7,18.4,1,0,1,1
U017805,45,0.884,Eastern,4,5,0.1,13.7,1,1,0,1
U017806,20,0.81,Makkah,1,3,2.9,41.6,1,1,1,1
U017807,45,0.689,Riyadh,0,5,3.2,23.5,0,1,1,1
U017808,61,0.529,Riyadh,0,4,2.8,15.5,1,0,0,0
U017809,61,0.665,Makkah,1,0,0.0,11.7,1,0,2,1
U017810,41,0.759,Riyadh,0,3,2.2,6.7,1,1,1,0
U017811,52,0.386,Jazan,9,2,3.6,9.9,1,0,1,1
U017812,46,0.528,Makkah,1,3,2.1,7.8,1,1,1,0
U017813,38,0.386,Makkah,1,3,1.5,13.2,0,1,0,1
U017814,29,0.199,Makkah,1,3,2.6,18.2,1,0,1,0
U017815,29,0.398,Makkah,1,2,2.7,4.3,1,0,1,1
U017816,24,0.05,Makkah,1,1,3.1,6.7,1,0,1,0
U017817,54,0.161,Asir,5,3,2.3,33.1,1,0,1,0
U017818,39,0.797,Riyadh,0,4,0.9,10.2,1,1,3,0
U017819,40,0.311,Makkah,1,1,0.3,28.2,1,0,0,0
U017820,46,0.35,Asir,5,3,1.1,18.4,1,1,2,1
U017821,65,0.259,Qassim,3,3,1.4,20.7,1,1,1,1
U017822,35,0.804,Madinah,2,4,3.6,46.2,1,1,0,1
U017823,61,0.693,Jazan,9,2,1.1,43.6,0,1,1,1
U017824,40,0.591,Jazan,9,3,0.0,21.9,1,1,1,1
U017825,20,0.403,Riyadh,0,1,0.9,8.3,1,0,0,0
U017826,52,0.413,Riyadh,0,0,0.9,55.7,1,0,0,0
U017827,26,0.488,Eastern,4,1,2.8,29.1,1,1,1,1
U017828,58,0.378,Eastern,4,3,2.3,61.8,1,0,1,0
U017829,69,0.422,Eastern,4,2,4.2,12.1,0,0,1,0
U017830,41,0.325,Asir,5,3,2.5,25.0,1,0,1,0
U017831,69,0.335,Eastern,4,5,2.5,11.6,1,1,0,0
U017832,37,0.564,Riyadh,0,4,3.8,0.8,1,1,0,0
U017833,34,0.23,Riyadh,0,1,3.6,21.2,1,0,1,0
U017834,30,0.416,Riyadh,0,6,1.7,41.9,1,0,1,1
U017835,64,0.153,Eastern,4,3,2.5,32.4,1,0,1,0
U017836,64,0.196,Riyadh,0,5,3.7,25.8,1,1,0,1
U017837,63,0.852,Riyadh,0,2,0.0,84.2,1,1,1,1
U017838,38,0.551,Makkah,1,2,2.5,27.8,1,0,0,1
U017839,62,0.755,Eastern,4,4,0.5,52.2,1,1,4,1
U017840,51,0.433,Eastern,4,0,0.9,11.4,1,0,0,0
U017841,34,0.605,Makkah,1,5,2.6,34.4,1,0,0,1
U017842,51,0.677,Makkah,1,5,1.2,18.4,0,1,3,1
U017843,19,0.888,Riyadh,0,6,0.0,9.1,1,0,0,1
U017844,28,0.068,Tabuk,6,4,2.7,26.6,1,0,1,1
U017845,40,0.715,Makkah,1,4,0.3,31.8,1,1,1,0
U017846,54,0.437,Makkah,1,4,1.9,26.7,1,0,2,0
U017847,34,0.371,Riyadh,0,1,3.4,12.5,0,0,0,1
U017848,28,0.259,Riyadh,0,3,2.9,31.0,1,1,1,0
U017849,37,0.814,Riyadh,0,2,1.0,23.5,1,1,5,0
U017850,37,0.57,Eastern,4,6,2.9,15.1,1,0,1,1
U017851,35,0.239,Tabuk,6,1,3.6,18.2,1,0,0,0
U017852,30,0.469,Eastern,4,4,3.3,12.1,1,1,0,0
U017853,62,0.672,Al Jawf,12,6,0.5,26.5,1,1,2,1
U017854,60,0.62,Makkah,1,6,1.8,59.3,1,1,0,1
U017855,59,0.777,Riyadh,0,6,1.9,20.8,1,1,0,1
U017856,69,0.639,Hail,7,5,0.1,10.4,1,0,0,1
U017857,66,0.298,Riyadh,0,4,2.4,24.8,0,0,0,0
U017858,28,0.1,Riyadh,0,2,2.1,29.4,1,1,1,0
U017859,57,0.662,Makkah,1,4,2.1,43.9,1,1,1,1
U017860,56,0.563,Asir,5,5,0.4,22.7,1,1,0,0
U017861,63,0.7,Jazan,9,0,1.5,26.0,0,0,0,1
U017862,26,0.114,Makkah,1,4,2.2,41.0,1,0,1,1
U017863,53,0.372,Al Bahah,11,1,0.3,42.5,1,0,2,0
U017864,18,0.791,Qassim,3,6,2.0,14.8,1,1,2,1
U017865,32,0.095,Eastern,4,4,2.5,32.7,1,1,0,1
U017866,45,0.479,Jazan,9,3,0.0,28.5,1,0,2,0
U017867,47,0.352,Riyadh,0,2,3.0,8.4,1,0,0,0
U017868,62,0.172,Al Bahah,11,1,3.5,20.1,0,1,1,0
U017869,50,0.393,Riyadh,0,1,1.6,35.2,1,0,0,1
U017870,18,0.321,Eastern,4,0,0.9,17.3,0,0,0,1
U017871,35,0.355,Riyadh,0,6,2.4,34.6,0,0,0,1
U017872,51,0.755,Eastern,4,2,0.0,29.3,1,1,1,1
U017873,43,0.257,Eastern,4,2,2.1,63.4,1,0,0,0
U017874,51,0.376,Riyadh,0,3,2.3,15.1,1,0,0,0
U017875,38,0.942,Riyadh,0,5,2.3,8.1,0,1,1,0
U017876,62,0.698,Asir,5,4,2.9,15.9,1,1,1,1
U017877,43,0.599,Makkah,1,2,2.4,36.3,1,0,0,0
U017878,68,0.148,Tabuk,6,3,0.0,23.2,0,0,4,0
U017879,57,0.156,Riyadh,0,0,2.2,3.4,0,0,1,0
U017880,66,0.533,Makkah,1,3,2.1,4.1,1,1,1,1
U017881,62,0.092,Riyadh,0,4,2.1,10.2,0,1,1,1
U017882,47,0.791,Madinah,2,3,2.1,57.3,1,0,0,1
U017883,32,0.356,Riyadh,0,3,3.3,25.1,1,1,2,1
U017884,33,0.422,Riyadh,0,2,3.0,26.4,1,1,0,1
U017885,46,0.706,Asir,5,6,2.0,24.0,1,1,0,1
U017886,27,0.241,Makkah,1,0,2.6,14.3,1,0,0,0
U017887,42,0.272,Qassim,3,3,3.0,67.2,1,0,0,1
U017888,44,0.915,Asir,5,4,1.6,32.6,1,1,3,0
U017889,27,0.626,Eastern,4,3,0.0,18.4,1,1,1,1
U017890,66,0.682,Makkah,1,3,0.7,16.4,1,1,1,0
U017891,48,0.333,Hail,7,3,1.1,15.8,1,0,0,1
U017892,42,0.58,Madinah,2,5,2.2,22.9,1,1,1,0
U017893,59,0.137,Makkah,1,2,4.2,27.9,0,0,1,0
U017894,58,0.698,Riyadh,0,5,1.1,8.1,1,1,0,0
U017895,59,0.254,Riyadh,0,0,3.8,27.9,1,0,1,1
U017896,26,0.59,Tabuk,6,3,0.0,20.1,0,1,3,1
U017897,44,0.67,Riyadh,0,2,2.0,8.1,1,0,0,1
U017898,30,0.723,Riyadh,0,2,2.1,27.6,1,1,2,1
U017899,56,0.084,Madinah,2,2,3.3,11.3,1,0,1,0
U017900,57,0.534,Eastern,4,6,1.9,22.1,1,1,1,0
U017901,67,0.171,Makkah,1,2,3.3,52.3,0,1,1,0
U017902,37,0.354,Eastern,4,0,3.0,14.0,1,1,1,1
U017903,61,0.647,Eastern,4,4,0.2,39.3,1,1,2,1
U017904,49,0.076,Al Jawf,12,3,1.8,10.9,1,1,2,1
U017905,43,0.191,Riyadh,0,2,0.9,15.8,1,0,0,0
U017906,61,0.469,Makkah,1,1,3.0,34.8,1,1,3,0
U017907,57,0.697,Riyadh,0,4,1.5,6.3,0,1,1,1
U017908,62,0.92,Eastern,4,7,2.6,15.7,1,1,2,1
U017909,27,0.418,Makkah,1,5,2.1,22.0,1,1,2,1
U017910,52,0.589,Makkah,1,3,1.4,7.0,0,1,0,0
U017911,25,0.019,Najran,10,1,3.6,20.7,0,0,2,1
U017912,26,0.289,Al Jawf,12,2,1.3,9.1,1,0,0,1
U017913,38,0.395,Northern Borders,8,2,0.4,15.3,1,0,2,1
U017914,29,0.466,Makkah,1,3,2.5,11.6,1,1,2,1
U017915,31,0.862,Hail,7,6,1.0,23.0,1,1,1,1
U017916,21,0.374,Al Jawf,12,4,3.5,5.1,0,1,1,1
U017917,67,0.362,Riyadh,0,1,2.0,50.4,1,0,0,1
U017918,57,0.724,Hail,7,7,0.2,13.2,1,1,0,0
U017919,39,0.745,Makkah,1,2,1.5,17.7,1,0,0,1
U017920,28,0.587,Qassim,3,2,2.7,31.4,1,0,1,0
U017921,19,0.354,Makkah,1,6,0.0,34.2,0,0,0,1
U017922,48,0.658,Madinah,2,4,0.6,24.0,1,1,1,1
U017923,42,0.7,Riyadh,0,3,0.5,7.6,0,1,2,1
U017924,44,0.609,Asir,5,5,2.5,23.2,1,0,2,0
U017925,50,0.224,Tabuk,6,1,2.8,16.5,1,0,0,0
U017926,25,0.757,Najran,10,3,3.5,28.9,1,0,0,1
U017927,55,0.463,Jazan,9,7,2.1,15.8,1,0,0,0
U017928,54,0.642,Tabuk,6,4,1.5,11.7,1,0,0,1
U017929,20,0.674,Riyadh,0,0,0.7,32.8,1,0,0,1
U017930,64,0.364,Riyadh,0,2,1.3,1.7,0,1,3,1
U017931,46,0.513,Eastern,4,4,3.0,14.1,1,0,2,1
U017932,62,0.037,Eastern,4,3,4.1,25.1,1,0,1,0
U017933,39,0.265,Asir,5,1,3.8,19.9,1,0,0,1
U017934,53,0.332,Riyadh,0,3,2.6,24.5,0,1,1,1
U017935,45,0.628,Asir,5,4,2.5,10.5,0,1,0,1
U017936,29,0.427,Riyadh,0,4,2.5,46.5,1,1,0,1
U017937,35,0.57,Riyadh,0,4,2.2,10.9,0,0,1,1
U017938,40,0.887,Eastern,4,4,2.6,31.0,0,1,1,1
U017939,42,0.16,Makkah,1,2,2.8,10.8,1,0,0,1
U017940,19,0.227,Makkah,1,4,2.5,7.1,1,1,0,1
U017941,41,0.65,Eastern,4,1,1.2,52.2,1,0,0,1
U017942,29,0.557,Eastern,4,3,0.6,41.9,1,0,0,1
U017943,36,0.537,Makkah,1,4,0.0,12.2,1,1,1,0
U017944,43,0.735,Makkah,1,4,1.6,35.5,1,1,1,1
U017945,64,0.903,Riyadh,0,2,0.8,29.8,1,1,1,1
U017946,32,0.48,Hail,7,3,1.3,17.7,1,0,1,0
U017947,47,0.584,Riyadh,0,6,1.2,31.7,1,1,2,1
U017948,63,0.493,Riyadh,0,2,1.9,14.2,1,0,0,0
U017949,65,0.712,Makkah,1,3,2.7,29.9,0,0,0,0
U017950,23,0.886,Riyadh,0,5,0.9,29.9,1,1,0,1
U017951,47,0.334,Asir,5,3,2.4,48.2,1,0,2,1
U017952,63,0.137,Asir,5,6,5.4,15.0,1,1,2,1
U017953,54,0.667,Riyadh,0,1,1.8,14.3,1,1,1,1
U017954,48,0.894,Hail,7,1,3.5,36.4,1,1,0,1
U017955,46,0.052,Tabuk,6,1,1.6,73.2,1,0,1,0
U017956,69,0.164,Northern Borders,8,4,4.2,14.9,1,0,1,1
U017957,36,0.47,Riyadh,0,2,1.5,47.7,1,1,3,1
U017958,56,0.279,Tabuk,6,1,3.2,25.5,0,0,1,1
U017959,60,0.625,Riyadh,0,1,2.4,46.2,1,1,3,1
U017960,43,0.827,Madinah,2,6,0.8,13.7,1,1,1,0
U017961,24,0.269,Al Jawf,12,2,3.3,3.3,0,0,1,1
U017962,40,0.799,Eastern,4,6,4.8,26.6,1,1,3,1
U017963,45,0.523,Eastern,4,6,2.2,8.0,0,0,0,1
U017964,64,0.278,Makkah,1,2,2.3,44.9,1,0,1,0
U017965,56,0.738,Eastern,4,0,2.1,44.4,1,1,0,1
U017966,43,0.628,Riyadh,0,7,0.0,55.7,1,1,1,1
U017967,58,0.252,Makkah,1,2,3.3,18.9,1,0,0,0
U017968,45,0.697,Riyadh,0,3,2.6,83.3,1,0,0,0
U017969,18,0.489,Riyadh,0,2,2.0,2.7,1,0,1,1
U017970,59,0.417,Jazan,9,2,1.9,23.6,0,0,0,0
U017971,54,0.38,Riyadh,0,7,0.8,43.2,1,0,1,1
U017972,52,0.639,Madinah,2,1,0.0,3.1,0,1,0,0
U017973,35,0.215,Eastern,4,3,3.6,61.5,1,1,2,1
U017974,68,0.381,Madinah,2,4,2.9,19.0,1,0,0,1
U017975,53,0.265,Riyadh,0,5,2.9,6.1,1,1,1,1
U017976,57,0.241,Makkah,1,1,2.5,13.7,1,0,0,0
U017977,57,0.797,Riyadh,0,3,0.4,9.7,1,0,1,1
U017978,21,0.542,Eastern,4,3,1.0,28.7,1,1,0,1
U017979,51,0.562,Makkah,1,3,0.6,5.7,1,0,1,1
U017980,67,0.504,Tabuk,6,4,2.4,8.3,1,0,0,1
U017981,48,0.24,Makkah,1,2,3.2,4.9,1,1,4,1
U017982,33,0.826,Riyadh,0,4,1.9,21.6,1,1,1,1
U017983,66,0.424,Riyadh,0,1,2.2,13.0,1,0,1,1
U017984,36,0.813,Hail,7,3,2.3,39.5,1,1,1,1
U017985,37,0.483,Eastern,4,3,2.8,73.8,1,1,1,1
U017986,45,0.573,Jazan,9,4,1.2,4.3,0,0,0,0
U017987,25,0.514,Riyadh,0,1,1.4,75.4,1,0,0,0
U017988,52,0.448,Asir,5,1,0.8,72.4,1,1,0,1
U017989,62,0.753,Riyadh,0,3,0.0,8.9,0,0,0,1
U017990,31,0.586,Makkah,1,3,2.0,3.2,1,1,2,1
U017991,33,0.681,Northern Borders,8,1,2.7,7.1,1,1,0,1
U017992,47,0.824,Makkah,1,4,0.2,9.8,1,1,0,0
U017993,35,0.583,Riyadh,0,3,0.1,11.1,1,1,2,0
U017994,49,0.742,Jazan,9,2,0.0,7.3,1,1,1,1
U017995,63,0.091,Najran,10,0,0.3,17.5,1,0,2,1
U017996,31,0.84,Makkah,1,7,2.6,14.3,1,1,4,1
U017997,48,0.93,Jazan,9,3,0.6,2.1,1,1,0,0
U017998,26,0.594,Riyadh,0,6,3.4,16.7,1,1,1,1
U017999,35,0.824,Hail,7,6,0.3,42.9,1,0,0,1
U018000,51,0.692,Qassim,3,5,1.9,45.3,1,1,2,0
U018001,62,0.472,Riyadh,0,5,1.5,31.8,1,0,0,1
U018002,58,0.467,Riyadh,0,1,1.4,26.7,1,0,0,0
U018003,21,0.551,Makkah,1,3,2.2,32.1,1,0,1,1
U018004,28,0.41,Northern Borders,8,3,2.5,14.8,0,1,1,1
U018005,51,0.473,Madinah,2,2,2.2,37.8,1,0,0,1
U018006,19,0.825,Makkah,1,6,0.0,94.6,1,1,1,1
U018007,27,0.233,Makkah,1,0,4.8,31.3,1,0,0,1
U018008,49,0.367,Riyadh,0,5,2.3,70.8,1,1,1,0
U018009,26,0.475,Makkah,1,3,0.4,12.5,1,0,0,1
U018010,30,0.303,Riyadh,0,3,1.2,17.4,1,0,1,1
U018011,21,0.676,Riyadh,0,3,1.1,37.4,1,0,2,0
U018012,51,0.19,Eastern,4,9,3.1,25.3,0,1,2,0
U018013,45,0.435,Riyadh,0,7,2.3,23.8,1,1,2,1
U018014,48,0.594,Makkah,1,3,3.4,46.6,1,0,0,0
U018015,30,0.164,Makkah,1,2,2.7,13.3,1,0,0,0
U018016,63,0.151,Qassim,3,1,3.6,12.9,1,0,2,0
U018017,30,0.459,Riyadh,0,2,2.5,88.6,1,0,0,0
U018018,41,0.198,Riyadh,0,1,2.3,60.7,0,0,0,0
U018019,55,0.233,Eastern,4,2,2.0,8.9,0,1,0,0
U018020,25,0.366,Riyadh,0,1,2.6,23.3,1,0,0,1
U018021,59,0.849,Riyadh,0,4,2.6,12.9,1,1,3,1
U018022,39,0.5,Jazan,9,4,2.5,53.7,1,1,0,0
U018023,56,0.729,Madinah,2,1,0.0,22.6,1,1,0,1
U018024,36,0.921,Makkah,1,3,0.0,38.0,1,1,0,1
U018025,26,0.205,Hail,7,1,1.4,45.8,0,0,1,0
U018026,55,0.603,Asir,5,1,1.5,27.9,1,0,1,1
U018027,58,0.403,Makkah,1,3,3.9,28.6,1,1,0,1
U018028,41,0.282,Makkah,1,6,0.4,10.2,1,1,1,1
U018029,44,0.359,Makkah,1,2,1.9,33.4,1,0,1,0
U018030,43,0.659,Eastern,4,3,1.3,24.4,1,1,0,0
U018031,28,0.249,Riyadh,0,1,2.8,13.7,1,0,0,0
U018032,40,0.624,Northern Borders,8,5,3.6,14.1,1,1,2,0
U018033,38,0.221,Riyadh,0,2,3.0,20.6,1,0,2,0
U018034,22,0.65,Tabuk,6,2,2.1,2.9,1,0,1,1
U018035,33,0.375,Jazan,9,0,1.5,15.1,0,0,2,1
U018036,41,0.703,Madinah,2,3,2.0,45.5,1,1,1,1
U018037,38,0.675,Al Bahah,11,8,1.1,61.6,1,1,0,0
U018038,65,0.153,Jazan,9,4,1.8,7.8,1,0,0,0
U018039,31,0.418,Jazan,9,2,3.2,37.0,0,0,1,0
U018040,67,0.965,Riyadh,0,5,3.0,5.0,1,1,0,0
U018041,53,0.823,Riyadh,0,3,1.9,28.2,1,1,0,1
U018042,33,0.469,Riyadh,0,2,1.2,1.8,0,0,1,1
U018043,26,0.906,Makkah,1,7,2.6,37.2,1,0,0,1
U018044,38,0.312,Tabuk,6,2,2.7,28.0,1,1,2,1
U018045,46,0.614,Eastern,4,5,0.6,7.3,1,0,0,1
U018046,42,0.864,Riyadh,0,7,2.9,7.2,1,1,2,0
U018047,41,0.755,Riyadh,0,5,2.6,4.7,1,0,0,1
U018048,32,0.684,Riyadh,0,4,0.8,29.3,1,0,0,1
U018049,54,0.678,Hail,7,4,2.5,13.9,1,1,0,0
U018050,23,0.78,Riyadh,0,2,0.8,31.9,1,1,0,1
U018051,69,0.867,Madinah,2,2,1.8,20.3,0,1,0,1
U018052,41,0.356,Riyadh,0,1,1.6,6.1,1,1,2,0
U018053,55,0.815,Riyadh,0,6,1.6,33.2,1,1,0,1
U018054,59,0.844,Riyadh,0,4,3.8,15.8,1,1,1,1
U018055,52,0.153,Makkah,1,3,2.3,46.5,1,1,1,1
U018056,19,0.695,Asir,5,5,1.3,45.7,1,1,1,1
U018057,54,0.298,Riyadh,0,1,0.7,60.3,1,0,0,0
U018058,37,0.697,Eastern,4,4,0.8,39.0,1,1,2,1
U018059,47,0.69,Madinah,2,1,2.3,9.6,1,0,1,1
U018060,61,0.317,Madinah,2,3,1.8,11.8,1,1,3,1
U018061,33,0.574,Riyadh,0,2,0.3,26.5,1,1,1,1
U018062,62,0.781,Tabuk,6,4,3.3,23.0,1,0,0,1
U018063,31,0.66,Qassim,3,6,1.1,14.7,1,1,1,1
U018064,69,0.356,Makkah,1,0,2.0,20.5,1,1,0,0
U018065,47,0.365,Asir,5,4,1.1,10.2,0,0,0,1
U018066,21,0.263,Riyadh,0,3,2.1,40.3,1,0,1,1
U018067,62,0.113,Makkah,1,1,3.8,45.2,1,0,0,1
U018068,29,0.366,Eastern,4,2,1.8,35.3,1,0,0,0
U018069,61,0.633,Madinah,2,3,0.0,62.0,1,1,1,1
U018070,22,0.455,Hail,7,1,3.3,12.6,1,1,2,1
U018071,58,0.469,Eastern,4,5,2.8,5.1,0,0,0,1
U018072,66,0.634,Al Bahah,11,2,0.3,46.0,1,0,0,0
U018073,52,0.762,Madinah,2,5,0.7,11.5,0,0,1,1
U018074,41,0.414,Makkah,1,4,2.5,20.9,1,0,0,0
U018075,31,0.678,Eastern,4,5,1.3,33.0,1,1,3,1
U018076,36,0.413,Eastern,4,1,3.0,82.5,1,0,1,1
U018077,53,0.282,Makkah,1,3,2.9,29.0,1,0,0,0
U018078,60,0.71,Northern Borders,8,1,2.4,20.8,0,0,0,1
U018079,19,0.364,Makkah,1,1,2.0,27.8,1,0,2,1
U018080,40,0.454,Eastern,4,1,2.1,3.7,1,0,2,0
U018081,45,0.162,Riyadh,0,1,1.3,17.2,1,0,2,1
U018082,25,0.185,Riyadh,0,4,0.8,13.6,1,0,0,1
U018083,39,0.435,Riyadh,0,1,1.6,8.4,1,0,1,1
U018084,37,0.686,Madinah,2,3,0.4,9.6,1,1,0,0
U018085,27,0.393,Eastern,4,4,3.8,32.3,1,1,2,1
U018086,21,0.648,Asir,5,6,1.2,19.5,1,0,0,1
U018087,41,0.787,Madinah,2,1,2.6,26.5,0,1,0,1
U018088,33,0.466,Asir,5,3,2.5,18.6,1,0,0,1
U018089,51,0.243,Riyadh,0,0,1.6,12.2,0,1,0,1
U018090,27,0.51,Qassim,3,1,1.8,14.1,1,0,0,1
U018091,44,0.164,Makkah,1,3,1.8,12.3,1,0,1,1
U018092,27,0.287,Qassim,3,7,0.9,13.6,1,0,0,0
U018093,37,0.222,Makkah,1,2,2.0,14.7,1,0,0,0
U018094,49,0.577,Hail,7,4,1.1,25.6,1,1,2,1
U018095,39,0.124,Makkah,1,0,2.1,40.3,1,1,0,0
U018096,64,0.509,Makkah,1,2,2.2,18.8,0,1,1,1
U018097,67,0.274,Jazan,9,1,2.7,22.6,1,0,2,1
U018098,22,0.694,Makkah,1,5,2.0,17.5,1,0,1,1
U018099,25,0.804,Eastern,4,2,2.0,35.2,1,1,1,1
U018100,55,0.693,Riyadh,0,6,2.1,10.5,0,1,5,1
U018101,65,0.734,Madinah,2,3,2.0,29.1,1,0,0,0
U018102,28,0.552,Jazan,9,3,2.1,17.5,1,1,1,1
U018103,56,0.809,Hail,7,1,0.3,70.5,1,1,1,1
U018104,24,0.194,Eastern,4,0,3.4,20.9,1,0,1,1
U018105,37,0.228,Asir,5,1,3.6,24.8,1,0,1,0
U018106,55,0.138,Northern Borders,8,2,3.9,13.5,1,0,1,0
U018107,32,0.222,Eastern,4,4,4.3,23.2,0,0,3,1
U018108,33,0.306,Makkah,1,4,3.5,3.2,1,0,2,0
U018109,30,0.404,Madinah,2,3,0.0,29.8,1,0,2,1
U018110,38,0.664,Tabuk,6,2,2.8,5.4,1,1,1,1
U018111,43,0.411,Makkah,1,5,2.0,5.8,1,1,1,1
U018112,21,0.484,Qassim,3,2,2.5,28.6,1,1,4,1
U018113,46,0.936,Makkah,1,8,0.8,9.7,1,0,0,0
U018114,47,0.346,Riyadh,0,5,1.2,73.7,1,0,1,1
U018115,50,0.237,Riyadh,0,4,2.0,38.8,1,1,2,1
U018116,55,0.611,Riyadh,0,5,0.9,25.9,1,1,0,1
U018117,33,0.57,Riyadh,0,2,1.8,20.8,1,0,0,1
U018118,66,0.343,Riyadh,0,1,1.9,1.1,1,0,1,0
U018119,28,0.508,Riyadh,0,2,1.4,43.6,1,0,0,1
U018120,57,0.079,Eastern,4,0,2.9,5.0,1,0,0,1
U018121,31,0.802,Eastern,4,3,1.7,3.3,0,0,0,1
U018122,22,0.288,Qassim,3,2,2.2,26.1,1,0,0,1
U018123,50,0.653,Makkah,1,4,0.5,25.9,0,0,0,1
U018124,53,0.488,Riyadh,0,3,2.8,21.2,1,0,1,0
U018125,20,0.405,Eastern,4,4,2.8,9.1,1,0,0,1
U018126,44,0.37,Qassim,3,2,0.0,9.9,0,0,0,1
U018127,52,0.586,Madinah,2,5,1.1,44.1,1,0,0,1
U018128,30,0.932,Riyadh,0,4,2.4,28.0,1,1,2,1
U018129,44,0.523,Hail,7,1,2.8,12.9,1,0,1,0
U018130,19,0.471,Madinah,2,3,2.9,24.0,1,1,2,1
U018131,66,0.498,Makkah,1,7,0.8,22.5,0,0,1,0
U018132,32,0.504,Asir,5,5,2.6,40.3,1,1,2,1
U018133,51,0.919,Riyadh,0,3,1.0,4.8,1,0,2,1
U018134,63,0.316,Riyadh,0,4,4.4,26.0,1,1,2,1
U018135,59,0.867,Eastern,4,5,0.6,24.0,1,1,0,1
U018136,68,0.597,Jazan,9,4,1.2,8.7,1,0,0,1
U018137,37,0.415,Asir,5,5,2.3,83.5,1,0,0,1
U018138,50,0.649,Qassim,3,6,1.3,10.4,1,1,1,1
U018139,46,0.538,Asir,5,4,3.5,8.0,0,0,1,1
U018140,41,0.43,Al Bahah,11,5,3.1,32.9,1,1,0,1
U018141,40,0.842,Riyadh,0,3,2.4,9.2,1,1,1,0
U018142,58,0.827,Riyadh,0,3,1.1,18.2,0,1,0,1
U018143,38,0.963,Tabuk,6,8,1.8,15.3,1,1,2,1
U018144,65,0.697,Eastern,4,0,1.3,21.0,1,0,0,0
U018145,36,0.667,Al Jawf,12,2,0.4,26.7,1,1,2,1
U018146,53,0.353,Al Bahah,11,2,2.1,37.8,1,0,0,0
U018147,46,0.553,Makkah,1,2,1.5,25.6,1,0,1,1
U018148,21,0.653,Al Jawf,12,2,0.7,9.1,1,1,0,1
U018149,30,0.919,Al Jawf,12,4,3.1,37.2,1,1,1,1
U018150,26,0.836,Tabuk,6,1,0.6,22.9,1,1,4,0
U018151,35,0.326,Al Jawf,12,4,2.0,27.4,1,0,0,1
U018152,63,0.713,Eastern,4,3,0.0,10.9,1,0,2,0
U018153,65,0.553,Eastern,4,1,1.1,22.4,1,1,1,0
U018154,32,0.855,Makkah,1,3,1.2,16.8,0,1,1,1
U018155,61,0.178,Eastern,4,2,3.3,40.1,1,0,1,1
U018156,36,0.479,Riyadh,0,8,2.6,32.0,1,0,0,1
U018157,32,0.838,Makkah,1,3,0.7,34.8,1,1,0,1
U018158,21,0.369,Riyadh,0,3,2.6,1.9,0,0,1,0
U018159,21,0.794,Madinah,2,7,2.8,14.7,0,0,0,1
U018160,52,0.381,Madinah,2,1,0.4,53.9,1,1,3,0
U018161,43,0.569,Riyadh,0,4,1.6,9.9,1,0,0,1
U018162,33,0.642,Eastern,4,6,1.5,52.3,1,1,0,0
U018163,68,0.696,Riyadh,0,4,1.1,53.1,1,1,0,1
U018164,44,0.216,Qassim,3,3,2.4,23.6,0,0,0,1
U018165,54,0.625,Eastern,4,7,1.7,28.3,1,1,1,1
U018166,35,0.424,Jazan,9,1,0.9,29.0,1,0,0,0
U018167,58,0.361,Al Jawf,12,3,2.0,8.6,0,0,0,0
U018168,20,0.569,Tabuk,6,6,2.6,1.6,0,1,2,1
U018169,29,0.452,Eastern,4,5,3.6,11.4,1,1,1,1
U018170,45,0.328,Riyadh,0,2,2.2,9.9,1,0,0,0
U018171,64,0.245,Hail,7,3,2.6,18.2,1,0,1,0
U018172,52,0.484,Eastern,4,4,3.7,32.6,0,1,1,0
U018173,29,0.491,Qassim,3,3,2.4,2.8,0,1,1,1
U018174,53,0.727,Makkah,1,1,0.3,25.8,1,0,0,0
U018175,67,0.676,Madinah,2,2,3.4,34.6,1,1,0,1
U018176,55,0.836,Riyadh,0,5,0.4,22.4,0,0,1,1
U018177,66,0.807,Riyadh,0,2,1.8,14.1,1,0,0,0
U018178,64,0.541,Eastern,4,1,1.7,48.6,0,1,1,1
U018179,62,0.892,Tabuk,6,3,0.4,14.6,1,1,2,1
U018180,51,0.266,Jazan,9,2,2.2,18.1,1,0,1,1
U018181,23,0.949,Qassim,3,2,1.8,76.9,1,1,0,1
U018182,30,0.678,Hail,7,2,2.9,41.6,1,0,0,1
U018183,62,0.473,Makkah,1,3,3.7,23.1,1,1,1,1
U018184,65,0.796,Jazan,9,3,0.3,44.4,1,1,2,1
U018185,55,0.4,Riyadh,0,2,0.5,18.3,0,1,2,1
U018186,24,0.513,Riyadh,0,4,2.6,44.5,1,1,0,1
U018187,31,0.349,Riyadh,0,3,5.3,20.2,1,0,1,1
U018188,55,0.882,Qassim,3,9,2.2,31.0,0,1,0,1
U018189,61,0.706,Makkah,1,4,1.3,0.6,1,0,2,0
U018190,19,0.252,Riyadh,0,4,2.0,5.7,0,0,0,0
U018191,29,0.097,Asir,5,0,3.8,31.5,0,0,0,1
U018192,18,0.574,Riyadh,0,2,2.4,7.2,1,1,0,1
U018193,33,0.428,Riyadh,0,0,2.0,28.2,1,0,1,1
U018194,35,0.49,Eastern,4,3,2.0,3.8,1,1,3,1
U018195,23,0.454,Madinah,2,5,1.9,12.1,1,0,0,1
U018196,39,0.745,Eastern,4,5,0.6,9.4,1,1,0,0
U018197,65,0.755,Madinah,2,2,0.2,26.5,1,1,2,1
U018198,45,0.295,Makkah,1,5,2.0,19.4,1,0,0,0
U018199,36,0.681,Riyadh,0,3,0.8,14.1,1,0,1,1
U018200,30,0.373,Qassim,3,1,4.1,10.9,1,1,2,1
U018201,36,0.595,Hail,7,3,1.3,44.8,1,0,0,0
U018202,34,0.185,Makkah,1,1,4.3,20.3,1,0,2,1
U018203,58,0.75,Makkah,1,6,1.6,4.3,1,1,0,0
U018204,63,0.58,Najran,10,3,0.3,11.6,0,1,1,1
U018205,47,0.703,Makkah,1,4,3.3,32.6,1,1,0,0
U018206,38,0.808,Madinah,2,2,1.8,18.2,1,0,0,1
U018207,62,0.489,Asir,5,2,0.0,33.5,1,1,0,0
U018208,51,0.263,Jazan,9,1,0.8,54.8,1,0,0,0
U018209,42,0.744,Makkah,1,3,3.4,26.2,1,1,2,1
U018210,32,0.828,Asir,5,2,1.3,14.3,1,0,0,0
U018211,64,0.577,Najran,10,5,0.3,48.0,1,1,2,1
U018212,41,0.33,Hail,7,4,3.4,12.9,0,0,0,0
U018213,60,0.535,Tabuk,6,6,1.8,15.8,1,1,0,1
U018214,52,0.52,Riyadh,0,2,2.1,57.1,1,1,3,1
U018215,45,0.209,Eastern,4,4,0.5,1.5,1,0,0,0
U018216,40,0.328,Makkah,1,2,2.5,22.8,0,0,0,0
U018217,38,0.211,Tabuk,6,3,4.3,8.2,1,1,2,0
U018218,27,0.191,Makkah,1,4,1.7,22.9,1,0,0,1
U018219,66,0.864,Eastern,4,11,0.9,24.4,1,1,3,1
U018220,66,0.846,Makkah,1,4,0.4,14.2,1,0,0,0
U018221,22,0.92,Madinah,2,2,1.3,11.8,1,1,1,1
U018222,58,0.093,Makkah,1,6,3.5,28.3,1,1,1,1
U018223,61,0.723,Eastern,4,3,0.2,54.5,0,1,1,0
U018224,22,0.147,Jazan,9,3,2.7,11.6,1,0,1,1
U018225,67,0.691,Asir,5,3,2.6,18.6,0,1,2,1
U018226,68,0.726,Riyadh,0,9,1.1,36.9,0,1,0,0
U018227,53,0.472,Makkah,1,5,0.7,8.5,0,1,2,0
U018228,64,0.306,Riyadh,0,3,1.5,26.9,1,1,0,1
U018229,63,0.381,Jazan,9,2,2.8,29.7,1,1,1,1
U018230,64,0.084,Riyadh,0,4,2.8,6.1,0,0,0,1
U018231,35,0.607,Madinah,2,0,0.9,32.2,1,1,3,0
U018232,53,0.183,Tabuk,6,1,1.0,8.2,1,0,0,1
U018233,37,0.636,Hail,7,7,0.3,17.3,1,1,4,1
U018234,43,0.715,Riyadh,0,5,1.5,22.3,1,1,0,0
U018235,48,0.138,Eastern,4,2,5.0,27.4,1,0,0,0
U018236,61,0.197,Jazan,9,4,3.6,23.6,0,0,0,0
U018237,18,0.778,Riyadh,0,5,0.4,18.1,1,0,1,0
U018238,56,0.672,Makkah,1,3,0.4,21.4,1,1,0,0
U018239,44,0.311,Northern Borders,8,3,4.1,35.5,1,0,0,0
U018240,50,0.855,Riyadh,0,4,1.0,62.6,1,0,0,1
U018241,68,0.259,Riyadh,0,3,3.4,21.2,1,0,0,1
U018242,24,0.295,Makkah,1,3,2.4,13.1,0,0,0,1
U018243,29,0.388,Riyadh,0,1,2.5,43.8,1,1,0,0
U018244,32,0.463,Riyadh,0,2,1.8,47.6,1,0,2,1
U018245,39,0.248,Madinah,2,1,2.1,19.4,1,0,0,0
U018246,62,0.495,Makkah,1,3,1.6,51.7,1,0,3,0
U018247,68,0.456,Makkah,1,2,1.9,54.1,1,0,1,0
U018248,47,0.301,Eastern,4,2,2.9,10.1,1,1,0,0
U018249,23,0.542,Madinah,2,7,2.4,14.9,1,0,1,1
U018250,46,0.36,Al Jawf,12,0,3.4,14.2,1,0,1,1
U018251,60,0.647,Madinah,2,1,2.5,38.6,1,0,0,1
U018252,20,0.853,Riyadh,0,7,2.5,17.1,1,0,0,1
U018253,49,0.67,Riyadh,0,1,1.7,2.6,1,1,1,0
U018254,26,0.949,Riyadh,0,3,0.4,17.9,1,0,0,1
U018255,20,0.669,Tabuk,6,7,0.2,19.8,1,1,2,1
U018256,52,0.227,Riyadh,0,3,2.9,24.0,1,0,0,0
U018257,50,0.16,Riyadh,0,2,3.6,12.5,1,0,0,1
U018258,39,0.298,Makkah,1,2,3.8,34.2,1,0,0,0
U018259,31,0.323,Eastern,4,1,4.3,15.5,1,0,1,1
U018260,40,0.478,Tabuk,6,2,1.9,7.6,0,0,0,0
U018261,54,0.79,Makkah,1,2,0.0,15.3,0,1,0,0
U018262,63,0.89,Najran,10,6,0.0,36.1,1,1,2,0
U018263,38,0.271,Eastern,4,0,1.2,44.8,0,0,0,0
U018264,28,0.332,Asir,5,3,2.2,19.3,1,0,0,1
U018265,42,0.34,Riyadh,0,2,5.2,3.2,1,1,1,1
U018266,36,0.546,Riyadh,0,1,2.7,20.5,1,1,1,0
U018267,52,0.244,Najran,10,1,3.1,17.7,1,1,2,0
U018268,59,0.057,Najran,10,2,1.6,20.8,1,0,0,0
U018269,54,0.314,Eastern,4,5,2.6,61.0,1,0,0,0
U018270,41,0.772,Eastern,4,3,1.0,40.8,1,1,1,1
U018271,37,0.962,Eastern,4,10,1.1,28.3,1,1,0,1
U018272,18,0.655,Riyadh,0,3,3.7,5.5,1,0,0,1
U018273,45,0.384,Asir,5,3,2.0,29.2,0,0,1,1
U018274,21,0.081,Jazan,9,2,0.0,60.4,1,0,1,1
U018275,57,0.756,Al Jawf,12,3,0.2,11.5,1,1,0,1
U018276,56,0.292,Qassim,3,4,2.5,81.9,1,1,1,1
U018277,20,0.844,Asir,5,2,2.5,17.0,1,0,0,1
U018278,21,0.557,Riyadh,0,0,2.4,17.1,1,0,0,0
U018279,42,0.741,Riyadh,0,9,0.0,18.3,1,0,2,0
U018280,50,0.508,Eastern,4,4,4.5,23.0,0,1,2,0
U018281,58,0.878,Eastern,4,4,2.3,5.9,1,0,0,1
U018282,55,0.271,Asir,5,1,2.4,15.4,1,0,0,1
U018283,45,0.624,Makkah,1,4,2.5,25.3,1,1,2,0
U018284,62,0.265,Jazan,9,3,3.2,20.5,1,1,4,1
U018285,42,0.614,Qassim,3,3,0.6,5.2,0,1,2,0
U018286,38,0.54,Al Jawf,12,3,0.9,3.6,1,0,0,1
U018287,49,0.568,Madinah,2,0,3.7,34.5,1,0,0,1
U018288,47,0.239,Madinah,2,3,1.4,18.7,1,0,0,0
U018289,49,0.42,Riyadh,0,2,3.8,10.2,1,0,0,0
U018290,42,0.429,Riyadh,0,5,1.3,33.5,1,1,0,1
U018291,29,0.44,Madinah,2,4,2.9,7.9,0,1,0,1
U018292,19,0.307,Madinah,2,5,2.9,17.6,1,0,2,0
U018293,38,0.615,Madinah,2,2,3.1,15.4,0,0,0,1
U018294,69,0.601,Riyadh,0,1,2.8,37.5,1,0,0,1
U018295,63,0.312,Qassim,3,2,3.6,34.3,1,0,1,0
U018296,42,0.326,Riyadh,0,2,2.1,3.8,1,0,0,0
U018297,35,0.408,Riyadh,0,6,2.8,34.6,1,1,0,0
U018298,45,0.45,Qassim,3,3,0.8,35.7,1,0,0,0
U018299,57,0.352,Eastern,4,4,4.0,23.5,0,1,2,0
U018300,40,0.492,Tabuk,6,5,0.5,33.4,1,1,2,1
U018301,28,0.999,Riyadh,0,3,3.7,5.1,1,1,2,1
U018302,19,0.313,Najran,10,6,2.4,30.7,0,0,1,0
U018303,18,0.675,Eastern,4,2,0.8,15.3,0,0,0,1
U018304,20,0.377,Eastern,4,1,2.8,21.1,1,0,1,1
U018305,19,0.378,Makkah,1,1,1.0,11.8,0,0,1,1
U018306,68,0.172,Riyadh,0,2,3.2,4.1,0,0,1,1
U018307,32,0.197,Makkah,1,2,3.7,18.3,0,0,1,0
U018308,31,0.887,Al Jawf,12,4,2.6,23.7,1,1,0,1
U018309,35,0.586,Riyadh,0,0,1.8,18.2,1,1,2,0
U018310,38,0.395,Makkah,1,4,1.1,87.2,1,1,1,1
U018311,24,0.13,Tabuk,6,1,0.4,10.7,1,0,1,1
U018312,48,0.714,Makkah,1,3,0.3,29.7,1,0,2,0
U018313,37,0.492,Madinah,2,5,1.0,39.3,1,0,1,1
U018314,58,0.45,Eastern,4,6,3.5,3.4,0,1,0,1
U018315,34,0.483,Asir,5,6,2.7,45.2,1,1,1,1
U018316,44,0.312,Makkah,1,2,2.6,10.4,1,0,1,1
U018317,61,0.719,Eastern,4,3,2.4,9.8,0,1,2,0
U018318,51,0.907,Qassim,3,3,0.0,26.4,1,1,1,0
U018319,34,0.094,Eastern,4,1,3.6,41.2,1,1,3,0
U018320,33,0.543,Riyadh,0,3,3.3,27.0,1,0,1,0
U018321,66,0.59,Hail,7,1,3.7,19.2,1,0,0,0
U018322,45,0.679,Makkah,1,4,1.3,23.9,1,1,3,1
U018323,66,0.096,Eastern,4,3,3.6,4.4,0,0,0,0
U018324,22,0.418,Eastern,4,7,2.6,22.5,1,1,2,1
U018325,28,0.63,Al Jawf,12,5,2.0,26.9,0,1,1,1
U018326,37,0.318,Jazan,9,2,1.1,18.6,1,1,0,0
U018327,55,0.824,Najran,10,4,0.2,23.8,1,1,1,0
U018328,27,0.685,Riyadh,0,5,3.2,21.8,1,1,0,1
U018329,57,0.79,Asir,5,4,3.3,10.4,0,1,1,1
U018330,24,0.539,Makkah,1,2,2.5,27.4,1,0,1,1
U018331,46,0.634,Najran,10,6,1.4,32.1,1,0,0,0
U018332,25,0.594,Riyadh,0,2,2.4,9.9,1,0,1,1
U018333,69,0.028,Riyadh,0,5,2.9,37.1,1,0,0,1
U018334,54,0.273,Makkah,1,2,3.5,26.4,1,1,1,1
U018335,21,0.637,Makkah,1,8,2.8,22.7,1,1,2,1
U018336,54,0.436,Makkah,1,3,3.4,43.5,1,0,1,1
U018337,60,0.494,Riyadh,0,4,1.2,41.9,0,0,1,1
U018338,64,0.243,Makkah,1,4,4.5,33.7,1,1,1,1
U018339,22,0.557,Madinah,2,2,0.5,24.4,1,1,0,0
U018340,54,0.809,Makkah,1,6,0.0,23.7,1,1,1,1
U018341,24,0.531,Tabuk,6,1,2.2,71.0,1,1,1,1
U018342,41,0.761,Riyadh,0,3,2.1,11.2,1,0,1,1
U018343,64,0.245,Riyadh,0,1,1.9,7.7,1,0,0,1
U018344,42,0.394,Eastern,4,3,4.0,22.7,1,0,2,1
U018345,55,0.333,Riyadh,0,2,2.6,17.1,1,0,0,1
U018346,63,0.792,Riyadh,0,4,1.4,4.9,1,0,0,1
U018347,67,0.244,Tabuk,6,6,2.9,20.5,1,0,0,0
U018348,53,0.422,Qassim,3,1,2.5,10.1,1,0,1,0
U018349,37,0.099,Makkah,1,1,2.4,18.9,1,0,0,0
U018350,42,0.598,Riyadh,0,4,1.4,9.5,1,0,1,1
U018351,37,0.734,Hail,7,5,2.7,10.3,1,1,0,0
U018352,60,0.299,Makkah,1,3,2.6,28.0,1,1,4,0
U018353,47,0.605,Riyadh,0,3,0.1,23.4,0,0,1,0
U018354,41,0.385,Riyadh,0,4,3.5,52.3,1,1,0,0
U018355,26,0.923,Makkah,1,2,0.2,12.0,1,0,0,1
U018356,58,0.24,Riyadh,0,0,1.9,15.6,1,0,0,1
U018357,45,0.201,Madinah,2,4,1.8,15.6,0,0,0,1
U018358,58,0.25,Riyadh,0,1,1.0,46.8,1,0,0,1
U018359,21,0.347,Makkah,1,3,2.5,30.0,1,0,1,0
U018360,46,0.475,Jazan,9,3,1.8,10.2,1,1,1,0
U018361,21,0.215,Eastern,4,1,1.9,4.2,1,1,1,1
U018362,46,0.134,Hail,7,4,4.6,7.5,1,0,0,0
U018363,67,0.14,Al Bahah,11,3,3.1,22.1,0,0,0,0
U018364,58,0.725,Jazan,9,8,1.7,20.7,0,0,0,0
U018365,44,0.453,Eastern,4,5,2.6,4.7,1,1,2,0
U018366,36,0.92,Riyadh,0,5,2.0,5.9,0,1,0,1
U018367,46,0.55,Madinah,2,1,4.7,31.4,1,0,0,0
U018368,53,0.849,Riyadh,0,5,2.2,10.1,1,1,1,0
U018369,32,0.562,Northern Borders,8,2,1.7,6.9,0,0,1,0
U018370,54,0.363,Eastern,4,1,2.9,25.9,1,0,1,1
U018371,25,0.784,Hail,7,2,1.1,9.3,1,1,1,1
U018372,58,0.547,Riyadh,0,3,1.2,17.3,1,1,1,1
U018373,50,0.419,Riyadh,0,4,2.0,3.2,0,1,1,1
U018374,65,0.672,Riyadh,0,2,0.3,21.8,1,0,0,0
U018375,57,0.827,Najran,10,4,0.7,10.2,0,0,0,0
U018376,63,0.585,Jazan,9,6,0.3,27.4,1,0,1,1
U018377,69,0.217,Riyadh,0,1,5.8,62.2,1,1,0,0
U018378,38,0.246,Eastern,4,0,1.5,4.9,1,0,0,1
U018379,57,0.36,Najran,10,3,4.4,19.6,0,0,0,0
U018380,25,0.788,Madinah,2,3,2.2,10.6,0,1,0,1
U018381,54,0.306,Makkah,1,3,0.8,10.1,0,0,1,0
U018382,61,0.318,Qassim,3,2,0.3,20.2,1,0,0,0
U018383,29,0.57,Riyadh,0,2,0.9,34.8,1,0,0,0
U018384,20,0.225,Riyadh,0,1,4.5,10.0,1,0,2,0
U018385,52,0.101,Qassim,3,1,1.2,39.6,1,0,2,0
U018386,60,0.576,Eastern,4,4,2.6,46.5,1,1,1,1
U018387,35,0.764,Makkah,1,3,1.3,12.0,0,1,0,0
U018388,65,0.289,Riyadh,0,2,2.3,24.9,1,1,1,0
U018389,32,0.424,Eastern,4,2,1.8,19.2,0,1,3,0
U018390,61,0.098,Al Jawf,12,2,1.0,25.5,1,0,0,0
U018391,57,0.383,Qassim,3,2,2.1,10.7,1,1,1,0
U018392,59,0.658,Najran,10,4,1.3,15.3,1,1,1,1
U018393,68,0.521,Madinah,2,3,1.6,23.2,1,0,0,0
U018394,58,0.561,Asir,5,6,3.7,13.0,1,1,2,1
U018395,46,0.794,Makkah,1,4,4.1,22.4,1,1,0,1
U018396,31,0.518,Riyadh,0,4,2.8,24.3,1,1,1,1
U018397,35,0.181,Asir,5,2,1.9,20.2,1,0,0,1
U018398,58,0.45,Hail,7,3,0.2,18.6,1,0,0,0
U018399,48,0.598,Makkah,1,4,0.8,10.6,1,0,1,0
U018400,41,0.488,Asir,5,5,0.3,8.7,1,0,1,0
U018401,52,0.63,Qassim,3,4,2.2,18.3,0,1,2,1
U018402,45,0.246,Eastern,4,3,1.1,33.7,1,0,0,1
U018403,19,0.115,Eastern,4,2,1.0,45.5,1,0,2,0
U018404,22,0.465,Najran,10,3,2.0,29.9,1,1,0,0
U018405,19,0.67,Qassim,3,4,2.7,47.2,1,1,1,1
U018406,26,0.692,Riyadh,0,4,1.8,2.9,1,1,2,1
U018407,65,0.701,Jazan,9,4,1.6,25.7,1,1,2,0
U018408,38,0.816,Riyadh,0,5,1.9,61.3,1,1,0,1
U018409,49,0.755,Hail,7,4,1.9,28.0,1,0,0,1
U018410,31,0.176,Makkah,1,3,2.7,15.9,1,0,0,1
U018411,42,0.538,Eastern,4,1,2.2,5.0,1,0,0,0
U018412,67,0.098,Makkah,1,1,3.5,31.7,1,0,2,1
U018413,60,0.732,Madinah,2,2,4.6,32.3,1,1,3,1
U018414,62,0.661,Riyadh,0,5,0.4,12.9,1,1,2,1
U018415,57,0.448,Eastern,4,1,0.2,3.9,0,0,2,0
U018416,21,0.817,Eastern,4,3,2.5,30.1,1,1,0,1
U018417,48,0.683,Northern Borders,8,4,2.2,70.7,1,1,3,1
U018418,20,0.234,Al Jawf,12,2,1.2,8.1,1,0,1,1
U018419,45,0.223,Makkah,1,2,1.4,54.4,1,0,0,0
U018420,67,0.252,Eastern,4,1,2.1,6.4,0,0,1,1
U018421,51,0.71,Jazan,9,3,4.3,17.2,1,1,1,1
U018422,55,0.717,Najran,10,3,4.3,9.9,1,0,0,1
U018423,59,0.409,Makkah,1,4,4.2,14.5,1,1,0,1
U018424,43,0.875,Riyadh,0,2,1.8,14.3,0,0,1,0
U018425,58,0.303,Riyadh,0,3,1.9,9.6,1,1,1,0
U018426,22,0.104,Al Jawf,12,1,1.7,15.2,0,0,0,0
U018427,65,0.302,Asir,5,4,3.4,12.7,1,0,2,0
U018428,60,0.792,Makkah,1,3,1.7,4.4,1,0,1,1
U018429,44,0.266,Makkah,1,4,2.4,5.8,1,0,0,1
U018430,27,0.824,Makkah,1,2,0.1,8.9,1,0,0,0
U018431,32,0.522,Al Jawf,12,4,0.7,51.2,1,0,0,0
U018432,25,0.43,Riyadh,0,3,4.6,20.5,0,1,1,1
U018433,28,0.717,Riyadh,0,10,1.7,41.8,1,1,0,1
U018434,69,0.468,Makkah,1,1,0.0,2.1,1,0,0,0
U018435,26,0.662,Eastern,4,6,1.4,19.7,1,1,1,1
U018436,26,0.799,Riyadh,0,3,0.0,13.9,0,0,1,1
U018437,69,0.262,Makkah,1,3,0.0,8.9,1,0,1,0
U018438,21,0.608,Asir,5,7,0.4,22.1,1,1,1,1
U018439,19,0.501,Riyadh,0,2,2.6,22.7,1,1,2,1
U018440,56,0.642,Asir,5,1,3.1,49.5,1,1,2,0
U018441,51,0.885,Eastern,4,3,1.9,9.9,1,1,5,1
U018442,45,0.682,Riyadh,0,4,2.4,7.1,1,1,1,0
U018443,35,0.877,Qassim,3,4,2.3,16.9,1,0,0,1
U018444,25,0.093,Riyadh,0,2,3.2,52.1,0,0,0,1
U018445,63,0.284,Eastern,4,1,2.7,21.5,1,0,0,0
U018446,49,0.293,Asir,5,2,1.4,24.4,1,1,2,1
U018447,68,0.878,Asir,5,6,0.0,59.5,1,1,1,1
U018448,60,0.85,Makkah,1,3,1.1,20.5,1,1,0,1
U018449,31,0.314,Makkah,1,1,1.1,20.5,1,0,0,1
U018450,64,0.795,Qassim,3,5,0.0,19.3,1,1,3,1
U018451,21,0.529,Jazan,9,4,1.9,8.6,1,0,1,1
U018452,64,0.056,Riyadh,0,2,3.5,37.6,1,1,2,0
U018453,39,0.589,Hail,7,4,3.4,33.8,1,0,2,1
U018454,53,0.814,Makkah,1,1,1.3,15.5,1,1,2,1
U018455,54,0.467,Eastern,4,4,1.9,75.0,1,1,2,1
U018456,36,0.717,Riyadh,0,1,0.9,15.9,1,1,0,1
U018457,47,0.43,Riyadh,0,2,2.3,9.9,0,0,1,0
U018458,51,0.454,Eastern,4,9,1.7,27.6,0,0,1,0
U018459,18,0.688,Makkah,1,8,1.0,12.4,0,1,1,1
U018460,43,0.051,Jazan,9,4,3.0,12.7,1,0,0,0
U018461,31,0.479,Makkah,1,6,0.0,10.5,1,1,2,0
U018462,59,0.452,Madinah,2,4,2.6,28.3,1,1,0,1
U018463,36,0.653,Hail,7,3,0.8,36.8,1,1,0,1
U018464,54,0.242,Riyadh,0,0,2.3,16.6,1,0,0,0
U018465,59,0.344,Riyadh,0,1,3.3,8.7,1,0,1,1
U018466,56,0.417,Riyadh,0,2,2.0,30.3,0,0,0,1
U018467,53,0.795,Riyadh,0,3,0.1,21.8,1,0,1,1
U018468,52,0.629,Makkah,1,4,2.3,23.3,0,1,2,1
U018469,40,0.399,Riyadh,0,1,2.2,52.2,1,1,3,0
U018470,18,0.854,Eastern,4,4,0.2,14.5,1,1,1,1
U018471,22,0.702,Tabuk,6,1,2.6,17.9,1,1,2,1
U018472,37,0.782,Asir,5,5,0.0,15.7,1,0,0,0
U018473,56,0.898,Eastern,4,4,1.1,30.1,1,0,1,1
U018474,50,0.341,Riyadh,0,2,4.4,35.5,1,0,0,1
U018475,45,0.304,Jazan,9,4,1.5,9.1,1,0,0,0
U018476,52,0.384,Tabuk,6,5,1.3,8.1,1,0,1,1
U018477,48,0.639,Riyadh,0,4,1.9,8.0,1,1,3,0
U018478,68,0.624,Eastern,4,3,0.5,19.5,1,0,0,0
U018479,45,0.108,Eastern,4,0,2.0,33.7,0,0,0,1
U018480,63,0.336,Qassim,3,2,1.6,24.1,1,1,0,1
U018481,26,0.706,Makkah,1,3,0.3,66.3,1,1,1,1
U018482,25,0.605,Asir,5,5,3.2,36.5,1,1,5,1
U018483,54,0.139,Riyadh,0,1,3.0,24.4,0,1,0,0
U018484,59,0.989,Eastern,4,2,3.2,16.6,1,0,0,1
U018485,69,0.256,Qassim,3,1,0.6,12.9,0,0,1,1
U018486,67,0.37,Eastern,4,3,2.9,3.1,1,0,1,1
U018487,62,0.598,Makkah,1,4,2.3,46.3,1,1,1,1
U018488,67,0.534,Jazan,9,1,3.2,24.4,1,1,1,1
U018489,65,0.201,Riyadh,0,0,3.1,9.7,0,0,0,1
U018490,19,0.251,Eastern,4,1,1.3,6.4,1,0,0,1
U018491,60,0.403,Eastern,4,4,2.0,34.9,1,0,0,1
U018492,66,0.772,Qassim,3,2,2.2,9.2,1,1,0,1
U018493,29,0.658,Riyadh,0,3,3.4,8.6,1,1,0,0
U018494,27,0.341,Eastern,4,7,1.8,78.2,1,0,0,0
U018495,43,0.17,Riyadh,0,1,3.4,16.8,0,0,0,1
U018496,31,0.592,Qassim,3,5,0.0,22.0,1,1,1,1
U018497,55,0.275,Eastern,4,2,2.6,4.8,0,0,3,0
U018498,42,0.234,Eastern,4,2,2.2,34.1,1,1,1,0
U018499,53,0.637,Eastern,4,3,1.0,13.5,1,1,1,0
U018500,24,0.616,Najran,10,3,2.2,20.6,1,1,3,1
U018501,30,0.863,Riyadh,0,7,0.0,37.7,1,1,2,0
U018502,37,0.555,Al Jawf,12,3,4.3,18.0,1,1,0,1
U018503,65,0.367,Jazan,9,3,1.2,18.6,1,0,0,0
U018504,52,0.841,Eastern,4,3,0.4,13.5,0,1,1,1
U018505,49,0.679,Riyadh,0,3,0.6,38.2,0,0,1,1
U018506,43,0.817,Tabuk,6,3,1.6,27.4,1,1,0,1
U018507,51,0.407,Riyadh,0,3,2.5,29.4,1,0,1,0
U018508,63,0.579,Makkah,1,4,2.2,26.9,1,1,1,1
U018509,32,0.257,Riyadh,0,3,0.6,30.3,1,0,0,0
U018510,32,0.626,Hail,7,2,2.2,44.5,1,1,2,0
U018511,26,0.768,Riyadh,0,7,0.0,6.7,1,1,1,0
U018512,42,0.34,Al Jawf,12,2,3.4,33.2,1,0,0,0
U018513,64,0.344,Eastern,4,1,1.2,11.4,1,1,0,0
U018514,67,0.726,Makkah,1,1,3.1,8.6,1,1,0,0
U018515,21,0.086,Al Jawf,12,3,3.7,7.7,1,0,0,0
U018516,49,0.367,Makkah,1,2,2.5,20.1,1,0,0,0
U018517,69,0.513,Jazan,9,2,3.6,12.8,1,1,1,0
U018518,43,0.593,Riyadh,0,5,0.2,45.3,0,0,0,1
U018519,23,0.697,Eastern,4,2,1.4,21.2,0,0,0,1
U018520,64,0.127,Eastern,4,2,1.5,11.5,1,1,3,0
U018521,60,0.553,Asir,5,0,2.2,20.2,0,0,0,1
U018522,26,0.204,Riyadh,0,3,3.8,22.4,1,0,0,0
U018523,50,0.235,Al Jawf,12,0,2.1,32.8,1,0,0,1
U018524,61,0.705,Asir,5,6,3.2,28.4,0,1,0,1
U018525,31,0.755,Al Jawf,12,4,0.6,20.8,1,1,4,1
U018526,64,0.334,Makkah,1,4,3.4,3.6,1,0,1,1
U018527,31,0.499,Asir,5,2,1.4,48.1,1,0,1,0
U018528,31,0.555,Eastern,4,4,2.7,38.3,1,0,0,0
U018529,39,0.101,Makkah,1,4,3.1,61.4,1,0,1,1
U018530,42,0.144,Makkah,1,1,3.3,12.8,1,0,0,1
U018531,37,0.451,Riyadh,0,5,3.9,5.5,1,0,0,0
U018532,47,0.407,Makkah,1,3,2.0,10.5,1,1,3,1
U018533,68,0.919,Riyadh,0,7,2.5,18.2,1,0,0,1
U018534,31,0.64,Makkah,1,4,0.0,29.5,1,0,0,1
U018535,29,0.634,Riyadh,0,1,1.8,11.1,1,0,1,1
U018536,25,0.348,Eastern,4,3,1.3,26.8,1,1,0,1
U018537,67,0.212,Riyadh,0,2,3.0,32.2,1,1,3,0
U018538,25,0.755,Riyadh,0,3,4.2,51.7,1,0,0,1
U018539,20,0.548,Riyadh,0,3,0.5,23.9,1,1,0,1
U018540,42,0.914,Eastern,4,2,0.0,14.2,1,0,0,1
U018541,24,0.666,Eastern,4,4,1.9,6.3,1,1,0,0
U018542,45,0.741,Riyadh,0,3,0.0,16.1,0,1,1,0
U018543,21,0.673,Eastern,4,3,0.3,7.7,1,0,0,1
U018544,64,0.319,Makkah,1,4,3.7,13.1,0,1,0,1
U018545,45,0.093,Jazan,9,3,1.3,28.0,0,0,0,0
U018546,40,0.425,Makkah,1,4,2.9,14.2,1,0,1,0
U018547,25,0.851,Makkah,1,3,0.9,19.8,0,1,0,1
U018548,25,0.51,Riyadh,0,6,0.6,5.1,1,1,3,1
U018549,68,0.511,Makkah,1,3,1.1,47.0,1,1,3,0
U018550,26,0.786,Jazan,9,3,0.8,16.4,1,1,1,0
U018551,47,0.734,Makkah,1,4,0.7,21.0,1,0,0,1
U018552,43,0.505,Riyadh,0,1,0.0,39.9,0,1,2,1
U018553,53,0.148,Riyadh,0,2,1.8,52.1,0,0,2,1
U018554,43,0.551,Hail,7,10,0.0,14.0,1,1,0,1
U018555,23,0.614,Riyadh,0,4,4.0,36.6,1,1,0,1
U018556,69,0.544,Riyadh,0,5,2.2,30.2,0,0,3,1
U018557,20,0.693,Riyadh,0,3,1.5,25.1,1,0,1,0
U018558,40,0.252,Riyadh,0,0,2.9,6.5,1,0,0,0
U018559,19,0.118,Makkah,1,2,1.6,60.4,1,0,1,1
U018560,34,0.512,Madinah,2,2,2.1,11.2,0,1,3,0
U018561,38,0.63,Makkah,1,4,2.2,21.0,1,1,0,0
U018562,24,0.655,Makkah,1,4,0.1,42.7,0,0,1,0
U018563,57,0.45,Makkah,1,3,1.0,44.1,1,0,0,1
U018564,51,0.797,Riyadh,0,5,0.5,7.8,1,1,1,1
U018565,66,0.766,Riyadh,0,4,1.3,20.7,1,1,1,1
U018566,66,0.693,Hail,7,5,1.5,17.4,0,1,2,1
U018567,51,0.397,Tabuk,6,1,3.0,8.9,1,0,0,1
U018568,50,0.869,Najran,10,6,2.0,38.6,1,1,0,1
U018569,61,0.709,Asir,5,4,2.0,25.3,1,1,3,1
U018570,58,0.727,Eastern,4,1,3.5,64.8,1,1,1,1
U018571,24,0.212,Najran,10,3,2.1,9.5,0,0,1,1
U018572,29,0.578,Northern Borders,8,4,1.4,63.5,1,1,0,1
U018573,64,0.607,Asir,5,5,2.8,21.9,1,1,2,0
U018574,23,0.157,Madinah,2,4,3.3,25.3,1,1,1,0
U018575,24,0.488,Al Bahah,11,4,1.2,59.7,1,0,1,1
U018576,25,0.622,Riyadh,0,5,2.8,25.2,1,1,1,1
U018577,26,0.226,Eastern,4,1,3.5,42.2,1,0,2,1
U018578,62,0.329,Makkah,1,2,2.5,21.7,1,0,0,0
U018579,65,0.695,Riyadh,0,7,2.9,29.2,1,1,0,1
U018580,41,0.476,Madinah,2,0,3.1,54.6,1,0,2,1
U018581,65,0.728,Eastern,4,6,0.0,19.2,1,1,0,0
U018582,28,0.796,Asir,5,3,1.5,16.2,0,1,0,1
U018583,29,0.431,Eastern,4,2,1.2,20.7,1,1,1,1
U018584,51,0.532,Riyadh,0,2,2.8,43.5,1,1,2,1
U018585,55,0.643,Hail,7,3,1.9,4.3,1,0,3,0
U018586,36,0.22,Tabuk,6,0,1.8,25.7,1,0,0,1
U018587,24,0.105,Riyadh,0,0,3.1,21.6,1,0,0,1
U018588,65,0.5,Madinah,2,4,1.5,22.2,1,1,2,1
U018589,41,0.452,Eastern,4,3,3.8,38.5,1,0,0,0
U018590,21,0.104,Tabuk,6,0,4.1,17.0,1,0,3,0
U018591,45,0.583,Riyadh,0,5,3.9,16.0,1,1,0,1
U018592,57,0.322,Jazan,9,4,2.7,7.2,1,1,1,1
U018593,38,0.866,Makkah,1,3,1.1,41.2,1,0,3,1
U018594,55,0.6,Hail,7,3,1.3,25.3,1,1,2,0
U018595,31,0.192,Makkah,1,1,1.5,59.4,1,0,2,0
U018596,31,0.721,Jazan,9,5,0.0,67.4,1,0,0,1
U018597,53,0.577,Riyadh,0,6,2.6,15.5,1,1,2,1
U018598,32,0.376,Najran,10,2,2.0,18.1,1,0,0,0
U018599,63,0.113,Jazan,9,2,3.8,55.3,1,0,3,0
U018600,35,0.412,Riyadh,0,1,2.3,23.6,0,0,1,1
U018601,60,0.506,Riyadh,0,3,2.9,14.0,1,0,0,0
U018602,59,0.546,Makkah,1,1,2.5,27.6,0,0,0,1
U018603,69,0.644,Al Bahah,11,1,2.7,10.1,1,1,2,1
U018604,64,0.49,Riyadh,0,4,1.5,3.5,1,0,0,0
U018605,44,0.058,Riyadh,0,1,2.0,18.1,0,0,1,0
U018606,61,0.63,Qassim,3,3,1.2,18.3,1,0,0,0
U018607,18,0.607,Asir,5,0,2.0,22.2,1,1,1,1
U018608,18,0.874,Al Bahah,11,5,3.0,9.4,1,1,1,1
U018609,25,0.863,Eastern,4,1,0.7,22.9,1,0,0,1
U018610,31,0.887,Makkah,1,3,2.1,40.5,1,1,0,0
U018611,62,0.416,Eastern,4,4,3.6,21.5,1,1,0,1
U018612,49,0.718,Asir,5,4,1.1,65.2,1,1,1,1
U018613,33,0.628,Qassim,3,1,1.1,17.1,0,1,0,1
U018614,62,0.624,Makkah,1,2,3.0,23.0,0,0,1,0
U018615,37,0.608,Makkah,1,5,1.5,16.8,1,1,0,1
U018616,29,0.135,Makkah,1,1,2.8,13.6,1,0,0,0
U018617,47,0.611,Eastern,4,3,3.3,8.6,1,0,1,1
U018618,45,0.239,Riyadh,0,1,2.3,40.6,1,0,1,0
U018619,67,0.725,Eastern,4,3,3.1,8.1,1,1,1,0
U018620,42,0.59,Riyadh,0,3,1.6,20.0,0,0,1,0
U018621,46,0.545,Eastern,4,6,1.4,12.4,1,1,1,1
U018622,18,0.355,Eastern,4,5,0.2,26.8,1,1,0,1
U018623,48,0.648,Al Bahah,11,3,2.9,15.3,0,0,1,1
U018624,54,0.176,Makkah,1,1,1.9,49.7,1,0,2,0
U018625,54,0.755,Madinah,2,3,0.0,12.8,1,0,0,1
U018626,45,0.889,Riyadh,0,4,0.6,16.3,1,1,1,1
U018627,44,0.362,Makkah,1,2,2.9,65.7,1,1,2,1
U018628,34,0.393,Eastern,4,0,3.6,8.5,1,1,0,1
U018629,22,0.494,Qassim,3,4,0.0,23.3,1,1,1,1
U018630,60,0.247,Riyadh,0,2,2.7,16.0,1,1,1,0
U018631,51,0.515,Riyadh,0,3,2.3,15.0,1,0,0,0
U018632,56,0.672,Riyadh,0,4,2.7,37.4,1,1,1,1
U018633,60,0.413,Eastern,4,0,1.7,6.2,1,0,0,0
U018634,62,0.346,Asir,5,5,2.1,3.8,1,1,1,0
U018635,47,0.527,Asir,5,5,1.6,11.3,1,0,0,1
U018636,24,0.38,Najran,10,3,1.5,61.9,1,0,2,1
U018637,43,0.475,Riyadh,0,3,3.0,26.6,1,0,0,1
U018638,60,0.583,Eastern,4,4,3.7,17.0,0,0,2,1
U018639,66,0.22,Makkah,1,3,3.3,32.9,1,0,0,0
U018640,56,0.338,Qassim,3,8,2.0,10.3,1,1,1,1
U018641,21,0.402,Makkah,1,3,3.3,5.8,1,0,0,0
U018642,49,0.533,Makkah,1,4,1.5,6.0,0,0,1,1
U018643,68,0.486,Riyadh,0,6,2.7,42.4,1,1,0,0
U018644,37,0.651,Eastern,4,2,1.7,13.7,1,0,0,1
U018645,34,0.662,Asir,5,3,0.7,18.3,1,1,4,0
U018646,18,0.465,Makkah,1,2,2.4,61.9,1,1,0,1
U018647,48,0.75,Eastern,4,4,2.4,17.2,1,1,0,0
U018648,47,0.324,Jazan,9,3,0.8,12.4,1,0,3,0
U018649,24,0.43,Tabuk,6,1,2.7,17.3,1,1,0,0
U018650,60,0.713,Riyadh,0,5,2.5,12.0,1,1,0,1
U018651,55,0.347,Tabuk,6,3,3.6,59.1,1,1,3,1
U018652,33,0.679,Riyadh,0,3,0.0,8.8,1,1,2,1
U018653,22,0.394,Madinah,2,0,3.3,24.9,1,0,2,0
U018654,19,0.058,Al Jawf,12,0,2.7,17.0,1,0,2,0
U018655,40,0.453,Jazan,9,2,1.9,40.9,1,0,0,1
U018656,66,0.219,Riyadh,0,6,4.0,45.4,1,1,0,1
U018657,69,0.567,Eastern,4,4,1.1,27.1,0,1,1,1
U018658,56,0.573,Makkah,1,5,2.2,24.9,1,1,0,0
U018659,68,0.376,Makkah,1,0,1.2,22.0,1,1,2,1
U018660,23,0.326,Makkah,1,2,3.0,29.7,0,1,0,0
U018661,22,0.762,Hail,7,4,1.2,20.1,1,1,0,1
U018662,51,0.472,Najran,10,1,3.4,22.6,1,0,0,0
U018663,23,0.293,Madinah,2,0,0.6,34.4,1,0,0,0
U018664,56,0.165,Riyadh,0,3,4.2,22.6,1,0,1,1
U018665,69,0.828,Al Jawf,12,5,3.2,85.4,1,1,0,1
U018666,64,0.39,Riyadh,0,5,1.4,3.1,0,1,0,1
U018667,39,0.734,Eastern,4,2,0.0,7.4,1,0,2,1
U018668,56,0.206,Makkah,1,1,4.1,15.1,1,0,1,0
U018669,27,0.272,Tabuk,6,1,4.5,16.4,1,0,0,1
U018670,66,0.276,Hail,7,4,3.1,10.4,0,1,3,0
U018671,40,0.818,Asir,5,1,1.4,35.9,1,0,0,0
U018672,65,0.589,Madinah,2,4,2.2,30.0,1,1,1,0
U018673,37,0.444,Makkah,1,0,2.1,13.7,1,0,1,0
U018674,29,0.566,Riyadh,0,5,2.3,7.8,1,1,0,0
U018675,47,0.451,Makkah,1,5,3.2,11.7,1,0,4,1
U018676,20,0.175,Eastern,4,0,3.1,14.0,0,0,2,1
U018677,54,0.676,Hail,7,4,2.5,17.1,1,1,4,1
U018678,58,0.125,Jazan,9,0,3.0,29.1,1,0,0,0
U018679,60,0.831,Riyadh,0,2,2.6,6.9,1,1,0,0
U018680,51,0.764,Makkah,1,2,2.4,17.3,0,1,2,1
U018681,40,0.796,Eastern,4,4,1.2,6.1,1,1,2,1
U018682,27,0.386,Northern Borders,8,4,3.3,47.3,1,1,0,0
U018683,69,0.474,Eastern,4,4,2.2,38.6,1,1,0,0
U018684,56,0.626,Eastern,4,5,0.0,49.6,1,1,1,0
U018685,60,0.111,Riyadh,0,3,4.2,4.1,1,0,2,0
U018686,66,0.156,Makkah,1,0,2.6,32.8,1,0,0,0
U018687,54,0.587,Eastern,4,5,0.0,25.0,1,1,3,0
U018688,21,0.414,Jazan,9,5,1.1,26.3,1,0,0,0
U018689,30,0.298,Makkah,1,2,0.5,13.5,1,0,1,1
U018690,22,0.823,Qassim,3,6,1.6,1.7,1,1,0,0
U018691,19,0.612,Najran,10,2,1.5,37.4,1,1,0,1
U018692,53,0.192,Riyadh,0,3,2.4,9.8,1,0,0,0
U018693,56,0.795,Makkah,1,2,0.2,1.6,0,0,2,0
U018694,37,0.761,Makkah,1,6,0.9,25.0,1,1,1,1
U018695,27,0.345,Makkah,1,1,2.0,7.1,1,0,0,1
U018696,49,0.892,Riyadh,0,3,1.8,6.1,1,0,0,1
U018697,24,0.645,Eastern,4,5,3.1,88.9,1,1,2,1
U018698,51,0.533,Qassim,3,1,1.5,41.8,1,1,0,0
U018699,68,0.896,Hail,7,6,2.9,9.5,1,1,0,1
U018700,39,0.68,Eastern,4,4,0.8,9.2,1,0,0,0
U018701,33,0.357,Jazan,9,4,1.8,10.6,1,0,1,1
U018702,47,0.66,Riyadh,0,4,1.0,19.3,1,1,0,1
U018703,52,0.37,Jazan,9,0,2.2,12.6,0,0,0,0
U018704,28,0.51,Makkah,1,4,3.8,45.5,1,1,0,1
U018705,53,0.656,Eastern,4,2,0.6,10.3,1,0,0,0
U018706,63,0.363,Eastern,4,4,0.0,25.4,1,0,0,1
U018707,39,0.425,Northern Borders,8,0,2.6,3.6,1,0,0,1
U018708,27,0.36,Makkah,1,3,2.8,8.4,1,1,0,0
U018709,40,0.773,Tabuk,6,8,4.6,68.1,1,1,1,1
U018710,53,0.604,Qassim,3,3,1.0,18.1,1,1,1,1
U018711,55,0.226,Riyadh,0,0,3.0,36.0,1,1,0,0
U018712,25,0.036,Riyadh,0,1,2.7,28.0,1,0,0,1
U018713,37,0.257,Makkah,1,2,0.4,22.2,1,0,0,0
U018714,29,0.842,Makkah,1,7,4.4,13.7,1,1,1,1
U018715,22,0.611,Eastern,4,1,1.2,27.2,0,0,1,1
U018716,67,0.406,Riyadh,0,0,2.0,27.2,1,0,1,1
U018717,46,0.46,Najran,10,3,2.3,19.6,1,1,0,0
U018718,32,0.506,Eastern,4,2,2.0,28.2,1,1,0,0
U018719,47,0.402,Makkah,1,3,0.7,30.8,1,1,1,1
U018720,36,0.739,Al Jawf,12,5,1.8,15.1,0,1,3,1
U018721,29,0.875,Riyadh,0,3,0.9,35.1,1,1,0,0
U018722,47,0.596,Najran,10,5,0.0,27.1,1,1,0,0
U018723,56,0.344,Riyadh,0,1,0.7,47.7,1,0,0,0
U018724,49,0.522,Eastern,4,6,0.4,36.7,1,1,0,1
U018725,23,0.467,Riyadh,0,4,2.8,11.6,1,0,0,0
U018726,36,0.449,Najran,10,1,3.0,13.4,1,0,0,1
U018727,65,0.734,Qassim,3,4,0.8,21.6,1,1,1,1
U018728,42,0.312,Makkah,1,3,2.8,23.6,1,0,0,1
U018729,27,0.672,Hail,7,2,0.5,33.5,0,0,2,1
U018730,31,0.77,Riyadh,0,2,1.1,13.5,1,1,0,1
U018731,23,0.466,Northern Borders,8,3,5.2,29.9,1,1,2,0
U018732,53,0.722,Makkah,1,3,0.0,5.4,1,1,2,1
U018733,32,0.662,Makkah,1,3,2.6,3.0,1,1,0,1
U018734,38,0.544,Riyadh,0,2,0.4,9.7,0,1,2,1
U018735,42,0.573,Makkah,1,6,1.0,21.7,1,1,0,1
U018736,30,0.135,Riyadh,0,2,2.3,10.8,0,0,0,0
U018737,56,0.58,Najran,10,4,0.7,18.0,0,1,1,1
U018738,41,0.333,Riyadh,0,1,1.7,28.0,1,0,1,0
U018739,19,0.796,Riyadh,0,4,1.2,33.7,1,0,0,0
U018740,28,0.881,Makkah,1,5,0.0,18.1,1,0,0,1
U018741,30,0.416,Eastern,4,1,2.7,29.7,1,0,1,0
U018742,29,0.45,Riyadh,0,8,2.0,2.1,0,1,2,1
U018743,23,0.627,Asir,5,1,2.4,38.2,1,1,1,1
U018744,32,0.193,Eastern,4,1,3.1,16.2,1,0,1,1
U018745,32,0.135,Jazan,9,0,3.2,13.9,1,1,3,1
U018746,69,0.267,Makkah,1,1,2.7,4.1,0,0,0,0
U018747,63,0.674,Madinah,2,3,0.3,34.3,1,0,1,1
U018748,52,0.365,Riyadh,0,3,1.1,17.1,1,0,0,1
U018749,27,0.465,Qassim,3,1,2.0,15.1,0,0,1,0
U018750,24,0.366,Al Jawf,12,2,1.8,30.3,0,0,1,0
U018751,28,0.159,Hail,7,3,2.9,7.2,1,1,0,0
U018752,66,0.471,Al Jawf,12,2,2.6,16.9,1,0,0,0
U018753,49,0.657,Al Jawf,12,4,2.6,45.6,0,1,0,1
U018754,47,0.495,Jazan,9,2,1.5,14.6,1,0,0,0
U018755,20,0.406,Asir,5,2,3.7,15.1,1,0,0,1
U018756,63,0.65,Madinah,2,1,0.0,7.1,1,1,0,1
U018757,25,0.314,Qassim,3,0,2.2,26.9,1,0,0,0
U018758,61,0.839,Riyadh,0,6,0.0,27.7,0,1,0,1
U018759,59,0.527,Eastern,4,4,2.1,25.4,1,1,2,1
U018760,29,0.265,Makkah,1,2,2.4,24.2,1,0,2,1
U018761,29,0.558,Riyadh,0,2,1.8,34.7,1,0,2,1
U018762,38,0.3,Makkah,1,4,1.0,13.0,1,0,1,0
U018763,38,0.249,Riyadh,0,6,2.5,21.6,0,0,0,0
U018764,31,0.786,Al Jawf,12,2,2.1,26.7,1,0,1,1
U018765,40,0.465,Riyadh,0,1,1.7,47.2,1,0,1,0
U018766,33,0.545,Riyadh,0,2,1.6,22.1,1,0,1,1
U018767,18,0.513,Eastern,4,3,0.5,6.5,0,1,1,1
U018768,23,0.628,Qassim,3,3,1.4,18.1,1,0,0,0
U018769,27,0.419,Asir,5,2,2.3,16.2,1,0,0,0
U018770,57,0.742,Makkah,1,3,2.7,34.8,0,0,0,0
U018771,22,0.17,Eastern,4,3,2.5,38.5,1,0,0,0
U018772,27,0.587,Makkah,1,2,1.9,15.3,1,0,1,1
U018773,34,0.448,Riyadh,0,1,1.5,44.8,1,0,1,0
U018774,34,0.598,Eastern,4,4,2.7,45.0,1,1,0,1
U018775,50,0.774,Makkah,1,2,0.6,29.9,1,0,0,1
U018776,29,0.555,Riyadh,0,1,1.5,11.3,1,0,0,1
U018777,68,0.838,Riyadh,0,4,0.9,43.0,1,1,4,1
U018778,62,0.15,Qassim,3,0,3.3,26.2,0,0,0,1
U018779,44,0.482,Riyadh,0,3,1.4,33.4,1,1,1,1
U018780,19,0.578,Eastern,4,5,0.0,4.2,0,1,1,1
U018781,58,0.333,Riyadh,0,3,1.4,30.2,1,1,2,1
U018782,44,0.856,Al Jawf,12,1,0.9,23.5,1,1,1,0
U018783,42,0.691,Eastern,4,2,2.2,22.3,1,1,2,0
U018784,41,0.458,Najran,10,5,3.0,7.5,1,1,0,1
U018785,32,0.295,Riyadh,0,0,3.5,12.1,0,1,1,1
U018786,69,0.348,Eastern,4,3,1.6,9.8,0,0,1,0
U018787,27,0.48,Makkah,1,3,3.5,21.5,1,0,0,1
U018788,56,0.182,Riyadh,0,1,2.3,64.9,1,0,1,1
U018789,69,0.481,Madinah,2,2,3.5,19.8,1,0,2,1
U018790,52,0.725,Makkah,1,3,2.6,3.3,1,0,1,1
U018791,62,0.168,Eastern,4,0,2.0,19.6,0,0,1,0
U018792,24,0.371,Tabuk,6,5,3.2,13.4,1,1,1,0
U018793,43,0.192,Makkah,1,3,2.3,19.8,1,0,0,0
U018794,62,0.442,Makkah,1,1,0.0,33.5,1,0,0,0
U018795,28,0.439,Riyadh,0,1,1.8,20.2,1,0,0,0
U018796,67,0.698,Madinah,2,3,1.2,12.0,1,0,0,1
U018797,63,0.346,Makkah,1,1,2.9,25.7,1,0,1,0
U018798,64,0.468,Najran,10,4,1.8,13.7,1,1,0,0
U018799,26,0.505,Eastern,4,4,3.7,13.0,1,1,1,1
U018800,59,0.659,Tabuk,6,3,0.7,51.3,1,1,0,1
U018801,25,0.67,Tabuk,6,1,0.8,26.6,1,0,1,1
U018802,68,0.669,Riyadh,0,3,3.0,25.8,0,0,1,0
U018803,38,0.562,Eastern,4,4,1.7,36.2,1,1,1,1
U018804,56,0.784,Riyadh,0,5,1.3,20.9,1,0,0,1
U018805,30,0.339,Eastern,4,2,3.6,15.0,1,1,0,1
U018806,45,0.361,Riyadh,0,2,3.0,18.9,1,1,1,1
U018807,32,0.454,Riyadh,0,5,1.1,4.2,1,1,1,1
U018808,33,0.365,Makkah,1,5,2.0,7.9,0,0,0,0
U018809,51,0.331,Makkah,1,1,0.6,36.0,1,0,0,0
U018810,35,0.498,Makkah,1,3,3.5,20.0,1,1,1,0
U018811,26,0.529,Jazan,9,2,1.6,32.1,0,1,0,1
U018812,49,0.654,Riyadh,0,3,1.4,21.2,1,0,0,0
U018813,51,0.503,Makkah,1,4,3.2,6.3,1,1,1,1
U018814,58,0.761,Makkah,1,3,1.6,80.7,1,1,1,1
U018815,60,0.464,Makkah,1,5,2.9,3.1,0,1,2,1
U018816,57,0.042,Riyadh,0,1,4.5,12.4,1,0,1,1
U018817,63,0.509,Eastern,4,0,0.0,9.6,0,1,4,1
U018818,22,0.509,Eastern,4,2,0.0,46.1,1,1,1,1
U018819,24,0.482,Qassim,3,6,2.3,4.5,0,0,1,1
U018820,25,0.67,Al Jawf,12,3,3.0,11.7,1,0,1,1
U018821,67,0.461,Makkah,1,2,3.6,25.3,1,0,1,0
U018822,23,0.832,Asir,5,3,0.7,14.5,1,1,2,1
U018823,57,0.708,Riyadh,0,2,3.4,14.3,1,0,0,1
U018824,48,0.4,Madinah,2,0,4.1,18.4,1,0,0,0
U018825,48,0.595,Riyadh,0,3,0.0,5.6,1,1,1,1
U018826,50,0.347,Jazan,9,3,3.0,28.5,1,0,1,1
U018827,40,0.353,Riyadh,0,2,3.6,37.1,1,0,0,0
U018828,58,0.078,Eastern,4,3,1.5,58.4,1,0,1,0
U018829,66,0.218,Eastern,4,0,3.0,11.9,0,1,0,0
U018830,27,0.719,Makkah,1,2,1.9,30.1,1,1,0,1
U018831,28,0.403,Tabuk,6,2,2.9,20.2,0,1,1,1
U018832,43,0.427,Asir,5,1,2.4,5.4,1,0,1,1
U018833,33,0.447,Riyadh,0,7,1.6,12.3,1,0,0,1
U018834,56,0.719,Riyadh,0,5,4.2,13.1,1,0,0,0
U018835,26,0.442,Riyadh,0,3,2.3,7.6,1,1,0,0
U018836,68,0.217,Riyadh,0,2,1.6,30.4,1,0,1,1
U018837,49,0.532,Qassim,3,3,2.2,28.9,1,0,3,1
U018838,26,0.384,Riyadh,0,2,1.9,6.9,1,0,1,0
U018839,43,0.177,Riyadh,0,2,2.3,10.8,1,0,1,1
U018840,41,0.5,Eastern,4,4,2.9,9.8,0,0,1,0
U018841,29,0.619,Riyadh,0,2,0.0,17.7,1,0,1,1
U018842,29,0.343,Asir,5,2,1.2,34.0,1,0,1,0
U018843,37,0.269,Qassim,3,2,3.0,26.7,1,1,2,0
U018844,41,0.707,Najran,10,4,0.3,2.0,1,0,1,1
U018845,25,0.751,Madinah,2,7,0.5,21.6,0,1,3,1
U018846,60,0.379,Makkah,1,1,2.0,59.9,0,0,0,1
U018847,66,0.408,Jazan,9,4,1.1,43.7,1,0,0,0
U018848,51,0.526,Asir,5,5,1.7,12.3,1,0,1,0
U018849,39,0.233,Makkah,1,2,0.0,21.0,1,0,2,1
U018850,20,0.353,Makkah,1,2,0.7,11.9,0,0,2,1
U018851,45,0.246,Eastern,4,2,3.8,5.9,1,0,0,1
U018852,43,0.677,Hail,7,5,1.4,27.4,1,1,0,1
U018853,55,0.392,Riyadh,0,4,1.5,23.2,1,0,0,0
U018854,34,0.525,Hail,7,3,2.9,37.5,1,0,0,0
U018855,19,0.438,Qassim,3,4,2.3,28.6,1,0,1,1
U018856,50,0.425,Northern Borders,8,3,0.6,22.9,1,0,1,0
U018857,20,0.337,Makkah,1,3,4.4,15.8,1,0,0,0
U018858,48,0.211,Al Bahah,11,1,2.5,21.8,1,0,0,0
U018859,23,0.192,Najran,10,0,3.3,6.7,1,0,1,1
U018860,30,0.26,Jazan,9,2,3.7,16.0,0,0,1,1
U018861,29,0.504,Makkah,1,3,2.7,9.4,1,0,0,0
U018862,57,0.526,Riyadh,0,2,2.4,19.8,1,1,0,1
U018863,41,0.38,Eastern,4,3,2.5,25.9,1,0,0,1
U018864,54,0.539,Makkah,1,2,0.0,14.6,0,0,1,0
U018865,36,0.569,Eastern,4,4,1.1,27.3,1,1,1,1
U018866,51,0.255,Eastern,4,2,3.4,46.1,1,0,0,1
U018867,67,0.54,Makkah,1,4,3.7,1.7,1,0,0,0
U018868,69,0.708,Riyadh,0,6,0.7,19.2,1,0,1,1
U018869,24,0.823,Najran,10,5,1.0,30.7,1,1,4,1
U018870,46,0.385,Makkah,1,4,1.7,28.7,1,1,1,0
U018871,68,0.583,Madinah,2,4,1.9,26.6,0,0,0,0
U018872,51,0.319,Makkah,1,5,1.7,3.8,1,0,1,1
U018873,18,0.149,Northern Borders,8,0,0.8,10.7,1,0,2,0
U018874,36,0.276,Qassim,3,2,0.9,21.4,1,0,2,0
U018875,46,0.467,Madinah,2,5,4.6,10.5,1,0,1,1
U018876,55,0.347,Qassim,3,5,4.6,9.8,0,1,0,0
U018877,27,0.862,Eastern,4,5,0.4,10.7,1,0,0,1
U018878,65,0.222,Makkah,1,0,4.2,1.9,1,0,0,0
U018879,39,0.499,Madinah,2,5,1.1,4.2,0,0,1,1
U018880,44,0.735,Riyadh,0,3,0.1,17.9,0,0,0,1
U018881,52,0.766,Hail,7,1,1.5,18.7,1,1,1,1
U018882,23,0.438,Makkah,1,1,2.0,53.0,1,0,0,1
U018883,61,0.538,Riyadh,0,2,1.1,16.9,1,1,2,0
U018884,43,0.457,Eastern,4,3,3.2,4.5,1,1,0,1
U018885,30,0.283,Riyadh,0,5,1.5,70.8,1,1,3,1
U018886,57,0.469,Riyadh,0,2,2.4,7.0,0,0,0,1
U018887,36,0.511,Riyadh,0,7,1.9,8.4,1,1,2,0
U018888,64,0.36,Riyadh,0,2,2.6,54.0,1,0,2,1
U018889,69,0.915,Madinah,2,4,1.8,40.7,1,1,0,0
U018890,49,0.789,Makkah,1,3,2.2,45.9,0,1,2,0
U018891,62,0.492,Makkah,1,2,2.3,22.2,1,1,3,1
U018892,29,0.438,Qassim,3,4,3.6,21.0,1,1,2,0
U018893,21,0.595,Eastern,4,2,3.5,30.0,1,1,0,1
U018894,64,0.693,Makkah,1,4,0.7,10.2,1,0,1,1
U018895,42,0.301,Eastern,4,3,2.2,36.6,1,0,0,0
U018896,64,0.6,Najran,10,2,2.4,35.9,1,0,2,1
U018897,26,0.371,Riyadh,0,1,0.0,42.5,1,0,0,1
U018898,52,0.72,Jazan,9,0,0.3,4.9,0,1,0,1
U018899,56,0.655,Riyadh,0,3,0.1,30.4,0,0,0,1
U018900,61,0.074,Eastern,4,0,3.5,18.6,1,0,1,1
U018901,67,0.455,Riyadh,0,2,0.9,17.0,1,1,1,0
U018902,53,0.759,Makkah,1,5,2.4,34.2,1,1,0,0
U018903,20,0.615,Makkah,1,5,3.5,60.7,1,1,0,0
U018904,18,0.895,Riyadh,0,2,3.7,13.5,1,1,1,1
U018905,32,0.39,Riyadh,0,3,2.3,19.7,1,0,1,0
U018906,45,0.196,Madinah,2,2,3.8,5.6,0,0,0,1
U018907,52,0.777,Makkah,1,3,1.2,19.4,1,1,3,1
U018908,52,0.571,Makkah,1,2,1.6,25.9,1,0,1,1
U018909,55,0.52,Riyadh,0,4,1.6,8.4,1,0,1,0
U018910,18,0.527,Al Jawf,12,1,2.1,38.7,0,0,1,0
U018911,45,0.692,Jazan,9,2,1.7,21.5,1,1,2,1
U018912,62,0.339,Asir,5,3,1.5,17.5,1,1,2,0
U018913,22,0.438,Makkah,1,3,2.0,8.5,1,0,1,0
U018914,47,0.502,Al Jawf,12,8,0.9,6.5,1,0,0,1
U018915,52,0.41,Makkah,1,3,1.6,24.7,1,0,0,1
U018916,53,0.874,Makkah,1,2,0.0,7.2,1,1,1,0
U018917,58,0.544,Makkah,1,4,2.1,15.0,0,1,2,0
U018918,45,0.543,Eastern,4,7,1.9,25.5,1,0,1,1
U018919,36,0.438,Riyadh,0,1,0.2,20.0,0,0,0,0
U018920,66,0.578,Makkah,1,3,1.8,2.1,1,1,0,0
U018921,29,0.398,Jazan,9,2,1.4,31.3,1,0,1,1
U018922,37,0.55,Makkah,1,6,3.2,28.3,1,1,3,1
U018923,66,0.663,Makkah,1,2,1.7,14.6,1,1,1,1
U018924,43,0.044,Tabuk,6,0,2.1,12.3,1,0,1,1
U018925,50,0.95,Al Jawf,12,3,0.0,32.2,1,1,2,1
U018926,57,0.861,Eastern,4,5,0.7,10.2,1,1,1,1
U018927,26,0.281,Riyadh,0,1,1.8,19.8,1,0,0,1
U018928,24,0.574,Madinah,2,2,0.8,21.7,0,1,1,1
U018929,43,0.803,Makkah,1,6,2.9,9.2,1,1,0,0
U018930,29,0.148,Asir,5,2,1.7,4.0,1,0,1,1
U018931,33,0.065,Madinah,2,1,4.2,0.7,0,0,0,0
U018932,43,0.821,Hail,7,3,1.3,8.5,1,1,1,1
U018933,50,0.266,Al Jawf,12,2,2.7,19.3,1,1,2,0
U018934,27,0.759,Eastern,4,3,1.4,14.4,1,1,1,0
U018935,33,0.741,Eastern,4,10,0.0,56.8,1,1,0,1
U018936,27,0.269,Riyadh,0,4,3.4,8.5,0,0,2,1
U018937,47,0.643,Eastern,4,0,2.0,46.7,1,0,0,1
U018938,60,0.338,Tabuk,6,2,2.6,6.8,0,0,0,1
U018939,61,0.846,Tabuk,6,2,0.0,11.3,1,1,1,1
U018940,45,0.779,Eastern,4,5,0.0,40.1,0,1,0,1
U018941,40,0.436,Riyadh,0,2,0.6,4.2,0,0,2,1
U018942,62,0.254,Makkah,1,4,1.4,17.8,1,0,0,0
U018943,24,0.458,Riyadh,0,0,0.4,22.8,0,0,1,1
U018944,49,0.305,Riyadh,0,1,3.7,11.1,0,1,3,1
U018945,59,0.837,Al Jawf,12,4,2.2,34.1,1,1,0,1
U018946,24,0.227,Al Jawf,12,1,2.8,19.1,1,0,0,0
U018947,37,0.762,Hail,7,4,1.0,22.6,1,1,2,1
U018948,64,0.055,Makkah,1,1,1.9,8.5,1,0,0,0
U018949,20,0.796,Makkah,1,4,2.2,17.4,1,1,0,1
U018950,46,0.879,Asir,5,2,0.0,11.8,1,1,3,1
U018951,54,0.319,Eastern,4,2,3.6,24.0,1,1,1,0
U018952,69,0.504,Riyadh,0,5,0.8,38.8,1,1,0,0
U018953,58,0.154,Riyadh,0,2,2.8,6.3,1,1,1,0
U018954,44,0.693,Riyadh,0,2,0.0,35.1,1,1,0,0
U018955,28,0.694,Eastern,4,4,1.7,2.0,1,0,2,1
U018956,54,0.068,Najran,10,0,1.8,44.6,1,0,0,0
U018957,56,0.534,Eastern,4,3,0.8,17.1,0,0,0,0
U018958,27,0.649,Hail,7,1,3.0,9.3,1,1,2,0
U018959,48,0.909,Al Jawf,12,5,2.6,19.9,1,1,3,1
U018960,20,0.746,Riyadh,0,3,0.8,32.9,1,0,0,1
U018961,29,0.894,Northern Borders,8,2,1.3,67.1,1,1,1,1
U018962,28,0.135,Riyadh,0,2,2.1,25.8,1,0,0,1
U018963,40,0.421,Eastern,4,2,0.7,61.5,1,0,0,1
U018964,51,0.356,Riyadh,0,1,0.0,19.5,1,0,0,1
U018965,55,0.367,Riyadh,0,3,0.7,14.2,1,0,1,0
U018966,39,0.645,Madinah,2,2,0.4,6.1,1,1,1,0
U018967,42,0.461,Tabuk,6,2,2.5,52.2,1,0,1,1
U018968,33,0.552,Riyadh,0,5,1.7,18.4,0,0,0,0
U018969,23,0.613,Asir,5,1,3.8,35.7,1,0,0,1
U018970,29,0.911,Madinah,2,8,1.5,16.8,1,1,2,1
U018971,46,0.56,Tabuk,6,3,1.5,5.2,1,1,0,0
U018972,22,0.697,Riyadh,0,6,1.7,39.2,1,1,0,1
U018973,66,0.363,Riyadh,0,1,3.4,16.0,1,1,0,0
U018974,68,0.453,Riyadh,0,2,1.9,13.9,1,0,0,0
U018975,66,0.506,Makkah,1,2,2.0,39.6,1,0,0,1
U018976,56,0.649,Riyadh,0,3,1.0,10.9,1,1,1,1
U018977,45,0.41,Tabuk,6,3,1.7,7.9,1,0,1,0
U018978,64,0.183,Al Jawf,12,2,2.6,29.6,1,1,3,0
U018979,31,0.438,Eastern,4,1,1.5,18.8,0,0,1,1
U018980,36,0.433,Jazan,9,0,3.2,13.5,1,0,0,1
U018981,69,0.209,Makkah,1,1,4.2,43.1,1,0,0,0
U018982,55,0.534,Eastern,4,0,1.8,18.8,1,0,0,1
U018983,38,0.292,Riyadh,0,1,2.3,3.0,0,0,0,1
U018984,54,0.329,Riyadh,0,4,3.3,5.3,1,1,2,0
U018985,27,0.756,Jazan,9,1,1.9,11.7,1,0,0,0
U018986,19,0.128,Qassim,3,1,5.9,7.0,1,0,0,0
U018987,65,0.389,Riyadh,0,2,2.8,27.8,1,1,0,0
U018988,40,0.707,Asir,5,7,1.3,3.0,0,1,1,1
U018989,20,0.874,Makkah,1,3,0.4,11.6,1,1,0,1
U018990,40,0.297,Riyadh,0,0,1.6,54.7,1,0,0,1
U018991,55,0.29,Northern Borders,8,2,2.2,12.9,1,0,0,0
U018992,22,0.24,Al Jawf,12,0,3.5,75.0,1,0,0,1
U018993,38,0.487,Eastern,4,4,1.5,31.6,1,0,0,1
U018994,27,0.847,Qassim,3,3,1.6,29.9,1,1,3,1
U018995,65,0.281,Makkah,1,1,3.0,24.2,1,0,1,1
U018996,43,0.543,Makkah,1,2,0.8,39.1,1,1,1,1
U018997,56,0.674,Madinah,2,3,0.1,18.2,1,1,1,0
U018998,30,0.601,Riyadh,0,1,3.0,34.1,1,0,0,0
U018999,30,0.505,Makkah,1,4,2.0,8.4,1,1,0,1
U019000,41,0.893,Madinah,2,4,0.0,8.6,1,1,0,1
U019001,32,0.315,Riyadh,0,0,2.2,20.2,0,0,0,1
U019002,36,0.608,Riyadh,0,2,1.7,8.7,1,1,0,0
U019003,59,0.277,Al Jawf,12,4,2.4,24.9,1,1,1,1
U019004,29,0.241,Eastern,4,1,3.1,40.9,1,1,2,0
U019005,41,0.613,Makkah,1,8,2.3,26.4,1,1,0,1
U019006,56,0.729,Makkah,1,1,2.1,54.1,1,0,0,1
U019007,61,0.781,Madinah,2,5,0.6,14.6,1,1,0,1
U019008,32,0.379,Makkah,1,3,2.0,45.1,1,0,1,0
U019009,46,0.647,Eastern,4,1,1.0,15.8,0,1,2,0
U019010,56,0.767,Madinah,2,0,1.5,9.8,1,1,3,1
U019011,59,0.542,Makkah,1,3,2.7,76.0,1,0,0,0
U019012,48,0.634,Asir,5,1,1.5,14.0,1,0,0,0
U019013,63,0.711,Riyadh,0,4,1.2,55.4,1,0,0,0
U019014,59,0.29,Makkah,1,0,3.4,4.1,1,0,1,0
U019015,53,0.607,Riyadh,0,3,3.2,9.7,0,1,2,0
U019016,51,0.25,Makkah,1,0,3.3,32.4,1,0,1,0
U019017,21,0.672,Northern Borders,8,6,2.3,25.9,0,0,0,1
U019018,61,0.268,Makkah,1,1,4.8,26.8,1,0,0,1
U019019,27,0.152,Makkah,1,2,3.0,8.5,0,0,0,0
U019020,41,0.409,Eastern,4,2,3.2,3.1,1,1,0,0
U019021,30,0.849,Tabuk,6,7,1.2,40.1,1,1,1,1
U019022,66,0.365,Riyadh,0,3,1.8,22.6,0,0,0,0
U019023,32,0.438,Jazan,9,2,3.5,15.5,1,0,0,0
U019024,63,0.213,Jazan,9,3,4.3,30.6,1,1,0,1
U019025,54,0.499,Eastern,4,3,0.9,32.4,1,0,0,0
U019026,52,0.635,Riyadh,0,4,2.3,40.1,1,1,2,1
U019027,56,0.575,Riyadh,0,6,2.4,10.6,1,0,1,0
U019028,57,0.511,Eastern,4,1,0.0,26.3,1,0,0,0
U019029,18,0.472,Riyadh,0,2,2.7,35.6,1,0,1,0
U019030,64,0.468,Jazan,9,1,1.7,4.5,0,0,0,1
U019031,40,0.381,Eastern,4,4,1.2,49.9,0,0,2,0
U019032,50,0.748,Al Bahah,11,6,1.5,38.3,1,1,1,1
U019033,60,0.538,Makkah,1,0,3.1,15.4,1,0,1,0
U019034,68,0.909,Hail,7,3,0.2,9.3,1,0,0,0
U019035,39,0.603,Riyadh,0,2,2.6,9.3,0,0,1,1
U019036,36,0.306,Makkah,1,1,3.4,9.9,1,0,0,1
U019037,66,0.825,Makkah,1,5,1.0,6.2,1,0,0,0
U019038,24,0.611,Eastern,4,5,1.7,24.5,1,0,0,1
U019039,46,0.611,Northern Borders,8,1,1.0,8.6,1,0,0,1
U019040,52,0.355,Jazan,9,2,1.1,23.9,1,0,1,1
U019041,55,0.865,Asir,5,1,1.1,22.1,1,1,1,1
U019042,22,0.584,Makkah,1,2,0.0,5.4,1,0,1,0
U019043,64,0.424,Qassim,3,4,1.1,38.5,1,0,0,1
U019044,37,0.661,Riyadh,0,1,0.2,8.2,1,0,0,1
U019045,57,0.466,Makkah,1,2,1.2,8.1,0,0,1,1
U019046,25,0.047,Makkah,1,0,2.6,24.0,1,0,0,1
U019047,33,0.242,Riyadh,0,3,2.8,12.8,1,0,0,1
U019048,51,0.241,Riyadh,0,2,3.3,10.5,1,1,1,0
U019049,68,0.702,Eastern,4,4,0.3,63.6,1,1,0,1
U019050,42,0.428,Eastern,4,1,4.0,3.9,0,0,0,1
U019051,21,0.496,Madinah,2,4,3.0,49.0,1,1,0,0
U019052,58,0.69,Qassim,3,0,0.0,7.2,1,0,1,1
U019053,45,0.298,Makkah,1,2,2.0,2.1,0,0,0,0
U019054,23,0.662,Makkah,1,0,2.8,12.2,1,0,3,1
U019055,18,0.691,Northern Borders,8,2,3.3,1.9,1,1,1,1
U019056,34,0.383,Riyadh,0,2,4.2,7.5,1,1,0,0
U019057,59,0.604,Makkah,1,3,2.5,13.8,1,0,0,0
U019058,47,0.673,Asir,5,2,1.5,28.1,1,0,1,1
U019059,69,0.545,Riyadh,0,0,2.8,2.7,1,0,1,1
U019060,59,0.374,Jazan,9,2,2.1,45.0,1,1,4,0
U019061,65,0.374,Riyadh,0,4,3.0,34.8,1,1,1,0
U019062,54,0.066,Riyadh,0,2,2.0,25.3,1,0,1,0
U019063,69,0.222,Madinah,2,1,3.3,24.4,1,0,1,1
U019064,57,0.442,Makkah,1,2,1.4,21.5,0,0,0,0
U019065,61,0.676,Qassim,3,6,2.6,11.8,1,1,0,0
U019066,35,0.677,Eastern,4,4,2.4,27.2,1,0,0,1
U019067,19,0.615,Qassim,3,4,1.3,3.0,0,1,0,1
U019068,32,0.157,Riyadh,0,3,3.7,36.8,1,1,1,0
U019069,30,0.913,Jazan,9,4,0.7,64.5,1,1,0,1
U019070,42,0.114,Jazan,9,3,1.8,31.3,0,1,1,0
U019071,44,0.839,Makkah,1,6,1.6,9.3,1,1,1,0
U019072,28,0.433,Riyadh,0,3,2.2,16.7,1,0,0,1
U019073,69,0.493,Madinah,2,4,1.8,7.7,1,0,0,1
U019074,39,0.192,Riyadh,0,0,3.7,39.6,1,0,2,0
U019075,38,0.503,Eastern,4,8,5.1,0.6,0,1,2,1
U019076,22,0.237,Makkah,1,1,2.3,10.8,0,0,0,1
U019077,67,0.431,Makkah,1,3,2.5,16.8,1,1,2,0
U019078,38,0.819,Eastern,4,2,0.0,51.1,1,0,0,1
U019079,65,0.58,Riyadh,0,2,4.1,7.6,1,1,0,1
U019080,58,0.174,Eastern,4,3,2.3,51.0,1,1,1,0
U019081,26,0.598,Makkah,1,1,3.7,49.7,1,0,2,1
U019082,40,0.2,Qassim,3,4,2.8,14.1,1,1,3,0
U019083,39,0.702,Riyadh,0,1,1.6,35.2,1,1,0,1
U019084,33,0.254,Makkah,1,2,1.9,8.6,0,0,1,0
U019085,37,0.578,Riyadh,0,5,1.6,34.8,1,1,1,1
U019086,54,0.37,Riyadh,0,2,3.1,24.0,0,0,0,0
U019087,27,0.357,Jazan,9,4,2.5,17.2,1,0,1,1
U019088,27,0.381,Riyadh,0,2,4.0,7.9,1,0,2,0
U019089,31,0.784,Makkah,1,2,1.6,58.7,1,1,0,0
U019090,57,0.626,Riyadh,0,4,4.1,12.2,0,1,0,0
U019091,57,0.68,Qassim,3,3,0.7,5.7,1,0,0,1
U019092,20,0.454,Riyadh,0,4,3.1,19.3,1,1,0,1
U019093,43,0.653,Makkah,1,0,1.0,9.5,1,0,0,1
U019094,32,0.446,Eastern,4,4,2.9,16.4,1,1,0,1
U019095,41,0.488,Makkah,1,0,3.1,11.4,1,0,1,1
U019096,20,0.682,Eastern,4,3,1.1,13.9,1,0,0,1
U019097,40,0.187,Asir,5,0,0.4,23.1,1,0,0,1
U019098,46,0.226,Riyadh,0,0,3.8,15.9,1,0,0,0
U019099,34,0.508,Makkah,1,3,0.7,11.7,1,0,1,1
U019100,40,0.823,Riyadh,0,7,0.4,14.6,1,1,1,1
U019101,64,0.644,Hail,7,7,2.3,11.7,1,1,3,1
U019102,45,0.389,Riyadh,0,2,1.5,14.8,1,0,1,1
U019103,31,0.127,Eastern,4,1,4.4,24.2,0,0,0,0
U019104,56,0.141,Madinah,2,2,2.2,17.5,1,0,1,0
U019105,24,0.415,Eastern,4,2,4.2,56.4,1,0,0,1
U019106,63,0.503,Riyadh,0,5,0.9,32.0,1,0,0,1
U019107,21,0.279,Eastern,4,2,1.1,41.1,1,1,0,1
U019108,34,0.548,Riyadh,0,1,1.3,32.9,1,0,1,0
U019109,26,0.072,Eastern,4,3,4.9,45.4,1,0,1,0
U019110,42,0.748,Eastern,4,7,3.4,20.2,1,1,1,0
U019111,26,0.237,Makkah,1,1,2.4,27.3,1,0,1,1
U019112,24,0.593,Eastern,4,4,0.4,24.1,1,0,0,1
U019113,30,0.48,Makkah,1,1,1.3,18.3,1,0,0,1
U019114,34,0.307,Riyadh,0,3,0.4,50.5,0,0,0,0
U019115,32,0.916,Makkah,1,5,0.0,3.6,1,1,1,1
U019116,35,0.22,Riyadh,0,2,1.2,27.5,1,0,0,0
U019117,48,0.62,Riyadh,0,3,0.1,25.6,1,1,0,0
U019118,66,0.52,Makkah,1,3,0.3,11.9,1,1,3,1
U019119,30,0.547,Riyadh,0,4,3.7,24.6,0,1,2,1
U019120,46,0.375,Northern Borders,8,2,4.8,37.2,1,1,2,0
U019121,68,0.349,Riyadh,0,6,0.3,59.9,0,0,0,0
U019122,65,0.627,Qassim,3,2,3.5,28.2,1,0,0,0
U019123,45,0.273,Jazan,9,1,3.0,29.6,1,1,1,0
U019124,35,0.807,Makkah,1,1,1.7,6.2,0,1,0,1
U019125,45,0.545,Madinah,2,5,3.6,18.9,1,0,1,1
U019126,58,0.219,Northern Borders,8,10,3.9,7.9,1,1,2,1
U019127,29,0.292,Makkah,1,2,2.2,19.9,1,0,2,1
U019128,66,0.488,Tabuk,6,2,5.5,5.5,1,0,0,1
U019129,22,0.788,Hail,7,2,2.6,28.1,0,1,0,1
U019130,30,0.437,Riyadh,0,2,3.3,17.3,1,0,1,0
U019131,27,0.528,Hail,7,1,2.4,10.4,1,0,0,0
U019132,38,0.213,Riyadh,0,2,0.9,32.6,0,0,0,0
U019133,51,0.482,Makkah,1,2,2.0,18.2,1,0,0,1
U019134,51,0.649,Madinah,2,6,2.8,12.2,1,0,0,1
U019135,41,0.715,Riyadh,0,3,0.6,35.1,1,1,1,1
U019136,47,0.473,Riyadh,0,1,2.0,21.8,1,0,0,1
U019137,19,0.623,Makkah,1,2,0.0,14.9,0,0,0,1
U019138,55,0.242,Makkah,1,0,3.9,28.9,1,1,0,0
U019139,49,0.008,Makkah,1,1,2.4,6.6,1,0,2,1
U019140,22,0.354,Makkah,1,3,1.5,10.5,1,1,0,1
U019141,54,0.791,Northern Borders,8,2,0.2,3.8,1,0,2,1
U019142,47,0.393,Jazan,9,1,3.4,51.7,1,0,2,1
U019143,39,0.315,Riyadh,0,0,4.1,6.9,0,1,2,1
U019144,43,0.472,Eastern,4,2,2.1,17.2,0,0,0,0
U019145,39,0.562,Qassim,3,3,0.2,4.6,1,1,3,1
U019146,42,0.487,Riyadh,0,4,3.9,6.7,0,0,0,0
U019147,47,0.679,Tabuk,6,4,2.5,20.2,1,1,0,0
U019148,32,0.94,Riyadh,0,1,1.8,2.9,0,0,0,1
U019149,24,0.802,Riyadh,0,5,0.5,3.6,1,0,0,1
U019150,66,0.758,Makkah,1,2,1.2,1.5,1,0,1,1
U019151,33,0.44,Riyadh,0,3,0.2,46.3,1,1,0,1
U019152,46,0.695,Riyadh,0,2,0.5,26.3,1,1,1,1
U019153,55,0.815,Tabuk,6,3,1.6,24.8,1,1,0,1
U019154,24,0.631,Riyadh,0,3,2.0,6.8,0,0,0,1
U019155,44,0.384,Hail,7,5,3.4,18.8,1,0,0,1
U019156,63,0.599,Qassim,3,7,0.0,7.1,1,1,6,1
U019157,22,0.526,Tabuk,6,3,1.4,41.8,1,1,3,1
U019158,36,0.568,Riyadh,0,5,0.7,7.1,1,1,2,0
U019159,60,0.164,Tabuk,6,0,2.1,23.1,1,1,0,0
U019160,52,0.454,Hail,7,3,3.2,11.5,1,0,0,1
U019161,28,0.315,Eastern,4,3,2.4,6.5,0,0,1,1
U019162,21,0.814,Riyadh,0,4,1.9,12.9,1,1,1,1
U019163,42,0.783,Riyadh,0,4,1.2,63.9,1,1,0,1
U019164,59,0.366,Makkah,1,3,2.1,20.3,1,0,0,0
U019165,22,0.462,Makkah,1,3,2.1,16.3,1,1,0,0
U019166,45,0.269,Riyadh,0,3,2.8,21.8,1,0,0,1
U019167,34,0.477,Riyadh,0,5,1.7,35.7,1,0,0,1
U019168,42,0.117,Eastern,4,2,3.9,85.2,1,1,1,1
U019169,42,0.334,Makkah,1,0,1.4,10.1,1,0,1,1
U019170,47,0.172,Eastern,4,2,3.2,22.8,1,0,0,0
U019171,29,0.793,Eastern,4,4,1.9,10.5,1,0,0,0
U019172,44,0.567,Makkah,1,2,3.0,34.5,1,0,0,1
U019173,57,0.656,Hail,7,4,1.4,54.7,1,0,2,1
U019174,32,0.461,Makkah,1,2,2.4,11.9,1,0,1,0
U019175,58,0.546,Riyadh,0,3,0.6,21.7,1,1,2,1
U019176,63,0.664,Northern Borders,8,6,0.0,9.5,1,1,3,1
U019177,64,0.443,Makkah,1,3,2.2,51.6,1,1,0,0
U019178,29,0.505,Riyadh,0,3,2.0,29.3,1,1,1,1
U019179,62,0.178,Makkah,1,2,2.0,9.3,1,0,1,0
U019180,23,0.616,Riyadh,0,3,4.1,50.0,1,1,0,0
U019181,55,0.403,Riyadh,0,5,2.8,28.2,1,0,1,0
U019182,61,0.389,Eastern,4,2,2.6,11.6,1,0,0,1
U019183,63,0.266,Riyadh,0,0,3.0,5.6,1,0,0,0
U019184,58,0.461,Eastern,4,3,1.1,10.3,1,0,0,1
U019185,37,0.55,Jazan,9,1,5.1,34.6,1,0,1,1
U019186,22,0.381,Makkah,1,5,2.5,3.1,0,0,0,1
U019187,35,0.626,Madinah,2,5,2.4,49.1,1,1,2,1
U019188,34,0.613,Riyadh,0,2,1.7,7.5,1,1,1,1
U019189,34,0.142,Asir,5,1,1.9,31.3,1,0,0,0
U019190,68,0.48,Eastern,4,2,3.0,23.9,1,1,3,1
U019191,27,0.364,Asir,5,3,4.3,11.2,1,0,1,0
U019192,44,0.448,Al Bahah,11,5,3.3,36.4,1,1,0,0
U019193,53,0.115,Riyadh,0,4,2.8,44.1,1,0,0,0
U019194,46,0.545,Eastern,4,4,1.5,39.5,1,1,0,1
U019195,69,0.396,Eastern,4,3,1.5,10.8,1,0,0,1
U019196,52,0.651,Asir,5,3,0.5,31.9,1,0,1,1
U019197,67,0.521,Makkah,1,3,4.7,24.0,1,0,0,1
U019198,41,0.407,Madinah,2,2,3.6,13.2,0,0,0,1
U019199,44,0.922,Asir,5,9,0.0,21.1,0,0,0,1
U019200,60,0.524,Madinah,2,7,1.5,7.1,0,1,1,1
U019201,34,0.619,Tabuk,6,4,1.8,7.7,1,1,0,0
U019202,53,0.098,Makkah,1,0,1.7,21.2,1,1,0,0
U019203,24,0.577,Riyadh,0,1,0.6,22.8,1,0,0,1
U019204,61,0.801,Jazan,9,5,1.4,0.6,0,1,0,1
U019205,56,0.617,Riyadh,0,2,2.0,14.5,1,1,0,1
U019206,67,0.412,Makkah,1,1,4.8,24.1,1,0,0,0
U019207,62,0.071,Hail,7,1,4.4,27.6,0,0,1,0
U019208,66,0.579,Makkah,1,3,1.4,18.6,1,0,1,0
U019209,47,0.841,Madinah,2,1,2.1,16.9,1,1,1,1
U019210,25,0.843,Asir,5,10,1.7,11.9,1,0,1,1
U019211,49,0.438,Asir,5,1,3.1,12.6,1,0,3,0
U019212,55,0.772,Madinah,2,5,1.4,55.6,1,0,0,0
U019213,25,0.68,Al Bahah,11,1,3.3,16.8,1,0,0,1
U019214,51,0.752,Riyadh,0,6,3.4,13.2,1,1,0,1
U019215,54,0.582,Jazan,9,3,1.1,7.4,0,1,3,1
U019216,51,0.244,Makkah,1,5,2.7,12.0,1,1,1,1
U019217,32,0.663,Madinah,2,3,2.1,8.2,1,0,0,0
U019218,41,0.249,Riyadh,0,1,3.2,33.0,1,0,2,0
U019219,23,0.403,Eastern,4,5,2.4,74.3,1,1,0,1
U019220,21,0.402,Makkah,1,6,3.8,29.3,1,1,3,1
U019221,43,0.265,Najran,10,0,2.1,8.1,1,0,0,1
U019222,66,0.236,Asir,5,5,1.4,47.0,1,0,0,0
U019223,58,0.372,Riyadh,0,2,1.9,22.5,0,0,1,0
U019224,22,0.509,Eastern,4,4,4.1,50.3,1,1,1,0
U019225,30,0.706,Asir,5,3,0.0,32.0,1,1,3,1
U019226,47,0.231,Makkah,1,1,3.1,14.2,1,0,1,1
U019227,59,0.662,Al Jawf,12,2,2.2,20.5,1,0,2,1
U019228,31,0.631,Madinah,2,2,1.1,43.5,1,0,1,0
U019229,43,0.966,Riyadh,0,2,0.0,11.2,1,1,1,1
U019230,39,0.422,Asir,5,2,3.4,1.6,1,1,3,1
U019231,43,0.334,Asir,5,0,3.5,8.5,1,0,0,1
U019232,45,0.988,Tabuk,6,2,0.4,30.7,0,0,0,0
U019233,41,0.496,Eastern,4,7,2.3,18.8,1,1,1,1
U019234,29,0.799,Najran,10,1,0.0,28.0,1,1,0,0
U019235,18,0.487,Makkah,1,1,3.9,14.7,1,1,0,0
U019236,23,0.362,Riyadh,0,3,2.1,6.2,0,0,0,0
U019237,46,0.676,Riyadh,0,3,4.5,3.2,1,0,0,1
U019238,46,0.695,Najran,10,2,3.6,26.6,1,1,2,1
U019239,22,0.787,Makkah,1,4,1.9,32.4,0,0,0,1
U019240,69,0.583,Madinah,2,5,1.4,21.4,1,0,1,1
U019241,58,0.863,Makkah,1,2,2.6,17.0,1,1,5,1
U019242,29,0.361,Riyadh,0,2,1.0,15.9,1,1,0,0
U019243,64,0.355,Northern Borders,8,2,1.5,26.3,0,0,0,0
U019244,62,0.613,Makkah,1,2,1.6,9.6,1,0,0,1
U019245,19,0.746,Al Jawf,12,2,1.9,12.1,0,1,1,1
U019246,41,0.424,Makkah,1,3,2.2,14.9,1,1,2,1
U019247,67,0.49,Makkah,1,5,1.3,14.4,0,1,1,1
U019248,55,0.761,Makkah,1,2,1.6,40.4,1,1,1,1
U019249,34,0.597,Madinah,2,1,2.6,20.2,0,0,1,1
U019250,48,0.088,Asir,5,1,4.8,29.8,0,0,1,1
U019251,36,0.781,Tabuk,6,4,1.9,33.7,1,1,0,1
U019252,29,0.481,Riyadh,0,4,2.8,52.4,1,0,1,1
U019253,30,0.568,Madinah,2,3,0.6,8.3,1,0,1,1
U019254,39,0.835,Riyadh,0,5,0.8,29.4,1,1,1,1
U019255,30,0.566,Al Jawf,12,2,0.0,10.1,1,0,0,1
U019256,44,0.323,Qassim,3,0,2.0,40.2,1,0,0,0
U019257,21,0.502,Eastern,4,4,1.0,17.8,1,1,1,0
U019258,28,0.836,Makkah,1,6,2.2,31.5,1,0,1,1
U019259,35,0.117,Eastern,4,3,2.6,27.5,1,1,3,0
U019260,54,0.401,Makkah,1,2,1.8,72.4,1,0,1,0
U019261,66,0.385,Najran,10,2,2.6,33.7,1,0,3,1
U019262,54,0.073,Riyadh,0,4,4.4,54.1,1,0,0,0
U019263,51,0.554,Riyadh,0,2,0.5,15.6,1,0,0,0
U019264,64,0.593,Eastern,4,1,2.4,16.5,1,0,1,0
U019265,41,0.396,Makkah,1,2,2.2,21.1,1,0,0,1
U019266,63,0.706,Riyadh,0,2,0.8,28.5,1,0,0,0
U019267,19,0.384,Qassim,3,2,2.5,20.6,0,1,2,1
U019268,60,0.466,Riyadh,0,1,3.9,26.0,1,0,0,1
U019269,36,0.694,Riyadh,0,4,0.3,23.9,1,1,2,0
U019270,33,0.718,Riyadh,0,5,1.3,15.8,1,0,1,1
U019271,26,0.528,Asir,5,4,0.0,56.9,1,1,2,1
U019272,54,0.572,Riyadh,0,1,2.5,14.5,1,0,2,1
U019273,18,0.385,Makkah,1,4,2.2,45.7,1,0,0,1
U019274,37,0.104,Madinah,2,0,4.5,20.4,0,0,0,1
U019275,28,0.775,Eastern,4,3,0.0,10.2,0,0,0,0
U019276,68,0.859,Eastern,4,6,2.1,52.6,1,0,1,1
U019277,45,0.513,Riyadh,0,4,1.5,35.9,1,0,0,0
U019278,21,0.313,Asir,5,4,2.8,4.1,1,0,1,0
U019279,40,0.435,Eastern,4,5,2.1,14.7,1,1,2,1
U019280,46,0.246,Riyadh,0,1,1.5,4.4,1,0,1,1
U019281,51,0.733,Eastern,4,5,2.7,20.7,1,1,1,1
U019282,37,0.554,Eastern,4,5,2.4,34.2,1,0,0,1
U019283,41,0.558,Madinah,2,1,1.6,40.9,1,1,1,0
U019284,50,0.673,Al Bahah,11,4,1.6,5.7,0,0,1,1
U019285,19,0.407,Makkah,1,4,2.6,28.6,1,0,0,1
U019286,42,0.663,Jazan,9,2,2.6,36.5,1,0,0,1
U019287,24,0.221,Najran,10,3,3.6,11.5,0,1,1,1
U019288,51,0.347,Riyadh,0,2,1.6,16.3,1,1,2,0
U019289,35,0.299,Al Bahah,11,1,1.0,17.2,1,1,3,0
U019290,53,0.224,Asir,5,2,4.4,6.4,0,0,0,1
U019291,51,0.442,Madinah,2,6,0.0,27.4,1,1,0,1
U019292,33,0.23,Eastern,4,1,2.8,4.0,1,0,2,0
U019293,57,0.443,Riyadh,0,2,1.1,28.6,1,1,0,1
U019294,59,0.815,Asir,5,5,1.1,20.1,1,1,1,1
U019295,27,0.759,Makkah,1,6,0.3,48.9,1,1,1,1
U019296,42,0.767,Madinah,2,4,1.0,45.9,1,1,1,1
U019297,45,0.657,Madinah,2,3,0.9,42.1,1,1,0,0
U019298,53,0.216,Madinah,2,1,2.6,10.4,0,0,4,0
U019299,47,0.803,Eastern,4,0,3.9,19.6,1,0,0,1
U019300,41,0.422,Riyadh,0,2,0.6,40.7,1,0,0,0
U019301,46,0.363,Eastern,4,1,1.6,30.9,0,0,0,1
U019302,62,0.071,Asir,5,0,2.9,24.2,0,0,0,0
U019303,31,0.507,Asir,5,3,3.0,37.0,1,0,0,0
U019304,68,0.287,Qassim,3,3,1.2,25.4,1,0,0,0
U019305,67,0.567,Al Bahah,11,5,2.2,46.0,1,0,0,0
U019306,29,0.516,Asir,5,4,0.5,23.1,1,0,2,1
U019307,60,0.887,Riyadh,0,5,0.2,8.6,1,1,1,1
U019308,69,0.407,Eastern,4,4,1.5,35.4,1,0,0,1
U019309,61,0.565,Makkah,1,0,3.2,10.8,0,0,0,0
U019310,36,0.501,Makkah,1,0,2.3,22.8,1,1,2,1
U019311,49,0.42,Makkah,1,0,3.1,8.6,1,0,0,1
U019312,38,0.547,Makkah,1,3,1.8,25.9,1,1,1,1
U019313,23,0.35,Asir,5,0,1.7,31.7,1,0,0,1
U019314,58,0.57,Makkah,1,1,0.8,26.5,1,0,0,0
U019315,31,0.733,Riyadh,0,3,2.1,20.2,1,0,0,1
U019316,43,0.429,Makkah,1,3,2.9,48.3,1,1,0,0
U019317,44,0.37,Eastern,4,1,3.2,2.5,0,0,0,1
U019318,22,0.543,Riyadh,0,10,2.8,8.9,1,1,3,1
U019319,25,0.661,Tabuk,6,3,0.7,14.0,1,0,0,1
U019320,58,0.531,Makkah,1,2,0.5,16.9,1,0,2,1
U019321,51,0.618,Riyadh,0,6,5.5,57.5,1,1,2,0
U019322,32,0.755,Eastern,4,8,2.3,35.5,1,1,1,1
U019323,33,0.704,Makkah,1,2,5.0,11.0,1,0,2,0
U019324,36,0.461,Makkah,1,4,1.7,53.7,1,0,0,1
U019325,40,0.624,Jazan,9,7,1.8,51.4,1,1,1,1
U019326,48,0.454,Asir,5,5,2.1,26.7,1,1,2,1
U019327,59,0.237,Riyadh,0,1,2.2,11.5,1,0,0,0
U019328,68,0.614,Riyadh,0,3,1.8,67.7,1,1,0,0
U019329,59,0.225,Eastern,4,3,4.1,26.3,0,1,2,1
U019330,59,0.586,Makkah,1,2,0.0,4.1,1,0,1,1
U019331,57,0.593,Jazan,9,1,2.8,11.0,1,0,2,1
U019332,61,0.378,Al Jawf,12,4,1.9,30.1,1,1,3,0
U019333,46,0.626,Riyadh,0,6,0.6,2.5,1,1,1,1
U019334,67,0.66,Makkah,1,5,0.3,25.5,1,0,2,1
U019335,61,0.677,Makkah,1,3,3.1,2.3,0,1,2,1
U019336,44,0.396,Al Bahah,11,5,3.7,28.5,1,1,0,1
U019337,43,0.51,Jazan,9,5,0.0,57.0,1,1,1,1
U019338,20,0.394,Riyadh,0,3,2.7,8.5,1,0,1,0
U019339,68,0.657,Eastern,4,4,1.5,23.0,0,1,1,1
U019340,67,0.668,Makkah,1,2,1.3,9.7,1,1,1,1
U019341,45,0.512,Jazan,9,3,1.9,28.9,1,1,0,0
U019342,43,0.69,Eastern,4,3,2.6,30.1,1,1,0,1
U019343,45,0.18,Makkah,1,1,2.7,31.9,1,1,2,0
U019344,37,0.193,Asir,5,1,1.9,23.0,1,0,0,1
U019345,49,0.37,Riyadh,0,0,2.0,27.1,1,0,1,0
U019346,67,0.318,Qassim,3,2,1.5,17.8,0,0,0,1
U019347,57,0.687,Riyadh,0,4,1.4,22.3,1,0,1,1
U019348,61,0.742,Madinah,2,7,2.1,70.8,1,0,1,0
U019349,30,0.505,Riyadh,0,7,1.9,38.6,1,1,1,0
U019350,25,0.289,Riyadh,0,3,2.6,26.5,1,0,1,1
U019351,38,0.63,Makkah,1,0,0.4,8.8,1,0,1,1
U019352,44,0.577,Riyadh,0,2,0.8,36.0,1,0,1,0
U019353,59,0.473,Makkah,1,1,1.4,31.0,1,0,0,0
U019354,45,0.674,Eastern,4,4,0.8,43.0,1,0,0,0
U019355,66,0.86,Makkah,1,0,1.3,31.6,1,1,2,1
U019356,46,0.793,Riyadh,0,5,2.4,0.9,1,1,1,1
U019357,50,0.367,Najran,10,1,2.7,32.9,1,1,1,0
U019358,48,0.382,Madinah,2,2,3.8,13.1,1,1,2,1
U019359,54,0.878,Riyadh,0,3,0.0,35.0,1,0,0,1
U019360,38,0.422,Hail,7,2,1.2,6.2,1,1,1,0
U019361,28,0.395,Makkah,1,4,2.4,13.0,1,1,1,0
U019362,53,0.767,Makkah,1,4,0.9,32.7,1,0,3,1
U019363,46,0.822,Makkah,1,9,1.4,24.5,1,1,0,1
U019364,64,0.663,Riyadh,0,3,1.5,16.4,0,0,1,1
U019365,59,0.872,Makkah,1,3,1.0,11.3,1,1,2,1
U019366,23,0.227,Northern Borders,8,4,3.4,13.0,0,0,0,0
U019367,52,0.753,Eastern,4,6,0.5,9.9,1,1,0,1
U019368,59,0.327,Makkah,1,1,2.2,10.0,1,0,0,0
U019369,67,0.433,Madinah,2,5,1.8,22.7,1,0,0,0
U019370,27,0.461,Qassim,3,3,2.9,12.6,0,0,2,0
U019371,57,0.529,Qassim,3,3,1.3,4.0,1,0,0,1
U019372,63,0.679,Qassim,3,4,0.0,8.7,1,1,1,0
U019373,57,0.911,Makkah,1,7,1.7,50.3,1,1,3,1
U019374,68,0.742,Riyadh,0,4,1.3,15.5,0,0,1,1
U019375,26,0.683,Riyadh,0,6,1.7,17.4,0,1,1,1
U019376,23,0.542,Asir,5,4,2.7,28.6,1,1,1,1
U019377,46,0.606,Eastern,4,4,2.4,17.2,1,1,2,1
U019378,68,0.755,Riyadh,0,3,1.1,13.6,1,0,1,1
U019379,29,0.454,Makkah,1,2,2.3,4.1,1,1,0,1
U019380,28,0.274,Qassim,3,3,2.8,11.1,0,0,0,0
U019381,25,0.699,Makkah,1,7,2.3,60.1,1,0,1,0
U019382,35,0.452,Al Bahah,11,1,0.7,12.1,1,0,0,0
U019383,64,0.304,Makkah,1,5,1.5,4.2,0,1,1,1
U019384,35,0.253,Makkah,1,3,3.3,33.0,1,0,0,1
U019385,52,0.22,Qassim,3,2,2.3,8.5,0,0,0,0
U019386,49,0.511,Riyadh,0,1,2.2,19.3,0,0,0,0
U019387,22,0.275,Asir,5,5,1.2,23.6,1,0,1,1
U019388,19,0.119,Tabuk,6,3,3.3,4.5,1,1,1,0
U019389,50,0.074,Madinah,2,0,2.3,39.6,0,0,0,0
U019390,27,0.632,Hail,7,0,3.7,19.5,0,0,0,1
U019391,54,0.647,Jazan,9,3,0.7,20.0,1,0,1,1
U019392,48,0.401,Riyadh,0,4,2.4,22.3,1,1,0,1
U019393,44,0.353,Qassim,3,4,2.3,22.2,0,0,0,0
U019394,64,0.434,Riyadh,0,4,2.4,9.5,0,0,0,1
U019395,28,0.133,Qassim,3,1,1.1,18.3,1,0,1,1
U019396,25,0.676,Eastern,4,2,2.0,53.8,1,0,1,0
U019397,41,0.296,Hail,7,1,2.9,19.3,0,0,1,0
U019398,46,0.221,Eastern,4,5,2.6,30.8,1,0,1,1
U019399,27,0.121,Riyadh,0,3,4.0,22.9,1,0,0,1
U019400,53,0.119,Riyadh,0,3,3.1,15.8,0,1,1,0
U019401,45,0.635,Al Bahah,11,3,3.9,24.6,1,0,0,1
U019402,55,0.217,Makkah,1,2,4.7,63.1,1,0,0,0
U019403,41,0.541,Makkah,1,3,0.7,24.5,0,0,0,0
U019404,46,0.189,Riyadh,0,2,2.3,2.9,1,1,2,1
U019405,26,0.366,Riyadh,0,3,1.7,4.6,1,0,0,1
U019406,57,0.278,Asir,5,5,3.6,32.3,1,1,1,0
U019407,48,0.922,Jazan,9,3,0.4,56.6,1,1,1,0
U019408,61,0.243,Eastern,4,3,1.3,11.4,1,0,1,1
U019409,64,0.648,Makkah,1,3,2.2,97.0,1,1,3,1
U019410,58,0.55,Jazan,9,2,2.8,5.7,1,1,0,1
U019411,26,0.427,Riyadh,0,1,3.3,11.0,0,0,0,1
U019412,41,0.52,Riyadh,0,0,2.6,8.0,0,1,3,0
U019413,62,0.73,Makkah,1,4,3.0,23.2,1,0,0,0
U019414,37,0.55,Najran,10,1,2.6,45.8,1,0,1,0
U019415,37,0.373,Eastern,4,3,1.1,13.3,1,0,0,0
U019416,66,0.106,Madinah,2,2,1.2,11.1,1,0,0,0
U019417,69,0.657,Riyadh,0,5,1.2,22.6,0,1,1,1
U019418,24,0.527,Riyadh,0,2,0.4,8.9,0,0,1,0
U019419,68,0.594,Northern Borders,8,0,0.2,28.7,0,0,0,0
U019420,33,0.311,Asir,5,2,2.7,32.2,1,1,1,0
U019421,44,0.498,Eastern,4,5,1.5,11.1,1,0,2,1
U019422,18,0.385,Riyadh,0,2,2.1,10.6,1,0,0,1
U019423,55,0.648,Eastern,4,5,0.0,7.1,1,1,2,1
U019424,24,0.353,Eastern,4,3,2.6,26.6,1,1,0,0
U019425,43,0.471,Riyadh,0,5,1.2,9.4,0,0,0,1
U019426,18,0.203,Eastern,4,1,1.3,33.9,1,0,1,1
U019427,51,0.465,Riyadh,0,4,1.4,19.6,1,1,1,0
U019428,24,0.595,Makkah,1,2,2.7,13.4,1,1,1,1
U019429,24,0.345,Makkah,1,2,3.0,18.5,1,0,1,0
U019430,64,0.828,Riyadh,0,6,0.9,10.3,1,0,1,1
U019431,67,0.208,Makkah,1,1,2.9,56.2,1,0,0,1
U019432,50,0.252,Makkah,1,3,1.2,40.6,0,0,0,0
U019433,25,0.135,Makkah,1,1,0.3,5.8,0,0,0,1
U019434,31,0.489,Riyadh,0,1,2.7,49.4,1,1,3,1
U019435,44,0.462,Riyadh,0,3,3.5,30.0,1,1,0,1
U019436,61,0.525,Al Jawf,12,8,0.0,42.4,0,1,1,1
U019437,63,0.511,Eastern,4,2,0.4,8.1,1,0,0,0
U019438,53,0.462,Riyadh,0,2,1.4,27.0,1,1,1,1
U019439,40,0.479,Eastern,4,0,2.2,17.8,1,1,2,0
U019440,42,0.514,Riyadh,0,3,0.8,24.3,1,1,2,0
U019441,55,0.578,Riyadh,0,4,1.8,44.5,1,0,1,1
U019442,41,0.533,Makkah,1,3,1.6,4.8,1,0,1,0
U019443,31,0.865,Madinah,2,3,0.0,10.3,1,1,0,1
U019444,50,0.251,Eastern,4,5,3.5,54.2,1,0,1,0
U019445,31,0.347,Al Bahah,11,4,2.7,35.4,0,0,2,0
U019446,56,0.596,Makkah,1,1,0.7,45.6,1,1,0,1
U019447,35,0.099,Makkah,1,1,3.8,51.1,1,0,0,0
U019448,65,0.567,Riyadh,0,2,2.7,7.9,0,1,1,0
U019449,51,0.599,Riyadh,0,3,2.3,78.4,1,1,1,0
U019450,61,0.836,Asir,5,0,0.9,60.1,1,1,0,0
U019451,53,0.56,Madinah,2,5,0.0,9.6,1,0,2,0
U019452,46,0.717,Makkah,1,3,0.1,10.1,1,1,0,1
U019453,54,0.594,Riyadh,0,1,1.6,40.1,1,0,0,0
U019454,42,0.398,Qassim,3,1,1.1,7.2,0,0,1,1
U019455,23,0.32,Riyadh,0,3,3.3,23.1,1,0,1,1
U019456,27,0.376,Riyadh,0,2,1.6,30.3,1,1,1,0
U019457,64,0.759,Tabuk,6,3,0.7,62.4,1,1,0,1
U019458,50,0.624,Riyadh,0,4,0.1,5.8,1,1,1,1
U019459,30,0.765,Eastern,4,4,2.3,29.8,1,0,0,1
U019460,30,0.364,Hail,7,4,1.7,12.1,1,0,1,0
U019461,53,0.438,Northern Borders,8,4,0.0,31.9,1,1,0,0
U019462,44,0.434,Eastern,4,2,1.4,29.5,1,0,0,0
U019463,23,0.425,Riyadh,0,1,1.0,25.0,1,0,0,1
U019464,53,0.391,Makkah,1,2,1.1,22.2,1,0,0,1
U019465,43,0.324,Makkah,1,5,2.5,21.5,1,0,1,0
U019466,69,0.629,Madinah,2,3,0.2,19.4,0,1,0,1
U019467,23,0.796,Riyadh,0,3,0.3,1.7,1,0,0,0
U019468,69,0.395,Riyadh,0,3,2.2,8.0,1,1,4,0
U019469,45,0.357,Makkah,1,2,2.9,28.8,1,1,2,0
U019470,23,0.35,Riyadh,0,3,4.2,42.9,1,0,0,0
U019471,27,0.189,Eastern,4,1,2.8,19.4,1,0,1,0
U019472,55,0.533,Makkah,1,4,2.2,44.4,1,0,0,1
U019473,48,0.361,Madinah,2,3,1.0,36.7,0,0,0,1
U019474,25,0.479,Eastern,4,1,1.4,35.5,1,0,0,0
U019475,23,0.485,Northern Borders,8,2,2.2,14.0,1,1,0,0
U019476,57,0.105,Asir,5,2,2.6,19.5,1,0,0,1
U019477,42,0.919,Eastern,4,7,0.9,6.3,0,1,1,1
U019478,49,0.871,Al Jawf,12,2,1.6,13.8,0,1,0,0
U019479,43,0.766,Riyadh,0,4,0.7,17.2,1,1,3,1
U019480,65,0.093,Makkah,1,4,3.7,21.2,0,0,0,1
U019481,38,0.516,Riyadh,0,4,2.2,17.7,1,0,0,0
U019482,42,0.065,Makkah,1,1,3.2,4.9,1,1,2,0
U019483,30,0.404,Makkah,1,3,2.2,35.1,1,0,0,0
U019484,18,0.418,Riyadh,0,2,3.3,32.9,0,1,0,0
U019485,40,0.753,Makkah,1,5,1.6,31.8,1,1,1,1
U019486,63,0.377,Hail,7,2,3.5,20.0,0,0,1,0
U019487,60,0.053,Makkah,1,2,3.9,26.5,1,1,1,0
U019488,19,0.594,Eastern,4,3,0.4,9.0,0,0,1,1
U019489,66,0.432,Tabuk,6,1,2.3,41.8,1,0,0,0
U019490,61,0.588,Qassim,3,2,1.9,34.2,1,0,0,0
U019491,63,0.371,Tabuk,6,5,2.7,5.9,0,1,1,0
U019492,69,0.596,Riyadh,0,0,3.5,18.8,1,1,1,1
U019493,36,0.791,Eastern,4,3,0.0,12.2,0,1,1,1
U019494,51,0.266,Riyadh,0,1,2.2,16.5,1,0,3,0
U019495,52,0.235,Qassim,3,1,1.0,15.1,0,0,1,0
U019496,53,0.203,Hail,7,0,0.9,12.8,1,0,0,1
U019497,25,0.869,Jazan,9,7,2.3,28.0,0,1,0,1
U019498,38,0.119,Riyadh,0,1,0.9,43.0,1,0,2,0
U019499,57,0.544,Makkah,1,5,3.7,28.0,1,1,1,0
U019500,57,0.647,Riyadh,0,6,2.3,29.0,1,1,1,1
U019501,67,0.291,Eastern,4,2,1.9,56.1,1,0,0,1
U019502,47,0.227,Tabuk,6,3,1.9,44.9,1,0,1,0
U019503,54,0.469,Riyadh,0,2,1.7,9.2,1,0,0,0
U019504,64,0.281,Asir,5,1,2.2,13.6,1,0,2,0
U019505,48,0.303,Qassim,3,2,3.7,31.7,1,0,1,0
U019506,60,0.525,Makkah,1,0,2.3,10.2,1,0,1,1
U019507,49,0.629,Eastern,4,4,1.9,35.0,1,1,1,1
U019508,29,0.763,Madinah,2,4,1.0,13.6,1,1,1,1
U019509,61,0.462,Madinah,2,1,2.1,7.6,0,0,0,0
U019510,38,0.543,Makkah,1,3,1.7,26.1,1,0,0,1
U019511,32,0.655,Makkah,1,3,1.0,2.2,1,1,1,1
U019512,43,0.106,Makkah,1,2,3.4,0.5,1,1,0,1
U019513,27,0.117,Qassim,3,0,4.5,5.2,1,0,1,0
U019514,30,0.149,Makkah,1,2,2.9,6.3,0,0,0,0
U019515,38,0.424,Tabuk,6,2,3.5,38.7,1,0,0,1
U019516,67,0.394,Madinah,2,3,3.3,12.5,1,1,1,1
U019517,29,0.665,Makkah,1,4,1.5,38.0,1,0,0,0
U019518,69,0.895,Asir,5,3,0.0,16.4,1,0,0,0
U019519,40,0.508,Eastern,4,3,2.1,39.4,1,0,0,0
U019520,58,0.533,Madinah,2,3,3.6,13.9,1,0,0,1
U019521,38,0.57,Riyadh,0,3,2.3,17.8,1,1,0,0
U019522,50,0.332,Makkah,1,2,0.0,32.3,1,0,0,0
U019523,49,0.584,Eastern,4,6,0.7,27.7,1,1,0,1
U019524,64,0.313,Makkah,1,4,1.7,20.4,0,0,0,1
U019525,37,0.581,Makkah,1,4,0.2,5.7,1,1,2,0
U019526,66,0.631,Makkah,1,4,1.8,4.2,1,0,2,1
U019527,48,0.271,Eastern,4,1,2.9,12.8,1,0,1,1
U019528,41,0.804,Eastern,4,3,0.9,10.2,1,1,1,0
U019529,49,0.351,Jazan,9,1,2.4,63.2,1,0,0,1
U019530,18,0.42,Makkah,1,8,3.4,23.4,1,0,0,0
U019531,61,0.733,Tabuk,6,8,0.0,14.8,1,1,0,1
U019532,31,0.658,Riyadh,0,3,0.9,52.7,1,0,0,0
U019533,48,0.486,Makkah,1,1,0.6,31.6,1,0,0,0
U019534,27,0.792,Makkah,1,5,1.0,24.0,1,1,0,1
U019535,30,0.603,Jazan,9,3,0.7,8.0,1,1,2,1
U019536,35,0.244,Eastern,4,1,2.3,11.7,1,0,0,1
U019537,40,0.691,Asir,5,6,1.7,14.2,0,0,0,1
U019538,18,0.425,Tabuk,6,2,4.2,5.3,1,1,1,0
U019539,66,0.248,Riyadh,0,2,3.1,14.2,0,0,0,0
U019540,35,0.307,Eastern,4,4,1.8,8.8,1,0,1,1
U019541,68,0.737,Eastern,4,6,1.9,53.1,0,1,2,1
U019542,55,0.469,Eastern,4,5,4.3,71.3,1,1,1,1
U019543,54,0.464,Makkah,1,4,1.6,42.6,1,1,1,1
U019544,59,0.457,Al Jawf,12,8,0.5,12.5,1,1,0,1
U019545,62,0.668,Riyadh,0,2,5.2,11.1,1,1,1,0
U019546,35,0.591,Eastern,4,3,3.9,1.5,1,1,1,1
U019547,55,0.356,Eastern,4,4,1.4,42.8,1,0,0,0
U019548,19,0.635,Al Jawf,12,6,3.8,21.6,1,1,1,1
U019549,44,0.699,Makkah,1,5,0.7,59.4,1,1,1,1
U019550,26,0.199,Makkah,1,2,0.1,56.9,1,0,0,0
U019551,22,0.242,Madinah,2,3,0.6,2.7,1,0,0,0
U019552,40,0.46,Riyadh,0,3,1.7,29.4,1,0,0,1
U019553,63,0.646,Riyadh,0,3,1.1,7.7,1,0,0,1
U019554,50,0.125,Makkah,1,5,2.9,52.1,1,0,0,0
U019555,44,0.668,Makkah,1,4,2.8,23.9,1,1,0,0
U019556,35,0.537,Makkah,1,3,2.4,19.0,0,0,2,1
U019557,45,0.311,Qassim,3,2,3.4,59.6,1,1,1,0
U019558,53,0.609,Makkah,1,2,1.3,26.6,1,1,1,0
U019559,49,0.709,Northern Borders,8,3,2.5,7.7,1,1,0,1
U019560,24,0.608,Asir,5,4,1.4,15.9,1,1,0,0
U019561,22,0.728,Makkah,1,0,2.2,35.6,1,1,0,1
U019562,59,0.588,Eastern,4,5,1.7,35.2,1,1,1,1
U019563,53,0.255,Tabuk,6,2,3.2,24.1,1,0,3,0
U019564,35,0.96,Al Bahah,11,6,2.5,42.4,1,1,0,1
U019565,47,0.369,Tabuk,6,4,2.7,56.9,1,0,2,0
U019566,34,0.324,Eastern,4,3,2.0,27.3,1,1,0,0
U019567,68,0.338,Northern Borders,8,2,1.9,8.0,0,0,1,1
U019568,54,0.69,Riyadh,0,1,0.0,28.0,1,1,2,0
U019569,52,0.569,Riyadh,0,3,2.5,37.8,0,1,0,1
U019570,51,0.805,Jazan,9,3,4.0,55.7,0,0,0,0
U019571,26,0.719,Riyadh,0,6,1.0,7.2,1,1,1,1
U019572,35,0.166,Madinah,2,2,4.2,32.6,1,1,0,0
U019573,37,0.706,Jazan,9,5,0.0,38.2,1,0,1,1
U019574,27,0.522,Madinah,2,2,3.6,12.0,1,0,1,1
U019575,28,0.346,Tabuk,6,2,2.3,4.5,0,0,0,1
U019576,64,0.221,Makkah,1,1,2.0,16.1,1,0,2,0
U019577,30,0.68,Jazan,9,3,1.9,9.7,1,0,0,1
U019578,32,0.493,Riyadh,0,4,0.0,35.6,1,1,0,1
U019579,52,0.435,Jazan,9,4,3.7,10.0,0,0,0,1
U019580,64,0.353,Eastern,4,2,2.5,36.4,1,0,1,1
U019581,31,0.621,Makkah,1,4,3.3,11.0,0,0,0,0
U019582,27,0.134,Riyadh,0,3,2.2,12.8,1,0,1,1
U019583,56,0.03,Madinah,2,0,2.2,35.0,1,0,1,0
U019584,27,0.099,Makkah,1,3,3.9,64.4,1,0,2,0
U019585,23,0.499,Makkah,1,5,1.0,21.2,1,0,0,1
U019586,52,0.278,Eastern,4,2,1.8,6.0,0,1,1,0
U019587,63,0.049,Madinah,2,0,3.9,85.8,1,0,0,1
U019588,29,0.693,Eastern,4,4,0.0,7.8,1,0,2,1
U019589,33,0.407,Eastern,4,3,2.3,8.4,0,0,0,1
U019590,57,0.928,Makkah,1,9,0.5,18.9,1,1,1,1
U019591,51,0.381,Riyadh,0,3,2.3,18.3,1,0,0,0
U019592,27,0.301,Riyadh,0,3,1.3,7.4,0,0,1,1
U019593,68,0.295,Qassim,3,2,2.4,15.1,1,1,2,1
U019594,59,0.655,Al Bahah,11,3,3.8,7.7,1,0,0,1
U019595,37,0.465,Asir,5,4,2.4,37.1,1,0,1,0
U019596,27,0.016,Eastern,4,3,4.3,25.2,1,0,0,0
U019597,38,0.826,Riyadh,0,6,0.0,18.6,1,0,0,1
U019598,65,0.668,Riyadh,0,4,3.2,23.0,1,1,1,1
U019599,52,0.394,Eastern,4,1,2.3,41.3,1,1,1,1
U019600,32,0.618,Jazan,9,5,1.7,31.2,1,1,3,1
U019601,19,0.477,Eastern,4,3,1.2,36.3,1,0,1,1
U019602,44,0.747,Makkah,1,4,1.4,28.4,0,1,0,0
U019603,56,0.8,Asir,5,4,0.8,31.9,1,1,0,0
U019604,55,0.819,Eastern,4,7,1.4,25.5,1,1,0,1
U019605,62,0.695,Asir,5,5,3.7,17.2,0,0,0,1
U019606,68,0.538,Makkah,1,5,2.1,22.0,1,0,1,1
U019607,18,0.398,Makkah,1,2,3.0,25.4,0,1,3,1
U019608,25,0.766,Eastern,4,7,1.6,5.5,0,1,0,1
U019609,57,0.302,Eastern,4,2,1.9,27.2,1,0,0,1
U019610,39,0.541,Asir,5,6,1.5,36.6,1,0,0,1
U019611,31,0.138,Makkah,1,0,1.8,23.7,1,0,2,0
U019612,24,0.843,Eastern,4,3,0.2,32.4,1,1,0,1
U019613,52,0.273,Qassim,3,0,3.2,14.3,1,0,1,0
U019614,24,0.563,Northern Borders,8,3,1.4,43.6,1,1,1,0
U019615,29,0.831,Makkah,1,5,0.0,54.8,1,1,1,1
U019616,57,0.372,Riyadh,0,0,1.8,20.1,1,0,1,1
U019617,41,0.482,Riyadh,0,5,1.2,12.4,0,0,0,1
U019618,54,0.71,Madinah,2,0,0.4,33.4,1,0,0,1
U019619,68,0.104,Riyadh,0,3,3.1,41.7,1,1,1,0
U019620,52,0.282,Riyadh,0,3,3.1,30.7,1,1,1,0
U019621,30,0.341,Jazan,9,0,2.4,65.8,1,0,0,0
U019622,25,0.903,Eastern,4,7,0.0,15.6,0,1,0,1
U019623,47,0.382,Al Jawf,12,2,1.1,44.3,0,1,0,0
U019624,51,0.58,Al Jawf,12,4,4.4,24.9,1,0,0,0
U019625,38,0.576,Eastern,4,3,2.6,15.6,1,0,2,1
U019626,48,0.19,Hail,7,1,2.9,74.3,1,0,1,1
U019627,68,0.61,Al Bahah,11,2,0.0,11.1,1,0,1,1
U019628,25,0.578,Qassim,3,3,2.5,11.9,1,1,2,0
U019629,26,0.715,Jazan,9,6,1.7,12.4,1,1,0,1
U019630,51,0.272,Riyadh,0,1,0.5,41.8,0,1,2,0
U019631,26,0.208,Eastern,4,1,6.1,15.6,1,0,0,0
U019632,63,0.814,Northern Borders,8,4,1.5,26.9,1,1,0,1
U019633,46,0.076,Eastern,4,1,1.0,19.0,0,0,1,0
U019634,65,0.658,Eastern,4,6,2.2,33.6,0,1,0,0
U019635,32,0.67,Riyadh,0,2,0.5,16.7,1,1,0,0
U019636,44,0.41,Jazan,9,3,2.2,4.8,1,1,1,0
U019637,42,0.581,Riyadh,0,5,2.9,52.2,1,0,0,1
U019638,41,0.426,Eastern,4,3,0.0,21.1,1,0,0,0
U019639,29,0.342,Eastern,4,1,1.5,15.2,0,0,0,0
U019640,67,0.312,Hail,7,3,1.4,13.7,1,0,0,1
U019641,27,0.622,Riyadh,0,3,1.3,35.7,1,1,0,1
U019642,41,0.811,Madinah,2,1,2.4,19.4,1,1,0,1
U019643,31,0.661,Makkah,1,3,0.8,35.8,1,0,0,1
U019644,48,0.64,Asir,5,5,4.2,24.1,1,0,0,1
U019645,68,0.526,Makkah,1,2,2.4,11.2,1,1,0,0
U019646,34,0.552,Makkah,1,4,2.2,22.5,0,1,1,0
U019647,33,0.535,Hail,7,4,3.5,46.8,1,1,2,1
U019648,68,0.741,Makkah,1,2,0.8,14.2,0,0,1,0
U019649,64,0.762,Makkah,1,7,1.1,24.3,0,1,0,0
U019650,28,0.871,Riyadh,0,5,0.0,61.6,1,1,1,1
U019651,39,0.656,Tabuk,6,3,2.6,24.4,1,1,2,1
U019652,55,0.778,Madinah,2,1,0.5,21.0,1,0,0,0
U019653,49,0.272,Makkah,1,3,2.8,7.2,1,0,1,0
U019654,22,0.831,Riyadh,0,5,0.0,44.2,1,0,0,1
U019655,38,0.395,Riyadh,0,3,3.4,30.6,0,0,0,0
U019656,28,0.764,Jazan,9,4,3.1,12.3,1,1,3,1
U019657,69,0.747,Makkah,1,7,1.3,4.1,1,0,1,1
U019658,22,0.587,Eastern,4,1,0.9,36.2,0,0,2,1
U019659,37,0.504,Eastern,4,2,1.0,7.6,1,0,1,1
U019660,36,0.157,Makkah,1,2,2.0,7.1,0,0,0,0
U019661,68,0.039,Najran,10,2,3.2,11.3,1,0,0,0
U019662,49,0.085,Eastern,4,0,2.1,30.7,1,0,0,0
U019663,56,0.359,Eastern,4,6,3.2,37.5,0,0,0,0
U019664,23,0.162,Eastern,4,3,2.6,22.7,0,0,1,1
U019665,50,0.678,Jazan,9,3,0.8,7.8,1,1,2,0
U019666,37,0.263,Al Jawf,12,1,1.2,7.6,1,0,0,1
U019667,67,0.438,Riyadh,0,4,1.2,35.7,0,1,3,1
U019668,53,0.46,Eastern,4,5,1.1,38.8,0,1,2,1
U019669,58,0.422,Eastern,4,0,3.6,40.1,0,1,0,1
U019670,57,0.987,Northern Borders,8,4,1.7,12.0,1,1,0,0
U019671,28,0.495,Makkah,1,6,1.7,11.1,1,1,2,0
U019672,59,0.118,Makkah,1,1,2.3,22.8,0,0,0,0
U019673,59,0.764,Hail,7,4,0.0,37.2,1,1,0,1
U019674,21,0.734,Riyadh,0,5,1.7,70.5,1,1,1,0
U019675,66,0.739,Eastern,4,1,3.9,36.0,1,1,0,1
U019676,22,0.608,Northern Borders,8,2,1.0,12.7,1,1,2,1
U019677,58,0.652,Qassim,3,1,1.3,8.4,1,1,3,1
U019678,41,0.58,Riyadh,0,4,0.6,34.9,1,1,2,1
U019679,34,0.476,Qassim,3,4,3.5,40.6,1,1,3,0
U019680,43,0.572,Asir,5,2,0.4,13.9,0,1,2,0
U019681,50,0.9,Makkah,1,5,1.1,49.9,1,1,1,1
U019682,37,0.595,Makkah,1,3,0.0,41.1,1,1,1,1
U019683,31,0.634,Makkah,1,3,1.4,1.8,1,1,2,1
U019684,43,0.39,Riyadh,0,3,2.5,28.6,1,1,2,0
U019685,44,0.94,Riyadh,0,4,0.5,13.3,1,1,1,1
U019686,38,0.745,Hail,7,2,1.9,16.4,1,1,0,0
U019687,24,0.078,Riyadh,0,0,2.6,13.1,1,0,2,0
U019688,63,0.475,Eastern,4,4,4.1,21.2,1,1,1,0
U019689,39,0.322,Riyadh,0,3,2.2,29.4,1,1,1,0
U019690,63,0.394,Eastern,4,3,0.7,36.0,1,0,2,0
U019691,22,0.372,Riyadh,0,2,2.4,7.3,1,0,0,1
U019692,25,0.525,Makkah,1,5,1.0,14.5,0,0,2,0
U019693,23,0.587,Eastern,4,2,2.0,8.1,1,1,1,0
U019694,50,0.637,Makkah,1,3,4.0,31.1,0,0,0,1
U019695,25,0.045,Riyadh,0,1,3.6,6.6,1,0,0,1
U019696,31,0.748,Qassim,3,5,3.0,12.2,1,0,0,1
U019697,18,0.77,Eastern,4,5,2.0,52.8,1,1,0,0
U019698,35,0.855,Eastern,4,7,1.5,7.0,1,1,2,1
U019699,51,0.478,Makkah,1,2,3.1,31.8,1,1,2,0
U019700,32,0.361,Riyadh,0,5,3.5,37.3,0,0,1,0
U019701,65,0.585,Madinah,2,7,1.5,36.4,1,0,0,0
U019702,22,0.58,Makkah,1,3,3.6,22.8,0,0,2,1
U019703,67,0.721,Tabuk,6,6,3.5,4.5,0,1,0,1
U019704,46,0.395,Al Bahah,11,2,1.4,14.4,1,1,2,1
U019705,35,0.557,Asir,5,3,0.0,17.9,1,1,3,0
U019706,46,0.604,Madinah,2,3,2.4,15.9,1,1,2,0
U019707,46,0.677,Makkah,1,4,1.8,24.9,1,1,0,1
U019708,23,0.563,Jazan,9,6,2.7,34.6,1,0,0,1
U019709,43,0.859,Al Bahah,11,2,2.0,12.7,1,0,0,0
U019710,45,0.248,Makkah,1,3,3.0,25.2,1,0,0,1
U019711,47,0.583,Eastern,4,2,1.1,12.7,1,1,3,0
U019712,30,0.516,Jazan,9,2,1.2,20.5,1,0,0,1
U019713,27,0.79,Riyadh,0,1,0.0,33.2,1,1,0,1
U019714,35,0.611,Madinah,2,4,0.5,17.5,0,0,0,1
U019715,50,0.047,Eastern,4,1,2.8,8.9,1,0,1,0
U019716,51,0.896,Makkah,1,2,0.6,27.2,1,0,0,1
U019717,35,0.831,Riyadh,0,3,1.5,16.8,1,1,2,1
U019718,35,0.3,Najran,10,1,3.8,17.4,0,0,1,1
U019719,45,0.226,Jazan,9,4,0.0,16.3,1,0,1,1
U019720,26,0.452,Riyadh,0,1,2.6,19.8,1,1,2,1
U019721,36,0.612,Makkah,1,4,2.0,35.2,0,1,0,0
U019722,67,0.654,Riyadh,0,2,1.9,35.5,1,1,1,1
U019723,21,0.452,Eastern,4,2,0.7,2.3,0,0,1,1
U019724,29,0.513,Al Jawf,12,2,3.3,26.1,1,0,1,1
U019725,67,0.255,Makkah,1,3,1.2,9.1,1,0,1,1
U019726,51,0.522,Asir,5,2,1.0,9.4,0,1,0,1
U019727,42,0.859,Makkah,1,0,0.7,56.2,1,0,1,1
U019728,38,0.601,Qassim,3,2,0.9,21.1,1,1,1,1
U019729,64,0.578,Riyadh,0,3,1.4,43.4,0,0,0,0
U019730,61,0.335,Eastern,4,0,3.4,14.5,0,1,3,1
U019731,23,0.56,Riyadh,0,1,2.1,5.5,1,1,1,1
U019732,43,0.805,Riyadh,0,6,0.1,2.6,1,1,0,1
U019733,57,0.664,Riyadh,0,3,1.0,18.5,1,1,1,1
U019734,38,0.97,Riyadh,0,1,0.8,36.5,1,1,2,1
U019735,29,0.426,Al Bahah,11,4,2.9,12.8,1,0,1,0
U019736,66,0.201,Riyadh,0,1,4.0,13.3,1,0,2,0
U019737,51,0.408,Madinah,2,5,2.2,35.2,1,0,0,0
U019738,35,0.911,Qassim,3,6,2.9,34.9,1,0,0,1
U019739,52,0.76,Eastern,4,2,0.6,45.4,1,1,2,1
U019740,19,0.362,Madinah,2,6,2.7,2.2,0,1,1,0
U019741,66,0.228,Riyadh,0,1,3.0,31.7,1,1,0,1
U019742,55,0.16,Eastern,4,1,2.5,29.7,0,0,3,0
U019743,36,0.386,Riyadh,0,2,4.1,22.8,1,0,1,1
U019744,48,0.499,Madinah,2,1,2.0,27.5,1,0,2,0
U019745,61,0.108,Riyadh,0,1,3.0,14.7,1,0,0,1
U019746,67,0.273,Makkah,1,2,2.2,18.1,0,0,0,0
U019747,58,0.104,Eastern,4,1,2.7,32.8,1,0,0,1
U019748,29,0.944,Makkah,1,5,0.1,1.3,1,0,1,1
U019749,52,0.439,Eastern,4,0,1.5,18.4,1,0,0,0
U019750,38,0.482,Eastern,4,4,0.1,9.7,0,0,0,1
U019751,46,0.322,Eastern,4,1,2.0,14.1,1,1,1,1
U019752,30,0.225,Asir,5,1,1.7,14.8,0,0,0,0
U019753,58,0.198,Riyadh,0,3,2.1,71.2,1,0,0,1
U019754,50,0.019,Makkah,1,3,4.1,25.6,1,0,0,0
U019755,28,0.397,Madinah,2,3,2.9,19.1,1,1,1,0
U019756,36,0.038,Qassim,3,0,5.3,35.7,1,0,1,0
U019757,19,0.273,Riyadh,0,1,2.6,14.0,1,0,0,1
U019758,28,0.622,Riyadh,0,1,1.8,56.5,1,0,0,1
U019759,33,0.931,Eastern,4,4,0.7,45.3,1,1,2,1
U019760,35,0.929,Eastern,4,2,2.7,19.9,0,1,3,1
U019761,50,0.397,Asir,5,1,0.0,11.5,0,1,0,1
U019762,41,0.524,Makkah,1,2,2.5,17.1,1,0,2,1
U019763,30,0.47,Tabuk,6,6,1.4,11.6,0,0,0,1
U019764,53,0.454,Riyadh,0,6,1.5,25.5,1,1,2,1
U019765,62,0.607,Eastern,4,3,3.7,19.1,1,0,1,1
U019766,50,0.105,Jazan,9,0,1.8,13.5,0,0,0,0
U019767,32,0.659,Qassim,3,2,3.4,42.3,1,1,1,1
U019768,22,0.405,Jazan,9,3,0.5,58.2,0,0,1,0
U019769,29,0.536,Najran,10,2,3.3,7.3,1,0,0,0
U019770,64,0.879,Najran,10,6,3.1,36.6,1,1,2,1
U019771,47,0.118,Jazan,9,0,0.8,9.1,0,1,1,0
U019772,56,0.731,Madinah,2,2,0.0,20.6,1,1,2,0
U019773,63,0.786,Riyadh,0,6,1.8,21.1,0,1,1,0
U019774,51,0.458,Eastern,4,2,2.1,7.7,1,0,1,1
U019775,53,0.704,Najran,10,6,4.0,24.1,1,1,1,1
U019776,69,0.184,Asir,5,2,1.5,14.4,1,1,0,1
U019777,26,0.98,Jazan,9,8,1.2,12.4,1,1,0,1
U019778,36,0.956,Jazan,9,2,1.4,6.5,1,1,0,1
U019779,33,0.373,Asir,5,4,1.0,3.2,1,1,0,0
U019780,18,0.732,Madinah,2,7,4.1,29.0,1,1,1,1
U019781,53,0.623,Madinah,2,1,4.3,7.8,0,0,0,1
U019782,43,0.599,Qassim,3,6,2.6,60.5,1,0,0,0
U019783,29,0.358,Riyadh,0,1,2.3,8.4,1,0,1,0
U019784,23,0.623,Riyadh,0,3,1.6,35.4,1,0,2,0
U019785,69,0.55,Eastern,4,0,0.0,5.0,0,0,1,0
U019786,57,0.255,Eastern,4,1,2.1,3.9,0,0,0,0
U019787,21,0.601,Makkah,1,3,0.9,23.4,0,0,1,1
U019788,50,0.479,Hail,7,4,2.7,46.3,1,1,1,1
U019789,38,0.563,Madinah,2,3,0.0,76.7,1,1,0,1
U019790,20,0.421,Makkah,1,4,2.7,31.6,1,0,0,0
U019791,26,0.51,Eastern,4,0,2.7,50.5,1,0,1,1
U019792,19,0.393,Madinah,2,3,2.4,21.6,0,0,1,1
U019793,54,0.453,Riyadh,0,4,4.0,4.1,1,0,0,1
U019794,22,0.743,Asir,5,2,1.7,23.6,1,0,0,1
U019795,26,0.954,Qassim,3,5,0.3,18.4,1,1,0,1
U019796,67,0.876,Makkah,1,6,1.2,39.9,1,1,0,1
U019797,27,0.538,Makkah,1,3,2.0,16.9,0,0,0,0
U019798,44,0.844,Jazan,9,5,1.6,34.7,1,1,0,1
U019799,33,0.723,Madinah,2,4,1.1,5.0,1,1,0,1
U019800,52,0.472,Madinah,2,2,4.7,8.9,1,0,0,0
U019801,31,0.149,Eastern,4,1,2.6,37.7,1,1,1,0
U019802,37,0.867,Makkah,1,2,0.0,45.5,1,0,0,1
U019803,37,0.486,Riyadh,0,7,4.0,38.3,1,0,0,1
U019804,26,0.565,Riyadh,0,2,0.0,30.6,0,1,0,1
U019805,46,0.652,Northern Borders,8,7,1.6,7.3,1,1,1,1
U019806,62,0.184,Tabuk,6,0,1.4,29.1,0,0,0,0
U019807,45,0.124,Makkah,1,0,3.3,22.9,1,0,1,0
U019808,69,0.218,Asir,5,1,1.1,9.0,0,0,2,0
U019809,18,0.834,Najran,10,4,1.6,26.7,0,1,1,1
U019810,60,0.628,Tabuk,6,2,2.4,26.0,1,0,0,1
U019811,40,0.511,Jazan,9,2,1.4,25.1,1,0,1,1
U019812,66,0.64,Eastern,4,2,2.3,3.9,1,0,1,1
U019813,26,0.111,Riyadh,0,1,0.0,18.2,1,0,1,0
U019814,38,0.618,Tabuk,6,3,0.0,23.4,1,0,0,1
U019815,63,0.967,Madinah,2,5,0.0,16.1,0,1,3,1
U019816,33,0.403,Al Bahah,11,3,3.0,12.1,1,0,2,0
U019817,22,0.08,Jazan,9,1,3.7,78.6,1,0,1,1
U019818,38,0.708,Makkah,1,3,1.9,57.1,1,1,0,0
U019819,30,0.732,Riyadh,0,4,0.0,66.1,1,1,3,1
U019820,59,0.716,Eastern,4,6,1.1,4.3,1,1,1,1
U019821,21,0.681,Riyadh,0,3,0.9,20.2,1,1,0,1
U019822,50,0.123,Makkah,1,2,2.5,68.0,1,0,0,1
U019823,63,0.547,Eastern,4,4,2.7,33.2,1,1,3,1
U019824,64,0.629,Jazan,9,3,1.6,10.7,1,1,1,1
U019825,66,0.574,Eastern,4,6,1.1,50.7,0,0,0,0
U019826,35,0.383,Qassim,3,3,2.4,28.1,1,1,2,0
U019827,36,0.113,Jazan,9,2,2.3,7.7,1,0,0,1
U019828,56,0.613,Eastern,4,4,0.2,1.6,1,0,0,1
U019829,41,0.323,Makkah,1,2,2.7,15.3,1,1,1,0
U019830,24,0.911,Jazan,9,6,0.0,25.1,1,1,2,0
U019831,62,0.819,Madinah,2,6,0.8,66.7,1,1,2,1
U019832,31,0.838,Qassim,3,9,1.1,19.0,1,1,0,1
U019833,29,0.745,Al Jawf,12,7,1.0,6.1,0,0,0,0
U019834,41,0.829,Riyadh,0,6,2.9,48.0,1,1,2,1
U019835,64,0.558,Qassim,3,3,0.0,33.7,1,1,0,1
U019836,18,0.655,Northern Borders,8,3,0.0,48.2,1,0,0,1
U019837,40,0.459,Riyadh,0,1,3.6,19.7,1,1,3,1
U019838,18,0.342,Makkah,1,2,1.4,31.3,1,1,2,1
U019839,22,0.15,Eastern,4,2,1.9,35.4,1,0,3,1
U019840,36,0.508,Al Jawf,12,6,2.3,4.9,1,0,0,1
U019841,24,0.137,Makkah,1,3,2.8,19.9,1,0,1,1
U019842,62,0.406,Madinah,2,4,1.2,55.9,1,0,2,1
U019843,46,0.379,Makkah,1,7,1.2,2.2,1,1,0,1
U019844,62,0.343,Eastern,4,2,4.8,47.1,1,0,1,0
U019845,59,0.532,Makkah,1,5,0.7,21.1,0,0,0,0
U019846,34,0.637,Madinah,2,4,3.6,46.5,1,0,3,0
U019847,65,0.402,Northern Borders,8,3,3.4,28.3,1,1,4,1
U019848,20,0.703,Riyadh,0,3,1.2,26.7,1,0,0,0
U019849,61,0.624,Riyadh,0,3,1.8,55.5,1,1,2,0
U019850,49,0.629,Makkah,1,5,3.0,11.9,1,1,1,0
U019851,29,0.594,Riyadh,0,2,2.1,32.4,0,0,1,1
U019852,68,0.296,Makkah,1,1,1.9,28.0,1,1,0,0
U019853,34,0.679,Eastern,4,9,2.0,23.4,1,1,0,0
U019854,61,0.758,Jazan,9,3,1.9,19.6,1,1,1,1
U019855,36,0.45,Najran,10,8,3.9,18.5,1,0,0,1
U019856,39,0.574,Riyadh,0,4,1.4,33.9,1,1,0,0
U019857,47,0.221,Jazan,9,1,5.1,20.0,1,1,0,1
U019858,36,0.032,Eastern,4,2,2.2,19.9,1,0,0,0
U019859,18,0.265,Asir,5,1,3.4,7.3,1,0,1,1
U019860,59,0.324,Madinah,2,0,4.5,11.7,1,0,1,1
U019861,41,0.379,Jazan,9,4,2.9,21.3,1,0,0,1
U019862,39,0.36,Asir,5,2,0.8,21.4,1,0,1,1
U019863,68,0.42,Asir,5,2,0.6,16.8,1,1,1,0
U019864,64,0.534,Asir,5,6,0.1,28.0,1,1,3,1
U019865,25,0.369,Jazan,9,4,1.2,18.6,0,1,0,1
U019866,49,0.894,Riyadh,0,5,1.8,16.6,0,0,0,1
U019867,36,0.452,Riyadh,0,3,2.7,56.9,1,0,1,0
U019868,56,0.421,Riyadh,0,3,2.6,22.9,1,0,1,0
U019869,47,0.158,Eastern,4,2,2.6,9.4,1,0,1,1
U019870,24,0.155,Jazan,9,0,1.9,52.5,1,0,0,0
U019871,22,0.231,Riyadh,0,1,3.7,34.9,0,0,0,0
U019872,21,0.618,Makkah,1,2,1.5,39.0,1,0,0,1
U019873,54,0.38,Riyadh,0,2,3.9,10.2,1,0,1,1
U019874,59,0.701,Riyadh,0,6,2.0,8.8,1,1,1,1
U019875,56,0.86,Eastern,4,10,0.0,27.8,1,1,1,1
U019876,49,0.1,Makkah,1,0,2.5,15.3,0,0,1,0
U019877,63,0.379,Eastern,4,1,5.3,2.7,0,0,0,0
U019878,47,0.603,Eastern,4,2,2.3,15.9,1,0,1,0
U019879,39,0.39,Najran,10,3,2.8,10.6,1,0,0,1
U019880,36,0.657,Tabuk,6,2,0.4,5.3,1,0,0,1
U019881,66,0.632,Makkah,1,5,1.6,32.1,1,0,2,1
U019882,50,0.7,Eastern,4,2,0.4,27.5,1,1,2,1
U019883,62,0.369,Al Jawf,12,6,3.1,12.1,1,0,0,0
U019884,29,0.277,Eastern,4,3,2.1,18.0,0,0,0,0
U019885,43,0.556,Asir,5,1,1.0,17.2,1,1,1,1
U019886,61,0.269,Eastern,4,1,3.6,14.5,0,0,0,0
U019887,23,0.113,Makkah,1,4,2.5,74.6,1,0,3,1
U019888,64,0.614,Makkah,1,6,1.8,44.3,1,1,2,1
U019889,64,0.4,Eastern,4,5,3.1,22.1,1,1,1,0
U019890,26,0.49,Eastern,4,3,1.6,28.0,1,1,3,0
U019891,22,0.707,Riyadh,0,1,0.0,22.7,1,0,2,0
U019892,62,0.535,Najran,10,3,0.9,23.2,1,1,0,1
U019893,18,0.376,Makkah,1,2,1.4,22.3,1,0,2,1
U019894,39,0.282,Eastern,4,0,2.8,10.4,1,0,0,1
U019895,49,0.749,Al Bahah,11,6,2.4,88.0,1,0,1,1
U019896,51,0.517,Eastern,4,3,1.4,32.8,1,0,1,1
U019897,59,0.358,Makkah,1,5,2.8,27.1,1,0,0,1
U019898,30,0.505,Asir,5,2,2.0,24.2,1,1,1,0
U019899,62,0.31,Makkah,1,3,2.4,7.9,1,0,1,0
U019900,39,0.49,Qassim,3,3,2.4,16.3,1,1,3,0
U019901,47,0.17,Madinah,2,6,1.9,6.3,1,1,2,1
U019902,50,0.356,Asir,5,3,1.0,5.1,1,0,1,0
U019903,58,0.258,Makkah,1,4,2.5,18.6,0,0,3,1
U019904,38,0.487,Riyadh,0,4,2.0,79.6,1,0,0,0
U019905,41,0.314,Makkah,1,2,2.8,12.8,1,0,0,1
U019906,63,0.151,Northern Borders,8,2,4.7,13.0,1,0,1,1
U019907,29,0.805,Riyadh,0,3,0.8,8.0,1,1,0,1
U019908,43,0.232,Makkah,1,5,3.1,5.6,1,0,0,0
U019909,28,0.328,Makkah,1,1,2.8,12.5,1,1,0,0
U019910,31,0.449,Najran,10,3,1.5,10.9,1,0,0,0
U019911,49,0.849,Makkah,1,6,2.1,3.2,1,1,4,1
U019912,53,0.438,Asir,5,3,1.5,41.6,1,0,0,1
U019913,51,0.477,Makkah,1,3,1.4,29.1,1,0,3,0
U019914,24,0.922,Riyadh,0,3,1.7,20.2,1,1,4,1
U019915,43,0.433,Hail,7,3,1.5,20.2,1,0,1,1
U019916,42,0.631,Makkah,1,3,2.1,21.9,1,0,0,1
U019917,23,0.544,Makkah,1,5,2.6,11.6,0,0,0,0
U019918,30,0.369,Madinah,2,1,1.1,8.7,1,0,0,0
U019919,30,0.743,Riyadh,0,5,2.7,6.3,1,1,0,1
U019920,45,0.445,Eastern,4,3,1.4,32.5,1,0,0,0
U019921,45,0.791,Riyadh,0,1,0.7,32.4,1,0,1,1
U019922,30,0.263,Jazan,9,1,0.0,16.6,1,0,0,0
U019923,40,0.34,Riyadh,0,4,0.3,18.6,1,1,2,1
U019924,50,0.497,Asir,5,1,3.2,9.5,1,1,0,1
U019925,27,0.323,Jazan,9,4,2.2,37.8,1,1,1,0
U019926,32,0.481,Eastern,4,2,2.6,4.5,1,1,2,1
U019927,48,0.272,Asir,5,2,2.2,20.7,1,1,1,0
U019928,28,0.623,Riyadh,0,0,0.0,11.6,1,0,2,1
U019929,41,0.27,Makkah,1,1,2.2,24.8,1,0,1,0
U019930,62,0.695,Riyadh,0,7,0.9,7.9,1,0,1,0
U019931,49,0.371,Makkah,1,6,1.6,28.5,0,0,1,1
U019932,31,0.563,Riyadh,0,3,1.4,25.7,0,1,0,0
U019933,42,0.362,Al Jawf,12,3,2.3,4.0,1,1,1,1
U019934,59,0.754,Eastern,4,4,0.0,4.1,1,1,1,1
U019935,21,0.182,Qassim,3,3,0.0,12.9,0,0,2,0
U019936,37,0.788,Tabuk,6,8,2.0,35.0,0,0,0,1
U019937,33,0.482,Riyadh,0,2,2.2,12.0,1,0,0,1
U019938,34,0.741,Makkah,1,5,0.0,42.6,0,1,2,0
U019939,52,0.238,Al Jawf,12,4,5.0,32.1,1,1,1,1
U019940,41,0.708,Riyadh,0,3,0.5,9.5,1,0,1,0
U019941,23,0.512,Riyadh,0,2,2.7,4.8,1,1,0,0
U019942,51,0.923,Eastern,4,4,2.8,10.6,0,0,0,1
U019943,26,0.565,Al Bahah,11,2,2.5,54.2,0,0,0,0
U019944,58,0.823,Asir,5,10,2.0,62.0,1,0,0,1
U019945,36,0.577,Makkah,1,1,0.3,29.5,1,0,0,0
U019946,39,0.611,Riyadh,0,2,0.6,12.8,0,1,1,1
U019947,28,0.643,Eastern,4,4,0.0,22.3,1,1,0,1
U019948,36,0.724,Makkah,1,1,1.4,17.4,0,1,1,1
U019949,65,0.415,Makkah,1,1,1.2,5.4,1,0,1,0
U019950,40,0.404,Makkah,1,5,3.6,51.9,0,1,1,1
U019951,49,0.494,Madinah,2,5,0.2,27.9,1,0,0,0
U019952,54,0.145,Madinah,2,4,1.7,28.5,1,0,0,1
U019953,39,0.308,Riyadh,0,4,1.2,65.3,1,1,2,0
U019954,41,0.874,Riyadh,0,4,2.2,38.4,1,0,0,1
U019955,53,0.638,Asir,5,2,0.9,2.5,0,1,1,1
U019956,53,0.763,Riyadh,0,8,0.3,38.2,1,0,0,0
U019957,19,0.592,Makkah,1,2,3.0,38.5,1,0,0,0
U019958,33,0.686,Al Jawf,12,1,0.8,11.8,1,0,0,1
U019959,28,0.277,Riyadh,0,1,4.4,21.4,1,0,1,1
U019960,19,0.394,Makkah,1,0,1.7,51.8,1,0,2,0
U019961,20,0.216,Jazan,9,5,1.8,46.5,1,0,1,1
U019962,27,0.48,Asir,5,4,3.1,5.0,1,1,4,1
U019963,48,0.852,Qassim,3,5,3.6,49.4,1,1,0,1
U019964,58,0.244,Eastern,4,4,2.2,17.8,1,0,3,1
U019965,24,0.629,Riyadh,0,2,1.5,63.9,1,0,3,1
U019966,49,0.991,Hail,7,5,1.9,13.9,1,1,1,1
U019967,47,0.823,Riyadh,0,3,0.0,31.4,1,1,1,1
U019968,33,0.959,Eastern,4,4,2.9,48.8,1,1,0,1
U019969,18,0.46,Riyadh,0,2,1.9,2.0,0,0,0,1
U019970,51,0.75,Jazan,9,5,4.5,20.1,0,0,0,1
U019971,34,0.548,Makkah,1,6,1.3,22.9,1,0,0,0
U019972,25,0.914,Makkah,1,9,1.2,23.4,0,1,2,1
U019973,49,0.571,Riyadh,0,1,2.0,46.0,1,0,0,0
U019974,18,0.293,Makkah,1,3,3.7,20.0,1,0,0,1
U019975,24,0.667,Riyadh,0,2,1.8,26.8,1,0,0,1
U019976,26,0.638,Eastern,4,4,0.0,28.5,1,0,0,1
U019977,55,0.666,Riyadh,0,7,2.2,49.3,1,1,1,0
U019978,35,0.726,Eastern,4,4,0.0,17.3,1,0,2,1
U019979,32,0.932,Jazan,9,2,2.2,12.0,1,1,3,1
U019980,61,0.645,Riyadh,0,4,3.8,18.8,1,1,2,1
U019981,47,0.844,Al Bahah,11,7,0.0,35.4,1,1,1,0
U019982,20,0.875,Makkah,1,5,0.4,76.1,1,1,4,1
U019983,36,0.269,Eastern,4,0,3.6,8.5,0,0,0,1
U019984,33,0.726,Riyadh,0,4,1.6,17.6,1,1,2,1
U019985,36,0.893,Eastern,4,3,0.0,21.0,1,1,1,1
U019986,34,0.161,Makkah,1,2,1.2,53.4,1,0,1,1
U019987,20,0.3,Madinah,2,1,0.9,12.6,1,0,1,1
U019988,25,0.253,Eastern,4,3,1.3,22.2,0,0,0,1
U019989,56,0.388,Makkah,1,2,1.8,50.8,1,0,1,1
U019990,25,0.446,Qassim,3,2,3.2,7.7,1,1,0,0
U019991,30,0.28,Riyadh,0,0,2.9,7.6,0,0,0,0
U019992,24,0.323,Riyadh,0,2,3.7,11.5,0,0,0,1
U019993,68,0.254,Qassim,3,2,2.2,22.5,1,1,0,0
U019994,53,0.589,Eastern,4,1,3.0,16.8,1,0,0,1
U019995,32,0.62,Makkah,1,5,0.0,11.0,1,1,0,1
U019996,29,0.473,Makkah,1,1,0.0,12.6,1,0,0,0
U019997,63,0.076,Hail,7,3,2.1,27.9,1,0,1,0
U019998,43,0.868,Asir,5,5,0.7,18.8,1,1,6,1
U019999,44,0.646,Riyadh,0,7,1.7,10.4,0,1,1,1
